##
#  file: HodoParam_0
#  date: 2021.05.11
#  note: after readjustment of finnal timing
#  bft +10ns (2021.05.19)
#  date: 2021.05.25
#  note: BH12, after readjustment by using 2021.05.25
#
#######################################################################
# CId   PlId    SegId   AorT    UorD    p0      p1
#
#########################################################
#ID 1:RF
#########################################################
1	0	0	1	0	926187	-0.0009765625
#########################################################
# Tag-SF Tdc                                            #
#########################################################
2       0       0       1       0     618.6   -0.8333
2       0       1       1       0     620.4   -0.8333
2       0       2       1       0     617.9   -0.8333
2       0       3       1       0     620.1   -0.8333
2       0       4       1       0     622.8   -0.8333
2       0       5       1       0     618.0   -0.8333
2       0       6       1       0     620.8   -0.8333
2       0       7       1       0     645.3   -0.8333
2       0       8       1       0     643.2   -0.8333
2       0       9       1       0     645.5   -0.8333
2       0       10      1       0     646.1   -0.8333
2       0       11      1       0     645.3   -0.8333
2       0       12      1       0     620.0   -0.8333
2       0       13      1       0     621.5   -0.8333
2       0       14      1       0     620.2   -0.8333
2       0       15      1       0     619.1   -0.8333
2       0       16      1       0     621.0   -0.8333
2       0       17      1       0     622.5   -0.8333
2       0       18      1       0     621.7   -0.8333
2       0       19      1       0     619.8   -0.8333
2       0       20      1       0     622.5   -0.8333
2       0       21      1       0     618.2   -0.8333
2       0       22      1       0     623.5   -0.8333
2       0       23      1       0     641.0   -0.8333
2       0       24      1       0     641.7   -0.8333
2       0       25      1       0     646.9   -0.8333
2       0       26      1       0     645.5   -0.8333
2       0       27      1       0     643.9   -0.8333
2       0       28      1       0     617.4   -0.8333
2       0       29      1       0     603.7   -0.8333
2       0       30      1       0     601.6   -0.8333
2       0       31      1       0     600.8   -0.8333
2       0       32      1       0     596.9   -0.8333
2       0       33      1       0     600.8   -0.8333
2       0       34      1       0     600.5   -0.8333
2       0       35      1       0     618.4   -0.8333
2       0       36      1       0     613.5   -0.8333
2       0       37      1       0     616.5   -0.8333
2       0       38      1       0     612.3   -0.8333
2       0       39      1       0     614.5   -0.8333
2       0       40      1       0     599.5   -0.8333
2       0       41      1       0     598.3   -0.8333
2       0       42      1       0     597.3   -0.8333
2       0       43      1       0     599.9   -0.8333
2       0       44      1       0     597.8   -0.8333
2       0       45      1       0     594.4   -0.8333
2       0       46      1       0     592.0   -0.8333
2       0       47      1       0     591.3   -0.8333
2       0       48      1       0     592.1   -0.8333
2       0       49      1       0     594.4   -0.8333
2       0       50      1       0     598.3   -0.8333
2       0       51      1       0     611.8   -0.8333
2       0       52      1       0     609.4   -0.8333
2       0       53      1       0     610.0   -0.8333
2       0       54      1       0     606.6   -0.8333
2       1       0       1       0     621.9   -0.8333
2       1       1       1       0     622.0   -0.8333
2       1       2       1       0     623.8   -0.8333
2       1       3       1       0     622.6   -0.8333
2       1       4       1       0     622.6   -0.8333
2       1       5       1       0     627.1   -0.8333
2       1       6       1       0     621.0   -0.8333
2       1       7       1       0     621.5   -0.8333
2       1       8       1       0     621.6   -0.8333
2       1       9       1       0     620.9   -0.8333
2       1       10      1       0     619.3   -0.8333
2       1       11      1       0     621.5   -0.8333
2       1       12      1       0     617.1   -0.8333
2       1       13      1       0     620.9   -0.8333
2       1       14      1       0     617.1   -0.8333
2       1       15      1       0     621.2   -0.8333
2       1       16      1       0     619.5   -0.8333
2       1       17      1       0     621.7   -0.8333
2       1       18      1       0     622.1   -0.8333
2       1       19      1       0     592.7   -0.8333
2       1       20      1       0     593.4   -0.8333
2       1       21      1       0     590.4   -0.8333
2       1       22      1       0     595.2   -0.8333
2       1       23      1       0     592.3   -0.8333
2       1       24      1       0     589.7   -0.8333
2       1       25      1       0     610.4   -0.8333
2       1       26      1       0     606.2   -0.8333
2       1       27      1       0     607.1   -0.8333
2       1       28      1       0     604.9   -0.8333
2       1       29      1       0     606.5   -0.8333
2       1       30      1       0     590.7   -0.8333
2       1       31      1       0     590.0   -0.8333
2       1       32      1       0     596.5   -0.8333
2       1       33      1       0     597.9   -0.8333
2       1       34      1       0     594.4   -0.8333
2       1       35      1       0     634.3   -0.8333
2       1       36      1       0     635.2   -0.8333
2       1       37      1       0     634.9   -0.8333
2       1       38      1       0     636.2   -0.8333
2       1       39      1       0     634.3   -0.8333
2       1       40      1       0     635.4   -0.8333
2       1       41      1       0     653.8   -0.8333
2       1       42      1       0     646.5   -0.8333
2       1       43      1       0     646.4   -0.8333
2       1       44      1       0     644.5   -0.8333
2       1       45      1       0     651.8   -0.8333
2       1       46      1       0     633.3   -0.8333
2       1       47      1       0     634.9   -0.8333
2       1       48      1       0     631.3   -0.8333
2       1       49      1       0     635.0   -0.8333
2       1       50      1       0     629.5   -0.8333
2       1       51      1       0     597.6   -0.8333
2       1       52      1       0     595.1   -0.8333
2       1       53      1       0     596.7   -0.8333
2       1       54      1       0     596.7   -0.8333
#########################################################
# Tag-PL Tdc                                            #
#########################################################
3       0       0       1       0     588.9   -0.8333
3       0       1       1       0     567.0   -0.8333
3       0       2       1       0     573.1   -0.8333
3       0       3       1       0     571.6   -0.8333
3       0       4       1       0     574.1   -0.8333
3       0       5       1       0     572.4   -0.8333
3       0       6       1       0     580.1   -0.8333
3       0       7       1       0     580.4   -0.8333
3       0       8       1       0     598.0   -0.8333
3       0       9       1       0     592.1   -0.8333
#########################################################
# Tag-PL Adc  (UorD = 0 for FADC)                          #
#########################################################
3     0     0     0     0     14672    1.
3     0     1     0     0     14692    1.
3     0     2     0     0     14512    1.
3     0     3     0     0     14593    1.
3     0     4     0     0     14679    1.
3     0     5     0     0     14730    1.
3     0     6     0     0     14718    1.
3     0     7     0     0     14781    1.
3     0     8     0     0     14691    1.
3     0     9     0     0     14722    1.
#########################################################
# Tag-PL Fdc Trigger Timing  (AorT=3)     T0 [ch]       Time/ch [us] #
#########################################################
3	0	0  	3	0	112		0.004
3	0	1  	3	0	112    	   	0.004
3	0	2  	3	0	112		0.004
3	0	3  	3	0	112  		0.004
3	0	4  	3	0	112  		0.004
3	0	5  	3	0	112  		0.004
3	0	6  	3	0	112		0.004
3	0	7  	3	0	112		0.004
3	0	8  	3	0	112		0.004
3	0	9  	3	0	112		0.004
#########################################################
# T0 Adc                                               #
#########################################################
11	0	0	0	0	65.0   511.8
11	0	0	0	1	87.0   482.8
#########################################################
# T0 Tdc                                               #
#########################################################
11	0	0	1	0	324137.6  -0.0009765625
11	0	0	1	1	323873.3  -0.0009765625
#ID 12:SAC
#########################################################
# AC Adc (to be adjusted)                               #
#########################################################
12	0	0	0	0	277.213    322.613
12	0	1	0	0	142.163    187.563
12	0	2	0	0	142.163    187.563
12	0	3	0	0	142.163    187.563
12	0	4	0	0	142.163    187.563
#########################################################
# AC Tdc                                                #
#########################################################
12	0	0	1	0	330110		-0.0009765625
#ID 13:E_Veto
#########################################################
# E_veto Adc (to be adjusted)                           #
#########################################################
13	0	0	0	0	277.213    322.613
13	0	0	0	1	142.163    187.563
#########################################################
# E_veto Tdc Up (to be adjusted)                        #
#########################################################
13	0	0	1	0	264.632		-0.0009765625
13	0	0	1	1	264.262		-0.0009765625
#########################################################
# TOF Adc Up (run01174)                                 #
#########################################################
14      0       0       0       0       140.1   0.0    
14      0       1       0       0       136.6   0.0    
14      0       2       0       0       104.4   0.0    
14      0       3       0       0       137.4   0.0    
14      0       4       0       0       143.1   0.0    
14      0       5       0       0       156.1   1639.7 
14      0       6       0       0       128.0   1621.8 
14      0       7       0       0       115.3   1700.  
14      0       8       0       0       111.2   1602.9 
14      0       9       0       0       87.4    1600.  
14      0       10      0       0       134.6   1194.3 
14      0       11      0       0       151.1   1077.1 
14      0       12      0       0       114.0   521.8  
14      0       13      0       0       149.6   1026.2 
14      0       14      0       0       88.3    1031.7 
14      0       15      0       0       158.1   1126.0 
14      0       16      0       0       72.1    970.8  
14      0       17      0       0       91.8    1452.5 
14      0       18      0       0       86.3    1048.2 
14      0       19      0       0       75.5    964.4  
14      0       20      0       0       85.1    1063.5 
14      0       21      0       0       121.8   1168.8 
14      0       22      0       0       89.9    1090.8 
14      0       23      0       0       97.4    1400.  
14      0       24      0       0       105.7   1100.  
14      0       25      0       0       97.5    1177.7 
14      0       26      0       0       97.8    1044.5 
14      0       27      0       0       69.6    1620.6 
14      0       28      0       0       110.4   1050.1 
14      0       29      0       0       102.7    920.1 
14      0       30      0       0       53.7     905.5 
14      0       31      0       0       101.4   1551.2 
14      0       32      0       0       83.4     956.8 
14      0       33      0       0       97.4    1008.1 
14      0       34      0       0       211.6    982.2 
14      0       35      0       0       63.5    1673.4 
14      0       36      0       0       97.9    1069.4 
14      0       37      0       0       20.0    1034.3 
14      0       38      0       0       89.9    1053.9 
14      0       39      0       0       48.1    1700.  
14      0       40      0       0       59.8    1136.5 
14      0       41      0       0       128.9   1104.0 
14      0       42      0       0       53.0    1052.8 
14      0       43      0       0       105.3   1200.4 
14      0       44      0       0       51.1    1100.  
14      0       45      0       0       87.2    1000.  
14      0       46      0       0       90.1    1721.2 
14      0       47      0       0       68.3    1400.  
#########################################################
# TOF Adc Down                                          #
#########################################################
14      0       0       0       1       100.6   0.0   
14      0       1       0       1       100.6   0.0   
14      0       2       0       1       115.6   0.0   
14      0       3       0       1       135.1   0.0   
14      0       4       0       1       142.5   0.0   
14      0       5       0       1       100.3   1600. 
14      0       6       0       1       129.0   1600. 
14      0       7       0       1       108.7   1500. 
14      0       8       0       1       122.5   1550. 
14      0       9       0       1       105.9   1600. 
14      0       10      0       1       100.7   1120.7
14      0       11      0       1       107.6   1069.5
14      0       12      0       1       122.6   1108.8 
14      0       13      0       1       116.2   1192.8 
14      0       14      0       1       131.8   1121.3 
14      0       15      0       1       116.2   1235.3 
14      0       16      0       1       75.8    1020.0
14      0       17      0       1       49.6    1524.9 
14      0       18      0       1       94.8    1132.5 
14      0       19      0       1       50.3    1015.2 
14      0       20      0       1       69.7    1150.6 
14      0       21      0       1       99.7    1082.4 
14      0       22      0       1       65.7    1178.1 
14      0       23      0       1       118.5   1400.  
14      0       24      0       1       92.5    1320.  
14      0       25      0       1       94.2    1217.2
14      0       26      0       1       59.6    1046.1 
14      0       27      0       1       74.6    1070.3
14      0       28      0       1       75.2    1022.2 
14      0       29      0       1       94.6    1071.3 
14      0       30      0       1       110.5   1098.6 
14      0       31      0       1       86.0    1179.3 
14      0       32      0       1       113.7   1036.9 
14      0       33      0       1       99.2    1030.8 
14      0       34      0       1       111.9   1605.4 
14      0       35      0       1       76.1    1093.9 
14      0       36      0       1       146.9   1056.0 
14      0       37      0       1       56.0    1036.6 
14      0       38      0       1       50.8    1001.6 
14      0       39      0       1       84.8    1673.5 
14      0       40      0       1       54.8    1235.0
14      0       41      0       1       61.6    1217.0
14      0       42      0       1       78.7    1204.3
14      0       43      0       1       72.1    1248.5
14      0       44      0       1       90.9    1249.9
14      0       45      0       1       113.9   1138.1
14      0       46      0       1       71.5    1700. 
14      0       47      0       1       75.6    1350. 
#########################################################
# TOF Tdc Up (run01174)                                 #
#########################################################
14      0       0       1       0      0.0     	    -0.0009765625
14      0       1       1       0      0.0     	    -0.0009765625
14      0       2       1       0      0.0     	    -0.0009765625
14      0       3       1       0      0.0     	    -0.0009765625
14      0       4       1       0      0.0     	    -0.0009765625
14      0       5       1       0      223455    -0.0009765625
14      0       6       1       0      221872    -0.0009765625
14      0       7       1       0      223954    -0.0009765625
14      0       8       1       0      221629    -0.0009765625
14      0       9       1       0      223027    -0.0009765625
14      0       10      1       0      229583    -0.0009765625
14      0       11      1       0      230761    -0.0009765625
14      0       12      1       0      236557    -0.0009765625
14      0       13      1       0      232706    -0.0009765625
14      0       14      1       0      231725    -0.0009765625
14      0       15      1       0      236698    -0.0009765625
14      0       16      1       0      232126    -0.0009765625
14      0       17      1       0      231942    -0.0009765625
14      0       18      1       0      229281    -0.0009765625
14      0       19      1       0      229442    -0.0009765625
14      0       20      1       0      230075    -0.0009765625
14      0       21      1       0      228018    -0.0009765625
14      0       22      1       0      228354    -0.0009765625
14      0       23      1       0      228518    -0.0009765625
14      0       24      1       0      229009    -0.0009765625
14      0       25      1       0      230186    -0.0009765625
14      0       26      1       0      229079    -0.0009765625
14      0       27      1       0      234401    -0.0009765625
14      0       28      1       0      231922    -0.0009765625
14      0       29      1       0      230546    -0.0009765625
14      0       30      1       0      230002    -0.0009765625
14      0       31      1       0      232952    -0.0009765625
14      0       32      1       0      230690    -0.0009765625
14      0       33      1       0      229527    -0.0009765625
14      0       34      1       0      232978    -0.0009765625
14      0       35      1       0      232093    -0.0009765625
14      0       36      1       0      228283    -0.0009765625
14      0       37      1       0      227859    -0.0009765625
14      0       38      1       0      226754    -0.0009765625
14      0       39      1       0      225557    -0.0009765625
14      0       40      1       0      230362    -0.0009765625
14      0       41      1       0      229241    -0.0009765625
14      0       42      1       0      229989    -0.0009765625
14      0       43      1       0      231817    -0.0009765625
14      0       44      1       0      231381    -0.0009765625
14      0       45      1       0      229112    -0.0009765625
14      0       46      1       0      225450    -0.0009765625
14      0       47      1       0      226300    -0.0009765625
#########################################################
# TOF Tdc Down (run01174)                                    #
#########################################################
14      0       0       1       1     0.0     	    -0.0009765625
14      0       1       1       1     0.0     	    -0.0009765625
14      0       2       1       1     0.0     	    -0.0009765625
14      0       3       1       1     0.0     	    -0.0009765625
14      0       4       1       1     0.0     	    -0.0009765625
14      0       5       1       1     225249    -0.0009765625
14      0       6       1       1     225562    -0.0009765625
14      0       7       1       1     222717    -0.0009765625
14      0       8       1       1     249006   -0.0009765625
14      0       9       1       1     247861   -0.0009765625
14      0       10      1       1     226573    -0.0009765625
14      0       11      1       1     227879    -0.0009765625
14      0       12      1       1     244347   -0.0009765625
14      0       13      1       1     243440   -0.0009765625
14      0       14      1       1     242236   -0.0009765625
14      0       15      1       1     243113   -0.0009765625
14      0       16      1       1     240452   -0.0009765625
14      0       17      1       1     239802   -0.0009765625
14      0       18      1       1     237691   -0.0009765625
14      0       19      1       1     240101   -0.0009765625
14      0       20      1       1     239537   -0.0009765625
14      0       21      1       1     238059   -0.0009765625
14      0       22      1       1     238468   -0.0009765625
14      0       23      1       1     238032   -0.0009765625
14      0       24      1       1     240007   -0.0009765625
14      0       25      1       1     239101   -0.0009765625
14      0       26      1       1     237982   -0.0009765625
14      0       27      1       1     243069   -0.0009765625
14      0       28      1       1     239811   -0.0009765625
14      0       29      1       1     239311   -0.0009765625
14      0       30      1       1     241324   -0.0009765625
14      0       31      1       1     243180   -0.0009765625
14      0       32      1       1     240628   -0.0009765625
14      0       33      1       1     241117   -0.0009765625
14      0       34      1       1     239953   -0.0009765625
14      0       35      1       1     242583   -0.0009765625
14      0       36      1       1     229772   -0.0009765625
14      0       37      1       1     229417   -0.0009765625
14      0       38      1       1     235757    -0.0009765625
14      0       39      1       1     252034    -0.0009765625
14      0       40      1       1     229289   -0.0009765625
14      0       41      1       1     229095   -0.0009765625
14      0       42      1       1     226337   -0.0009765625
14      0       43      1       1     232276   -0.0009765625
14      0       44      1       1     229471    -0.0009765625
14      0       45      1       1     228632    -0.0009765625
14      0       46      1       1     222997    -0.0009765625
14      0       47      1       1     224421   -0.0009765625
#########################################################
# CFT Tdc                                               #
#########################################################
#UV1
31   0     0     1     0     617.177      -1.0
31   0     1     1     0     618.916      -1.0
31   0     2     1     0     618.194      -1.0
31   0     3     1     0     619.391      -1.0
31   0     4     1     0     618.241      -1.0
31   0     5     1     0     620.242      -1.0
31   0     6     1     0     616.814      -1.0
31   0     7     1     0     619.22      -1.0
31   0     8     1     0     619.096      -1.0
31   0     9     1     0     621.468      -1.0
31   0     10     1     0     619.135      -1.0
31   0     11     1     0     620.998      -1.0
31   0     12     1     0     617.833      -1.0
31   0     13     1     0     620.475      -1.0
31   0     14     1     0     619.563      -1.0
31   0     15     1     0     620.509      -1.0
31   0     16     1     0     620.364      -1.0
31   0     17     1     0     620.405      -1.0
31   0     18     1     0     620.07      -1.0
31   0     19     1     0     619.453      -1.0
31   0     20     1     0     620.009      -1.0
31   0     21     1     0     620.578      -1.0
31   0     22     1     0     619.26      -1.0
31   0     23     1     0     620.004      -1.0
31   0     24     1     0     619.656      -1.0
31   0     25     1     0     621.225      -1.0
31   0     26     1     0     618.94      -1.0
31   0     27     1     0     619.851      -1.0
31   0     28     1     0     618.808      -1.0
31   0     29     1     0     619.698      -1.0
31   0     30     1     0     619.809      -1.0
31   0     31     1     0     619.346      -1.0
31   0     32     1     0     626.486      -1.0
31   0     33     1     0     624.759      -1.0
31   0     34     1     0     627.773      -1.0
31   0     35     1     0     625.396      -1.0
31   0     36     1     0     627.216      -1.0
31   0     37     1     0     626.151      -1.0
31   0     38     1     0     628.397      -1.0
31   0     39     1     0     626.988      -1.0
31   0     40     1     0     626.084      -1.0
31   0     41     1     0     626.004      -1.0
31   0     42     1     0     627.834      -1.0
31   0     43     1     0     625.322      -1.0
31   0     44     1     0     625.806      -1.0
31   0     45     1     0     624.88      -1.0
31   0     46     1     0     621.766      -1.0
31   0     47     1     0     625.309      -1.0
31   0     48     1     0     625.874      -1.0
31   0     49     1     0     627.076      -1.0
31   0     50     1     0     624.035      -1.0
31   0     51     1     0     625.862      -1.0
31   0     52     1     0     621.06      -1.0
31   0     53     1     0     627.459      -1.0
31   0     54     1     0     625.584      -1.0
31   0     55     1     0     627.658      -1.0
31   0     56     1     0     624.64      -1.0
31   0     57     1     0     624.649      -1.0
31   0     58     1     0     626.265      -1.0
31   0     59     1     0     625.657      -1.0
31   0     60     1     0     623.693      -1.0
31   0     61     1     0     624.93      -1.0
31   0     62     1     0     623.527      -1.0
31   0     63     1     0     622.999      -1.0
31   0     64     1     0     623.071      -1.0
31   0     65     1     0     622.692      -1.0
31   0     66     1     0     623.164      -1.0
31   0     67     1     0     622.218      -1.0
31   0     68     1     0     624.062      -1.0
31   0     69     1     0     624.171      -1.0
31   0     70     1     0     621.33      -1.0
31   0     71     1     0     621.423      -1.0
31   0     72     1     0     622.815      -1.0
31   0     73     1     0     622.771      -1.0
31   0     74     1     0     621.2      -1.0
31   0     75     1     0     622.597      -1.0
31   0     76     1     0     622.75      -1.0
31   0     77     1     0     623.734      -1.0
31   0     78     1     0     623.697      -1.0
31   0     79     1     0     623.741      -1.0
31   0     80     1     0     624.351      -1.0
31   0     81     1     0     624.388      -1.0
31   0     82     1     0     623.097      -1.0
31   0     83     1     0     624.22      -1.0
31   0     84     1     0     622.288      -1.0
31   0     85     1     0     623.893      -1.0
31   0     86     1     0     622.877      -1.0
31   0     87     1     0     623.278      -1.0
31   0     88     1     0     622.566      -1.0
31   0     89     1     0     623.463      -1.0
31   0     90     1     0     622.755      -1.0
31   0     91     1     0     623.245      -1.0
31   0     92     1     0     621.804      -1.0
31   0     93     1     0     623.327      -1.0
31   0     94     1     0     621.726      -1.0
31   0     95     1     0     621.659      -1.0
31   0     96     1     0     613.021      -1.0
31   0     97     1     0     608.983      -1.0
31   0     98     1     0     610.621      -1.0
31   0     99     1     0     607.835      -1.0
31   0     100     1     0     611.292      -1.0
31   0     101     1     0     608.618      -1.0
31   0     102     1     0     609.179      -1.0
31   0     103     1     0     607.486      -1.0
31   0     104     1     0     610.247      -1.0
31   0     105     1     0     608.381      -1.0
31   0     106     1     0     611.881      -1.0
31   0     107     1     0     610.259      -1.0
31   0     108     1     0     611.238      -1.0
31   0     109     1     0     607.296      -1.0
31   0     110     1     0     608.821      -1.0
31   0     111     1     0     610.188      -1.0
31   0     112     1     0     609.192      -1.0
31   0     113     1     0     608.875      -1.0
31   0     114     1     0     606.678      -1.0
31   0     115     1     0     609.922      -1.0
31   0     116     1     0     608.793      -1.0
31   0     117     1     0     608.654      -1.0
31   0     118     1     0     609.322      -1.0
31   0     119     1     0     609.076      -1.0
31   0     120     1     0     608.946      -1.0
31   0     121     1     0     610.006      -1.0
31   0     122     1     0     608.485      -1.0
31   0     123     1     0     611.548      -1.0
31   0     124     1     0     607.582      -1.0
31   0     125     1     0     610.867      -1.0
31   0     126     1     0     608.459      -1.0
31   0     127     1     0     609.002      -1.0
31   0     128     1     0     612.62      -1.0
31   0     129     1     0     609.364      -1.0
31   0     130     1     0     610.751      -1.0
31   0     131     1     0     609.456      -1.0
31   0     132     1     0     610.498      -1.0
31   0     133     1     0     609.292      -1.0
31   0     134     1     0     611.886      -1.0
31   0     135     1     0     608.967      -1.0
31   0     136     1     0     610.082      -1.0
31   0     137     1     0     607.547      -1.0
31   0     138     1     0     611.756      -1.0
31   0     139     1     0     608.914      -1.0
31   0     140     1     0     610.013      -1.0
31   0     141     1     0     607.384      -1.0
31   0     142     1     0     609.594      -1.0
31   0     143     1     0     608.6      -1.0
31   0     144     1     0     609.237      -1.0
31   0     145     1     0     610.941      -1.0
31   0     146     1     0     607.864      -1.0
31   0     147     1     0     609.898      -1.0
31   0     148     1     0     609.312      -1.0
31   0     149     1     0     610.281      -1.0
31   0     150     1     0     610.347      -1.0
31   0     151     1     0     612.145      -1.0
31   0     152     1     0     608.692      -1.0
31   0     153     1     0     609.061      -1.0
31   0     154     1     0     608.474      -1.0
31   0     155     1     0     610.194      -1.0
31   0     156     1     0     607.953      -1.0
31   0     157     1     0     610.608      -1.0
31   0     158     1     0     609.251      -1.0
31   0     159     1     0     610.705      -1.0
31   0     160     1     0     603.455      -1.0
31   0     161     1     0     602.485      -1.0
31   0     162     1     0     601.612      -1.0
31   0     163     1     0     602.192      -1.0
31   0     164     1     0     604.789      -1.0
31   0     165     1     0     606.028      -1.0
31   0     166     1     0     604.268      -1.0
31   0     167     1     0     604.468      -1.0
31   0     168     1     0     604.384      -1.0
31   0     169     1     0     606.298      -1.0
31   0     170     1     0     605.684      -1.0
31   0     171     1     0     605.733      -1.0
31   0     172     1     0     605.191      -1.0
31   0     173     1     0     607.136      -1.0
31   0     174     1     0     604.861      -1.0
31   0     175     1     0     606.08      -1.0
31   0     176     1     0     605.413      -1.0
31   0     177     1     0     605.521      -1.0
31   0     178     1     0     599.667      -1.0
31   0     179     1     0     602.293      -1.0
31   0     180     1     0     600.491      -1.0
31   0     181     1     0     601.212      -1.0
31   0     182     1     0     601.375      -1.0
31   0     183     1     0     602.005      -1.0
31   0     184     1     0     601.124      -1.0
31   0     185     1     0     600.764      -1.0
31   0     186     1     0     599.906      -1.0
31   0     187     1     0     601.292      -1.0
31   0     188     1     0     601.253      -1.0
31   0     189     1     0     602.114      -1.0
31   0     190     1     0     601.33      -1.0
31   0     191     1     0     603.265      -1.0
31   0     192     1     0     601.972      -1.0
31   0     193     1     0     600.64      -1.0
31   0     194     1     0     601.544      -1.0
31   0     195     1     0     600.549      -1.0
31   0     196     1     0     605.006      -1.0
31   0     197     1     0     604.236      -1.0
31   0     198     1     0     601.205      -1.0
31   0     199     1     0     603.993      -1.0
31   0     200     1     0     604.046      -1.0
31   0     201     1     0     604.874      -1.0
31   0     202     1     0     605.268      -1.0
31   0     203     1     0     604.534      -1.0
31   0     204     1     0     605.162      -1.0
31   0     205     1     0     606.422      -1.0
31   0     206     1     0     605.089      -1.0
31   0     207     1     0     605.863      -1.0
31   0     208     1     0     605.051      -1.0
31   0     209     1     0     603.163      -1.0
31   0     210     1     0     600.708      -1.0
31   0     211     1     0     599.862      -1.0
31   0     212     1     0     600.091      -1.0
31   0     213     1     0     599.634      -1.0
31   0     214     1     0     600.664      -1.0
31   0     215     1     0     600.085      -1.0
31   0     216     1     0     599.833      -1.0
31   0     217     1     0     599.091      -1.0
31   0     218     1     0     600.082      -1.0
31   0     219     1     0     599.446      -1.0
31   0     220     1     0     600.838      -1.0
31   0     221     1     0     600.258      -1.0
31   0     222     1     0     599.972      -1.0
31   0     223     1     0     599.216      -1.0
31   0     224     1     0     609.353      -1.0
31   0     225     1     0     604.601      -1.0
31   0     226     1     0     605.698      -1.0
31   0     227     1     0     605.541      -1.0
31   0     228     1     0     607.519      -1.0
31   0     229     1     0     603.959      -1.0
31   0     230     1     0     607.785      -1.0
31   0     231     1     0     605.307      -1.0
31   0     232     1     0     609.034      -1.0
31   0     233     1     0     605.958      -1.0
31   0     234     1     0     605.083      -1.0
31   0     235     1     0     605.318      -1.0
31   0     236     1     0     605.971      -1.0
31   0     237     1     0     607.326      -1.0
31   0     238     1     0     606.589      -1.0
31   0     239     1     0     607.444      -1.0
31   0     240     1     0     605.885      -1.0
31   0     241     1     0     607.773      -1.0
31   0     242     1     0     603.587      -1.0
31   0     243     1     0     604.656      -1.0
31   0     244     1     0     604.642      -1.0
31   0     245     1     0     606.985      -1.0
31   0     246     1     0     603.997      -1.0
31   0     247     1     0     605.886      -1.0
31   0     248     1     0     604.673      -1.0
31   0     249     1     0     604.84      -1.0
31   0     250     1     0     605.403      -1.0
31   0     251     1     0     608      -1.0
31   0     252     1     0     604.464      -1.0
31   0     253     1     0     607.357      -1.0
31   0     254     1     0     602.44      -1.0
31   0     255     1     0     608.113      -1.0
31   0     256     1     0     621.355      -1.0
31   0     257     1     0     622.076      -1.0
31   0     258     1     0     623.633      -1.0
31   0     259     1     0     623.508      -1.0
31   0     260     1     0     622.048      -1.0
31   0     261     1     0     622.562      -1.0
31   0     262     1     0     621.339      -1.0
31   0     263     1     0     623.238      -1.0
31   0     264     1     0     623.572      -1.0
31   0     265     1     0     623.193      -1.0
31   0     266     1     0     624.122      -1.0
31   0     267     1     0     624.69      -1.0
31   0     268     1     0     622.813      -1.0
31   0     269     1     0     623.527      -1.0
31   0     270     1     0     625.468      -1.0
31   0     271     1     0     622.341      -1.0
31   0     272     1     0     623.613      -1.0
31   0     273     1     0     622.959      -1.0
31   0     274     1     0     621.822      -1.0
31   0     275     1     0     624.771      -1.0
31   0     276     1     0     623.652      -1.0
31   0     277     1     0     623.839      -1.0
31   0     278     1     0     622.055      -1.0
31   0     279     1     0     622.201      -1.0
31   0     280     1     0     622.476      -1.0
31   0     281     1     0     622.347      -1.0
31   0     282     1     0     621.406      -1.0
31   0     283     1     0     621.948      -1.0
31   0     284     1     0     621.659      -1.0
31   0     285     1     0     622.454      -1.0
31   0     286     1     0     619.745      -1.0
31   0     287     1     0     618.855      -1.0
31   0     288     1     0     624.378      -1.0
31   0     289     1     0     621.66      -1.0
31   0     290     1     0     623.25      -1.0
31   0     291     1     0     622.203      -1.0
31   0     292     1     0     624.303      -1.0
31   0     293     1     0     621.532      -1.0
31   0     294     1     0     623.508      -1.0
31   0     295     1     0     620.919      -1.0
31   0     296     1     0     624.458      -1.0
31   0     297     1     0     621.894      -1.0
31   0     298     1     0     622.386      -1.0
31   0     299     1     0     621.439      -1.0
31   0     300     1     0     622.82      -1.0
31   0     301     1     0     621.296      -1.0
31   0     302     1     0     622.642      -1.0
31   0     303     1     0     622.943      -1.0
31   0     304     1     0     623.074      -1.0
31   0     305     1     0     621.795      -1.0
31   0     306     1     0     622.854      -1.0
31   0     307     1     0     621.384      -1.0
31   0     308     1     0     622.36      -1.0
31   0     309     1     0     620.985      -1.0
31   0     310     1     0     622.384      -1.0
31   0     311     1     0     619.151      -1.0
31   0     312     1     0     622.345      -1.0
31   0     313     1     0     621.067      -1.0
31   0     314     1     0     622.094      -1.0
31   0     315     1     0     621.063      -1.0
31   0     316     1     0     620.926      -1.0
31   0     317     1     0     621.426      -1.0
31   0     318     1     0     623.517      -1.0
31   0     319     1     0     619.126      -1.0
31   0     320     1     0     622.254      -1.0
31   0     321     1     0     621.165      -1.0
31   0     322     1     0     621.839      -1.0
31   0     323     1     0     619.791      -1.0
31   0     324     1     0     623.067      -1.0
31   0     325     1     0     622.61      -1.0
31   0     326     1     0     621.287      -1.0
31   0     327     1     0     629.3      -1.0
31   0     328     1     0     623.37      -1.0
31   0     329     1     0     624.405      -1.0
31   0     330     1     0     623.519      -1.0
31   0     331     1     0     623.803      -1.0
31   0     332     1     0     623.151      -1.0
31   0     333     1     0     623.544      -1.0
31   0     334     1     0     624.093      -1.0
31   0     335     1     0     622.833      -1.0
31   0     336     1     0     624.57      -1.0
31   0     337     1     0     624.562      -1.0
31   0     338     1     0     623.336      -1.0
31   0     339     1     0     622.612      -1.0
31   0     340     1     0     619.981      -1.0
31   0     341     1     0     623.369      -1.0
31   0     342     1     0     624.539      -1.0
31   0     343     1     0     622.879      -1.0
31   0     344     1     0     624.331      -1.0
31   0     345     1     0     623.909      -1.0
31   0     346     1     0     622.534      -1.0
31   0     347     1     0     622.924      -1.0
31   0     348     1     0     621.839      -1.0
31   0     349     1     0     625.348      -1.0
31   0     350     1     0     623.482      -1.0
31   0     351     1     0     620.724      -1.0
31   0     352     1     0     617.738      -1.0
31   0     353     1     0     616.867      -1.0
31   0     354     1     0     618.25      -1.0
31   0     355     1     0     615.963      -1.0
31   0     356     1     0     616.451      -1.0
31   0     357     1     0     617.888      -1.0
31   0     358     1     0     615.705      -1.0
31   0     359     1     0     615.287      -1.0
31   0     360     1     0     616.284      -1.0
31   0     361     1     0     615.455      -1.0
31   0     362     1     0     617.049      -1.0
31   0     363     1     0     616.999      -1.0
31   0     364     1     0     617.03      -1.0
31   0     365     1     0     614.56      -1.0
31   0     366     1     0     615.79      -1.0
31   0     367     1     0     616.384      -1.0
31   0     368     1     0     616.895      -1.0
31   0     369     1     0     615.201      -1.0
31   0     370     1     0     614.674      -1.0
31   0     371     1     0     615.605      -1.0
31   0     372     1     0     615.339      -1.0
31   0     373     1     0     614.989      -1.0
31   0     374     1     0     615.461      -1.0
31   0     375     1     0     610.613      -1.0
31   0     376     1     0     616.831      -1.0
31   0     377     1     0     616.295      -1.0
31   0     378     1     0     610.674      -1.0
31   0     379     1     0     619.534      -1.0
31   0     380     1     0     615.191      -1.0
31   0     381     1     0     614.279      -1.0
31   0     382     1     0     614.151      -1.0
31   0     383     1     0     615.032      -1.0
31   0     384     1     0     615.432      -1.0
31   0     385     1     0     615.965      -1.0
31   0     386     1     0     615.821      -1.0
31   0     387     1     0     616.459      -1.0
31   0     388     1     0     615.229      -1.0
31   0     389     1     0     616.37      -1.0
31   0     390     1     0     616.314      -1.0
31   0     391     1     0     615.274      -1.0
31   0     392     1     0     617.122      -1.0
31   0     393     1     0     616.138      -1.0
31   0     394     1     0     617.021      -1.0
31   0     395     1     0     616.981      -1.0
31   0     396     1     0     616.598      -1.0
31   0     397     1     0     617.363      -1.0
31   0     398     1     0     617.876      -1.0
31   0     399     1     0     616.569      -1.0
31   0     400     1     0     618.615      -1.0
31   0     401     1     0     616.654      -1.0
31   0     402     1     0     617.544      -1.0
31   0     403     1     0     615.534      -1.0
31   0     404     1     0     616.227      -1.0
31   0     405     1     0     617.739      -1.0
31   0     406     1     0     617.09      -1.0
31   0     407     1     0     617.699      -1.0
31   0     408     1     0     617.959      -1.0
31   0     409     1     0     617      -1.0
31   0     410     1     0     618.493      -1.0
31   0     411     1     0     615.596      -1.0
31   0     412     1     0     616.499      -1.0
31   0     413     1     0     616.356      -1.0
31   0     414     1     0     617.256      -1.0
31   0     415     1     0     616.626      -1.0
31   0     416     1     0     621.341      -1.0
31   0     417     1     0     616      -1.0
31   0     418     1     0     620.155      -1.0
31   0     419     1     0     619.248      -1.0
31   0     420     1     0     618.911      -1.0
31   0     421     1     0     618.14      -1.0
31   0     422     1     0     620.153      -1.0
31   0     423     1     0     613.917      -1.0
31   0     424     1     0     619.511      -1.0
31   0     425     1     0     618.869      -1.0
#PHI1
31   1     0     1     0     618.82      -1.0
31   1     1     1     0     618.764      -1.0
31   1     2     1     0     619.652      -1.0
31   1     3     1     0     618.321      -1.0
31   1     4     1     0     618.835      -1.0
31   1     5     1     0     618.357      -1.0
31   1     6     1     0     619.285      -1.0
31   1     7     1     0     618.765      -1.0
31   1     8     1     0     620.402      -1.0
31   1     9     1     0     619.587      -1.0
31   1     10     1     0     619.958      -1.0
31   1     11     1     0     619.785      -1.0
31   1     12     1     0     619.898      -1.0
31   1     13     1     0     619.774      -1.0
31   1     14     1     0     620.089      -1.0
31   1     15     1     0     619.79      -1.0
31   1     16     1     0     621.072      -1.0
31   1     17     1     0     619.855      -1.0
31   1     18     1     0     620.239      -1.0
31   1     19     1     0     619.322      -1.0
31   1     20     1     0     618.496      -1.0
31   1     21     1     0     619.635      -1.0
31   1     22     1     0     619.746      -1.0
31   1     23     1     0     618.691      -1.0
31   1     24     1     0     619.954      -1.0
31   1     25     1     0     620.094      -1.0
31   1     26     1     0     620.295      -1.0
31   1     27     1     0     618.074      -1.0
31   1     28     1     0     619.132      -1.0
31   1     29     1     0     619.929      -1.0
31   1     30     1     0     619.16      -1.0
31   1     31     1     0     618.665      -1.0
31   1     32     1     0     619.388      -1.0
31   1     33     1     0     617.639      -1.0
31   1     34     1     0     617.569      -1.0
31   1     35     1     0     618.243      -1.0
31   1     36     1     0     618.939      -1.0
31   1     37     1     0     619.404      -1.0
31   1     38     1     0     617.82      -1.0
31   1     39     1     0     617.52      -1.0
31   1     40     1     0     617.866      -1.0
31   1     41     1     0     616.895      -1.0
31   1     42     1     0     618.757      -1.0
31   1     43     1     0     619.005      -1.0
31   1     44     1     0     617.978      -1.0
31   1     45     1     0     617.579      -1.0
31   1     46     1     0     617.17      -1.0
31   1     47     1     0     619.447      -1.0
31   1     48     1     0     619.066      -1.0
31   1     49     1     0     616.696      -1.0
31   1     50     1     0     616.639      -1.0
31   1     51     1     0     618.243      -1.0
31   1     52     1     0     617.961      -1.0
31   1     53     1     0     616.022      -1.0
31   1     54     1     0     617.451      -1.0
31   1     55     1     0     616.928      -1.0
31   1     56     1     0     618.102      -1.0
31   1     57     1     0     615.847      -1.0
31   1     58     1     0     617.74      -1.0
31   1     59     1     0     617.352      -1.0
31   1     60     1     0     615.74      -1.0
31   1     61     1     0     616.981      -1.0
31   1     62     1     0     614.121      -1.0
31   1     63     1     0     615.078      -1.0
31   1     64     1     0     621.631      -1.0
31   1     65     1     0     622.821      -1.0
31   1     66     1     0     623.15      -1.0
31   1     67     1     0     623.015      -1.0
31   1     68     1     0     622.841      -1.0
31   1     69     1     0     623.845      -1.0
31   1     70     1     0     622.328      -1.0
31   1     71     1     0     622.84      -1.0
31   1     72     1     0     622.102      -1.0
31   1     73     1     0     624.367      -1.0
31   1     74     1     0     622.847      -1.0
31   1     75     1     0     622.436      -1.0
31   1     76     1     0     622.629      -1.0
31   1     77     1     0     623.218      -1.0
31   1     78     1     0     622.517      -1.0
31   1     79     1     0     623.025      -1.0
31   1     80     1     0     622.705      -1.0
31   1     81     1     0     622.934      -1.0
31   1     82     1     0     622.407      -1.0
31   1     83     1     0     621.973      -1.0
31   1     84     1     0     621.056      -1.0
31   1     85     1     0     623.112      -1.0
31   1     86     1     0     622.297      -1.0
31   1     87     1     0     622.935      -1.0
31   1     88     1     0     621.248      -1.0
31   1     89     1     0     622.794      -1.0
31   1     90     1     0     622.715      -1.0
31   1     91     1     0     621.996      -1.0
31   1     92     1     0     620.887      -1.0
31   1     93     1     0     623.107      -1.0
31   1     94     1     0     622.561      -1.0
31   1     95     1     0     623.007      -1.0
31   1     96     1     0     624.145      -1.0
31   1     97     1     0     623.289      -1.0
31   1     98     1     0     624.448      -1.0
31   1     99     1     0     623.336      -1.0
31   1     100     1     0     623.853      -1.0
31   1     101     1     0     623.298      -1.0
31   1     102     1     0     624.544      -1.0
31   1     103     1     0     621.468      -1.0
31   1     104     1     0     624.278      -1.0
31   1     105     1     0     621.411      -1.0
31   1     106     1     0     622.667      -1.0
31   1     107     1     0     621.242      -1.0
31   1     108     1     0     623.356      -1.0
31   1     109     1     0     622.898      -1.0
31   1     110     1     0     624.931      -1.0
31   1     111     1     0     624.051      -1.0
31   1     112     1     0     623.263      -1.0
31   1     113     1     0     621.959      -1.0
31   1     114     1     0     622.651      -1.0
31   1     115     1     0     622.712      -1.0
31   1     116     1     0     622.779      -1.0
31   1     117     1     0     621.23      -1.0
31   1     118     1     0     623.718      -1.0
31   1     119     1     0     621.077      -1.0
31   1     120     1     0     622.29      -1.0
31   1     121     1     0     621.161      -1.0
31   1     122     1     0     622.219      -1.0
31   1     123     1     0     621.364      -1.0
31   1     124     1     0     621.854      -1.0
31   1     125     1     0     621.401      -1.0
31   1     126     1     0     621.515      -1.0
31   1     127     1     0     621.497      -1.0
31   1     128     1     0     623.684      -1.0
31   1     129     1     0     624.04      -1.0
31   1     130     1     0     624.086      -1.0
31   1     131     1     0     623.372      -1.0
31   1     132     1     0     623.924      -1.0
31   1     133     1     0     626.73      -1.0
31   1     134     1     0     623.416      -1.0
31   1     135     1     0     623.478      -1.0
31   1     136     1     0     623.996      -1.0
31   1     137     1     0     622.278      -1.0
31   1     138     1     0     624.647      -1.0
31   1     139     1     0     624.332      -1.0
31   1     140     1     0     624.812      -1.0
31   1     141     1     0     624.228      -1.0
31   1     142     1     0     623.146      -1.0
31   1     143     1     0     623.064      -1.0
31   1     144     1     0     623.058      -1.0
31   1     145     1     0     623.557      -1.0
31   1     146     1     0     624.053      -1.0
31   1     147     1     0     624.832      -1.0
31   1     148     1     0     621.92      -1.0
31   1     149     1     0     623.299      -1.0
31   1     150     1     0     623.31      -1.0
31   1     151     1     0     623.221      -1.0
31   1     152     1     0     623.513      -1.0
31   1     153     1     0     623.756      -1.0
31   1     154     1     0     623.021      -1.0
31   1     155     1     0     623.145      -1.0
31   1     156     1     0     624.006      -1.0
31   1     157     1     0     623.33      -1.0
31   1     158     1     0     622.464      -1.0
31   1     159     1     0     621.282      -1.0
31   1     160     1     0     624.76      -1.0
31   1     161     1     0     624.303      -1.0
31   1     162     1     0     625.343      -1.0
31   1     163     1     0     623.701      -1.0
31   1     164     1     0     625.361      -1.0
31   1     165     1     0     624.541      -1.0
31   1     166     1     0     624.588      -1.0
31   1     167     1     0     624.097      -1.0
31   1     168     1     0     625.461      -1.0
31   1     169     1     0     623.614      -1.0
31   1     170     1     0     622.782      -1.0
31   1     171     1     0     624.272      -1.0
31   1     172     1     0     625.039      -1.0
31   1     173     1     0     623.712      -1.0
31   1     174     1     0     624.414      -1.0
31   1     175     1     0     624.586      -1.0
31   1     176     1     0     624.505      -1.0
31   1     177     1     0     623.707      -1.0
31   1     178     1     0     623.89      -1.0
31   1     179     1     0     623.375      -1.0
31   1     180     1     0     623.151      -1.0
31   1     181     1     0     623.129      -1.0
31   1     182     1     0     623.711      -1.0
31   1     183     1     0     624.045      -1.0
31   1     184     1     0     622.72      -1.0
31   1     185     1     0     622.472      -1.0
31   1     186     1     0     622.66      -1.0
31   1     187     1     0     622.215      -1.0
31   1     188     1     0     623.458      -1.0
31   1     189     1     0     622.534      -1.0
31   1     190     1     0     624.788      -1.0
31   1     191     1     0     621.714      -1.0
31   1     192     1     0     624.921      -1.0
31   1     193     1     0     624.731      -1.0
31   1     194     1     0     624.477      -1.0
31   1     195     1     0     624.903      -1.0
31   1     196     1     0     625.569      -1.0
31   1     197     1     0     624.674      -1.0
31   1     198     1     0     624.704      -1.0
31   1     199     1     0     624.199      -1.0
31   1     200     1     0     623.637      -1.0
31   1     201     1     0     624.871      -1.0
31   1     202     1     0     624.192      -1.0
31   1     203     1     0     625.15      -1.0
31   1     204     1     0     623.636      -1.0
31   1     205     1     0     624.057      -1.0
31   1     206     1     0     623.285      -1.0
31   1     207     1     0     624.347      -1.0
31   1     208     1     0     624.262      -1.0
31   1     209     1     0     623.645      -1.0
31   1     210     1     0     623.544      -1.0
31   1     211     1     0     625.281      -1.0
31   1     212     1     0     622.694      -1.0
31   1     213     1     0     622.556      -1.0
31   1     214     1     0     622.39      -1.0
31   1     215     1     0     623.591      -1.0
31   1     216     1     0     622.853      -1.0
31   1     217     1     0     624.098      -1.0
31   1     218     1     0     625.217      -1.0
31   1     219     1     0     624.259      -1.0
31   1     220     1     0     623.085      -1.0
31   1     221     1     0     624.307      -1.0
31   1     222     1     0     622.942      -1.0
31   1     223     1     0     623.266      -1.0
31   1     224     1     0     610.798      -1.0
31   1     225     1     0     605.707      -1.0
31   1     226     1     0     606.886      -1.0
31   1     227     1     0     605.62      -1.0
31   1     228     1     0     605.698      -1.0
31   1     229     1     0     605.768      -1.0
31   1     230     1     0     605.378      -1.0
31   1     231     1     0     606.1      -1.0
31   1     232     1     0     605.43      -1.0
31   1     233     1     0     605.091      -1.0
31   1     234     1     0     608.729      -1.0
31   1     235     1     0     606.409      -1.0
31   1     236     1     0     607.769      -1.0
31   1     237     1     0     606.188      -1.0
31   1     238     1     0     605.28      -1.0
31   1     239     1     0     607.333      -1.0
31   1     240     1     0     606.382      -1.0
31   1     241     1     0     608.209      -1.0
31   1     242     1     0     605.34      -1.0
31   1     243     1     0     606.325      -1.0
31   1     244     1     0     605.428      -1.0
31   1     245     1     0     606.499      -1.0
31   1     246     1     0     605.493      -1.0
31   1     247     1     0     611.103      -1.0
31   1     248     1     0     605.47      -1.0
31   1     249     1     0     606.083      -1.0
31   1     250     1     0     604.613      -1.0
31   1     251     1     0     608.525      -1.0
31   1     252     1     0     606.169      -1.0
31   1     253     1     0     608.802      -1.0
31   1     254     1     0     605.508      -1.0
31   1     255     1     0     606.258      -1.0
31   1     256     1     0     608.578      -1.0
31   1     257     1     0     607.407      -1.0
31   1     258     1     0     610.133      -1.0
31   1     259     1     0     608.45      -1.0
31   1     260     1     0     608.467      -1.0
31   1     261     1     0     608.527      -1.0
31   1     262     1     0     608.532      -1.0
31   1     263     1     0     607.348      -1.0
31   1     264     1     0     610      -1.0
31   1     265     1     0     607.8      -1.0
31   1     266     1     0     611.578      -1.0
31   1     267     1     0     608.661      -1.0
31   1     268     1     0     608.335      -1.0
31   1     269     1     0     610.293      -1.0
31   1     270     1     0     607.145      -1.0
31   1     271     1     0     607.805      -1.0
31   1     272     1     0     608.388      -1.0
31   1     273     1     0     610.495      -1.0
31   1     274     1     0     608.231      -1.0
31   1     275     1     0     609.004      -1.0
31   1     276     1     0     606.34      -1.0
31   1     277     1     0     609.65      -1.0
31   1     278     1     0     607.59      -1.0
31   1     279     1     0     609.93      -1.0
31   1     280     1     0     608.621      -1.0
31   1     281     1     0     609.87      -1.0
31   1     282     1     0     608.203      -1.0
31   1     283     1     0     611.043      -1.0
31   1     284     1     0     607.677      -1.0
31   1     285     1     0     611.63      -1.0
31   1     286     1     0     607.011      -1.0
31   1     287     1     0     610.937      -1.0
31   1     288     1     0     613.907      -1.0
31   1     289     1     0     608.447      -1.0
31   1     290     1     0     609.83      -1.0
31   1     291     1     0     608.465      -1.0
31   1     292     1     0     607.636      -1.0
31   1     293     1     0     608.349      -1.0
31   1     294     1     0     609.436      -1.0
31   1     295     1     0     607.514      -1.0
31   1     296     1     0     608.575      -1.0
31   1     297     1     0     608.14      -1.0
31   1     298     1     0     609.667      -1.0
31   1     299     1     0     608.23      -1.0
31   1     300     1     0     609.58      -1.0
31   1     301     1     0     608.478      -1.0
31   1     302     1     0     608.039      -1.0
31   1     303     1     0     607.823      -1.0
31   1     304     1     0     608.771      -1.0
31   1     305     1     0     610.01      -1.0
31   1     306     1     0     606.918      -1.0
31   1     307     1     0     610.081      -1.0
31   1     308     1     0     607.704      -1.0
31   1     309     1     0     608.13      -1.0
31   1     310     1     0     608.063      -1.0
31   1     311     1     0     609.011      -1.0
31   1     312     1     0     607.521      -1.0
31   1     313     1     0     606.691      -1.0
31   1     314     1     0     606.336      -1.0
31   1     315     1     0     610.915      -1.0
31   1     316     1     0     608.319      -1.0
31   1     317     1     0     610.62      -1.0
31   1     318     1     0     606.847      -1.0
31   1     319     1     0     608.918      -1.0
31   1     320     1     0     611.836      -1.0
31   1     321     1     0     607.758      -1.0
31   1     322     1     0     609.072      -1.0
31   1     323     1     0     607.381      -1.0
31   1     324     1     0     608.324      -1.0
31   1     325     1     0     607.192      -1.0
31   1     326     1     0     608.523      -1.0
31   1     327     1     0     606.845      -1.0
31   1     328     1     0     608.787      -1.0
31   1     329     1     0     607.379      -1.0
31   1     330     1     0     610.523      -1.0
31   1     331     1     0     607.872      -1.0
31   1     332     1     0     609.72      -1.0
31   1     333     1     0     608.275      -1.0
31   1     334     1     0     607.756      -1.0
31   1     335     1     0     608.136      -1.0
31   1     336     1     0     607.047      -1.0
31   1     337     1     0     608.65      -1.0
31   1     338     1     0     607.543      -1.0
31   1     339     1     0     608.69      -1.0
31   1     340     1     0     606.268      -1.0
31   1     341     1     0     608.19      -1.0
31   1     342     1     0     607.371      -1.0
31   1     343     1     0     609.152      -1.0
31   1     344     1     0     608.52      -1.0
31   1     345     1     0     607.422      -1.0
31   1     346     1     0     607.364      -1.0
31   1     347     1     0     610.205      -1.0
31   1     348     1     0     608.421      -1.0
31   1     349     1     0     609.994      -1.0
31   1     350     1     0     606.53      -1.0
31   1     351     1     0     608.597      -1.0
31   1     352     1     0     621.784      -1.0
31   1     353     1     0     621.963      -1.0
31   1     354     1     0     622.898      -1.0
31   1     355     1     0     622.43      -1.0
31   1     356     1     0     622.485      -1.0
31   1     357     1     0     623.238      -1.0
31   1     358     1     0     622.577      -1.0
31   1     359     1     0     622.768      -1.0
31   1     360     1     0     623.076      -1.0
31   1     361     1     0     623.169      -1.0
31   1     362     1     0     624.754      -1.0
31   1     363     1     0     623.545      -1.0
31   1     364     1     0     622.938      -1.0
31   1     365     1     0     625.061      -1.0
31   1     366     1     0     623.526      -1.0
31   1     367     1     0     623.485      -1.0
31   1     368     1     0     623.752      -1.0
31   1     369     1     0     623.563      -1.0
31   1     370     1     0     622.974      -1.0
31   1     371     1     0     622.439      -1.0
31   1     372     1     0     623.008      -1.0
31   1     373     1     0     623.061      -1.0
31   1     374     1     0     623.172      -1.0
31   1     375     1     0     623.166      -1.0
31   1     376     1     0     623.589      -1.0
31   1     377     1     0     622.27      -1.0
31   1     378     1     0     622.676      -1.0
31   1     379     1     0     622.961      -1.0
31   1     380     1     0     622.689      -1.0
31   1     381     1     0     622.141      -1.0
31   1     382     1     0     620.747      -1.0
31   1     383     1     0     621.479      -1.0
31   1     384     1     0     622.815      -1.0
31   1     385     1     0     622.907      -1.0
31   1     386     1     0     623.685      -1.0
31   1     387     1     0     622.906      -1.0
31   1     388     1     0     623.478      -1.0
31   1     389     1     0     623.331      -1.0
31   1     390     1     0     622.545      -1.0
31   1     391     1     0     622.054      -1.0
31   1     392     1     0     623.095      -1.0
31   1     393     1     0     623.149      -1.0
31   1     394     1     0     623.088      -1.0
31   1     395     1     0     622.503      -1.0
31   1     396     1     0     623.502      -1.0
31   1     397     1     0     623.426      -1.0
31   1     398     1     0     623.964      -1.0
31   1     399     1     0     623.367      -1.0
31   1     400     1     0     624.441      -1.0
31   1     401     1     0     622.964      -1.0
31   1     402     1     0     624.059      -1.0
31   1     403     1     0     622.073      -1.0
31   1     404     1     0     623.076      -1.0
31   1     405     1     0     622.322      -1.0
31   1     406     1     0     623.38      -1.0
31   1     407     1     0     622.158      -1.0
31   1     408     1     0     623.725      -1.0
31   1     409     1     0     623.124      -1.0
31   1     410     1     0     624.037      -1.0
31   1     411     1     0     621.986      -1.0
31   1     412     1     0     623.239      -1.0
31   1     413     1     0     622.794      -1.0
31   1     414     1     0     622.752      -1.0
31   1     415     1     0     622.173      -1.0
31   1     416     1     0     624.717      -1.0
31   1     417     1     0     624.062      -1.0
31   1     418     1     0     624.331      -1.0
31   1     419     1     0     623.969      -1.0
31   1     420     1     0     624.593      -1.0
31   1     421     1     0     624.432      -1.0
31   1     422     1     0     624.708      -1.0
31   1     423     1     0     623.635      -1.0
31   1     424     1     0     623.971      -1.0
31   1     425     1     0     623.82      -1.0
31   1     426     1     0     624.411      -1.0
31   1     427     1     0     623.732      -1.0
31   1     428     1     0     623.73      -1.0
31   1     429     1     0     623.954      -1.0
31   1     430     1     0     622.524      -1.0
31   1     431     1     0     623.191      -1.0
31   1     432     1     0     623.988      -1.0
31   1     433     1     0     623.289      -1.0
31   1     434     1     0     622.809      -1.0
31   1     435     1     0     623.06      -1.0
31   1     436     1     0     623.205      -1.0
31   1     437     1     0     622.105      -1.0
31   1     438     1     0     623.128      -1.0
31   1     439     1     0     622.551      -1.0
31   1     440     1     0     623.484      -1.0
31   1     441     1     0     622.57      -1.0
31   1     442     1     0     623.441      -1.0
31   1     443     1     0     622.207      -1.0
31   1     444     1     0     623.837      -1.0
31   1     445     1     0     622.928      -1.0
31   1     446     1     0     622.808      -1.0
31   1     447     1     0     620.924      -1.0
31   1     448     1     0     624.325      -1.0
31   1     449     1     0     627.263      -1.0
31   1     450     1     0     624.741      -1.0
31   1     451     1     0     626.051      -1.0
31   1     452     1     0     624.285      -1.0
31   1     453     1     0     626.416      -1.0
31   1     454     1     0     625.272      -1.0
31   1     455     1     0     626.346      -1.0
31   1     456     1     0     624.458      -1.0
31   1     457     1     0     626.532      -1.0
31   1     458     1     0     625.874      -1.0
31   1     459     1     0     625.096      -1.0
31   1     460     1     0     624.865      -1.0
31   1     461     1     0     627.405      -1.0
31   1     462     1     0     625.19      -1.0
31   1     463     1     0     626.751      -1.0
31   1     464     1     0     625.193      -1.0
31   1     465     1     0     627.031      -1.0
31   1     466     1     0     625.27      -1.0
31   1     467     1     0     626.045      -1.0
31   1     468     1     0     625.356      -1.0
31   1     469     1     0     627.55      -1.0
31   1     470     1     0     625.732      -1.0
31   1     471     1     0     627.036      -1.0
31   1     472     1     0     625.031      -1.0
31   1     473     1     0     625.753      -1.0
31   1     474     1     0     625.915      -1.0
31   1     475     1     0     627.017      -1.0
31   1     476     1     0     624.735      -1.0
31   1     477     1     0     626.273      -1.0
31   1     478     1     0     624.272      -1.0
31   1     479     1     0     624.568      -1.0
31   1     480     1     0     627.622      -1.0
31   1     481     1     0     625.994      -1.0
31   1     482     1     0     627.715      -1.0
31   1     483     1     0     626.62      -1.0
31   1     484     1     0     627.612      -1.0
31   1     485     1     0     627.394      -1.0
31   1     486     1     0     627.663      -1.0
31   1     487     1     0     626.737      -1.0
31   1     488     1     0     626.699      -1.0
31   1     489     1     0     626.13      -1.0
31   1     490     1     0     627.23      -1.0
31   1     491     1     0     627.192      -1.0
31   1     492     1     0     627.585      -1.0
31   1     493     1     0     626.645      -1.0
31   1     494     1     0     627.046      -1.0
31   1     495     1     0     626.327      -1.0
31   1     496     1     0     627.261      -1.0
31   1     497     1     0     626.333      -1.0
31   1     498     1     0     626.728      -1.0
31   1     499     1     0     626.771      -1.0
31   1     500     1     0     625.712      -1.0
31   1     501     1     0     625.738      -1.0
31   1     502     1     0     626.783      -1.0
31   1     503     1     0     625.102      -1.0
31   1     504     1     0     626.651      -1.0
31   1     505     1     0     627.82      -1.0
31   1     506     1     0     626.074      -1.0
31   1     507     1     0     625.35      -1.0
31   1     508     1     0     626.286      -1.0
31   1     509     1     0     624.991      -1.0
31   1     510     1     0     625.515      -1.0
31   1     511     1     0     625.659      -1.0
31   1     512     1     0     616.313      -1.0
31   1     513     1     0     617.457      -1.0
31   1     514     1     0     616.493      -1.0
31   1     515     1     0     616.944      -1.0
31   1     516     1     0     617.613      -1.0
31   1     517     1     0     617.654      -1.0
31   1     518     1     0     616.65      -1.0
31   1     519     1     0     618.347      -1.0
31   1     520     1     0     616.539      -1.0
31   1     521     1     0     618.203      -1.0
31   1     522     1     0     618.023      -1.0
31   1     523     1     0     617.616      -1.0
31   1     524     1     0     617.3      -1.0
31   1     525     1     0     618.399      -1.0
31   1     526     1     0     617.895      -1.0
31   1     527     1     0     617.893      -1.0
31   1     528     1     0     617.928      -1.0
31   1     529     1     0     617.747      -1.0
31   1     530     1     0     617.995      -1.0
31   1     531     1     0     615.735      -1.0
31   1     532     1     0     616.929      -1.0
31   1     533     1     0     617.108      -1.0
31   1     534     1     0     617.045      -1.0
31   1     535     1     0     616.904      -1.0
31   1     536     1     0     617.461      -1.0
31   1     537     1     0     618.441      -1.0
31   1     538     1     0     617.03      -1.0
31   1     539     1     0     617.061      -1.0
31   1     540     1     0     616.38      -1.0
31   1     541     1     0     616.692      -1.0
31   1     542     1     0     616.742      -1.0
31   1     543     1     0     616.761      -1.0
31   1     544     1     0     619.569      -1.0
31   1     545     1     0     619.626      -1.0
31   1     546     1     0     619.688      -1.0
31   1     547     1     0     621.192      -1.0
31   1     548     1     0     619.983      -1.0
31   1     549     1     0     620.501      -1.0
31   1     550     1     0     619.431      -1.0
31   1     551     1     0     620.814      -1.0
31   1     552     1     0     620.424      -1.0
31   1     553     1     0     620.422      -1.0
31   1     554     1     0     620.033      -1.0
31   1     555     1     0     620.62      -1.0
31   1     556     1     0     619.486      -1.0
31   1     557     1     0     620.719      -1.0
31   1     558     1     0     619.981      -1.0
31   1     559     1     0     620.07      -1.0
31   1     560     1     0     619.888      -1.0
31   1     561     1     0     618.822      -1.0
31   1     562     1     0     617.944      -1.0
31   1     563     1     0     619.641      -1.0
31   1     564     1     0     619.052      -1.0
31   1     565     1     0     619.073      -1.0
31   1     566     1     0     618.281      -1.0
31   1     567     1     0     619.068      -1.0
31   1     568     1     0     619.026      -1.0
31   1     569     1     0     618.486      -1.0
31   1     570     1     0     618.244      -1.0
31   1     571     1     0     618.51      -1.0
31   1     572     1     0     619.297      -1.0
31   1     573     1     0     619.843      -1.0
31   1     574     1     0     618.883      -1.0
31   1     575     1     0     618.592      -1.0
31   1     576     1     0     620.643      -1.0
31   1     577     1     0     621.63      -1.0
31   1     578     1     0     619.071      -1.0
31   1     579     1     0     621.327      -1.0
31   1     580     1     0     619.255      -1.0
31   1     581     1     0     620.165      -1.0
31   1     582     1     0     619.298      -1.0
31   1     583     1     0     620.595      -1.0
#UV2
31   2     0     1     0     606.089      -1.0
31   2     1     1     0     603.757      -1.0
31   2     2     1     0     607.553      -1.0
31   2     3     1     0     602.46      -1.0
31   2     4     1     0     608.262      -1.0
31   2     5     1     0     602.069      -1.0
31   2     6     1     0     603.929      -1.0
31   2     7     1     0     603.475      -1.0
31   2     8     1     0     602.446      -1.0
31   2     9     1     0     603.002      -1.0
31   2     10     1     0     605.815      -1.0
31   2     11     1     0     602.212      -1.0
31   2     12     1     0     603.464      -1.0
31   2     13     1     0     602.234      -1.0
31   2     14     1     0     603      -1.0
31   2     15     1     0     616      -1.0
31   2     16     1     0     604.62      -1.0
31   2     17     1     0     603.357      -1.0
31   2     18     1     0     601.927      -1.0
31   2     19     1     0     604.738      -1.0
31   2     20     1     0     603.733      -1.0
31   2     21     1     0     606.184      -1.0
31   2     22     1     0     603      -1.0
31   2     23     1     0     602.773      -1.0
31   2     24     1     0     601.107      -1.0
31   2     25     1     0     604.442      -1.0
31   2     26     1     0     602.654      -1.0
31   2     27     1     0     605.026      -1.0
31   2     28     1     0     601.718      -1.0
31   2     29     1     0     604.855      -1.0
31   2     30     1     0     604.964      -1.0
31   2     31     1     0     605.676      -1.0
31   2     32     1     0     611.459      -1.0
31   2     33     1     0     608.433      -1.0
31   2     34     1     0     610.434      -1.0
31   2     35     1     0     608.173      -1.0
31   2     36     1     0     612.21      -1.0
31   2     37     1     0     607.852      -1.0
31   2     38     1     0     609.514      -1.0
31   2     39     1     0     607.436      -1.0
31   2     40     1     0     612.182      -1.0
31   2     41     1     0     606.951      -1.0
31   2     42     1     0     610.343      -1.0
31   2     43     1     0     607.6      -1.0
31   2     44     1     0     609.706      -1.0
31   2     45     1     0     607.03      -1.0
31   2     46     1     0     611.125      -1.0
31   2     47     1     0     607.415      -1.0
31   2     48     1     0     607.633      -1.0
31   2     49     1     0     607.786      -1.0
31   2     50     1     0     611.605      -1.0
31   2     51     1     0     608.204      -1.0
31   2     52     1     0     609.965      -1.0
31   2     53     1     0     607.921      -1.0
31   2     54     1     0     606.864      -1.0
31   2     55     1     0     609.866      -1.0
31   2     56     1     0     608.138      -1.0
31   2     57     1     0     612.151      -1.0
31   2     58     1     0     607.814      -1.0
31   2     59     1     0     609.094      -1.0
31   2     60     1     0     609.994      -1.0
31   2     61     1     0     610.444      -1.0
31   2     62     1     0     609.792      -1.0
31   2     63     1     0     611.395      -1.0
31   2     64     1     0     612.171      -1.0
31   2     65     1     0     608.059      -1.0
31   2     66     1     0     611.46      -1.0
31   2     67     1     0     605.97      -1.0
31   2     68     1     0     607.84      -1.0
31   2     69     1     0     608.5      -1.0
31   2     70     1     0     608.667      -1.0
31   2     71     1     0     615.128      -1.0
31   2     72     1     0     608.265      -1.0
31   2     73     1     0     606.828      -1.0
31   2     74     1     0     609.395      -1.0
31   2     75     1     0     608.147      -1.0
31   2     76     1     0     607.2      -1.0
31   2     77     1     0     609.373      -1.0
31   2     78     1     0     611.605      -1.0
31   2     79     1     0     607.875      -1.0
31   2     80     1     0     608.676      -1.0
31   2     81     1     0     607.751      -1.0
31   2     82     1     0     609.16      -1.0
31   2     83     1     0     608.72      -1.0
31   2     84     1     0     608.486      -1.0
31   2     85     1     0     611.214      -1.0
31   2     86     1     0     609.119      -1.0
31   2     87     1     0     610.982      -1.0
31   2     88     1     0     607.715      -1.0
31   2     89     1     0     609.462      -1.0
31   2     90     1     0     607.126      -1.0
31   2     91     1     0     609.528      -1.0
31   2     92     1     0     609.269      -1.0
31   2     93     1     0     609.431      -1.0
31   2     94     1     0     608.139      -1.0
31   2     95     1     0     609.522      -1.0
31   2     96     1     0     613.732      -1.0
31   2     97     1     0     609.367      -1.0
31   2     98     1     0     613.792      -1.0
31   2     99     1     0     608.147      -1.0
31   2     100     1     0     613.086      -1.0
31   2     101     1     0     610.179      -1.0
31   2     102     1     0     617.411      -1.0
31   2     103     1     0     609.7      -1.0
31   2     104     1     0     610.194      -1.0
31   2     105     1     0     608.374      -1.0
31   2     106     1     0     611.974      -1.0
31   2     107     1     0     610.344      -1.0
31   2     108     1     0     609.58      -1.0
31   2     109     1     0     608.815      -1.0
31   2     110     1     0     611.434      -1.0
31   2     111     1     0     613.276      -1.0
31   2     112     1     0     610.237      -1.0
31   2     113     1     0     609.65      -1.0
31   2     114     1     0     611.235      -1.0
31   2     115     1     0     611.455      -1.0
31   2     116     1     0     610.259      -1.0
31   2     117     1     0     612.87      -1.0
31   2     118     1     0     608.841      -1.0
31   2     119     1     0     612.169      -1.0
31   2     120     1     0     609.194      -1.0
31   2     121     1     0     612.387      -1.0
31   2     122     1     0     608.287      -1.0
31   2     123     1     0     609.28      -1.0
31   2     124     1     0     609.245      -1.0
31   2     125     1     0     609.276      -1.0
31   2     126     1     0     608.296      -1.0
31   2     127     1     0     616      -1.0
31   2     128     1     0     607.187      -1.0
31   2     129     1     0     606.262      -1.0
31   2     130     1     0     607.805      -1.0
31   2     131     1     0     608.127      -1.0
31   2     132     1     0     608.602      -1.0
31   2     133     1     0     606.586      -1.0
31   2     134     1     0     605.778      -1.0
31   2     135     1     0     607.193      -1.0
31   2     136     1     0     607.468      -1.0
31   2     137     1     0     604.748      -1.0
31   2     138     1     0     610.374      -1.0
31   2     139     1     0     606.413      -1.0
31   2     140     1     0     605.5      -1.0
31   2     141     1     0     607.104      -1.0
31   2     142     1     0     608.558      -1.0
31   2     143     1     0     607.295      -1.0
31   2     144     1     0     607.714      -1.0
31   2     145     1     0     606.626      -1.0
31   2     146     1     0     609.182      -1.0
31   2     147     1     0     608.86      -1.0
31   2     148     1     0     610.303      -1.0
31   2     149     1     0     612.823      -1.0
31   2     150     1     0     607.211      -1.0
31   2     151     1     0     606.984      -1.0
31   2     152     1     0     604.514      -1.0
31   2     153     1     0     608.105      -1.0
31   2     154     1     0     609      -1.0
31   2     155     1     0     606.852      -1.0
31   2     156     1     0     607.777      -1.0
31   2     157     1     0     607.986      -1.0
31   2     158     1     0     616      -1.0
31   2     159     1     0     610.5      -1.0
31   2     160     1     0     609.116      -1.0
31   2     161     1     0     606.295      -1.0
31   2     162     1     0     609.128      -1.0
31   2     163     1     0     607.578      -1.0
31   2     164     1     0     609.079      -1.0
31   2     165     1     0     606.015      -1.0
31   2     166     1     0     610.736      -1.0
31   2     167     1     0     607.559      -1.0
31   2     168     1     0     607.807      -1.0
31   2     169     1     0     606.953      -1.0
31   2     170     1     0     606.305      -1.0
31   2     171     1     0     610.136      -1.0
31   2     172     1     0     609.311      -1.0
31   2     173     1     0     604.848      -1.0
31   2     174     1     0     609.558      -1.0
31   2     175     1     0     606.576      -1.0
31   2     176     1     0     609.624      -1.0
31   2     177     1     0     607.583      -1.0
31   2     178     1     0     608.021      -1.0
31   2     179     1     0     610.541      -1.0
31   2     180     1     0     608.021      -1.0
31   2     181     1     0     608.893      -1.0
31   2     182     1     0     608.315      -1.0
31   2     183     1     0     608.177      -1.0
31   2     184     1     0     608.236      -1.0
31   2     185     1     0     610.86      -1.0
31   2     186     1     0     603.667      -1.0
31   2     187     1     0     609.397      -1.0
31   2     188     1     0     610.08      -1.0
31   2     189     1     0     610.347      -1.0
31   2     190     1     0     607.067      -1.0
31   2     191     1     0     613.943      -1.0
31   2     192     1     0     606.331      -1.0
31   2     193     1     0     608.915      -1.0
31   2     194     1     0     613.414      -1.0
31   2     195     1     0     610.899      -1.0
31   2     196     1     0     610.598      -1.0
31   2     197     1     0     610.182      -1.0
31   2     198     1     0     613.274      -1.0
31   2     199     1     0     612.294      -1.0
31   2     200     1     0     610.815      -1.0
31   2     201     1     0     610.346      -1.0
31   2     202     1     0     610.725      -1.0
31   2     203     1     0     610.295      -1.0
31   2     204     1     0     610.508      -1.0
31   2     205     1     0     611.149      -1.0
31   2     206     1     0     611.766      -1.0
31   2     207     1     0     609.043      -1.0
31   2     208     1     0     611.693      -1.0
31   2     209     1     0     609.432      -1.0
31   2     210     1     0     613.627      -1.0
31   2     211     1     0     612.211      -1.0
31   2     212     1     0     611.086      -1.0
31   2     213     1     0     610.796      -1.0
31   2     214     1     0     609.304      -1.0
31   2     215     1     0     610.825      -1.0
31   2     216     1     0     610.659      -1.0
31   2     217     1     0     612.184      -1.0
31   2     218     1     0     608.704      -1.0
31   2     219     1     0     610.489      -1.0
31   2     220     1     0     613.403      -1.0
31   2     221     1     0     610.053      -1.0
31   2     222     1     0     608.307      -1.0
31   2     223     1     0     612.476      -1.0
31   2     224     1     0     611.544      -1.0
31   2     225     1     0     610.415      -1.0
31   2     226     1     0     613.412      -1.0
31   2     227     1     0     606.958      -1.0
31   2     228     1     0     614.191      -1.0
31   2     229     1     0     609.085      -1.0
31   2     230     1     0     610.358      -1.0
31   2     231     1     0     610.266      -1.0
31   2     232     1     0     610.523      -1.0
31   2     233     1     0     609.721      -1.0
31   2     234     1     0     610.435      -1.0
31   2     235     1     0     609.638      -1.0
31   2     236     1     0     611.353      -1.0
31   2     237     1     0     610.138      -1.0
31   2     238     1     0     612.036      -1.0
31   2     239     1     0     608.167      -1.0
31   2     240     1     0     611.195      -1.0
31   2     241     1     0     612.089      -1.0
31   2     242     1     0     609.754      -1.0
31   2     243     1     0     606.346      -1.0
31   2     244     1     0     610.46      -1.0
31   2     245     1     0     612.751      -1.0
31   2     246     1     0     610.029      -1.0
31   2     247     1     0     612.434      -1.0
31   2     248     1     0     610.167      -1.0
31   2     249     1     0     610.789      -1.0
31   2     250     1     0     611.615      -1.0
31   2     251     1     0     611.37      -1.0
31   2     252     1     0     610.392      -1.0
31   2     253     1     0     609.495      -1.0
31   2     254     1     0     610.701      -1.0
31   2     255     1     0     614.905      -1.0
31   2     256     1     0     614.892      -1.0
31   2     257     1     0     610.084      -1.0
31   2     258     1     0     613.562      -1.0
31   2     259     1     0     610.589      -1.0
31   2     260     1     0     613.779      -1.0
31   2     261     1     0     610.619      -1.0
31   2     262     1     0     612.353      -1.0
31   2     263     1     0     610.158      -1.0
31   2     264     1     0     610.606      -1.0
31   2     265     1     0     610.266      -1.0
31   2     266     1     0     611.062      -1.0
31   2     267     1     0     609.228      -1.0
31   2     268     1     0     609.927      -1.0
31   2     269     1     0     608.713      -1.0
31   2     270     1     0     610.528      -1.0
31   2     271     1     0     612.091      -1.0
31   2     272     1     0     611.316      -1.0
31   2     273     1     0     611.52      -1.0
31   2     274     1     0     613.111      -1.0
31   2     275     1     0     610.687      -1.0
31   2     276     1     0     612.021      -1.0
31   2     277     1     0     613.628      -1.0
31   2     278     1     0     609.384      -1.0
31   2     279     1     0     610.499      -1.0
31   2     280     1     0     610.771      -1.0
31   2     281     1     0     614.003      -1.0
31   2     282     1     0     611.077      -1.0
31   2     283     1     0     611.492      -1.0
31   2     284     1     0     610.679      -1.0
31   2     285     1     0     611.419      -1.0
31   2     286     1     0     610.593      -1.0
31   2     287     1     0     615.292      -1.0
31   2     288     1     0     611.565      -1.0
31   2     289     1     0     608.804      -1.0
31   2     290     1     0     612.537      -1.0
31   2     291     1     0     610.929      -1.0
31   2     292     1     0     612.221      -1.0
31   2     293     1     0     608.767      -1.0
31   2     294     1     0     608.333      -1.0
31   2     295     1     0     609.639      -1.0
31   2     296     1     0     610.091      -1.0
31   2     297     1     0     607.887      -1.0
31   2     298     1     0     609.408      -1.0
31   2     299     1     0     607.956      -1.0
31   2     300     1     0     612.225      -1.0
31   2     301     1     0     610.615      -1.0
31   2     302     1     0     612.286      -1.0
31   2     303     1     0     609.578      -1.0
31   2     304     1     0     610.392      -1.0
31   2     305     1     0     608.415      -1.0
31   2     306     1     0     609.202      -1.0
31   2     307     1     0     610.035      -1.0
31   2     308     1     0     609.526      -1.0
31   2     309     1     0     611.85      -1.0
31   2     310     1     0     608.645      -1.0
31   2     311     1     0     611.601      -1.0
31   2     312     1     0     610.009      -1.0
31   2     313     1     0     611.192      -1.0
31   2     314     1     0     609.09      -1.0
31   2     315     1     0     611.166      -1.0
31   2     316     1     0     610.763      -1.0
31   2     317     1     0     612.338      -1.0
31   2     318     1     0     610.065      -1.0
31   2     319     1     0     614.468      -1.0
31   2     320     1     0     612.235      -1.0
31   2     321     1     0     610.935      -1.0
31   2     322     1     0     612.165      -1.0
31   2     323     1     0     610.267      -1.0
31   2     324     1     0     613.302      -1.0
31   2     325     1     0     610.348      -1.0
31   2     326     1     0     610.734      -1.0
31   2     327     1     0     610.505      -1.0
31   2     328     1     0     610.136      -1.0
31   2     329     1     0     609.264      -1.0
31   2     330     1     0     611.842      -1.0
31   2     331     1     0     610.162      -1.0
31   2     332     1     0     610.791      -1.0
31   2     333     1     0     610.411      -1.0
31   2     334     1     0     610.899      -1.0
31   2     335     1     0     609.868      -1.0
31   2     336     1     0     611.095      -1.0
31   2     337     1     0     611.434      -1.0
31   2     338     1     0     611.824      -1.0
31   2     339     1     0     613.441      -1.0
31   2     340     1     0     610.834      -1.0
31   2     341     1     0     613.01      -1.0
31   2     342     1     0     612.506      -1.0
31   2     343     1     0     611.739      -1.0
31   2     344     1     0     610.279      -1.0
31   2     345     1     0     611.62      -1.0
31   2     346     1     0     610.092      -1.0
31   2     347     1     0     610.688      -1.0
31   2     348     1     0     609.881      -1.0
31   2     349     1     0     612.187      -1.0
31   2     350     1     0     609.788      -1.0
31   2     351     1     0     612.953      -1.0
31   2     352     1     0     611.762      -1.0
31   2     353     1     0     608.596      -1.0
31   2     354     1     0     612.127      -1.0
31   2     355     1     0     609.898      -1.0
31   2     356     1     0     612.092      -1.0
31   2     357     1     0     608.882      -1.0
31   2     358     1     0     609.45      -1.0
31   2     359     1     0     611.795      -1.0
31   2     360     1     0     616.799      -1.0
31   2     361     1     0     608.095      -1.0
31   2     362     1     0     608.07      -1.0
31   2     363     1     0     610.045      -1.0
31   2     364     1     0     610.821      -1.0
31   2     365     1     0     607.605      -1.0
31   2     366     1     0     611.963      -1.0
31   2     367     1     0     608.989      -1.0
31   2     368     1     0     610.362      -1.0
31   2     369     1     0     609.787      -1.0
31   2     370     1     0     608.825      -1.0
31   2     371     1     0     609.843      -1.0
31   2     372     1     0     610.217      -1.0
31   2     373     1     0     613.248      -1.0
31   2     374     1     0     608.88      -1.0
31   2     375     1     0     611.183      -1.0
31   2     376     1     0     608.009      -1.0
31   2     377     1     0     611.747      -1.0
31   2     378     1     0     609.699      -1.0
31   2     379     1     0     610.622      -1.0
31   2     380     1     0     611.195      -1.0
31   2     381     1     0     611.271      -1.0
31   2     382     1     0     610.537      -1.0
31   2     383     1     0     614.063      -1.0
31   2     384     1     0     609.266      -1.0
31   2     385     1     0     606.282      -1.0
31   2     386     1     0     608.159      -1.0
31   2     387     1     0     606.159      -1.0
31   2     388     1     0     608.024      -1.0
31   2     389     1     0     605.395      -1.0
31   2     390     1     0     607.395      -1.0
31   2     391     1     0     602.586      -1.0
31   2     392     1     0     607.192      -1.0
31   2     393     1     0     606.872      -1.0
31   2     394     1     0     607.591      -1.0
31   2     395     1     0     605.258      -1.0
31   2     396     1     0     606.525      -1.0
31   2     397     1     0     604.078      -1.0
31   2     398     1     0     607.146      -1.0
31   2     399     1     0     606.132      -1.0
31   2     400     1     0     608.401      -1.0
31   2     401     1     0     606.711      -1.0
31   2     402     1     0     606.191      -1.0
31   2     403     1     0     607.39      -1.0
31   2     404     1     0     607.311      -1.0
31   2     405     1     0     604.053      -1.0
31   2     406     1     0     605.466      -1.0
31   2     407     1     0     607.962      -1.0
31   2     408     1     0     603.999      -1.0
31   2     409     1     0     605.429      -1.0
31   2     410     1     0     603.832      -1.0
31   2     411     1     0     607.121      -1.0
31   2     412     1     0     607.58      -1.0
31   2     413     1     0     610.121      -1.0
31   2     414     1     0     607.642      -1.0
31   2     415     1     0     609.251      -1.0
31   2     416     1     0     605.874      -1.0
31   2     417     1     0     604.483      -1.0
31   2     418     1     0     606.826      -1.0
31   2     419     1     0     604.492      -1.0
31   2     420     1     0     605.75      -1.0
31   2     421     1     0     603.053      -1.0
31   2     422     1     0     604.055      -1.0
31   2     423     1     0     610.334      -1.0
31   2     424     1     0     603.954      -1.0
31   2     425     1     0     603.857      -1.0
31   2     426     1     0     604.534      -1.0
31   2     427     1     0     605.056      -1.0
31   2     428     1     0     605.352      -1.0
31   2     429     1     0     602.071      -1.0
31   2     430     1     0     605.864      -1.0
31   2     431     1     0     604.516      -1.0
31   2     432     1     0     604.234      -1.0
31   2     433     1     0     603.59      -1.0
31   2     434     1     0     604.792      -1.0
31   2     435     1     0     606.998      -1.0
31   2     436     1     0     605.206      -1.0
31   2     437     1     0     607.184      -1.0
31   2     438     1     0     602.944      -1.0
31   2     439     1     0     612.931      -1.0
31   2     440     1     0     604.278      -1.0
31   2     441     1     0     606.276      -1.0
31   2     442     1     0     605.017      -1.0
31   2     443     1     0     605.208      -1.0
31   2     444     1     0     604.837      -1.0
31   2     445     1     0     606.405      -1.0
31   2     446     1     0     604.75      -1.0
31   2     447     1     0     608.618      -1.0
31   2     448     1     0     608.622      -1.0
31   2     449     1     0     605.43      -1.0
31   2     450     1     0     607.886      -1.0
31   2     451     1     0     605.706      -1.0
31   2     452     1     0     607.286      -1.0
31   2     453     1     0     603.36      -1.0
31   2     454     1     0     604.225      -1.0
31   2     455     1     0     605.298      -1.0
31   2     456     1     0     600.962      -1.0
31   2     457     1     0     603.692      -1.0
31   2     458     1     0     606.503      -1.0
31   2     459     1     0     604.225      -1.0
31   2     460     1     0     607.426      -1.0
31   2     461     1     0     604.289      -1.0
31   2     462     1     0     616      -1.0
31   2     463     1     0     605.781      -1.0
31   2     464     1     0     606.739      -1.0
31   2     465     1     0     605.372      -1.0
31   2     466     1     0     604.15      -1.0
31   2     467     1     0     606.287      -1.0
31   2     468     1     0     605.094      -1.0
31   2     469     1     0     606.124      -1.0
31   2     470     1     0     605.017      -1.0
31   2     471     1     0     605.896      -1.0
#PHI2
31   3     0     1     0     606.467      -1.0
31   3     1     1     0     603.338      -1.0
31   3     2     1     0     606.404      -1.0
31   3     3     1     0     603.553      -1.0
31   3     4     1     0     605.089      -1.0
31   3     5     1     0     601.714      -1.0
31   3     6     1     0     605.806      -1.0
31   3     7     1     0     603.25      -1.0
31   3     8     1     0     604.067      -1.0
31   3     9     1     0     602.845      -1.0
31   3     10     1     0     606.978      -1.0
31   3     11     1     0     604.633      -1.0
31   3     12     1     0     603.758      -1.0
31   3     13     1     0     603.595      -1.0
31   3     14     1     0     604.329      -1.0
31   3     15     1     0     604.434      -1.0
31   3     16     1     0     603.666      -1.0
31   3     17     1     0     605.217      -1.0
31   3     18     1     0     603.876      -1.0
31   3     19     1     0     604.69      -1.0
31   3     20     1     0     602.904      -1.0
31   3     21     1     0     606.715      -1.0
31   3     22     1     0     603.523      -1.0
31   3     23     1     0     605.543      -1.0
31   3     24     1     0     603.85      -1.0
31   3     25     1     0     605.925      -1.0
31   3     26     1     0     603.517      -1.0
31   3     27     1     0     605.405      -1.0
31   3     28     1     0     603.958      -1.0
31   3     29     1     0     606.862      -1.0
31   3     30     1     0     603.085      -1.0
31   3     31     1     0     605.96      -1.0
31   3     32     1     0     608.754      -1.0
31   3     33     1     0     604.508      -1.0
31   3     34     1     0     604.531      -1.0
31   3     35     1     0     603.454      -1.0
31   3     36     1     0     605.44      -1.0
31   3     37     1     0     603.155      -1.0
31   3     38     1     0     605.056      -1.0
31   3     39     1     0     602.456      -1.0
31   3     40     1     0     604.655      -1.0
31   3     41     1     0     599.046      -1.0
31   3     42     1     0     606.047      -1.0
31   3     43     1     0     602.71      -1.0
31   3     44     1     0     603.602      -1.0
31   3     45     1     0     602.172      -1.0
31   3     46     1     0     603.221      -1.0
31   3     47     1     0     602.514      -1.0
31   3     48     1     0     604.833      -1.0
31   3     49     1     0     604.773      -1.0
31   3     50     1     0     601.03      -1.0
31   3     51     1     0     601      -1.0
31   3     52     1     0     602.44      -1.0
31   3     53     1     0     602.346      -1.0
31   3     54     1     0     603.367      -1.0
31   3     55     1     0     604.16      -1.0
31   3     56     1     0     602.421      -1.0
31   3     57     1     0     602.55      -1.0
31   3     58     1     0     602.286      -1.0
31   3     59     1     0     605.312      -1.0
31   3     60     1     0     603.281      -1.0
31   3     61     1     0     605.498      -1.0
31   3     62     1     0     600.379      -1.0
31   3     63     1     0     604.54      -1.0
31   3     64     1     0     616      -1.0
31   3     65     1     0     601.32      -1.0
31   3     66     1     0     602.707      -1.0
31   3     67     1     0     601.624      -1.0
31   3     68     1     0     601.856      -1.0
31   3     69     1     0     602.905      -1.0
31   3     70     1     0     604.964      -1.0
31   3     71     1     0     601.482      -1.0
31   3     72     1     0     602.811      -1.0
31   3     73     1     0     602.175      -1.0
31   3     74     1     0     605.25      -1.0
31   3     75     1     0     601.071      -1.0
31   3     76     1     0     602.245      -1.0
31   3     77     1     0     604.135      -1.0
31   3     78     1     0     600.125      -1.0
31   3     79     1     0     602.39      -1.0
31   3     80     1     0     602.749      -1.0
31   3     81     1     0     603.506      -1.0
31   3     82     1     0     601.199      -1.0
31   3     83     1     0     602.616      -1.0
31   3     84     1     0     602.125      -1.0
31   3     85     1     0     602.002      -1.0
31   3     86     1     0     600.458      -1.0
31   3     87     1     0     601.855      -1.0
31   3     88     1     0     601.483      -1.0
31   3     89     1     0     601.792      -1.0
31   3     90     1     0     601.643      -1.0
31   3     91     1     0     605.922      -1.0
31   3     92     1     0     603.763      -1.0
31   3     93     1     0     605.797      -1.0
31   3     94     1     0     601.132      -1.0
31   3     95     1     0     603.493      -1.0
31   3     96     1     0     612.277      -1.0
31   3     97     1     0     607.558      -1.0
31   3     98     1     0     610.909      -1.0
31   3     99     1     0     608.85      -1.0
31   3     100     1     0     610.064      -1.0
31   3     101     1     0     609.017      -1.0
31   3     102     1     0     611.196      -1.0
31   3     103     1     0     608.173      -1.0
31   3     104     1     0     610.49      -1.0
31   3     105     1     0     608.708      -1.0
31   3     106     1     0     614.541      -1.0
31   3     107     1     0     609.759      -1.0
31   3     108     1     0     606.525      -1.0
31   3     109     1     0     609.613      -1.0
31   3     110     1     0     610.273      -1.0
31   3     111     1     0     609.682      -1.0
31   3     112     1     0     606.585      -1.0
31   3     113     1     0     611.662      -1.0
31   3     114     1     0     607.417      -1.0
31   3     115     1     0     610.629      -1.0
31   3     116     1     0     609.614      -1.0
31   3     117     1     0     611.354      -1.0
31   3     118     1     0     607.069      -1.0
31   3     119     1     0     612.828      -1.0
31   3     120     1     0     608.016      -1.0
31   3     121     1     0     611.884      -1.0
31   3     122     1     0     609.05      -1.0
31   3     123     1     0     612.944      -1.0
31   3     124     1     0     610.265      -1.0
31   3     125     1     0     613.671      -1.0
31   3     126     1     0     608.923      -1.0
31   3     127     1     0     606.665      -1.0
31   3     128     1     0     612.166      -1.0
31   3     129     1     0     610.048      -1.0
31   3     130     1     0     611.266      -1.0
31   3     131     1     0     609.753      -1.0
31   3     132     1     0     606.795      -1.0
31   3     133     1     0     608.702      -1.0
31   3     134     1     0     612.625      -1.0
31   3     135     1     0     608.67      -1.0
31   3     136     1     0     609.477      -1.0
31   3     137     1     0     609.432      -1.0
31   3     138     1     0     609.014      -1.0
31   3     139     1     0     609.5      -1.0
31   3     140     1     0     613.374      -1.0
31   3     141     1     0     606.515      -1.0
31   3     142     1     0     608.566      -1.0
31   3     143     1     0     608.993      -1.0
31   3     144     1     0     609.206      -1.0
31   3     145     1     0     610.392      -1.0
31   3     146     1     0     608.03      -1.0
31   3     147     1     0     609.762      -1.0
31   3     148     1     0     608.35      -1.0
31   3     149     1     0     610.43      -1.0
31   3     150     1     0     606.129      -1.0
31   3     151     1     0     610.49      -1.0
31   3     152     1     0     609.234      -1.0
31   3     153     1     0     607.267      -1.0
31   3     154     1     0     602.168      -1.0
31   3     155     1     0     609.392      -1.0
31   3     156     1     0     609.873      -1.0
31   3     157     1     0     610.845      -1.0
31   3     158     1     0     607.845      -1.0
31   3     159     1     0     610.157      -1.0
31   3     160     1     0     615.398      -1.0
31   3     161     1     0     609.672      -1.0
31   3     162     1     0     612.537      -1.0
31   3     163     1     0     609.301      -1.0
31   3     164     1     0     610.754      -1.0
31   3     165     1     0     600.708      -1.0
31   3     166     1     0     609.971      -1.0
31   3     167     1     0     608.872      -1.0
31   3     168     1     0     611.535      -1.0
31   3     169     1     0     607.022      -1.0
31   3     170     1     0     610.87      -1.0
31   3     171     1     0     607.591      -1.0
31   3     172     1     0     611.611      -1.0
31   3     173     1     0     607.139      -1.0
31   3     174     1     0     608.8      -1.0
31   3     175     1     0     609.407      -1.0
31   3     176     1     0     608.337      -1.0
31   3     177     1     0     608.357      -1.0
31   3     178     1     0     607.633      -1.0
31   3     179     1     0     610.247      -1.0
31   3     180     1     0     608.212      -1.0
31   3     181     1     0     608.31      -1.0
31   3     182     1     0     610.585      -1.0
31   3     183     1     0     608.849      -1.0
31   3     184     1     0     609.53      -1.0
31   3     185     1     0     604.923      -1.0
31   3     186     1     0     609.848      -1.0
31   3     187     1     0     610.236      -1.0
31   3     188     1     0     608.543      -1.0
31   3     189     1     0     611.103      -1.0
31   3     190     1     0     607.066      -1.0
31   3     191     1     0     610.324      -1.0
31   3     192     1     0     609.265      -1.0
31   3     193     1     0     607.207      -1.0
31   3     194     1     0     613.133      -1.0
31   3     195     1     0     610.169      -1.0
31   3     196     1     0     609.974      -1.0
31   3     197     1     0     608.586      -1.0
31   3     198     1     0     607.764      -1.0
31   3     199     1     0     611.53      -1.0
31   3     200     1     0     611.147      -1.0
31   3     201     1     0     608.997      -1.0
31   3     202     1     0     608.777      -1.0
31   3     203     1     0     607.813      -1.0
31   3     204     1     0     609.083      -1.0
31   3     205     1     0     608.796      -1.0
31   3     206     1     0     609.229      -1.0
31   3     207     1     0     607.524      -1.0
31   3     208     1     0     609.214      -1.0
31   3     209     1     0     609.211      -1.0
31   3     210     1     0     610.147      -1.0
31   3     211     1     0     610.738      -1.0
31   3     212     1     0     608.882      -1.0
31   3     213     1     0     609.307      -1.0
31   3     214     1     0     607.476      -1.0
31   3     215     1     0     611.193      -1.0
31   3     216     1     0     608.991      -1.0
31   3     217     1     0     610.079      -1.0
31   3     218     1     0     606.72      -1.0
31   3     219     1     0     609.029      -1.0
31   3     220     1     0     609.135      -1.0
31   3     221     1     0     611.322      -1.0
31   3     222     1     0     608.558      -1.0
31   3     223     1     0     611.3      -1.0
31   3     224     1     0     613.584      -1.0
31   3     225     1     0     609.26      -1.0
31   3     226     1     0     610.389      -1.0
31   3     227     1     0     610.572      -1.0
31   3     228     1     0     610.287      -1.0
31   3     229     1     0     609.26      -1.0
31   3     230     1     0     610.074      -1.0
31   3     231     1     0     607.456      -1.0
31   3     232     1     0     608.808      -1.0
31   3     233     1     0     610.273      -1.0
31   3     234     1     0     612.371      -1.0
31   3     235     1     0     609.286      -1.0
31   3     236     1     0     612.104      -1.0
31   3     237     1     0     608.507      -1.0
31   3     238     1     0     610.129      -1.0
31   3     239     1     0     608.402      -1.0
31   3     240     1     0     604.022      -1.0
31   3     241     1     0     610.827      -1.0
31   3     242     1     0     606.681      -1.0
31   3     243     1     0     611.14      -1.0
31   3     244     1     0     608.089      -1.0
31   3     245     1     0     609.391      -1.0
31   3     246     1     0     610.069      -1.0
31   3     247     1     0     610.341      -1.0
31   3     248     1     0     606.681      -1.0
31   3     249     1     0     608.502      -1.0
31   3     250     1     0     609.622      -1.0
31   3     251     1     0     611.153      -1.0
31   3     252     1     0     608.59      -1.0
31   3     253     1     0     612.166      -1.0
31   3     254     1     0     606.841      -1.0
31   3     255     1     0     609.727      -1.0
31   3     256     1     0     609.633      -1.0
31   3     257     1     0     607.593      -1.0
31   3     258     1     0     609.504      -1.0
31   3     259     1     0     606.461      -1.0
31   3     260     1     0     607.77      -1.0
31   3     261     1     0     607.046      -1.0
31   3     262     1     0     612.013      -1.0
31   3     263     1     0     605.975      -1.0
31   3     264     1     0     607.472      -1.0
31   3     265     1     0     607.926      -1.0
31   3     266     1     0     610.026      -1.0
31   3     267     1     0     602.585      -1.0
31   3     268     1     0     607.638      -1.0
31   3     269     1     0     608.217      -1.0
31   3     270     1     0     608.037      -1.0
31   3     271     1     0     609.201      -1.0
31   3     272     1     0     607.911      -1.0
31   3     273     1     0     609.521      -1.0
31   3     274     1     0     605.496      -1.0
31   3     275     1     0     607.243      -1.0
31   3     276     1     0     605.841      -1.0
31   3     277     1     0     607.365      -1.0
31   3     278     1     0     606.559      -1.0
31   3     279     1     0     609.674      -1.0
31   3     280     1     0     608.705      -1.0
31   3     281     1     0     608.575      -1.0
31   3     282     1     0     606.944      -1.0
31   3     283     1     0     609.53      -1.0
31   3     284     1     0     608.1      -1.0
31   3     285     1     0     611.409      -1.0
31   3     286     1     0     606.325      -1.0
31   3     287     1     0     609.286      -1.0
31   3     288     1     0     613.37      -1.0
31   3     289     1     0     608.477      -1.0
31   3     290     1     0     610.348      -1.0
31   3     291     1     0     608.565      -1.0
31   3     292     1     0     608.693      -1.0
31   3     293     1     0     609.1      -1.0
31   3     294     1     0     609.924      -1.0
31   3     295     1     0     609.583      -1.0
31   3     296     1     0     611.097      -1.0
31   3     297     1     0     611.696      -1.0
31   3     298     1     0     610.858      -1.0
31   3     299     1     0     608.704      -1.0
31   3     300     1     0     610.063      -1.0
31   3     301     1     0     608.311      -1.0
31   3     302     1     0     608.741      -1.0
31   3     303     1     0     607.115      -1.0
31   3     304     1     0     609.573      -1.0
31   3     305     1     0     610.669      -1.0
31   3     306     1     0     608.714      -1.0
31   3     307     1     0     610.131      -1.0
31   3     308     1     0     609.46      -1.0
31   3     309     1     0     608.709      -1.0
31   3     310     1     0     608.401      -1.0
31   3     311     1     0     610.001      -1.0
31   3     312     1     0     609.826      -1.0
31   3     313     1     0     608.678      -1.0
31   3     314     1     0     607.752      -1.0
31   3     315     1     0     611.483      -1.0
31   3     316     1     0     609.394      -1.0
31   3     317     1     0     611.181      -1.0
31   3     318     1     0     607.925      -1.0
31   3     319     1     0     609.657      -1.0
31   3     320     1     0     614.273      -1.0
31   3     321     1     0     609.109      -1.0
31   3     322     1     0     610.552      -1.0
31   3     323     1     0     608.411      -1.0
31   3     324     1     0     608.966      -1.0
31   3     325     1     0     608.014      -1.0
31   3     326     1     0     609.576      -1.0
31   3     327     1     0     608.33      -1.0
31   3     328     1     0     610.218      -1.0
31   3     329     1     0     609.217      -1.0
31   3     330     1     0     612.437      -1.0
31   3     331     1     0     608.072      -1.0
31   3     332     1     0     608.702      -1.0
31   3     333     1     0     609.81      -1.0
31   3     334     1     0     610.071      -1.0
31   3     335     1     0     608.596      -1.0
31   3     336     1     0     609.044      -1.0
31   3     337     1     0     610.974      -1.0
31   3     338     1     0     608.501      -1.0
31   3     339     1     0     609.945      -1.0
31   3     340     1     0     608.139      -1.0
31   3     341     1     0     609.991      -1.0
31   3     342     1     0     607.915      -1.0
31   3     343     1     0     609.927      -1.0
31   3     344     1     0     608.038      -1.0
31   3     345     1     0     608.633      -1.0
31   3     346     1     0     608.404      -1.0
31   3     347     1     0     610.751      -1.0
31   3     348     1     0     609.189      -1.0
31   3     349     1     0     610.946      -1.0
31   3     350     1     0     607.4      -1.0
31   3     351     1     0     609.722      -1.0
31   3     352     1     0     614.379      -1.0
31   3     353     1     0     609.805      -1.0
31   3     354     1     0     612.424      -1.0
31   3     355     1     0     609.346      -1.0
31   3     356     1     0     609.654      -1.0
31   3     357     1     0     609.323      -1.0
31   3     358     1     0     612.524      -1.0
31   3     359     1     0     609.883      -1.0
31   3     360     1     0     610.658      -1.0
31   3     361     1     0     608.256      -1.0
31   3     362     1     0     612.853      -1.0
31   3     363     1     0     610.792      -1.0
31   3     364     1     0     611.757      -1.0
31   3     365     1     0     611.962      -1.0
31   3     366     1     0     609.427      -1.0
31   3     367     1     0     610.493      -1.0
31   3     368     1     0     610.483      -1.0
31   3     369     1     0     612.642      -1.0
31   3     370     1     0     609.623      -1.0
31   3     371     1     0     611.376      -1.0
31   3     372     1     0     609.507      -1.0
31   3     373     1     0     611.211      -1.0
31   3     374     1     0     609.543      -1.0
31   3     375     1     0     610.242      -1.0
31   3     376     1     0     610.316      -1.0
31   3     377     1     0     611.385      -1.0
31   3     378     1     0     609.557      -1.0
31   3     379     1     0     611.33      -1.0
31   3     380     1     0     609.861      -1.0
31   3     381     1     0     611.79      -1.0
31   3     382     1     0     608.654      -1.0
31   3     383     1     0     612.138      -1.0
31   3     384     1     0     602.262      -1.0
31   3     385     1     0     603.489      -1.0
31   3     386     1     0     603.623      -1.0
31   3     387     1     0     603.511      -1.0
31   3     388     1     0     606.182      -1.0
31   3     389     1     0     606.522      -1.0
31   3     390     1     0     605.886      -1.0
31   3     391     1     0     606.448      -1.0
31   3     392     1     0     606.533      -1.0
31   3     393     1     0     607.525      -1.0
31   3     394     1     0     607.289      -1.0
31   3     395     1     0     607.384      -1.0
31   3     396     1     0     606.835      -1.0
31   3     397     1     0     608.031      -1.0
31   3     398     1     0     606.623      -1.0
31   3     399     1     0     606.802      -1.0
31   3     400     1     0     606.367      -1.0
31   3     401     1     0     606.708      -1.0
31   3     402     1     0     603.417      -1.0
31   3     403     1     0     603.066      -1.0
31   3     404     1     0     601.775      -1.0
31   3     405     1     0     603.352      -1.0
31   3     406     1     0     603.346      -1.0
31   3     407     1     0     604.216      -1.0
31   3     408     1     0     602.894      -1.0
31   3     409     1     0     602.423      -1.0
31   3     410     1     0     603.384      -1.0
31   3     411     1     0     603.09      -1.0
31   3     412     1     0     603.244      -1.0
31   3     413     1     0     603.81      -1.0
31   3     414     1     0     602.636      -1.0
31   3     415     1     0     602.582      -1.0
31   3     416     1     0     615.934      -1.0
31   3     417     1     0     611.593      -1.0
31   3     418     1     0     612.515      -1.0
31   3     419     1     0     610.662      -1.0
31   3     420     1     0     611.012      -1.0
31   3     421     1     0     611.133      -1.0
31   3     422     1     0     612.375      -1.0
31   3     423     1     0     609.883      -1.0
31   3     424     1     0     611.89      -1.0
31   3     425     1     0     610.689      -1.0
31   3     426     1     0     613.156      -1.0
31   3     427     1     0     610.686      -1.0
31   3     428     1     0     612.751      -1.0
31   3     429     1     0     611.325      -1.0
31   3     430     1     0     610.343      -1.0
31   3     431     1     0     610.66      -1.0
31   3     432     1     0     610.975      -1.0
31   3     433     1     0     611.82      -1.0
31   3     434     1     0     609.119      -1.0
31   3     435     1     0     611.86      -1.0
31   3     436     1     0     610.026      -1.0
31   3     437     1     0     610.655      -1.0
31   3     438     1     0     609.301      -1.0
31   3     439     1     0     612.045      -1.0
31   3     440     1     0     609.882      -1.0
31   3     441     1     0     610.033      -1.0
31   3     442     1     0     609.327      -1.0
31   3     443     1     0     612.739      -1.0
31   3     444     1     0     610.41      -1.0
31   3     445     1     0     611.618      -1.0
31   3     446     1     0     609.853      -1.0
31   3     447     1     0     611.134      -1.0
31   3     448     1     0     612.035      -1.0
31   3     449     1     0     608.075      -1.0
31   3     450     1     0     610.953      -1.0
31   3     451     1     0     608.788      -1.0
31   3     452     1     0     609.507      -1.0
31   3     453     1     0     608.699      -1.0
31   3     454     1     0     610.734      -1.0
31   3     455     1     0     608.415      -1.0
31   3     456     1     0     610.328      -1.0
31   3     457     1     0     608.599      -1.0
31   3     458     1     0     611.641      -1.0
31   3     459     1     0     609.636      -1.0
31   3     460     1     0     610.307      -1.0
31   3     461     1     0     610.077      -1.0
31   3     462     1     0     610.103      -1.0
31   3     463     1     0     609.524      -1.0
31   3     464     1     0     609.469      -1.0
31   3     465     1     0     611.055      -1.0
31   3     466     1     0     609.022      -1.0
31   3     467     1     0     609.221      -1.0
31   3     468     1     0     607.898      -1.0
31   3     469     1     0     609.842      -1.0
31   3     470     1     0     608.82      -1.0
31   3     471     1     0     610.488      -1.0
31   3     472     1     0     609.198      -1.0
31   3     473     1     0     608.867      -1.0
31   3     474     1     0     608.287      -1.0
31   3     475     1     0     611.205      -1.0
31   3     476     1     0     609.021      -1.0
31   3     477     1     0     611.026      -1.0
31   3     478     1     0     607.725      -1.0
31   3     479     1     0     609.831      -1.0
31   3     480     1     0     615.575      -1.0
31   3     481     1     0     610.706      -1.0
31   3     482     1     0     613.658      -1.0
31   3     483     1     0     610.082      -1.0
31   3     484     1     0     611.686      -1.0
31   3     485     1     0     610.415      -1.0
31   3     486     1     0     613.307      -1.0
31   3     487     1     0     610.59      -1.0
31   3     488     1     0     611.484      -1.0
31   3     489     1     0     609.612      -1.0
31   3     490     1     0     613.697      -1.0
31   3     491     1     0     611.238      -1.0
31   3     492     1     0     611.875      -1.0
31   3     493     1     0     610.956      -1.0
31   3     494     1     0     611.007      -1.0
31   3     495     1     0     611.067      -1.0
31   3     496     1     0     610.96      -1.0
31   3     497     1     0     613.798      -1.0
31   3     498     1     0     610.416      -1.0
31   3     499     1     0     611.519      -1.0
31   3     500     1     0     611.005      -1.0
31   3     501     1     0     611.943      -1.0
31   3     502     1     0     609.95      -1.0
31   3     503     1     0     610.546      -1.0
31   3     504     1     0     610.637      -1.0
31   3     505     1     0     612.139      -1.0
31   3     506     1     0     609.986      -1.0
31   3     507     1     0     613.649      -1.0
31   3     508     1     0     609.888      -1.0
31   3     509     1     0     613.581      -1.0
31   3     510     1     0     609.68      -1.0
31   3     511     1     0     613.441      -1.0
31   3     512     1     0     615.021      -1.0
31   3     513     1     0     610.049      -1.0
31   3     514     1     0     613.589      -1.0
31   3     515     1     0     610.087      -1.0
31   3     516     1     0     611.81      -1.0
31   3     517     1     0     610.751      -1.0
31   3     518     1     0     613.005      -1.0
31   3     519     1     0     609.922      -1.0
31   3     520     1     0     613.028      -1.0
31   3     521     1     0     610.8      -1.0
31   3     522     1     0     614.492      -1.0
31   3     523     1     0     610.655      -1.0
31   3     524     1     0     611.835      -1.0
31   3     525     1     0     611.012      -1.0
31   3     526     1     0     610.729      -1.0
31   3     527     1     0     610.604      -1.0
31   3     528     1     0     610.754      -1.0
31   3     529     1     0     611.651      -1.0
31   3     530     1     0     609.437      -1.0
31   3     531     1     0     612.59      -1.0
31   3     532     1     0     609.955      -1.0
31   3     533     1     0     613.233      -1.0
31   3     534     1     0     610.332      -1.0
31   3     535     1     0     611.822      -1.0
31   3     536     1     0     611.644      -1.0
31   3     537     1     0     612.434      -1.0
31   3     538     1     0     611.63      -1.0
31   3     539     1     0     612.731      -1.0
31   3     540     1     0     611.119      -1.0
31   3     541     1     0     614.337      -1.0
31   3     542     1     0     610.877      -1.0
31   3     543     1     0     612.552      -1.0
31   3     544     1     0     615.413      -1.0
31   3     545     1     0     609.847      -1.0
31   3     546     1     0     612.184      -1.0
31   3     547     1     0     610.839      -1.0
31   3     548     1     0     611.727      -1.0
31   3     549     1     0     610.734      -1.0
31   3     550     1     0     612.453      -1.0
31   3     551     1     0     610.435      -1.0
31   3     552     1     0     611.742      -1.0
31   3     553     1     0     610.798      -1.0
31   3     554     1     0     612.644      -1.0
31   3     555     1     0     610.932      -1.0
31   3     556     1     0     612.042      -1.0
31   3     557     1     0     609.801      -1.0
31   3     558     1     0     609.771      -1.0
31   3     559     1     0     610.749      -1.0
31   3     560     1     0     610.179      -1.0
31   3     561     1     0     611.44      -1.0
31   3     562     1     0     609.305      -1.0
31   3     563     1     0     612.253      -1.0
31   3     564     1     0     609.286      -1.0
31   3     565     1     0     610.294      -1.0
31   3     566     1     0     609.186      -1.0
31   3     567     1     0     611.237      -1.0
31   3     568     1     0     609.856      -1.0
31   3     569     1     0     609.978      -1.0
31   3     570     1     0     608.866      -1.0
31   3     571     1     0     611.965      -1.0
31   3     572     1     0     610.151      -1.0
31   3     573     1     0     612.341      -1.0
31   3     574     1     0     608.56      -1.0
31   3     575     1     0     610.685      -1.0
31   3     576     1     0     614.65      -1.0
31   3     577     1     0     609.271      -1.0
31   3     578     1     0     611.203      -1.0
31   3     579     1     0     609.225      -1.0
31   3     580     1     0     610.787      -1.0
31   3     581     1     0     609.678      -1.0
31   3     582     1     0     612.266      -1.0
31   3     583     1     0     609.703      -1.0
31   3     584     1     0     611.227      -1.0
31   3     585     1     0     610.049      -1.0
31   3     586     1     0     613.702      -1.0
31   3     587     1     0     609.254      -1.0
31   3     588     1     0     609.542      -1.0
31   3     589     1     0     609.81      -1.0
31   3     590     1     0     609.475      -1.0
31   3     591     1     0     608.884      -1.0
31   3     592     1     0     609.631      -1.0
31   3     593     1     0     612.444      -1.0
31   3     594     1     0     609.186      -1.0
31   3     595     1     0     610.115      -1.0
31   3     596     1     0     608.916      -1.0
31   3     597     1     0     611.589      -1.0
31   3     598     1     0     609.391      -1.0
31   3     599     1     0     611.145      -1.0
31   3     600     1     0     609.969      -1.0
31   3     601     1     0     609.435      -1.0
31   3     602     1     0     608.982      -1.0
31   3     603     1     0     613.015      -1.0
31   3     604     1     0     610.128      -1.0
31   3     605     1     0     613.794      -1.0
31   3     606     1     0     608.085      -1.0
31   3     607     1     0     611.789      -1.0
31   3     608     1     0     617.211      -1.0
31   3     609     1     0     611.32      -1.0
31   3     610     1     0     614.143      -1.0
31   3     611     1     0     611.897      -1.0
31   3     612     1     0     613.009      -1.0
31   3     613     1     0     611.242      -1.0
31   3     614     1     0     614.453      -1.0
31   3     615     1     0     610.689      -1.0
31   3     616     1     0     611.958      -1.0
31   3     617     1     0     610.792      -1.0
31   3     618     1     0     614.839      -1.0
31   3     619     1     0     611.386      -1.0
31   3     620     1     0     613.611      -1.0
31   3     621     1     0     612.502      -1.0
31   3     622     1     0     611.613      -1.0
31   3     623     1     0     611.367      -1.0
31   3     624     1     0     610.882      -1.0
31   3     625     1     0     613.313      -1.0
31   3     626     1     0     610.84      -1.0
31   3     627     1     0     613.54      -1.0
31   3     628     1     0     611.502      -1.0
31   3     629     1     0     612.338      -1.0
31   3     630     1     0     611.662      -1.0
31   3     631     1     0     612.856      -1.0
31   3     632     1     0     611.097      -1.0
31   3     633     1     0     613.366      -1.0
31   3     634     1     0     611.061      -1.0
31   3     635     1     0     614.866      -1.0
31   3     636     1     0     611.642      -1.0
31   3     637     1     0     615.388      -1.0
31   3     638     1     0     610.842      -1.0
31   3     639     1     0     614.842      -1.0
31   3     640     1     0     608.902      -1.0
31   3     641     1     0     605.002      -1.0
31   3     642     1     0     608.026      -1.0
31   3     643     1     0     604.881      -1.0
31   3     644     1     0     605.591      -1.0
31   3     645     1     0     603.952      -1.0
31   3     646     1     0     607.675      -1.0
31   3     647     1     0     604.024      -1.0
31   3     648     1     0     606.703      -1.0
31   3     649     1     0     604.837      -1.0
31   3     650     1     0     609.319      -1.0
31   3     651     1     0     605.506      -1.0
31   3     652     1     0     605.203      -1.0
31   3     653     1     0     606.59      -1.0
31   3     654     1     0     605.896      -1.0
31   3     655     1     0     605.22      -1.0
31   3     656     1     0     606.493      -1.0
31   3     657     1     0     608.3      -1.0
31   3     658     1     0     605.595      -1.0
31   3     659     1     0     606.549      -1.0
31   3     660     1     0     604.669      -1.0
31   3     661     1     0     607.306      -1.0
31   3     662     1     0     604.301      -1.0
31   3     663     1     0     605.47      -1.0
31   3     664     1     0     605.497      -1.0
31   3     665     1     0     607.621      -1.0
31   3     666     1     0     605.214      -1.0
31   3     667     1     0     608.929      -1.0
31   3     668     1     0     605.77      -1.0
31   3     669     1     0     609.396      -1.0
31   3     670     1     0     604.31      -1.0
31   3     671     1     0     608.264      -1.0
31   3     672     1     0     611.055      -1.0
31   3     673     1     0     605.109      -1.0
31   3     674     1     0     607.318      -1.0
31   3     675     1     0     605.652      -1.0
31   3     676     1     0     605.058      -1.0
31   3     677     1     0     605.299      -1.0
31   3     678     1     0     607.705      -1.0
31   3     679     1     0     604.95      -1.0
31   3     680     1     0     606.542      -1.0
31   3     681     1     0     604.821      -1.0
31   3     682     1     0     607.353      -1.0
31   3     683     1     0     604.551      -1.0
31   3     684     1     0     606.056      -1.0
31   3     685     1     0     604.929      -1.0
31   3     686     1     0     605.309      -1.0
31   3     687     1     0     606.306      -1.0
31   3     688     1     0     604.766      -1.0
31   3     689     1     0     606.746      -1.0
31   3     690     1     0     604.481      -1.0
31   3     691     1     0     607.025      -1.0
#UV3
31   4     0     1     0     618.297      -1.0
31   4     1     1     0     619.805      -1.0
31   4     2     1     0     618.786      -1.0
31   4     3     1     0     617.35      -1.0
31   4     4     1     0     613.946      -1.0
31   4     5     1     0     619.09      -1.0
31   4     6     1     0     618.239      -1.0
31   4     7     1     0     618.396      -1.0
31   4     8     1     0     617.316      -1.0
31   4     9     1     0     616.993      -1.0
31   4     10     1     0     619.26      -1.0
31   4     11     1     0     619.78      -1.0
31   4     12     1     0     618.887      -1.0
31   4     13     1     0     619.942      -1.0
31   4     14     1     0     620.028      -1.0
31   4     15     1     0     620.792      -1.0
31   4     16     1     0     618.51      -1.0
31   4     17     1     0     618.418      -1.0
31   4     18     1     0     620.443      -1.0
31   4     19     1     0     619.176      -1.0
31   4     20     1     0     618.06      -1.0
31   4     21     1     0     619.505      -1.0
31   4     22     1     0     621.55      -1.0
31   4     23     1     0     618.811      -1.0
31   4     24     1     0     618.9      -1.0
31   4     25     1     0     618.604      -1.0
31   4     26     1     0     619.602      -1.0
31   4     27     1     0     618.852      -1.0
31   4     28     1     0     619.052      -1.0
31   4     29     1     0     620.376      -1.0
31   4     30     1     0     619.989      -1.0
31   4     31     1     0     619.396      -1.0
31   4     32     1     0     624.341      -1.0
31   4     33     1     0     624.265      -1.0
31   4     34     1     0     624.299      -1.0
31   4     35     1     0     625.049      -1.0
31   4     36     1     0     625.823      -1.0
31   4     37     1     0     626.929      -1.0
31   4     38     1     0     625.961      -1.0
31   4     39     1     0     625.435      -1.0
31   4     40     1     0     622.24      -1.0
31   4     41     1     0     622.779      -1.0
31   4     42     1     0     625.178      -1.0
31   4     43     1     0     624.46      -1.0
31   4     44     1     0     625.881      -1.0
31   4     45     1     0     623.631      -1.0
31   4     46     1     0     625.801      -1.0
31   4     47     1     0     627.176      -1.0
31   4     48     1     0     622.886      -1.0
31   4     49     1     0     625.185      -1.0
31   4     50     1     0     624.621      -1.0
31   4     51     1     0     624.192      -1.0
31   4     52     1     0     622.458      -1.0
31   4     53     1     0     624.932      -1.0
31   4     54     1     0     625.491      -1.0
31   4     55     1     0     625.491      -1.0
31   4     56     1     0     623.11      -1.0
31   4     57     1     0     624.854      -1.0
31   4     58     1     0     625.803      -1.0
31   4     59     1     0     625.111      -1.0
31   4     60     1     0     624.23      -1.0
31   4     61     1     0     625.018      -1.0
31   4     62     1     0     624.955      -1.0
31   4     63     1     0     625.302      -1.0
31   4     64     1     0     623.615      -1.0
31   4     65     1     0     624.159      -1.0
31   4     66     1     0     625.957      -1.0
31   4     67     1     0     625.02      -1.0
31   4     68     1     0     627.304      -1.0
31   4     69     1     0     627.452      -1.0
31   4     70     1     0     624.902      -1.0
31   4     71     1     0     625.285      -1.0
31   4     72     1     0     623.623      -1.0
31   4     73     1     0     624.952      -1.0
31   4     74     1     0     625.643      -1.0
31   4     75     1     0     627.067      -1.0
31   4     76     1     0     625.377      -1.0
31   4     77     1     0     627.946      -1.0
31   4     78     1     0     627.156      -1.0
31   4     79     1     0     628.191      -1.0
31   4     80     1     0     625.169      -1.0
31   4     81     1     0     625.765      -1.0
31   4     82     1     0     625.417      -1.0
31   4     83     1     0     626.252      -1.0
31   4     84     1     0     625.636      -1.0
31   4     85     1     0     626.27      -1.0
31   4     86     1     0     626.676      -1.0
31   4     87     1     0     626.06      -1.0
31   4     88     1     0     624.728      -1.0
31   4     89     1     0     625.62      -1.0
31   4     90     1     0     626.013      -1.0
31   4     91     1     0     626.011      -1.0
31   4     92     1     0     624.69      -1.0
31   4     93     1     0     624.726      -1.0
31   4     94     1     0     626.015      -1.0
31   4     95     1     0     627.315      -1.0
31   4     96     1     0     623.308      -1.0
31   4     97     1     0     625.511      -1.0
31   4     98     1     0     622.906      -1.0
31   4     99     1     0     623.92      -1.0
31   4     100     1     0     625.142      -1.0
31   4     101     1     0     626.32      -1.0
31   4     102     1     0     622.976      -1.0
31   4     103     1     0     624.994      -1.0
31   4     104     1     0     624.846      -1.0
31   4     105     1     0     626.387      -1.0
31   4     106     1     0     624.014      -1.0
31   4     107     1     0     625.165      -1.0
31   4     108     1     0     625.098      -1.0
31   4     109     1     0     626.055      -1.0
31   4     110     1     0     624.511      -1.0
31   4     111     1     0     624.485      -1.0
31   4     112     1     0     623.846      -1.0
31   4     113     1     0     624.07      -1.0
31   4     114     1     0     625.412      -1.0
31   4     115     1     0     624.42      -1.0
31   4     116     1     0     623.672      -1.0
31   4     117     1     0     624.863      -1.0
31   4     118     1     0     625.482      -1.0
31   4     119     1     0     625.207      -1.0
31   4     120     1     0     623.518      -1.0
31   4     121     1     0     623.854      -1.0
31   4     122     1     0     626.051      -1.0
31   4     123     1     0     626.449      -1.0
31   4     124     1     0     624.128      -1.0
31   4     125     1     0     625.938      -1.0
31   4     126     1     0     624.917      -1.0
31   4     127     1     0     625.499      -1.0
31   4     128     1     0     626.52      -1.0
31   4     129     1     0     627.584      -1.0
31   4     130     1     0     626.437      -1.0
31   4     131     1     0     628.907      -1.0
31   4     132     1     0     627.416      -1.0
31   4     133     1     0     626.632      -1.0
31   4     134     1     0     626.655      -1.0
31   4     135     1     0     627.503      -1.0
31   4     136     1     0     623.759      -1.0
31   4     137     1     0     624.162      -1.0
31   4     138     1     0     626.322      -1.0
31   4     139     1     0     627.244      -1.0
31   4     140     1     0     625.747      -1.0
31   4     141     1     0     625.717      -1.0
31   4     142     1     0     626.663      -1.0
31   4     143     1     0     627.618      -1.0
31   4     144     1     0     625.034      -1.0
31   4     145     1     0     625.151      -1.0
31   4     146     1     0     625.447      -1.0
31   4     147     1     0     626.669      -1.0
31   4     148     1     0     625.064      -1.0
31   4     149     1     0     625.894      -1.0
31   4     150     1     0     626.43      -1.0
31   4     151     1     0     625.695      -1.0
31   4     152     1     0     625.086      -1.0
31   4     153     1     0     625.755      -1.0
31   4     154     1     0     625.574      -1.0
31   4     155     1     0     625.644      -1.0
31   4     156     1     0     624.272      -1.0
31   4     157     1     0     626.149      -1.0
31   4     158     1     0     626.444      -1.0
31   4     159     1     0     626.6      -1.0
31   4     160     1     0     625.177      -1.0
31   4     161     1     0     625.286      -1.0
31   4     162     1     0     625.668      -1.0
31   4     163     1     0     626.203      -1.0
31   4     164     1     0     626.825      -1.0
31   4     165     1     0     626.507      -1.0
31   4     166     1     0     624.039      -1.0
31   4     167     1     0     624.518      -1.0
31   4     168     1     0     623.421      -1.0
31   4     169     1     0     622.72      -1.0
31   4     170     1     0     626.556      -1.0
31   4     171     1     0     626.974      -1.0
31   4     172     1     0     625.697      -1.0
31   4     173     1     0     624.667      -1.0
31   4     174     1     0     625.568      -1.0
31   4     175     1     0     625.162      -1.0
31   4     176     1     0     625.371      -1.0
31   4     177     1     0     625.051      -1.0
31   4     178     1     0     628.255      -1.0
31   4     179     1     0     623.964      -1.0
31   4     180     1     0     623.786      -1.0
31   4     181     1     0     625.184      -1.0
31   4     182     1     0     626.269      -1.0
31   4     183     1     0     625.464      -1.0
31   4     184     1     0     624.464      -1.0
31   4     185     1     0     624.914      -1.0
31   4     186     1     0     626.116      -1.0
31   4     187     1     0     625.562      -1.0
31   4     188     1     0     624.721      -1.0
31   4     189     1     0     626.415      -1.0
31   4     190     1     0     626.032      -1.0
31   4     191     1     0     626.459      -1.0
31   4     192     1     0     625.811      -1.0
31   4     193     1     0     626.071      -1.0
31   4     194     1     0     625.876      -1.0
31   4     195     1     0     625.737      -1.0
31   4     196     1     0     626.108      -1.0
31   4     197     1     0     626.221      -1.0
31   4     198     1     0     625.908      -1.0
31   4     199     1     0     625.136      -1.0
31   4     200     1     0     622.972      -1.0
31   4     201     1     0     623.815      -1.0
31   4     202     1     0     627.334      -1.0
31   4     203     1     0     626.255      -1.0
31   4     204     1     0     625.511      -1.0
31   4     205     1     0     624.63      -1.0
31   4     206     1     0     627.022      -1.0
31   4     207     1     0     626.576      -1.0
31   4     208     1     0     625.899      -1.0
31   4     209     1     0     625.997      -1.0
31   4     210     1     0     626.049      -1.0
31   4     211     1     0     626.232      -1.0
31   4     212     1     0     624.285      -1.0
31   4     213     1     0     625.333      -1.0
31   4     214     1     0     626.026      -1.0
31   4     215     1     0     625.957      -1.0
31   4     216     1     0     624.139      -1.0
31   4     217     1     0     623.054      -1.0
31   4     218     1     0     626.512      -1.0
31   4     219     1     0     627.093      -1.0
31   4     220     1     0     624.716      -1.0
31   4     221     1     0     625.761      -1.0
31   4     222     1     0     627.918      -1.0
31   4     223     1     0     626.013      -1.0
31   4     224     1     0     624.389      -1.0
31   4     225     1     0     625.142      -1.0
31   4     226     1     0     625.764      -1.0
31   4     227     1     0     626.681      -1.0
31   4     228     1     0     622.922      -1.0
31   4     229     1     0     623.798      -1.0
31   4     230     1     0     623.628      -1.0
31   4     231     1     0     623.384      -1.0
31   4     232     1     0     622.511      -1.0
31   4     233     1     0     623.207      -1.0
31   4     234     1     0     623.699      -1.0
31   4     235     1     0     623.406      -1.0
31   4     236     1     0     621.726      -1.0
31   4     237     1     0     623.549      -1.0
31   4     238     1     0     623.431      -1.0
31   4     239     1     0     623.299      -1.0
31   4     240     1     0     623.223      -1.0
31   4     241     1     0     620.408      -1.0
31   4     242     1     0     624.459      -1.0
31   4     243     1     0     622.824      -1.0
31   4     244     1     0     622.309      -1.0
31   4     245     1     0     622.915      -1.0
31   4     246     1     0     623.06      -1.0
31   4     247     1     0     623.639      -1.0
31   4     248     1     0     622.537      -1.0
31   4     249     1     0     622.138      -1.0
31   4     250     1     0     623.142      -1.0
31   4     251     1     0     623.787      -1.0
31   4     252     1     0     622.293      -1.0
31   4     253     1     0     622.964      -1.0
31   4     254     1     0     624.679      -1.0
31   4     255     1     0     622.73      -1.0
31   4     256     1     0     624.633      -1.0
31   4     257     1     0     622.176      -1.0
31   4     258     1     0     623.522      -1.0
31   4     259     1     0     623.338      -1.0
31   4     260     1     0     625.276      -1.0
31   4     261     1     0     625.478      -1.0
31   4     262     1     0     624.298      -1.0
31   4     263     1     0     622.434      -1.0
31   4     264     1     0     622.452      -1.0
31   4     265     1     0     621.54      -1.0
31   4     266     1     0     624.515      -1.0
31   4     267     1     0     624.474      -1.0
31   4     268     1     0     623.965      -1.0
31   4     269     1     0     622.877      -1.0
31   4     270     1     0     624.668      -1.0
31   4     271     1     0     624.101      -1.0
31   4     272     1     0     623.473      -1.0
31   4     273     1     0     623.593      -1.0
31   4     274     1     0     623.595      -1.0
31   4     275     1     0     623.622      -1.0
31   4     276     1     0     622.533      -1.0
31   4     277     1     0     623.407      -1.0
31   4     278     1     0     624.219      -1.0
31   4     279     1     0     623.481      -1.0
31   4     280     1     0     622.383      -1.0
31   4     281     1     0     623.046      -1.0
31   4     282     1     0     623.769      -1.0
31   4     283     1     0     624.576      -1.0
31   4     284     1     0     623.409      -1.0
31   4     285     1     0     623.678      -1.0
31   4     286     1     0     623.752      -1.0
31   4     287     1     0     623.706      -1.0
31   4     288     1     0     621.869      -1.0
31   4     289     1     0     622.951      -1.0
31   4     290     1     0     623.18      -1.0
31   4     291     1     0     622.782      -1.0
31   4     292     1     0     625.582      -1.0
31   4     293     1     0     625.143      -1.0
31   4     294     1     0     623.946      -1.0
31   4     295     1     0     622.515      -1.0
31   4     296     1     0     621.586      -1.0
31   4     297     1     0     622.511      -1.0
31   4     298     1     0     626.299      -1.0
31   4     299     1     0     625.587      -1.0
31   4     300     1     0     623.674      -1.0
31   4     301     1     0     624.281      -1.0
31   4     302     1     0     625.634      -1.0
31   4     303     1     0     624.635      -1.0
31   4     304     1     0     624.541      -1.0
31   4     305     1     0     624.294      -1.0
31   4     306     1     0     624.959      -1.0
31   4     307     1     0     625.145      -1.0
31   4     308     1     0     623.908      -1.0
31   4     309     1     0     624.529      -1.0
31   4     310     1     0     625.326      -1.0
31   4     311     1     0     625.903      -1.0
31   4     312     1     0     623.928      -1.0
31   4     313     1     0     624.562      -1.0
31   4     314     1     0     626.492      -1.0
31   4     315     1     0     624.386      -1.0
31   4     316     1     0     624.589      -1.0
31   4     317     1     0     624.772      -1.0
31   4     318     1     0     625.149      -1.0
31   4     319     1     0     624.934      -1.0
31   4     320     1     0     625.341      -1.0
31   4     321     1     0     624.441      -1.0
31   4     322     1     0     625.678      -1.0
31   4     323     1     0     624.369      -1.0
31   4     324     1     0     623.257      -1.0
31   4     325     1     0     626.991      -1.0
31   4     326     1     0     625.558      -1.0
31   4     327     1     0     624.274      -1.0
31   4     328     1     0     622.931      -1.0
31   4     329     1     0     623.681      -1.0
31   4     330     1     0     624.897      -1.0
31   4     331     1     0     625.63      -1.0
31   4     332     1     0     622.639      -1.0
31   4     333     1     0     623.207      -1.0
31   4     334     1     0     625.017      -1.0
31   4     335     1     0     625.72      -1.0
31   4     336     1     0     623.733      -1.0
31   4     337     1     0     625.315      -1.0
31   4     338     1     0     624.849      -1.0
31   4     339     1     0     625.367      -1.0
31   4     340     1     0     623.654      -1.0
31   4     341     1     0     623.335      -1.0
31   4     342     1     0     624.864      -1.0
31   4     343     1     0     624.53      -1.0
31   4     344     1     0     623.421      -1.0
31   4     345     1     0     623.36      -1.0
31   4     346     1     0     624.676      -1.0
31   4     347     1     0     623.543      -1.0
31   4     348     1     0     623.154      -1.0
31   4     349     1     0     623.489      -1.0
31   4     350     1     0     625.397      -1.0
31   4     351     1     0     623.969      -1.0
31   4     352     1     0     617.151      -1.0
31   4     353     1     0     622.393      -1.0
31   4     354     1     0     622.262      -1.0
31   4     355     1     0     622.504      -1.0
31   4     356     1     0     624.077      -1.0
31   4     357     1     0     622.575      -1.0
31   4     358     1     0     623.059      -1.0
31   4     359     1     0     622.753      -1.0
31   4     360     1     0     622.016      -1.0
31   4     361     1     0     621.415      -1.0
31   4     362     1     0     623.046      -1.0
31   4     363     1     0     623.987      -1.0
31   4     364     1     0     621.633      -1.0
31   4     365     1     0     623.966      -1.0
31   4     366     1     0     622.706      -1.0
31   4     367     1     0     623.185      -1.0
31   4     368     1     0     622.051      -1.0
31   4     369     1     0     623.124      -1.0
31   4     370     1     0     622.535      -1.0
31   4     371     1     0     622.276      -1.0
31   4     372     1     0     621.753      -1.0
31   4     373     1     0     623.292      -1.0
31   4     374     1     0     623.825      -1.0
31   4     375     1     0     623.731      -1.0
31   4     376     1     0     620.232      -1.0
31   4     377     1     0     622.341      -1.0
31   4     378     1     0     623.814      -1.0
31   4     379     1     0     623.687      -1.0
31   4     380     1     0     622.199      -1.0
31   4     381     1     0     623.1      -1.0
31   4     382     1     0     623.093      -1.0
31   4     383     1     0     622.913      -1.0
31   4     384     1     0     622.312      -1.0
31   4     385     1     0     623.3      -1.0
31   4     386     1     0     623.016      -1.0
31   4     387     1     0     619.998      -1.0
31   4     388     1     0     624.855      -1.0
31   4     389     1     0     625.477      -1.0
31   4     390     1     0     624.122      -1.0
31   4     391     1     0     623.52      -1.0
31   4     392     1     0     620.69      -1.0
31   4     393     1     0     623.066      -1.0
31   4     394     1     0     623.628      -1.0
31   4     395     1     0     622.724      -1.0
31   4     396     1     0     623.351      -1.0
31   4     397     1     0     622.632      -1.0
31   4     398     1     0     624.061      -1.0
31   4     399     1     0     624.85      -1.0
31   4     400     1     0     623.02      -1.0
31   4     401     1     0     621.621      -1.0
31   4     402     1     0     621.666      -1.0
31   4     403     1     0     623.445      -1.0
31   4     404     1     0     621.696      -1.0
31   4     405     1     0     622.124      -1.0
31   4     406     1     0     623.423      -1.0
31   4     407     1     0     622.212      -1.0
31   4     408     1     0     621.345      -1.0
31   4     409     1     0     621.853      -1.0
31   4     410     1     0     622.761      -1.0
31   4     411     1     0     625.998      -1.0
31   4     412     1     0     623.328      -1.0
31   4     413     1     0     623.348      -1.0
31   4     414     1     0     623.573      -1.0
31   4     415     1     0     624.946      -1.0
31   4     416     1     0     614.044      -1.0
31   4     417     1     0     615.214      -1.0
31   4     418     1     0     615.096      -1.0
31   4     419     1     0     616.106      -1.0
31   4     420     1     0     617.098      -1.0
31   4     421     1     0     616.971      -1.0
31   4     422     1     0     615.455      -1.0
31   4     423     1     0     615.261      -1.0
31   4     424     1     0     614.069      -1.0
31   4     425     1     0     614.554      -1.0
31   4     426     1     0     615.947      -1.0
31   4     427     1     0     616.058      -1.0
31   4     428     1     0     616.005      -1.0
31   4     429     1     0     616.355      -1.0
31   4     430     1     0     615.877      -1.0
31   4     431     1     0     615.462      -1.0
31   4     432     1     0     613.489      -1.0
31   4     433     1     0     615.072      -1.0
31   4     434     1     0     616.618      -1.0
31   4     435     1     0     614.917      -1.0
31   4     436     1     0     614.608      -1.0
31   4     437     1     0     614.507      -1.0
31   4     438     1     0     617.165      -1.0
31   4     439     1     0     618.184      -1.0
31   4     440     1     0     615.612      -1.0
31   4     441     1     0     614.688      -1.0
31   4     442     1     0     616.06      -1.0
31   4     443     1     0     615.699      -1.0
31   4     444     1     0     615.017      -1.0
31   4     445     1     0     616.184      -1.0
31   4     446     1     0     615.163      -1.0
31   4     447     1     0     615.835      -1.0
31   4     448     1     0     617.828      -1.0
31   4     449     1     0     618.273      -1.0
31   4     450     1     0     617.194      -1.0
31   4     451     1     0     617.317      -1.0
31   4     452     1     0     618.866      -1.0
31   4     453     1     0     618.929      -1.0
31   4     454     1     0     617.165      -1.0
31   4     455     1     0     616.903      -1.0
31   4     456     1     0     612.936      -1.0
31   4     457     1     0     616.297      -1.0
31   4     458     1     0     617.502      -1.0
31   4     459     1     0     617.728      -1.0
31   4     460     1     0     616.505      -1.0
31   4     461     1     0     617.281      -1.0
31   4     462     1     0     616.849      -1.0
31   4     463     1     0     621.07      -1.0
31   4     464     1     0     616.695      -1.0
31   4     465     1     0     617.599      -1.0
31   4     466     1     0     616.625      -1.0
31   4     467     1     0     618.077      -1.0
31   4     468     1     0     615.097      -1.0
31   4     469     1     0     617.606      -1.0
31   4     470     1     0     617.938      -1.0
31   4     471     1     0     619.404      -1.0
31   4     472     1     0     617.754      -1.0
31   4     473     1     0     615.714      -1.0
31   4     474     1     0     618.2      -1.0
31   4     475     1     0     618.827      -1.0
31   4     476     1     0     618.523      -1.0
31   4     477     1     0     617.413      -1.0
31   4     478     1     0     617.115      -1.0
31   4     479     1     0     617.832      -1.0
31   4     480     1     0     617.614      -1.0
31   4     481     1     0     615.039      -1.0
31   4     482     1     0     617.942      -1.0
31   4     483     1     0     618.58      -1.0
31   4     484     1     0     612.241      -1.0
31   4     485     1     0     619.744      -1.0
31   4     486     1     0     617.227      -1.0
31   4     487     1     0     619.129      -1.0
31   4     488     1     0     617.145      -1.0
31   4     489     1     0     615.949      -1.0
31   4     490     1     0     620.392      -1.0
31   4     491     1     0     619.019      -1.0
31   4     492     1     0     618.403      -1.0
31   4     493     1     0     618.638      -1.0
31   4     494     1     0     619.005      -1.0
31   4     495     1     0     618.904      -1.0
31   4     496     1     0     619.358      -1.0
31   4     497     1     0     618.27      -1.0
31   4     498     1     0     618.718      -1.0
31   4     499     1     0     619.674      -1.0
31   4     500     1     0     618.053      -1.0
31   4     501     1     0     619.018      -1.0
31   4     502     1     0     619.176      -1.0
31   4     503     1     0     618.474      -1.0
31   4     504     1     0     619.007      -1.0
31   4     505     1     0     618.018      -1.0
31   4     506     1     0     618.386      -1.0
31   4     507     1     0     619.515      -1.0
31   4     508     1     0     618.963      -1.0
31   4     509     1     0     617.126      -1.0
#PHI3
31   5     0     1     0     618.953      -1.0
31   5     1     1     0     619.153      -1.0
31   5     2     1     0     618.521      -1.0
31   5     3     1     0     618.137      -1.0
31   5     4     1     0     619.314      -1.0
31   5     5     1     0     619.121      -1.0
31   5     6     1     0     618.165      -1.0
31   5     7     1     0     618.445      -1.0
31   5     8     1     0     617.269      -1.0
31   5     9     1     0     617.488      -1.0
31   5     10     1     0     619.87      -1.0
31   5     11     1     0     619.84      -1.0
31   5     12     1     0     618.935      -1.0
31   5     13     1     0     619.607      -1.0
31   5     14     1     0     619.703      -1.0
31   5     15     1     0     619.898      -1.0
31   5     16     1     0     619.061      -1.0
31   5     17     1     0     618.862      -1.0
31   5     18     1     0     618.661      -1.0
31   5     19     1     0     619.099      -1.0
31   5     20     1     0     618.092      -1.0
31   5     21     1     0     618.961      -1.0
31   5     22     1     0     619.224      -1.0
31   5     23     1     0     619.196      -1.0
31   5     24     1     0     617.774      -1.0
31   5     25     1     0     618.329      -1.0
31   5     26     1     0     619.259      -1.0
31   5     27     1     0     619.952      -1.0
31   5     28     1     0     618.434      -1.0
31   5     29     1     0     619.156      -1.0
31   5     30     1     0     618.917      -1.0
31   5     31     1     0     619.633      -1.0
31   5     32     1     0     618.616      -1.0
31   5     33     1     0     617.706      -1.0
31   5     34     1     0     618.297      -1.0
31   5     35     1     0     617.38      -1.0
31   5     36     1     0     619.487      -1.0
31   5     37     1     0     619.065      -1.0
31   5     38     1     0     615.729      -1.0
31   5     39     1     0     617.827      -1.0
31   5     40     1     0     618.435      -1.0
31   5     41     1     0     619.743      -1.0
31   5     42     1     0     617.994      -1.0
31   5     43     1     0     617.932      -1.0
31   5     44     1     0     619.093      -1.0
31   5     45     1     0     618.735      -1.0
31   5     46     1     0     618.248      -1.0
31   5     47     1     0     617.45      -1.0
31   5     48     1     0     617.496      -1.0
31   5     49     1     0     615.77      -1.0
31   5     50     1     0     616.712      -1.0
31   5     51     1     0     619.341      -1.0
31   5     52     1     0     617.046      -1.0
31   5     53     1     0     616.652      -1.0
31   5     54     1     0     617.517      -1.0
31   5     55     1     0     617.381      -1.0
31   5     56     1     0     616.469      -1.0
31   5     57     1     0     616.458      -1.0
31   5     58     1     0     617.959      -1.0
31   5     59     1     0     617.052      -1.0
31   5     60     1     0     617.51      -1.0
31   5     61     1     0     616.063      -1.0
31   5     62     1     0     619.013      -1.0
31   5     63     1     0     617.29      -1.0
31   5     64     1     0     618.675      -1.0
31   5     65     1     0     619.878      -1.0
31   5     66     1     0     618.633      -1.0
31   5     67     1     0     618.452      -1.0
31   5     68     1     0     619.548      -1.0
31   5     69     1     0     621.644      -1.0
31   5     70     1     0     618.076      -1.0
31   5     71     1     0     619.459      -1.0
31   5     72     1     0     619.761      -1.0
31   5     73     1     0     610.553      -1.0
31   5     74     1     0     617.317      -1.0
31   5     75     1     0     617.818      -1.0
31   5     76     1     0     617.562      -1.0
31   5     77     1     0     620.275      -1.0
31   5     78     1     0     618.706      -1.0
31   5     79     1     0     617.745      -1.0
31   5     80     1     0     619.343      -1.0
31   5     81     1     0     619.072      -1.0
31   5     82     1     0     618.898      -1.0
31   5     83     1     0     618.691      -1.0
31   5     84     1     0     619.467      -1.0
31   5     85     1     0     619.146      -1.0
31   5     86     1     0     617.304      -1.0
31   5     87     1     0     618.703      -1.0
31   5     88     1     0     619.853      -1.0
31   5     89     1     0     618.683      -1.0
31   5     90     1     0     620.864      -1.0
31   5     91     1     0     620.353      -1.0
31   5     92     1     0     617.578      -1.0
31   5     93     1     0     619.277      -1.0
31   5     94     1     0     618.622      -1.0
31   5     95     1     0     618.08      -1.0
31   5     96     1     0     619.628      -1.0
31   5     97     1     0     619.785      -1.0
31   5     98     1     0     619.286      -1.0
31   5     99     1     0     619.81      -1.0
31   5     100     1     0     613.462      -1.0
31   5     101     1     0     622.553      -1.0
31   5     102     1     0     620.576      -1.0
31   5     103     1     0     619.064      -1.0
31   5     104     1     0     618.468      -1.0
31   5     105     1     0     619.72      -1.0
31   5     106     1     0     620.218      -1.0
31   5     107     1     0     621.603      -1.0
31   5     108     1     0     618.488      -1.0
31   5     109     1     0     611.903      -1.0
31   5     110     1     0     619.742      -1.0
31   5     111     1     0     620.252      -1.0
31   5     112     1     0     618.713      -1.0
31   5     113     1     0     619.795      -1.0
31   5     114     1     0     618.664      -1.0
31   5     115     1     0     620.283      -1.0
31   5     116     1     0     618.335      -1.0
31   5     117     1     0     617.907      -1.0
31   5     118     1     0     619.888      -1.0
31   5     119     1     0     619.341      -1.0
31   5     120     1     0     621.431      -1.0
31   5     121     1     0     619.131      -1.0
31   5     122     1     0     618.582      -1.0
31   5     123     1     0     619.527      -1.0
31   5     124     1     0     619.3      -1.0
31   5     125     1     0     618.557      -1.0
31   5     126     1     0     620.96      -1.0
31   5     127     1     0     618.877      -1.0
31   5     128     1     0     623.412      -1.0
31   5     129     1     0     621.67      -1.0
31   5     130     1     0     620.534      -1.0
31   5     131     1     0     623.327      -1.0
31   5     132     1     0     624.813      -1.0
31   5     133     1     0     625.296      -1.0
31   5     134     1     0     624.333      -1.0
31   5     135     1     0     633.32      -1.0
31   5     136     1     0     620.838      -1.0
31   5     137     1     0     622.359      -1.0
31   5     138     1     0     625.399      -1.0
31   5     139     1     0     626.177      -1.0
31   5     140     1     0     624.313      -1.0
31   5     141     1     0     623.928      -1.0
31   5     142     1     0     624.594      -1.0
31   5     143     1     0     623.46      -1.0
31   5     144     1     0     624.441      -1.0
31   5     145     1     0     623.86      -1.0
31   5     146     1     0     625.088      -1.0
31   5     147     1     0     623.184      -1.0
31   5     148     1     0     622.897      -1.0
31   5     149     1     0     623.908      -1.0
31   5     150     1     0     625.3      -1.0
31   5     151     1     0     624.333      -1.0
31   5     152     1     0     622.769      -1.0
31   5     153     1     0     624.136      -1.0
31   5     154     1     0     626.05      -1.0
31   5     155     1     0     623.943      -1.0
31   5     156     1     0     624.996      -1.0
31   5     157     1     0     624.702      -1.0
31   5     158     1     0     625.27      -1.0
31   5     159     1     0     623.776      -1.0
31   5     160     1     0     625.86      -1.0
31   5     161     1     0     625.678      -1.0
31   5     162     1     0     623.044      -1.0
31   5     163     1     0     624.157      -1.0
31   5     164     1     0     625.656      -1.0
31   5     165     1     0     625.469      -1.0
31   5     166     1     0     624.774      -1.0
31   5     167     1     0     624.495      -1.0
31   5     168     1     0     622.583      -1.0
31   5     169     1     0     622.038      -1.0
31   5     170     1     0     623.53      -1.0
31   5     171     1     0     627.798      -1.0
31   5     172     1     0     622.518      -1.0
31   5     173     1     0     623.722      -1.0
31   5     174     1     0     625.682      -1.0
31   5     175     1     0     623.976      -1.0
31   5     176     1     0     623.461      -1.0
31   5     177     1     0     625.276      -1.0
31   5     178     1     0     623.954      -1.0
31   5     179     1     0     625.411      -1.0
31   5     180     1     0     623.929      -1.0
31   5     181     1     0     624.582      -1.0
31   5     182     1     0     623.811      -1.0
31   5     183     1     0     625.593      -1.0
31   5     184     1     0     624.153      -1.0
31   5     185     1     0     622.476      -1.0
31   5     186     1     0     623.804      -1.0
31   5     187     1     0     624.57      -1.0
31   5     188     1     0     620.12      -1.0
31   5     189     1     0     629.924      -1.0
31   5     190     1     0     623.993      -1.0
31   5     191     1     0     624.956      -1.0
31   5     192     1     0     623.738      -1.0
31   5     193     1     0     625.126      -1.0
31   5     194     1     0     624.329      -1.0
31   5     195     1     0     624.243      -1.0
31   5     196     1     0     625.409      -1.0
31   5     197     1     0     626.308      -1.0
31   5     198     1     0     624.318      -1.0
31   5     199     1     0     624.524      -1.0
31   5     200     1     0     624.238      -1.0
31   5     201     1     0     626.31      -1.0
31   5     202     1     0     625.346      -1.0
31   5     203     1     0     627.535      -1.0
31   5     204     1     0     624.491      -1.0
31   5     205     1     0     624.255      -1.0
31   5     206     1     0     625.403      -1.0
31   5     207     1     0     626.444      -1.0
31   5     208     1     0     623.57      -1.0
31   5     209     1     0     623.979      -1.0
31   5     210     1     0     625.367      -1.0
31   5     211     1     0     623.562      -1.0
31   5     212     1     0     623.305      -1.0
31   5     213     1     0     625.919      -1.0
31   5     214     1     0     619.513      -1.0
31   5     215     1     0     628.448      -1.0
31   5     216     1     0     622.35      -1.0
31   5     217     1     0     626.224      -1.0
31   5     218     1     0     624.127      -1.0
31   5     219     1     0     625.046      -1.0
31   5     220     1     0     624.295      -1.0
31   5     221     1     0     624.761      -1.0
31   5     222     1     0     625.104      -1.0
31   5     223     1     0     624.051      -1.0
31   5     224     1     0     626.771      -1.0
31   5     225     1     0     624.543      -1.0
31   5     226     1     0     624.426      -1.0
31   5     227     1     0     622.539      -1.0
31   5     228     1     0     625.9      -1.0
31   5     229     1     0     626.839      -1.0
31   5     230     1     0     626.404      -1.0
31   5     231     1     0     625.143      -1.0
31   5     232     1     0     624.474      -1.0
31   5     233     1     0     624.076      -1.0
31   5     234     1     0     623.755      -1.0
31   5     235     1     0     626.825      -1.0
31   5     236     1     0     625.129      -1.0
31   5     237     1     0     624.276      -1.0
31   5     238     1     0     625.603      -1.0
31   5     239     1     0     624.935      -1.0
31   5     240     1     0     624.895      -1.0
31   5     241     1     0     622.897      -1.0
31   5     242     1     0     625.563      -1.0
31   5     243     1     0     625.288      -1.0
31   5     244     1     0     623.654      -1.0
31   5     245     1     0     624.958      -1.0
31   5     246     1     0     625.423      -1.0
31   5     247     1     0     625.132      -1.0
31   5     248     1     0     624.7      -1.0
31   5     249     1     0     624.458      -1.0
31   5     250     1     0     626.057      -1.0
31   5     251     1     0     625.808      -1.0
31   5     252     1     0     623.9      -1.0
31   5     253     1     0     623.317      -1.0
31   5     254     1     0     625.468      -1.0
31   5     255     1     0     623.521      -1.0
31   5     256     1     0     624.667      -1.0
31   5     257     1     0     623.668      -1.0
31   5     258     1     0     625.272      -1.0
31   5     259     1     0     626.795      -1.0
31   5     260     1     0     625.551      -1.0
31   5     261     1     0     627.081      -1.0
31   5     262     1     0     623.553      -1.0
31   5     263     1     0     619.28      -1.0
31   5     264     1     0     624.242      -1.0
31   5     265     1     0     623.834      -1.0
31   5     266     1     0     624.942      -1.0
31   5     267     1     0     625.104      -1.0
31   5     268     1     0     625.238      -1.0
31   5     269     1     0     624.838      -1.0
31   5     270     1     0     625.13      -1.0
31   5     271     1     0     626.547      -1.0
31   5     272     1     0     625.479      -1.0
31   5     273     1     0     623.93      -1.0
31   5     274     1     0     625.962      -1.0
31   5     275     1     0     624.105      -1.0
31   5     276     1     0     624.371      -1.0
31   5     277     1     0     625.312      -1.0
31   5     278     1     0     625.038      -1.0
31   5     279     1     0     625.464      -1.0
31   5     280     1     0     624.839      -1.0
31   5     281     1     0     625.168      -1.0
31   5     282     1     0     625.034      -1.0
31   5     283     1     0     626.253      -1.0
31   5     284     1     0     625.463      -1.0
31   5     285     1     0     625.667      -1.0
31   5     286     1     0     625.032      -1.0
31   5     287     1     0     623.93      -1.0
31   5     288     1     0     629.519      -1.0
31   5     289     1     0     624.015      -1.0
31   5     290     1     0     625.016      -1.0
31   5     291     1     0     623.928      -1.0
31   5     292     1     0     626.386      -1.0
31   5     293     1     0     625.54      -1.0
31   5     294     1     0     629.606      -1.0
31   5     295     1     0     624.321      -1.0
31   5     296     1     0     625.997      -1.0
31   5     297     1     0     623.067      -1.0
31   5     298     1     0     625.643      -1.0
31   5     299     1     0     626.011      -1.0
31   5     300     1     0     623.357      -1.0
31   5     301     1     0     625.438      -1.0
31   5     302     1     0     626.69      -1.0
31   5     303     1     0     626.734      -1.0
31   5     304     1     0     625.437      -1.0
31   5     305     1     0     625.378      -1.0
31   5     306     1     0     624.899      -1.0
31   5     307     1     0     625.243      -1.0
31   5     308     1     0     624.112      -1.0
31   5     309     1     0     623.329      -1.0
31   5     310     1     0     626.033      -1.0
31   5     311     1     0     625.466      -1.0
31   5     312     1     0     624.453      -1.0
31   5     313     1     0     625.914      -1.0
31   5     314     1     0     624.825      -1.0
31   5     315     1     0     625.605      -1.0
31   5     316     1     0     624.09      -1.0
31   5     317     1     0     617.79      -1.0
31   5     318     1     0     625.258      -1.0
31   5     319     1     0     620.479      -1.0
31   5     320     1     0     623.149      -1.0
31   5     321     1     0     623.926      -1.0
31   5     322     1     0     624.842      -1.0
31   5     323     1     0     624.904      -1.0
31   5     324     1     0     626.071      -1.0
31   5     325     1     0     625.31      -1.0
31   5     326     1     0     623.174      -1.0
31   5     327     1     0     624.222      -1.0
31   5     328     1     0     622.551      -1.0
31   5     329     1     0     623.758      -1.0
31   5     330     1     0     626.122      -1.0
31   5     331     1     0     624.762      -1.0
31   5     332     1     0     624.788      -1.0
31   5     333     1     0     624.917      -1.0
31   5     334     1     0     624.652      -1.0
31   5     335     1     0     624.773      -1.0
31   5     336     1     0     622.731      -1.0
31   5     337     1     0     623.258      -1.0
31   5     338     1     0     624.851      -1.0
31   5     339     1     0     623.557      -1.0
31   5     340     1     0     622.794      -1.0
31   5     341     1     0     624.254      -1.0
31   5     342     1     0     625.982      -1.0
31   5     343     1     0     625.195      -1.0
31   5     344     1     0     624.589      -1.0
31   5     345     1     0     623.897      -1.0
31   5     346     1     0     624.617      -1.0
31   5     347     1     0     629.3      -1.0
31   5     348     1     0     623.184      -1.0
31   5     349     1     0     624.098      -1.0
31   5     350     1     0     623.976      -1.0
31   5     351     1     0     625.517      -1.0
31   5     352     1     0     625.331      -1.0
31   5     353     1     0     625.365      -1.0
31   5     354     1     0     626.384      -1.0
31   5     355     1     0     624.599      -1.0
31   5     356     1     0     626.972      -1.0
31   5     357     1     0     628.578      -1.0
31   5     358     1     0     625.982      -1.0
31   5     359     1     0     626.531      -1.0
31   5     360     1     0     623.719      -1.0
31   5     361     1     0     625.303      -1.0
31   5     362     1     0     627.445      -1.0
31   5     363     1     0     627.353      -1.0
31   5     364     1     0     626.001      -1.0
31   5     365     1     0     625.861      -1.0
31   5     366     1     0     627.455      -1.0
31   5     367     1     0     627.908      -1.0
31   5     368     1     0     626.972      -1.0
31   5     369     1     0     626.157      -1.0
31   5     370     1     0     626.754      -1.0
31   5     371     1     0     627.632      -1.0
31   5     372     1     0     626.143      -1.0
31   5     373     1     0     625.414      -1.0
31   5     374     1     0     626.932      -1.0
31   5     375     1     0     627.257      -1.0
31   5     376     1     0     625.783      -1.0
31   5     377     1     0     625.417      -1.0
31   5     378     1     0     626.083      -1.0
31   5     379     1     0     626.461      -1.0
31   5     380     1     0     625.877      -1.0
31   5     381     1     0     625.642      -1.0
31   5     382     1     0     627.075      -1.0
31   5     383     1     0     626.474      -1.0
31   5     384     1     0     625.837      -1.0
31   5     385     1     0     625.275      -1.0
31   5     386     1     0     626.32      -1.0
31   5     387     1     0     625.689      -1.0
31   5     388     1     0     627.216      -1.0
31   5     389     1     0     626.807      -1.0
31   5     390     1     0     626.005      -1.0
31   5     391     1     0     625.768      -1.0
31   5     392     1     0     625.165      -1.0
31   5     393     1     0     625.501      -1.0
31   5     394     1     0     628.341      -1.0
31   5     395     1     0     626.452      -1.0
31   5     396     1     0     624.873      -1.0
31   5     397     1     0     627.286      -1.0
31   5     398     1     0     627.141      -1.0
31   5     399     1     0     627.129      -1.0
31   5     400     1     0     624.987      -1.0
31   5     401     1     0     625.59      -1.0
31   5     402     1     0     626.067      -1.0
31   5     403     1     0     625.974      -1.0
31   5     404     1     0     625.013      -1.0
31   5     405     1     0     626.409      -1.0
31   5     406     1     0     627.159      -1.0
31   5     407     1     0     626.674      -1.0
31   5     408     1     0     626.582      -1.0
31   5     409     1     0     626.185      -1.0
31   5     410     1     0     627.606      -1.0
31   5     411     1     0     627.884      -1.0
31   5     412     1     0     625.98      -1.0
31   5     413     1     0     625.767      -1.0
31   5     414     1     0     626.634      -1.0
31   5     415     1     0     626.938      -1.0
31   5     416     1     0     626.169      -1.0
31   5     417     1     0     626.274      -1.0
31   5     418     1     0     626.785      -1.0
31   5     419     1     0     625.688      -1.0
31   5     420     1     0     627.2      -1.0
31   5     421     1     0     626.996      -1.0
31   5     422     1     0     626.599      -1.0
31   5     423     1     0     625.222      -1.0
31   5     424     1     0     625.036      -1.0
31   5     425     1     0     624.781      -1.0
31   5     426     1     0     626.578      -1.0
31   5     427     1     0     626.701      -1.0
31   5     428     1     0     625.942      -1.0
31   5     429     1     0     625.182      -1.0
31   5     430     1     0     625.758      -1.0
31   5     431     1     0     626.607      -1.0
31   5     432     1     0     626.306      -1.0
31   5     433     1     0     625.272      -1.0
31   5     434     1     0     625.755      -1.0
31   5     435     1     0     626.224      -1.0
31   5     436     1     0     625.545      -1.0
31   5     437     1     0     625.855      -1.0
31   5     438     1     0     627.005      -1.0
31   5     439     1     0     625.866      -1.0
31   5     440     1     0     624.498      -1.0
31   5     441     1     0     624.673      -1.0
31   5     442     1     0     626.113      -1.0
31   5     443     1     0     625.582      -1.0
31   5     444     1     0     624.744      -1.0
31   5     445     1     0     624.594      -1.0
31   5     446     1     0     626.108      -1.0
31   5     447     1     0     625.44      -1.0
31   5     448     1     0     625.425      -1.0
31   5     449     1     0     625.096      -1.0
31   5     450     1     0     625.695      -1.0
31   5     451     1     0     626.272      -1.0
31   5     452     1     0     627.022      -1.0
31   5     453     1     0     626.909      -1.0
31   5     454     1     0     626.107      -1.0
31   5     455     1     0     625.67      -1.0
31   5     456     1     0     624.968      -1.0
31   5     457     1     0     624.182      -1.0
31   5     458     1     0     626.988      -1.0
31   5     459     1     0     626.239      -1.0
31   5     460     1     0     626.178      -1.0
31   5     461     1     0     625.494      -1.0
31   5     462     1     0     626.638      -1.0
31   5     463     1     0     626.842      -1.0
31   5     464     1     0     625.649      -1.0
31   5     465     1     0     626.285      -1.0
31   5     466     1     0     625.345      -1.0
31   5     467     1     0     626.298      -1.0
31   5     468     1     0     626.722      -1.0
31   5     469     1     0     624.445      -1.0
31   5     470     1     0     625.917      -1.0
31   5     471     1     0     626.304      -1.0
31   5     472     1     0     625.754      -1.0
31   5     473     1     0     624.611      -1.0
31   5     474     1     0     626.415      -1.0
31   5     475     1     0     626.293      -1.0
31   5     476     1     0     626.056      -1.0
31   5     477     1     0     625.731      -1.0
31   5     478     1     0     626.424      -1.0
31   5     479     1     0     626.263      -1.0
31   5     480     1     0     627.476      -1.0
31   5     481     1     0     626.954      -1.0
31   5     482     1     0     627.557      -1.0
31   5     483     1     0     627.482      -1.0
31   5     484     1     0     628.858      -1.0
31   5     485     1     0     628.571      -1.0
31   5     486     1     0     628.031      -1.0
31   5     487     1     0     627.493      -1.0
31   5     488     1     0     625.839      -1.0
31   5     489     1     0     626.686      -1.0
31   5     490     1     0     627.575      -1.0
31   5     491     1     0     628.211      -1.0
31   5     492     1     0     626.806      -1.0
31   5     493     1     0     626.317      -1.0
31   5     494     1     0     627.48      -1.0
31   5     495     1     0     628.431      -1.0
31   5     496     1     0     626.552      -1.0
31   5     497     1     0     626.878      -1.0
31   5     498     1     0     627.502      -1.0
31   5     499     1     0     627.535      -1.0
31   5     500     1     0     626.535      -1.0
31   5     501     1     0     627.182      -1.0
31   5     502     1     0     627.491      -1.0
31   5     503     1     0     627.469      -1.0
31   5     504     1     0     626.261      -1.0
31   5     505     1     0     626.544      -1.0
31   5     506     1     0     626.407      -1.0
31   5     507     1     0     626.48      -1.0
31   5     508     1     0     625.334      -1.0
31   5     509     1     0     626.174      -1.0
31   5     510     1     0     626.847      -1.0
31   5     511     1     0     627.55      -1.0
31   5     512     1     0     623.384      -1.0
31   5     513     1     0     623.326      -1.0
31   5     514     1     0     624.391      -1.0
31   5     515     1     0     624.303      -1.0
31   5     516     1     0     624.923      -1.0
31   5     517     1     0     625.148      -1.0
31   5     518     1     0     623.703      -1.0
31   5     519     1     0     624.173      -1.0
31   5     520     1     0     623.273      -1.0
31   5     521     1     0     622.961      -1.0
31   5     522     1     0     625.54      -1.0
31   5     523     1     0     625.36      -1.0
31   5     524     1     0     624.116      -1.0
31   5     525     1     0     624.065      -1.0
31   5     526     1     0     625.111      -1.0
31   5     527     1     0     624.856      -1.0
31   5     528     1     0     624.797      -1.0
31   5     529     1     0     624.495      -1.0
31   5     530     1     0     625.21      -1.0
31   5     531     1     0     623.602      -1.0
31   5     532     1     0     623.323      -1.0
31   5     533     1     0     624.008      -1.0
31   5     534     1     0     624.753      -1.0
31   5     535     1     0     624.535      -1.0
31   5     536     1     0     623.712      -1.0
31   5     537     1     0     624.021      -1.0
31   5     538     1     0     625.484      -1.0
31   5     539     1     0     624.388      -1.0
31   5     540     1     0     624.271      -1.0
31   5     541     1     0     624.33      -1.0
31   5     542     1     0     624.94      -1.0
31   5     543     1     0     624.371      -1.0
31   5     544     1     0     626.534      -1.0
31   5     545     1     0     625.721      -1.0
31   5     546     1     0     626.088      -1.0
31   5     547     1     0     624.911      -1.0
31   5     548     1     0     627.096      -1.0
31   5     549     1     0     626.761      -1.0
31   5     550     1     0     626.395      -1.0
31   5     551     1     0     625.241      -1.0
31   5     552     1     0     624.315      -1.0
31   5     553     1     0     623.936      -1.0
31   5     554     1     0     626.209      -1.0
31   5     555     1     0     626.598      -1.0
31   5     556     1     0     625.318      -1.0
31   5     557     1     0     624.928      -1.0
31   5     558     1     0     626.454      -1.0
31   5     559     1     0     626.479      -1.0
31   5     560     1     0     626.659      -1.0
31   5     561     1     0     625.41      -1.0
31   5     562     1     0     625.257      -1.0
31   5     563     1     0     625.998      -1.0
31   5     564     1     0     625.481      -1.0
31   5     565     1     0     625.294      -1.0
31   5     566     1     0     626.471      -1.0
31   5     567     1     0     625.419      -1.0
31   5     568     1     0     624.544      -1.0
31   5     569     1     0     624.067      -1.0
31   5     570     1     0     625.586      -1.0
31   5     571     1     0     625.763      -1.0
31   5     572     1     0     625.656      -1.0
31   5     573     1     0     625.177      -1.0
31   5     574     1     0     625.664      -1.0
31   5     575     1     0     625.415      -1.0
31   5     576     1     0     624.449      -1.0
31   5     577     1     0     624.495      -1.0
31   5     578     1     0     625.467      -1.0
31   5     579     1     0     625.109      -1.0
31   5     580     1     0     626.803      -1.0
31   5     581     1     0     626.439      -1.0
31   5     582     1     0     624.663      -1.0
31   5     583     1     0     624.918      -1.0
31   5     584     1     0     626.267      -1.0
31   5     585     1     0     626.19      -1.0
31   5     586     1     0     625.735      -1.0
31   5     587     1     0     626.152      -1.0
31   5     588     1     0     626.088      -1.0
31   5     589     1     0     627.193      -1.0
31   5     590     1     0     625.522      -1.0
31   5     591     1     0     625.312      -1.0
31   5     592     1     0     625.047      -1.0
31   5     593     1     0     624.746      -1.0
31   5     594     1     0     626.428      -1.0
31   5     595     1     0     625.511      -1.0
31   5     596     1     0     625.306      -1.0
31   5     597     1     0     625.584      -1.0
31   5     598     1     0     626.141      -1.0
31   5     599     1     0     625.892      -1.0
31   5     600     1     0     625.434      -1.0
31   5     601     1     0     625.373      -1.0
31   5     602     1     0     626.172      -1.0
31   5     603     1     0     625.723      -1.0
31   5     604     1     0     625.272      -1.0
31   5     605     1     0     625.581      -1.0
31   5     606     1     0     626.533      -1.0
31   5     607     1     0     625.606      -1.0
31   5     608     1     0     626.719      -1.0
31   5     609     1     0     626.659      -1.0
31   5     610     1     0     625.917      -1.0
31   5     611     1     0     626.199      -1.0
31   5     612     1     0     627.413      -1.0
31   5     613     1     0     628.075      -1.0
31   5     614     1     0     626.84      -1.0
31   5     615     1     0     626.8      -1.0
31   5     616     1     0     624.268      -1.0
31   5     617     1     0     624.814      -1.0
31   5     618     1     0     627.137      -1.0
31   5     619     1     0     628.025      -1.0
31   5     620     1     0     625.982      -1.0
31   5     621     1     0     626.186      -1.0
31   5     622     1     0     627.179      -1.0
31   5     623     1     0     627.301      -1.0
31   5     624     1     0     625.8      -1.0
31   5     625     1     0     625.197      -1.0
31   5     626     1     0     626.028      -1.0
31   5     627     1     0     627.031      -1.0
31   5     628     1     0     625.165      -1.0
31   5     629     1     0     625.137      -1.0
31   5     630     1     0     626.816      -1.0
31   5     631     1     0     626.499      -1.0
31   5     632     1     0     625.916      -1.0
31   5     633     1     0     625.901      -1.0
31   5     634     1     0     625.846      -1.0
31   5     635     1     0     626.315      -1.0
31   5     636     1     0     625.357      -1.0
31   5     637     1     0     626.126      -1.0
31   5     638     1     0     626.651      -1.0
31   5     639     1     0     626.718      -1.0
31   5     640     1     0     624.626      -1.0
31   5     641     1     0     625.041      -1.0
31   5     642     1     0     625.347      -1.0
31   5     643     1     0     624.883      -1.0
31   5     644     1     0     626.534      -1.0
31   5     645     1     0     625.995      -1.0
31   5     646     1     0     624.861      -1.0
31   5     647     1     0     625.038      -1.0
31   5     648     1     0     623.912      -1.0
31   5     649     1     0     625.038      -1.0
31   5     650     1     0     627.364      -1.0
31   5     651     1     0     627.143      -1.0
31   5     652     1     0     625.185      -1.0
31   5     653     1     0     626.042      -1.0
31   5     654     1     0     626.817      -1.0
31   5     655     1     0     626.356      -1.0
31   5     656     1     0     626.279      -1.0
31   5     657     1     0     625.188      -1.0
31   5     658     1     0     626.68      -1.0
31   5     659     1     0     625.629      -1.0
31   5     660     1     0     625.266      -1.0
31   5     661     1     0     625.135      -1.0
31   5     662     1     0     627.078      -1.0
31   5     663     1     0     625.578      -1.0
31   5     664     1     0     624.958      -1.0
31   5     665     1     0     624.691      -1.0
31   5     666     1     0     626.819      -1.0
31   5     667     1     0     625.292      -1.0
31   5     668     1     0     625.324      -1.0
31   5     669     1     0     625.787      -1.0
31   5     670     1     0     625.88      -1.0
31   5     671     1     0     625.645      -1.0
31   5     672     1     0     627.731      -1.0
31   5     673     1     0     626.88      -1.0
31   5     674     1     0     628.67      -1.0
31   5     675     1     0     627.821      -1.0
31   5     676     1     0     628.684      -1.0
31   5     677     1     0     628.016      -1.0
31   5     678     1     0     627.25      -1.0
31   5     679     1     0     627.238      -1.0
31   5     680     1     0     625.697      -1.0
31   5     681     1     0     626.202      -1.0
31   5     682     1     0     627.977      -1.0
31   5     683     1     0     627.946      -1.0
31   5     684     1     0     627.26      -1.0
31   5     685     1     0     627.499      -1.0
31   5     686     1     0     627.323      -1.0
31   5     687     1     0     628.082      -1.0
31   5     688     1     0     626.628      -1.0
31   5     689     1     0     626.131      -1.0
31   5     690     1     0     627.009      -1.0
31   5     691     1     0     627.728      -1.0
31   5     692     1     0     626.022      -1.0
31   5     693     1     0     626.55      -1.0
31   5     694     1     0     627.175      -1.0
31   5     695     1     0     627.033      -1.0
31   5     696     1     0     626.176      -1.0
31   5     697     1     0     625.607      -1.0
31   5     698     1     0     626.817      -1.0
31   5     699     1     0     627.146      -1.0
31   5     700     1     0     625.395      -1.0
31   5     701     1     0     625.48      -1.0
31   5     702     1     0     627.48      -1.0
31   5     703     1     0     626.631      -1.0
31   5     704     1     0     617.976      -1.0
31   5     705     1     0     618.541      -1.0
31   5     706     1     0     619.397      -1.0
31   5     707     1     0     619.429      -1.0
31   5     708     1     0     620.209      -1.0
31   5     709     1     0     619.937      -1.0
31   5     710     1     0     618.624      -1.0
31   5     711     1     0     619.271      -1.0
31   5     712     1     0     617.596      -1.0
31   5     713     1     0     619      -1.0
31   5     714     1     0     620.883      -1.0
31   5     715     1     0     619.862      -1.0
31   5     716     1     0     619.068      -1.0
31   5     717     1     0     619.231      -1.0
31   5     718     1     0     620.119      -1.0
31   5     719     1     0     620.416      -1.0
31   5     720     1     0     619.644      -1.0
31   5     721     1     0     619.095      -1.0
31   5     722     1     0     620.48      -1.0
31   5     723     1     0     619.272      -1.0
31   5     724     1     0     618.683      -1.0
31   5     725     1     0     619.374      -1.0
31   5     726     1     0     620.044      -1.0
31   5     727     1     0     619.523      -1.0
31   5     728     1     0     618.961      -1.0
31   5     729     1     0     618.902      -1.0
31   5     730     1     0     621.094      -1.0
31   5     731     1     0     619.51      -1.0
31   5     732     1     0     619.451      -1.0
31   5     733     1     0     619.665      -1.0
31   5     734     1     0     619.897      -1.0
31   5     735     1     0     619.476      -1.0
31   5     736     1     0     620.684      -1.0
31   5     737     1     0     618.49      -1.0
31   5     738     1     0     621.025      -1.0
31   5     739     1     0     616      -1.0
31   5     740     1     0     621.691      -1.0
31   5     741     1     0     621.455      -1.0
31   5     742     1     0     620.108      -1.0
31   5     743     1     0     620.917      -1.0
31   5     744     1     0     618.677      -1.0
31   5     745     1     0     619.087      -1.0
31   5     746     1     0     620.198      -1.0
31   5     747     1     0     620.193      -1.0
31   5     748     1     0     619.67      -1.0
31   5     749     1     0     619.558      -1.0
31   5     750     1     0     620.032      -1.0
31   5     751     1     0     620.994      -1.0
31   5     752     1     0     620.315      -1.0
31   5     753     1     0     619.977      -1.0
31   5     754     1     0     620.111      -1.0
31   5     755     1     0     620.15      -1.0
31   5     756     1     0     618.046      -1.0
31   5     757     1     0     619.612      -1.0
31   5     758     1     0     619.8      -1.0
31   5     759     1     0     620.193      -1.0
31   5     760     1     0     619.003      -1.0
31   5     761     1     0     619.288      -1.0
31   5     762     1     0     620.493      -1.0
31   5     763     1     0     619.868      -1.0
31   5     764     1     0     619.529      -1.0
31   5     765     1     0     620.916      -1.0
31   5     766     1     0     620.596      -1.0
31   5     767     1     0     620.536      -1.0
31   5     768     1     0     620.642      -1.0
31   5     769     1     0     620.151      -1.0
31   5     770     1     0     620.69      -1.0
31   5     771     1     0     620.39      -1.0
31   5     772     1     0     621.625      -1.0
31   5     773     1     0     622.476      -1.0
31   5     774     1     0     619.955      -1.0
31   5     775     1     0     620.458      -1.0
31   5     776     1     0     619.628      -1.0
31   5     777     1     0     620.15      -1.0
31   5     778     1     0     622.142      -1.0
31   5     779     1     0     622.159      -1.0
31   5     780     1     0     620.075      -1.0
31   5     781     1     0     621.214      -1.0
31   5     782     1     0     621.29      -1.0
31   5     783     1     0     620.957      -1.0
31   5     784     1     0     621.489      -1.0
31   5     785     1     0     620.338      -1.0
31   5     786     1     0     621.641      -1.0
31   5     787     1     0     620.563      -1.0
31   5     788     1     0     619.27      -1.0
31   5     789     1     0     621.231      -1.0
31   5     790     1     0     620.979      -1.0
31   5     791     1     0     620.901      -1.0
31   5     792     1     0     620.106      -1.0
31   5     793     1     0     621.306      -1.0
31   5     794     1     0     621.508      -1.0
31   5     795     1     0     621.294      -1.0
31   5     796     1     0     620.147      -1.0
31   5     797     1     0     621.384      -1.0
31   5     798     1     0     621.197      -1.0
31   5     799     1     0     621.646      -1.0
#UV4
31   6     0     1     0     616      -1.0
31   6     1     1     0     621.119      -1.0
31   6     2     1     0     620.272      -1.0
31   6     3     1     0     619.539      -1.0
31   6     4     1     0     619.71      -1.0
31   6     5     1     0     620.112      -1.0
31   6     6     1     0     618.874      -1.0
31   6     7     1     0     618.995      -1.0
31   6     8     1     0     619.874      -1.0
31   6     9     1     0     620.284      -1.0
31   6     10     1     0     619.883      -1.0
31   6     11     1     0     617.346      -1.0
31   6     12     1     0     620.534      -1.0
31   6     13     1     0     619.757      -1.0
31   6     14     1     0     619.623      -1.0
31   6     15     1     0     621.022      -1.0
31   6     16     1     0     621.719      -1.0
31   6     17     1     0     620.329      -1.0
31   6     18     1     0     619.514      -1.0
31   6     19     1     0     619.948      -1.0
31   6     20     1     0     620.959      -1.0
31   6     21     1     0     621.323      -1.0
31   6     22     1     0     618.483      -1.0
31   6     23     1     0     617.79      -1.0
31   6     24     1     0     620.289      -1.0
31   6     25     1     0     621.515      -1.0
31   6     26     1     0     621.763      -1.0
31   6     27     1     0     621.794      -1.0
31   6     28     1     0     619.928      -1.0
31   6     29     1     0     619.759      -1.0
31   6     30     1     0     620.517      -1.0
31   6     31     1     0     620.271      -1.0
31   6     32     1     0     613.292      -1.0
31   6     33     1     0     611.155      -1.0
31   6     34     1     0     614.889      -1.0
31   6     35     1     0     611.283      -1.0
31   6     36     1     0     613.257      -1.0
31   6     37     1     0     612.172      -1.0
31   6     38     1     0     613.498      -1.0
31   6     39     1     0     611.822      -1.0
31   6     40     1     0     611.846      -1.0
31   6     41     1     0     613.609      -1.0
31   6     42     1     0     612.672      -1.0
31   6     43     1     0     612.397      -1.0
31   6     44     1     0     612.687      -1.0
31   6     45     1     0     612.386      -1.0
31   6     46     1     0     614.28      -1.0
31   6     47     1     0     613.071      -1.0
31   6     48     1     0     615.666      -1.0
31   6     49     1     0     610.013      -1.0
31   6     50     1     0     611.133      -1.0
31   6     51     1     0     613.642      -1.0
31   6     52     1     0     616.828      -1.0
31   6     53     1     0     615.142      -1.0
31   6     54     1     0     610.189      -1.0
31   6     55     1     0     613.81      -1.0
31   6     56     1     0     611.15      -1.0
31   6     57     1     0     612.117      -1.0
31   6     58     1     0     610.332      -1.0
31   6     59     1     0     612.05      -1.0
31   6     60     1     0     616      -1.0
31   6     61     1     0     613.228      -1.0
31   6     62     1     0     613.5      -1.0
31   6     63     1     0     615.367      -1.0
31   6     64     1     0     603.634      -1.0
31   6     65     1     0     603.506      -1.0
31   6     66     1     0     605.191      -1.0
31   6     67     1     0     603.701      -1.0
31   6     68     1     0     603.933      -1.0
31   6     69     1     0     603.254      -1.0
31   6     70     1     0     604.358      -1.0
31   6     71     1     0     604.337      -1.0
31   6     72     1     0     603.475      -1.0
31   6     73     1     0     604.819      -1.0
31   6     74     1     0     604.134      -1.0
31   6     75     1     0     603.31      -1.0
31   6     76     1     0     603.926      -1.0
31   6     77     1     0     604.724      -1.0
31   6     78     1     0     607.631      -1.0
31   6     79     1     0     608.016      -1.0
31   6     80     1     0     607.67      -1.0
31   6     81     1     0     607.646      -1.0
31   6     82     1     0     608.535      -1.0
31   6     83     1     0     608.436      -1.0
31   6     84     1     0     607.751      -1.0
31   6     85     1     0     609.335      -1.0
31   6     86     1     0     607.211      -1.0
31   6     87     1     0     608.25      -1.0
31   6     88     1     0     606.034      -1.0
31   6     89     1     0     608.041      -1.0
31   6     90     1     0     608.155      -1.0
31   6     91     1     0     607.665      -1.0
31   6     92     1     0     604.448      -1.0
31   6     93     1     0     606.548      -1.0
31   6     94     1     0     604.4      -1.0
31   6     95     1     0     604.68      -1.0
31   6     96     1     0     613.425      -1.0
31   6     97     1     0     611.778      -1.0
31   6     98     1     0     614.325      -1.0
31   6     99     1     0     612.447      -1.0
31   6     100     1     0     612.949      -1.0
31   6     101     1     0     612.447      -1.0
31   6     102     1     0     615.62      -1.0
31   6     103     1     0     611.763      -1.0
31   6     104     1     0     611.618      -1.0
31   6     105     1     0     609.816      -1.0
31   6     106     1     0     613.591      -1.0
31   6     107     1     0     610.586      -1.0
31   6     108     1     0     611.34      -1.0
31   6     109     1     0     612      -1.0
31   6     110     1     0     612.286      -1.0
31   6     111     1     0     611.592      -1.0
31   6     112     1     0     613.318      -1.0
31   6     113     1     0     612.071      -1.0
31   6     114     1     0     611.992      -1.0
31   6     115     1     0     612.013      -1.0
31   6     116     1     0     613.18      -1.0
31   6     117     1     0     615.615      -1.0
31   6     118     1     0     610.884      -1.0
31   6     119     1     0     613.373      -1.0
31   6     120     1     0     611.206      -1.0
31   6     121     1     0     613.409      -1.0
31   6     122     1     0     611.237      -1.0
31   6     123     1     0     607.391      -1.0
31   6     124     1     0     612.144      -1.0
31   6     125     1     0     612.65      -1.0
31   6     126     1     0     608.727      -1.0
31   6     127     1     0     612.683      -1.0
31   6     128     1     0     615.108      -1.0
31   6     129     1     0     611.661      -1.0
31   6     130     1     0     615.306      -1.0
31   6     131     1     0     611.367      -1.0
31   6     132     1     0     615.366      -1.0
31   6     133     1     0     613.127      -1.0
31   6     134     1     0     614.687      -1.0
31   6     135     1     0     612.62      -1.0
31   6     136     1     0     610.648      -1.0
31   6     137     1     0     612.989      -1.0
31   6     138     1     0     612.997      -1.0
31   6     139     1     0     613.601      -1.0
31   6     140     1     0     612.442      -1.0
31   6     141     1     0     609.847      -1.0
31   6     142     1     0     615.616      -1.0
31   6     143     1     0     613.835      -1.0
31   6     144     1     0     614.774      -1.0
31   6     145     1     0     612.384      -1.0
31   6     146     1     0     613.5      -1.0
31   6     147     1     0     613.117      -1.0
31   6     148     1     0     611.258      -1.0
31   6     149     1     0     616.325      -1.0
31   6     150     1     0     612.927      -1.0
31   6     151     1     0     612.046      -1.0
31   6     152     1     0     615.608      -1.0
31   6     153     1     0     615.631      -1.0
31   6     154     1     0     615.372      -1.0
31   6     155     1     0     613.295      -1.0
31   6     156     1     0     613.317      -1.0
31   6     157     1     0     615.319      -1.0
31   6     158     1     0     613.53      -1.0
31   6     159     1     0     616.6      -1.0
31   6     160     1     0     606.441      -1.0
31   6     161     1     0     606.654      -1.0
31   6     162     1     0     606.826      -1.0
31   6     163     1     0     606.631      -1.0
31   6     164     1     0     605.338      -1.0
31   6     165     1     0     607.356      -1.0
31   6     166     1     0     606.439      -1.0
31   6     167     1     0     606.08      -1.0
31   6     168     1     0     606.235      -1.0
31   6     169     1     0     606.934      -1.0
31   6     170     1     0     605.48      -1.0
31   6     171     1     0     605.637      -1.0
31   6     172     1     0     607.667      -1.0
31   6     173     1     0     608.555      -1.0
31   6     174     1     0     608.275      -1.0
31   6     175     1     0     608.554      -1.0
31   6     176     1     0     608.198      -1.0
31   6     177     1     0     608.807      -1.0
31   6     178     1     0     608.865      -1.0
31   6     179     1     0     608.474      -1.0
31   6     180     1     0     608.776      -1.0
31   6     181     1     0     608.664      -1.0
31   6     182     1     0     607.08      -1.0
31   6     183     1     0     606.666      -1.0
31   6     184     1     0     606.121      -1.0
31   6     185     1     0     606.004      -1.0
31   6     186     1     0     606.087      -1.0
31   6     187     1     0     606.623      -1.0
31   6     188     1     0     607.123      -1.0
31   6     189     1     0     606.787      -1.0
31   6     190     1     0     606.391      -1.0
31   6     191     1     0     606.503      -1.0
31   6     192     1     0     607.291      -1.0
31   6     193     1     0     607.522      -1.0
31   6     194     1     0     606.301      -1.0
31   6     195     1     0     606.969      -1.0
31   6     196     1     0     606.853      -1.0
31   6     197     1     0     606.14      -1.0
31   6     198     1     0     606.822      -1.0
31   6     199     1     0     606.363      -1.0
31   6     200     1     0     606.671      -1.0
31   6     201     1     0     606.104      -1.0
31   6     202     1     0     606.863      -1.0
31   6     203     1     0     605.957      -1.0
31   6     204     1     0     610.339      -1.0
31   6     205     1     0     610.198      -1.0
31   6     206     1     0     609.694      -1.0
31   6     207     1     0     608.179      -1.0
31   6     208     1     0     610.46      -1.0
31   6     209     1     0     607.607      -1.0
31   6     210     1     0     609.505      -1.0
31   6     211     1     0     609.364      -1.0
31   6     212     1     0     610.568      -1.0
31   6     213     1     0     609.841      -1.0
31   6     214     1     0     607.338      -1.0
31   6     215     1     0     607.765      -1.0
31   6     216     1     0     607.947      -1.0
31   6     217     1     0     607.047      -1.0
31   6     218     1     0     607.372      -1.0
31   6     219     1     0     608.167      -1.0
31   6     220     1     0     607.471      -1.0
31   6     221     1     0     607.146      -1.0
31   6     222     1     0     608.624      -1.0
31   6     223     1     0     613.9      -1.0
31   6     224     1     0     607.589      -1.0
31   6     225     1     0     606.053      -1.0
31   6     226     1     0     609.577      -1.0
31   6     227     1     0     608.808      -1.0
31   6     228     1     0     611.582      -1.0
31   6     229     1     0     609.162      -1.0
31   6     230     1     0     608.921      -1.0
31   6     231     1     0     608.643      -1.0
31   6     232     1     0     610.033      -1.0
31   6     233     1     0     607.932      -1.0
31   6     234     1     0     611.082      -1.0
31   6     235     1     0     604.977      -1.0
31   6     236     1     0     608.065      -1.0
31   6     237     1     0     607.249      -1.0
31   6     238     1     0     613.124      -1.0
31   6     239     1     0     611.005      -1.0
31   6     240     1     0     616.672      -1.0
31   6     241     1     0     610.404      -1.0
31   6     242     1     0     616.111      -1.0
31   6     243     1     0     605.499      -1.0
31   6     244     1     0     612.148      -1.0
31   6     245     1     0     613.761      -1.0
31   6     246     1     0     612.853      -1.0
31   6     247     1     0     608.745      -1.0
31   6     248     1     0     613.406      -1.0
31   6     249     1     0     609.333      -1.0
31   6     250     1     0     611.906      -1.0
31   6     251     1     0     608.678      -1.0
31   6     252     1     0     614.061      -1.0
31   6     253     1     0     607.761      -1.0
31   6     254     1     0     608.654      -1.0
31   6     255     1     0     607.447      -1.0
31   6     256     1     0     608.052      -1.0
31   6     257     1     0     608.089      -1.0
31   6     258     1     0     610.199      -1.0
31   6     259     1     0     608.326      -1.0
31   6     260     1     0     607.874      -1.0
31   6     261     1     0     607.904      -1.0
31   6     262     1     0     608.108      -1.0
31   6     263     1     0     608.831      -1.0
31   6     264     1     0     609.225      -1.0
31   6     265     1     0     611.185      -1.0
31   6     266     1     0     609.504      -1.0
31   6     267     1     0     609.841      -1.0
31   6     268     1     0     610.195      -1.0
31   6     269     1     0     608.993      -1.0
31   6     270     1     0     612.012      -1.0
31   6     271     1     0     610.421      -1.0
31   6     272     1     0     612.754      -1.0
31   6     273     1     0     612.099      -1.0
31   6     274     1     0     612.577      -1.0
31   6     275     1     0     612.59      -1.0
31   6     276     1     0     612.711      -1.0
31   6     277     1     0     611.567      -1.0
31   6     278     1     0     613.715      -1.0
31   6     279     1     0     610.569      -1.0
31   6     280     1     0     613.244      -1.0
31   6     281     1     0     614.773      -1.0
31   6     282     1     0     615.391      -1.0
31   6     283     1     0     612.542      -1.0
31   6     284     1     0     610.582      -1.0
31   6     285     1     0     611.451      -1.0
31   6     286     1     0     612.118      -1.0
31   6     287     1     0     613.101      -1.0
31   6     288     1     0     608.59      -1.0
31   6     289     1     0     608.311      -1.0
31   6     290     1     0     608.154      -1.0
31   6     291     1     0     610.529      -1.0
31   6     292     1     0     610.554      -1.0
31   6     293     1     0     607.744      -1.0
31   6     294     1     0     603.385      -1.0
31   6     295     1     0     609.544      -1.0
31   6     296     1     0     610.432      -1.0
31   6     297     1     0     608.723      -1.0
31   6     298     1     0     608.033      -1.0
31   6     299     1     0     608.897      -1.0
31   6     300     1     0     610.919      -1.0
31   6     301     1     0     609.218      -1.0
31   6     302     1     0     612.833      -1.0
31   6     303     1     0     612.669      -1.0
31   6     304     1     0     611.818      -1.0
31   6     305     1     0     612.788      -1.0
31   6     306     1     0     614.919      -1.0
31   6     307     1     0     612.282      -1.0
31   6     308     1     0     612.285      -1.0
31   6     309     1     0     612.297      -1.0
31   6     310     1     0     611.816      -1.0
31   6     311     1     0     611.173      -1.0
31   6     312     1     0     611.691      -1.0
31   6     313     1     0     612.392      -1.0
31   6     314     1     0     611.89      -1.0
31   6     315     1     0     609.674      -1.0
31   6     316     1     0     609.434      -1.0
31   6     317     1     0     608.535      -1.0
31   6     318     1     0     607.69      -1.0
31   6     319     1     0     608.954      -1.0
31   6     320     1     0     609.161      -1.0
31   6     321     1     0     607.939      -1.0
31   6     322     1     0     609.511      -1.0
31   6     323     1     0     610.477      -1.0
31   6     324     1     0     609.319      -1.0
31   6     325     1     0     609.485      -1.0
31   6     326     1     0     608.174      -1.0
31   6     327     1     0     609.633      -1.0
31   6     328     1     0     610.098      -1.0
31   6     329     1     0     609.32      -1.0
31   6     330     1     0     609.849      -1.0
31   6     331     1     0     606.249      -1.0
31   6     332     1     0     609.578      -1.0
31   6     333     1     0     609.275      -1.0
31   6     334     1     0     614.161      -1.0
31   6     335     1     0     611.887      -1.0
31   6     336     1     0     614.184      -1.0
31   6     337     1     0     613.25      -1.0
31   6     338     1     0     613.949      -1.0
31   6     339     1     0     615.491      -1.0
31   6     340     1     0     614.378      -1.0
31   6     341     1     0     613.335      -1.0
31   6     342     1     0     615.07      -1.0
31   6     343     1     0     612.995      -1.0
31   6     344     1     0     613.492      -1.0
31   6     345     1     0     616.182      -1.0
31   6     346     1     0     614.065      -1.0
31   6     347     1     0     614.225      -1.0
31   6     348     1     0     616.423      -1.0
31   6     349     1     0     611.513      -1.0
31   6     350     1     0     610.26      -1.0
31   6     351     1     0     611.044      -1.0
31   6     352     1     0     612.685      -1.0
31   6     353     1     0     606.473      -1.0
31   6     354     1     0     612.859      -1.0
31   6     355     1     0     610.449      -1.0
31   6     356     1     0     611.973      -1.0
31   6     357     1     0     612.054      -1.0
31   6     358     1     0     611.413      -1.0
31   6     359     1     0     610.037      -1.0
31   6     360     1     0     612.981      -1.0
31   6     361     1     0     609.941      -1.0
31   6     362     1     0     613.632      -1.0
31   6     363     1     0     609.161      -1.0
31   6     364     1     0     612.657      -1.0
31   6     365     1     0     610.259      -1.0
31   6     366     1     0     616.328      -1.0
31   6     367     1     0     614.618      -1.0
31   6     368     1     0     615.893      -1.0
31   6     369     1     0     613.217      -1.0
31   6     370     1     0     617.006      -1.0
31   6     371     1     0     612.747      -1.0
31   6     372     1     0     617.239      -1.0
31   6     373     1     0     613.343      -1.0
31   6     374     1     0     618.925      -1.0
31   6     375     1     0     611.454      -1.0
31   6     376     1     0     618.189      -1.0
31   6     377     1     0     611.017      -1.0
31   6     378     1     0     615.828      -1.0
31   6     379     1     0     611.593      -1.0
31   6     380     1     0     613.879      -1.0
31   6     381     1     0     611.413      -1.0
31   6     382     1     0     616      -1.0
31   6     383     1     0     610.372      -1.0
31   6     384     1     0     605.075      -1.0
31   6     385     1     0     606.118      -1.0
31   6     386     1     0     606.534      -1.0
31   6     387     1     0     606.628      -1.0
31   6     388     1     0     605.273      -1.0
31   6     389     1     0     604.638      -1.0
31   6     390     1     0     606.553      -1.0
31   6     391     1     0     603.729      -1.0
31   6     392     1     0     607.67      -1.0
31   6     393     1     0     606.756      -1.0
31   6     394     1     0     610.148      -1.0
31   6     395     1     0     607.266      -1.0
31   6     396     1     0     607.778      -1.0
31   6     397     1     0     606.394      -1.0
31   6     398     1     0     609.843      -1.0
31   6     399     1     0     610.625      -1.0
31   6     400     1     0     610.473      -1.0
31   6     401     1     0     608.867      -1.0
31   6     402     1     0     610.671      -1.0
31   6     403     1     0     609.264      -1.0
31   6     404     1     0     610.397      -1.0
31   6     405     1     0     610.374      -1.0
31   6     406     1     0     610.566      -1.0
31   6     407     1     0     612.287      -1.0
31   6     408     1     0     610.457      -1.0
31   6     409     1     0     609.582      -1.0
31   6     410     1     0     608.03      -1.0
31   6     411     1     0     609.525      -1.0
31   6     412     1     0     605.96      -1.0
31   6     413     1     0     608.535      -1.0
31   6     414     1     0     606.957      -1.0
31   6     415     1     0     607.445      -1.0
31   6     416     1     0     572.756      -1.0
31   6     417     1     0     571.679      -1.0
31   6     418     1     0     572.25      -1.0
31   6     419     1     0     569.554      -1.0
31   6     420     1     0     574.082      -1.0
31   6     421     1     0     572.273      -1.0
31   6     422     1     0     572.145      -1.0
31   6     423     1     0     571.343      -1.0
31   6     424     1     0     574.532      -1.0
31   6     425     1     0     573.118      -1.0
31   6     426     1     0     571.936      -1.0
31   6     427     1     0     570.745      -1.0
31   6     428     1     0     580.139      -1.0
31   6     429     1     0     577.814      -1.0
31   6     430     1     0     579.968      -1.0
31   6     431     1     0     578.754      -1.0
31   6     432     1     0     579.977      -1.0
31   6     433     1     0     576.527      -1.0
31   6     434     1     0     579.617      -1.0
31   6     435     1     0     577.486      -1.0
31   6     436     1     0     580.044      -1.0
31   6     437     1     0     578.338      -1.0
31   6     438     1     0     573.644      -1.0
31   6     439     1     0     571.845      -1.0
31   6     440     1     0     573.646      -1.0
31   6     441     1     0     570.651      -1.0
31   6     442     1     0     572.355      -1.0
31   6     443     1     0     571.274      -1.0
31   6     444     1     0     574.679      -1.0
31   6     445     1     0     572.911      -1.0
31   6     446     1     0     572.106      -1.0
31   6     447     1     0     569.438      -1.0
31   6     448     1     0     575.6      -1.0
31   6     449     1     0     575.527      -1.0
31   6     450     1     0     574.469      -1.0
31   6     451     1     0     572.757      -1.0
31   6     452     1     0     575.849      -1.0
31   6     453     1     0     574.772      -1.0
31   6     454     1     0     574.67      -1.0
31   6     455     1     0     573.152      -1.0
31   6     456     1     0     575.042      -1.0
31   6     457     1     0     574.912      -1.0
31   6     458     1     0     576.034      -1.0
31   6     459     1     0     572.495      -1.0
31   6     460     1     0     581.796      -1.0
31   6     461     1     0     580.835      -1.0
31   6     462     1     0     581.163      -1.0
31   6     463     1     0     580.043      -1.0
31   6     464     1     0     580.212      -1.0
31   6     465     1     0     579.562      -1.0
31   6     466     1     0     581.023      -1.0
31   6     467     1     0     579.703      -1.0
31   6     468     1     0     580.827      -1.0
31   6     469     1     0     579.627      -1.0
31   6     470     1     0     575.596      -1.0
31   6     471     1     0     573.832      -1.0
31   6     472     1     0     575.065      -1.0
31   6     473     1     0     573.947      -1.0
31   6     474     1     0     573.814      -1.0
31   6     475     1     0     572.771      -1.0
31   6     476     1     0     574.255      -1.0
31   6     477     1     0     575.365      -1.0
31   6     478     1     0     575.657      -1.0
31   6     479     1     0     572.891      -1.0
31   6     480     1     0     575.119      -1.0
31   6     481     1     0     575.555      -1.0
31   6     482     1     0     573.532      -1.0
31   6     483     1     0     572.767      -1.0
31   6     484     1     0     573.691      -1.0
31   6     485     1     0     574.601      -1.0
31   6     486     1     0     570.498      -1.0
31   6     487     1     0     572.578      -1.0
31   6     488     1     0     572.7      -1.0
31   6     489     1     0     574.192      -1.0
31   6     490     1     0     572.442      -1.0
31   6     491     1     0     577.074      -1.0
31   6     492     1     0     582.389      -1.0
31   6     493     1     0     581.262      -1.0
31   6     494     1     0     579.087      -1.0
31   6     495     1     0     580.708      -1.0
31   6     496     1     0     580.505      -1.0
31   6     497     1     0     580.06      -1.0
31   6     498     1     0     578.955      -1.0
31   6     499     1     0     578.209      -1.0
31   6     500     1     0     580.367      -1.0
31   6     501     1     0     579.927      -1.0
31   6     502     1     0     573.413      -1.0
31   6     503     1     0     573.637      -1.0
31   6     504     1     0     574.665      -1.0
31   6     505     1     0     574.468      -1.0
31   6     506     1     0     573.477      -1.0
31   6     507     1     0     573.898      -1.0
31   6     508     1     0     574.809      -1.0
31   6     509     1     0     576.347      -1.0
31   6     510     1     0     573.983      -1.0
31   6     511     1     0     574.683      -1.0
31   6     512     1     0     621.302      -1.0
31   6     513     1     0     621.315      -1.0
31   6     514     1     0     620.937      -1.0
31   6     515     1     0     620.578      -1.0
31   6     516     1     0     619.522      -1.0
31   6     517     1     0     621.35      -1.0
31   6     518     1     0     620.752      -1.0
31   6     519     1     0     620.16      -1.0
31   6     520     1     0     620.181      -1.0
31   6     521     1     0     620.548      -1.0
31   6     522     1     0     619.737      -1.0
31   6     523     1     0     619.276      -1.0
31   6     524     1     0     619.601      -1.0
31   6     525     1     0     619.092      -1.0
31   6     526     1     0     620.046      -1.0
31   6     527     1     0     620.686      -1.0
31   6     528     1     0     619.577      -1.0
31   6     529     1     0     620.64      -1.0
31   6     530     1     0     620.154      -1.0
31   6     531     1     0     619.866      -1.0
31   6     532     1     0     620.74      -1.0
31   6     533     1     0     620.983      -1.0
31   6     534     1     0     619.563      -1.0
31   6     535     1     0     619.247      -1.0
31   6     536     1     0     618.693      -1.0
31   6     537     1     0     620.014      -1.0
#PHI4
31   7     0     1     0     620.885      -1.0
31   7     1     1     0     621.775      -1.0
31   7     2     1     0     621.246      -1.0
31   7     3     1     0     621.875      -1.0
31   7     4     1     0     619.876      -1.0
31   7     5     1     0     620.224      -1.0
31   7     6     1     0     621.517      -1.0
31   7     7     1     0     621.463      -1.0
31   7     8     1     0     620.358      -1.0
31   7     9     1     0     619.381      -1.0
31   7     10     1     0     621.088      -1.0
31   7     11     1     0     621.467      -1.0
31   7     12     1     0     619.525      -1.0
31   7     13     1     0     620.87      -1.0
31   7     14     1     0     620.716      -1.0
31   7     15     1     0     620.952      -1.0
31   7     16     1     0     619.712      -1.0
31   7     17     1     0     619.62      -1.0
31   7     18     1     0     621.693      -1.0
31   7     19     1     0     619.957      -1.0
31   7     20     1     0     616.967      -1.0
31   7     21     1     0     620.204      -1.0
31   7     22     1     0     622.103      -1.0
31   7     23     1     0     620.849      -1.0
31   7     24     1     0     619.312      -1.0
31   7     25     1     0     619.247      -1.0
31   7     26     1     0     620.698      -1.0
31   7     27     1     0     619.404      -1.0
31   7     28     1     0     618.16      -1.0
31   7     29     1     0     619.873      -1.0
31   7     30     1     0     620.173      -1.0
31   7     31     1     0     620.073      -1.0
31   7     32     1     0     621.322      -1.0
31   7     33     1     0     621.835      -1.0
31   7     34     1     0     621.873      -1.0
31   7     35     1     0     620.971      -1.0
31   7     36     1     0     622.151      -1.0
31   7     37     1     0     622.422      -1.0
31   7     38     1     0     621.493      -1.0
31   7     39     1     0     620.304      -1.0
31   7     40     1     0     618.38      -1.0
31   7     41     1     0     620.266      -1.0
31   7     42     1     0     622.282      -1.0
31   7     43     1     0     622.612      -1.0
31   7     44     1     0     618.85      -1.0
31   7     45     1     0     621.269      -1.0
31   7     46     1     0     621.005      -1.0
31   7     47     1     0     620.931      -1.0
31   7     48     1     0     615.36      -1.0
31   7     49     1     0     621.423      -1.0
31   7     50     1     0     620.523      -1.0
31   7     51     1     0     625.673      -1.0
31   7     52     1     0     620.833      -1.0
31   7     53     1     0     619.485      -1.0
31   7     54     1     0     622.079      -1.0
31   7     55     1     0     621.583      -1.0
31   7     56     1     0     620.272      -1.0
31   7     57     1     0     621.165      -1.0
31   7     58     1     0     620.905      -1.0
31   7     59     1     0     620.977      -1.0
31   7     60     1     0     621.191      -1.0
31   7     61     1     0     619.75      -1.0
31   7     62     1     0     622.06      -1.0
31   7     63     1     0     620.677      -1.0
31   7     64     1     0     619.321      -1.0
31   7     65     1     0     620.99      -1.0
31   7     66     1     0     619.322      -1.0
31   7     67     1     0     621.361      -1.0
31   7     68     1     0     619.994      -1.0
31   7     69     1     0     621.545      -1.0
31   7     70     1     0     618.667      -1.0
31   7     71     1     0     620.088      -1.0
31   7     72     1     0     620.744      -1.0
31   7     73     1     0     620.903      -1.0
31   7     74     1     0     618.568      -1.0
31   7     75     1     0     619.601      -1.0
31   7     76     1     0     617.89      -1.0
31   7     77     1     0     619.827      -1.0
31   7     78     1     0     619.088      -1.0
31   7     79     1     0     620.651      -1.0
31   7     80     1     0     619.045      -1.0
31   7     81     1     0     621.12      -1.0
31   7     82     1     0     619.857      -1.0
31   7     83     1     0     617.786      -1.0
31   7     84     1     0     620.185      -1.0
31   7     85     1     0     622.45      -1.0
31   7     86     1     0     620.113      -1.0
31   7     87     1     0     619.788      -1.0
31   7     88     1     0     619.788      -1.0
31   7     89     1     0     616      -1.0
31   7     90     1     0     621.585      -1.0
31   7     91     1     0     621.057      -1.0
31   7     92     1     0     619.217      -1.0
31   7     93     1     0     621.125      -1.0
31   7     94     1     0     619.555      -1.0
31   7     95     1     0     619.922      -1.0
31   7     96     1     0     620.81      -1.0
31   7     97     1     0     620.366      -1.0
31   7     98     1     0     625.298      -1.0
31   7     99     1     0     619.972      -1.0
31   7     100     1     0     622.17      -1.0
31   7     101     1     0     615.287      -1.0
31   7     102     1     0     620.357      -1.0
31   7     103     1     0     620.209      -1.0
31   7     104     1     0     618.441      -1.0
31   7     105     1     0     619.479      -1.0
31   7     106     1     0     620.887      -1.0
31   7     107     1     0     620.162      -1.0
31   7     108     1     0     621.44      -1.0
31   7     109     1     0     619.575      -1.0
31   7     110     1     0     616.89      -1.0
31   7     111     1     0     620.783      -1.0
31   7     112     1     0     621.498      -1.0
31   7     113     1     0     619.561      -1.0
31   7     114     1     0     621.983      -1.0
31   7     115     1     0     620.515      -1.0
31   7     116     1     0     619.35      -1.0
31   7     117     1     0     620.778      -1.0
31   7     118     1     0     618.64      -1.0
31   7     119     1     0     620.272      -1.0
31   7     120     1     0     620.572      -1.0
31   7     121     1     0     619.985      -1.0
31   7     122     1     0     621.904      -1.0
31   7     123     1     0     621.654      -1.0
31   7     124     1     0     619.294      -1.0
31   7     125     1     0     619.387      -1.0
31   7     126     1     0     621.385      -1.0
31   7     127     1     0     619.739      -1.0
31   7     128     1     0     616      -1.0
31   7     129     1     0     612.427      -1.0
31   7     130     1     0     614.146      -1.0
31   7     131     1     0     611.275      -1.0
31   7     132     1     0     610.235      -1.0
31   7     133     1     0     611.877      -1.0
31   7     134     1     0     615.618      -1.0
31   7     135     1     0     612.264      -1.0
31   7     136     1     0     612.778      -1.0
31   7     137     1     0     616      -1.0
31   7     138     1     0     613.225      -1.0
31   7     139     1     0     612.521      -1.0
31   7     140     1     0     616.004      -1.0
31   7     141     1     0     613.247      -1.0
31   7     142     1     0     612.282      -1.0
31   7     143     1     0     618.093      -1.0
31   7     144     1     0     614.5      -1.0
31   7     145     1     0     614.563      -1.0
31   7     146     1     0     607.495      -1.0
31   7     147     1     0     613.643      -1.0
31   7     148     1     0     612.5      -1.0
31   7     149     1     0     616      -1.0
31   7     150     1     0     612.072      -1.0
31   7     151     1     0     610.765      -1.0
31   7     152     1     0     612.001      -1.0
31   7     153     1     0     611.496      -1.0
31   7     154     1     0     611.303      -1.0
31   7     155     1     0     616      -1.0
31   7     156     1     0     612.864      -1.0
31   7     157     1     0     617.849      -1.0
31   7     158     1     0     612.434      -1.0
31   7     159     1     0     617.86      -1.0
31   7     160     1     0     621.444      -1.0
31   7     161     1     0     609.625      -1.0
31   7     162     1     0     614.416      -1.0
31   7     163     1     0     613.899      -1.0
31   7     164     1     0     616      -1.0
31   7     165     1     0     612.5      -1.0
31   7     166     1     0     615.286      -1.0
31   7     167     1     0     613.805      -1.0
31   7     168     1     0     616      -1.0
31   7     169     1     0     611.836      -1.0
31   7     170     1     0     613.735      -1.0
31   7     171     1     0     612.269      -1.0
31   7     172     1     0     610.903      -1.0
31   7     173     1     0     614.284      -1.0
31   7     174     1     0     609.769      -1.0
31   7     175     1     0     616      -1.0
31   7     176     1     0     612.597      -1.0
31   7     177     1     0     614.914      -1.0
31   7     178     1     0     611.189      -1.0
31   7     179     1     0     616      -1.0
31   7     180     1     0     616.962      -1.0
31   7     181     1     0     612.056      -1.0
31   7     182     1     0     611.75      -1.0
31   7     183     1     0     613.395      -1.0
31   7     184     1     0     611.213      -1.0
31   7     185     1     0     612.092      -1.0
31   7     186     1     0     609.553      -1.0
31   7     187     1     0     615.521      -1.0
31   7     188     1     0     611.562      -1.0
31   7     189     1     0     615.969      -1.0
31   7     190     1     0     612.045      -1.0
31   7     191     1     0     612.318      -1.0
31   7     192     1     0     612.096      -1.0
31   7     193     1     0     611.086      -1.0
31   7     194     1     0     614.027      -1.0
31   7     195     1     0     613.7      -1.0
31   7     196     1     0     613.5      -1.0
31   7     197     1     0     612.029      -1.0
31   7     198     1     0     615.967      -1.0
31   7     199     1     0     612.722      -1.0
31   7     200     1     0     613.075      -1.0
31   7     201     1     0     614.537      -1.0
31   7     202     1     0     614.987      -1.0
31   7     203     1     0     614.459      -1.0
31   7     204     1     0     613.636      -1.0
31   7     205     1     0     614.747      -1.0
31   7     206     1     0     614.191      -1.0
31   7     207     1     0     612.375      -1.0
31   7     208     1     0     611.97      -1.0
31   7     209     1     0     616      -1.0
31   7     210     1     0     611.299      -1.0
31   7     211     1     0     613      -1.0
31   7     212     1     0     612.808      -1.0
31   7     213     1     0     615.066      -1.0
31   7     214     1     0     610.25      -1.0
31   7     215     1     0     616.045      -1.0
31   7     216     1     0     614.115      -1.0
31   7     217     1     0     614.87      -1.0
31   7     218     1     0     614.722      -1.0
31   7     219     1     0     616      -1.0
31   7     220     1     0     610.525      -1.0
31   7     221     1     0     615.333      -1.0
31   7     222     1     0     610.69      -1.0
31   7     223     1     0     616.141      -1.0
31   7     224     1     0     618.357      -1.0
31   7     225     1     0     614.25      -1.0
31   7     226     1     0     616.163      -1.0
31   7     227     1     0     613.079      -1.0
31   7     228     1     0     613.322      -1.0
31   7     229     1     0     612.587      -1.0
31   7     230     1     0     617.836      -1.0
31   7     231     1     0     615.534      -1.0
31   7     232     1     0     614.074      -1.0
31   7     233     1     0     613.339      -1.0
31   7     234     1     0     618.071      -1.0
31   7     235     1     0     615.144      -1.0
31   7     236     1     0     614.822      -1.0
31   7     237     1     0     613.647      -1.0
31   7     238     1     0     614.214      -1.0
31   7     239     1     0     613.878      -1.0
31   7     240     1     0     612.27      -1.0
31   7     241     1     0     615.682      -1.0
31   7     242     1     0     613.158      -1.0
31   7     243     1     0     615.515      -1.0
31   7     244     1     0     613.875      -1.0
31   7     245     1     0     613.591      -1.0
31   7     246     1     0     611.309      -1.0
31   7     247     1     0     613.926      -1.0
31   7     248     1     0     615.005      -1.0
31   7     249     1     0     616.492      -1.0
31   7     250     1     0     612.489      -1.0
31   7     251     1     0     618.028      -1.0
31   7     252     1     0     613.4      -1.0
31   7     253     1     0     619.84      -1.0
31   7     254     1     0     613.644      -1.0
31   7     255     1     0     616.873      -1.0
31   7     256     1     0     618.59      -1.0
31   7     257     1     0     613.44      -1.0
31   7     258     1     0     612.442      -1.0
31   7     259     1     0     613.446      -1.0
31   7     260     1     0     614.167      -1.0
31   7     261     1     0     615.522      -1.0
31   7     262     1     0     613.816      -1.0
31   7     263     1     0     612.833      -1.0
31   7     264     1     0     615.249      -1.0
31   7     265     1     0     615.731      -1.0
31   7     266     1     0     617.812      -1.0
31   7     267     1     0     622.125      -1.0
31   7     268     1     0     613.783      -1.0
31   7     269     1     0     611.302      -1.0
31   7     270     1     0     616      -1.0
31   7     271     1     0     613.43      -1.0
31   7     272     1     0     613.929      -1.0
31   7     273     1     0     615.5      -1.0
31   7     274     1     0     614.081      -1.0
31   7     275     1     0     615.853      -1.0
31   7     276     1     0     613.423      -1.0
31   7     277     1     0     613.786      -1.0
31   7     278     1     0     612.362      -1.0
31   7     279     1     0     614.895      -1.0
31   7     280     1     0     612.341      -1.0
31   7     281     1     0     612.87      -1.0
31   7     282     1     0     613.181      -1.0
31   7     283     1     0     614.409      -1.0
31   7     284     1     0     611.425      -1.0
31   7     285     1     0     616.767      -1.0
31   7     286     1     0     608.047      -1.0
31   7     287     1     0     613.89      -1.0
31   7     288     1     0     615.3      -1.0
31   7     289     1     0     614.654      -1.0
31   7     290     1     0     615.135      -1.0
31   7     291     1     0     613.63      -1.0
31   7     292     1     0     615.787      -1.0
31   7     293     1     0     614.278      -1.0
31   7     294     1     0     616.86      -1.0
31   7     295     1     0     613.159      -1.0
31   7     296     1     0     616.071      -1.0
31   7     297     1     0     612.498      -1.0
31   7     298     1     0     616      -1.0
31   7     299     1     0     613.833      -1.0
31   7     300     1     0     616.711      -1.0
31   7     301     1     0     613.756      -1.0
31   7     302     1     0     615.548      -1.0
31   7     303     1     0     615      -1.0
31   7     304     1     0     616.339      -1.0
31   7     305     1     0     615.4      -1.0
31   7     306     1     0     615.682      -1.0
31   7     307     1     0     618.713      -1.0
31   7     308     1     0     617.721      -1.0
31   7     309     1     0     614.738      -1.0
31   7     310     1     0     612.625      -1.0
31   7     311     1     0     615.851      -1.0
31   7     312     1     0     613.925      -1.0
31   7     313     1     0     614.798      -1.0
31   7     314     1     0     614.084      -1.0
31   7     315     1     0     617.079      -1.0
31   7     316     1     0     614.563      -1.0
31   7     317     1     0     617.506      -1.0
31   7     318     1     0     614.192      -1.0
31   7     319     1     0     618.09      -1.0
31   7     320     1     0     615.333      -1.0
31   7     321     1     0     613.849      -1.0
31   7     322     1     0     616.395      -1.0
31   7     323     1     0     612.85      -1.0
31   7     324     1     0     611.777      -1.0
31   7     325     1     0     613.998      -1.0
31   7     326     1     0     616.239      -1.0
31   7     327     1     0     613.459      -1.0
31   7     328     1     0     614.551      -1.0
31   7     329     1     0     616.169      -1.0
31   7     330     1     0     616.929      -1.0
31   7     331     1     0     614.838      -1.0
31   7     332     1     0     614.294      -1.0
31   7     333     1     0     610.325      -1.0
31   7     334     1     0     613.384      -1.0
31   7     335     1     0     616.537      -1.0
31   7     336     1     0     613.389      -1.0
31   7     337     1     0     615.127      -1.0
31   7     338     1     0     613.969      -1.0
31   7     339     1     0     614.685      -1.0
31   7     340     1     0     616.041      -1.0
31   7     341     1     0     615.363      -1.0
31   7     342     1     0     613.105      -1.0
31   7     343     1     0     613.071      -1.0
31   7     344     1     0     613.581      -1.0
31   7     345     1     0     615.682      -1.0
31   7     346     1     0     613.643      -1.0
31   7     347     1     0     614.774      -1.0
31   7     348     1     0     614.433      -1.0
31   7     349     1     0     611.199      -1.0
31   7     350     1     0     613.384      -1.0
31   7     351     1     0     616.192      -1.0
31   7     352     1     0     616.293      -1.0
31   7     353     1     0     612.187      -1.0
31   7     354     1     0     614.853      -1.0
31   7     355     1     0     611.776      -1.0
31   7     356     1     0     612.57      -1.0
31   7     357     1     0     612.732      -1.0
31   7     358     1     0     614.894      -1.0
31   7     359     1     0     612.518      -1.0
31   7     360     1     0     613.968      -1.0
31   7     361     1     0     612.075      -1.0
31   7     362     1     0     614.664      -1.0
31   7     363     1     0     611.971      -1.0
31   7     364     1     0     612.673      -1.0
31   7     365     1     0     611.858      -1.0
31   7     366     1     0     612.536      -1.0
31   7     367     1     0     613.25      -1.0
31   7     368     1     0     614.269      -1.0
31   7     369     1     0     613.727      -1.0
31   7     370     1     0     610.985      -1.0
31   7     371     1     0     612.207      -1.0
31   7     372     1     0     611.962      -1.0
31   7     373     1     0     611.961      -1.0
31   7     374     1     0     611.413      -1.0
31   7     375     1     0     613.685      -1.0
31   7     376     1     0     612.153      -1.0
31   7     377     1     0     611.732      -1.0
31   7     378     1     0     611.768      -1.0
31   7     379     1     0     614.07      -1.0
31   7     380     1     0     612.778      -1.0
31   7     381     1     0     613.685      -1.0
31   7     382     1     0     610.793      -1.0
31   7     383     1     0     613.917      -1.0
31   7     384     1     0     604.943      -1.0
31   7     385     1     0     604.779      -1.0
31   7     386     1     0     605.789      -1.0
31   7     387     1     0     604.446      -1.0
31   7     388     1     0     609.801      -1.0
31   7     389     1     0     610.574      -1.0
31   7     390     1     0     609.735      -1.0
31   7     391     1     0     608.701      -1.0
31   7     392     1     0     609.261      -1.0
31   7     393     1     0     607.387      -1.0
31   7     394     1     0     608.546      -1.0
31   7     395     1     0     608.608      -1.0
31   7     396     1     0     613.13      -1.0
31   7     397     1     0     610.975      -1.0
31   7     398     1     0     608.745      -1.0
31   7     399     1     0     603.583      -1.0
31   7     400     1     0     609.647      -1.0
31   7     401     1     0     609.301      -1.0
31   7     402     1     0     606.117      -1.0
31   7     403     1     0     604.483      -1.0
31   7     404     1     0     605.233      -1.0
31   7     405     1     0     605.3      -1.0
31   7     406     1     0     605.605      -1.0
31   7     407     1     0     605.172      -1.0
31   7     408     1     0     604.872      -1.0
31   7     409     1     0     605.253      -1.0
31   7     410     1     0     605.661      -1.0
31   7     411     1     0     603.734      -1.0
31   7     412     1     0     604.474      -1.0
31   7     413     1     0     605.619      -1.0
31   7     414     1     0     605.69      -1.0
31   7     415     1     0     604.043      -1.0
31   7     416     1     0     605.655      -1.0
31   7     417     1     0     604.862      -1.0
31   7     418     1     0     604.724      -1.0
31   7     419     1     0     605.575      -1.0
31   7     420     1     0     609.087      -1.0
31   7     421     1     0     609.372      -1.0
31   7     422     1     0     609.051      -1.0
31   7     423     1     0     609.207      -1.0
31   7     424     1     0     607.862      -1.0
31   7     425     1     0     608.648      -1.0
31   7     426     1     0     609.181      -1.0
31   7     427     1     0     610.185      -1.0
31   7     428     1     0     609.017      -1.0
31   7     429     1     0     610.096      -1.0
31   7     430     1     0     608.923      -1.0
31   7     431     1     0     616      -1.0
31   7     432     1     0     609.012      -1.0
31   7     433     1     0     609.255      -1.0
31   7     434     1     0     604.345      -1.0
31   7     435     1     0     604.903      -1.0
31   7     436     1     0     604.194      -1.0
31   7     437     1     0     605.165      -1.0
31   7     438     1     0     605.232      -1.0
31   7     439     1     0     603.738      -1.0
31   7     440     1     0     604.788      -1.0
31   7     441     1     0     604.866      -1.0
31   7     442     1     0     604.035      -1.0
31   7     443     1     0     604.547      -1.0
31   7     444     1     0     604.274      -1.0
31   7     445     1     0     604.48      -1.0
31   7     446     1     0     603.857      -1.0
31   7     447     1     0     605.224      -1.0
31   7     448     1     0     609.232      -1.0
31   7     449     1     0     609.563      -1.0
31   7     450     1     0     609.512      -1.0
31   7     451     1     0     610.445      -1.0
31   7     452     1     0     609.149      -1.0
31   7     453     1     0     610.093      -1.0
31   7     454     1     0     610.085      -1.0
31   7     455     1     0     610.024      -1.0
31   7     456     1     0     609.563      -1.0
31   7     457     1     0     610.392      -1.0
31   7     458     1     0     611.122      -1.0
31   7     459     1     0     611.013      -1.0
31   7     460     1     0     611.734      -1.0
31   7     461     1     0     611.666      -1.0
31   7     462     1     0     611.378      -1.0
31   7     463     1     0     610.573      -1.0
31   7     464     1     0     611.481      -1.0
31   7     465     1     0     611.004      -1.0
31   7     466     1     0     611.997      -1.0
31   7     467     1     0     610.721      -1.0
31   7     468     1     0     608.427      -1.0
31   7     469     1     0     608.321      -1.0
31   7     470     1     0     609.737      -1.0
31   7     471     1     0     609.808      -1.0
31   7     472     1     0     609.91      -1.0
31   7     473     1     0     609.956      -1.0
31   7     474     1     0     609.512      -1.0
31   7     475     1     0     608.741      -1.0
31   7     476     1     0     609.319      -1.0
31   7     477     1     0     611.042      -1.0
31   7     478     1     0     610.783      -1.0
31   7     479     1     0     609.196      -1.0
31   7     480     1     0     610.489      -1.0
31   7     481     1     0     609.931      -1.0
31   7     482     1     0     610.6      -1.0
31   7     483     1     0     609.85      -1.0
31   7     484     1     0     611.021      -1.0
31   7     485     1     0     610.261      -1.0
31   7     486     1     0     610.743      -1.0
31   7     487     1     0     610.193      -1.0
31   7     488     1     0     610.26      -1.0
31   7     489     1     0     610.331      -1.0
31   7     490     1     0     611.628      -1.0
31   7     491     1     0     611.187      -1.0
31   7     492     1     0     610.405      -1.0
31   7     493     1     0     611.145      -1.0
31   7     494     1     0     610.949      -1.0
31   7     495     1     0     611.293      -1.0
31   7     496     1     0     610.478      -1.0
31   7     497     1     0     610.411      -1.0
31   7     498     1     0     611.601      -1.0
31   7     499     1     0     611.909      -1.0
31   7     500     1     0     608.454      -1.0
31   7     501     1     0     608.698      -1.0
31   7     502     1     0     609.492      -1.0
31   7     503     1     0     609.015      -1.0
31   7     504     1     0     609.75      -1.0
31   7     505     1     0     608.406      -1.0
31   7     506     1     0     609.48      -1.0
31   7     507     1     0     609.133      -1.0
31   7     508     1     0     609.896      -1.0
31   7     509     1     0     609.72      -1.0
31   7     510     1     0     609.954      -1.0
31   7     511     1     0     609.075      -1.0
31   7     512     1     0     607.454      -1.0
31   7     513     1     0     606.702      -1.0
31   7     514     1     0     609.889      -1.0
31   7     515     1     0     607.995      -1.0
31   7     516     1     0     607.957      -1.0
31   7     517     1     0     606.911      -1.0
31   7     518     1     0     608.413      -1.0
31   7     519     1     0     606.937      -1.0
31   7     520     1     0     609.222      -1.0
31   7     521     1     0     607.115      -1.0
31   7     522     1     0     608.183      -1.0
31   7     523     1     0     606.635      -1.0
31   7     524     1     0     608.544      -1.0
31   7     525     1     0     608.04      -1.0
31   7     526     1     0     611.227      -1.0
31   7     527     1     0     610.23      -1.0
31   7     528     1     0     611.219      -1.0
31   7     529     1     0     610.912      -1.0
31   7     530     1     0     612.512      -1.0
31   7     531     1     0     610.425      -1.0
31   7     532     1     0     611.895      -1.0
31   7     533     1     0     611.65      -1.0
31   7     534     1     0     611.6      -1.0
31   7     535     1     0     610.606      -1.0
31   7     536     1     0     611.411      -1.0
31   7     537     1     0     609.343      -1.0
31   7     538     1     0     610.917      -1.0
31   7     539     1     0     609.444      -1.0
31   7     540     1     0     607.759      -1.0
31   7     541     1     0     607.457      -1.0
31   7     542     1     0     609.594      -1.0
31   7     543     1     0     606.371      -1.0
31   7     544     1     0     610.327      -1.0
31   7     545     1     0     606.347      -1.0
31   7     546     1     0     609.253      -1.0
31   7     547     1     0     607.199      -1.0
31   7     548     1     0     611.552      -1.0
31   7     549     1     0     608.876      -1.0
31   7     550     1     0     611.577      -1.0
31   7     551     1     0     608.445      -1.0
31   7     552     1     0     611.696      -1.0
31   7     553     1     0     609.145      -1.0
31   7     554     1     0     611.669      -1.0
31   7     555     1     0     609.333      -1.0
31   7     556     1     0     611.922      -1.0
31   7     557     1     0     609.333      -1.0
31   7     558     1     0     611.515      -1.0
31   7     559     1     0     609.644      -1.0
31   7     560     1     0     611.188      -1.0
31   7     561     1     0     608.521      -1.0
31   7     562     1     0     607.972      -1.0
31   7     563     1     0     605.195      -1.0
31   7     564     1     0     608.245      -1.0
31   7     565     1     0     605.223      -1.0
31   7     566     1     0     608.832      -1.0
31   7     567     1     0     605.726      -1.0
31   7     568     1     0     608.153      -1.0
31   7     569     1     0     605.071      -1.0
31   7     570     1     0     607.803      -1.0
31   7     571     1     0     605.69      -1.0
31   7     572     1     0     608.476      -1.0
31   7     573     1     0     605.925      -1.0
31   7     574     1     0     607.647      -1.0
31   7     575     1     0     605.251      -1.0
31   7     576     1     0     611.443      -1.0
31   7     577     1     0     608.301      -1.0
31   7     578     1     0     611.259      -1.0
31   7     579     1     0     607.918      -1.0
31   7     580     1     0     613.726      -1.0
31   7     581     1     0     611.145      -1.0
31   7     582     1     0     612.82      -1.0
31   7     583     1     0     610.444      -1.0
31   7     584     1     0     613.879      -1.0
31   7     585     1     0     611.436      -1.0
31   7     586     1     0     615.039      -1.0
31   7     587     1     0     611.813      -1.0
31   7     588     1     0     613.994      -1.0
31   7     589     1     0     612.463      -1.0
31   7     590     1     0     614.684      -1.0
31   7     591     1     0     610.916      -1.0
31   7     592     1     0     613.935      -1.0
31   7     593     1     0     611.667      -1.0
31   7     594     1     0     611.377      -1.0
31   7     595     1     0     608.376      -1.0
31   7     596     1     0     610.709      -1.0
31   7     597     1     0     609.106      -1.0
31   7     598     1     0     611.441      -1.0
31   7     599     1     0     608.964      -1.0
31   7     600     1     0     611.414      -1.0
31   7     601     1     0     609.609      -1.0
31   7     602     1     0     611.662      -1.0
31   7     603     1     0     607.967      -1.0
31   7     604     1     0     611.566      -1.0
31   7     605     1     0     610.355      -1.0
31   7     606     1     0     610.544      -1.0
31   7     607     1     0     606.816      -1.0
31   7     608     1     0     607.9      -1.0
31   7     609     1     0     606.959      -1.0
31   7     610     1     0     606.882      -1.0
31   7     611     1     0     606.137      -1.0
31   7     612     1     0     609.809      -1.0
31   7     613     1     0     608.989      -1.0
31   7     614     1     0     610.019      -1.0
31   7     615     1     0     609.3      -1.0
31   7     616     1     0     609.868      -1.0
31   7     617     1     0     610.051      -1.0
31   7     618     1     0     609.661      -1.0
31   7     619     1     0     609.352      -1.0
31   7     620     1     0     610.35      -1.0
31   7     621     1     0     609.179      -1.0
31   7     622     1     0     608.95      -1.0
31   7     623     1     0     609.443      -1.0
31   7     624     1     0     609.748      -1.0
31   7     625     1     0     608.847      -1.0
31   7     626     1     0     606.9      -1.0
31   7     627     1     0     605.979      -1.0
31   7     628     1     0     606.53      -1.0
31   7     629     1     0     604.999      -1.0
31   7     630     1     0     607.358      -1.0
31   7     631     1     0     605.534      -1.0
31   7     632     1     0     606.815      -1.0
31   7     633     1     0     604.794      -1.0
31   7     634     1     0     606.042      -1.0
31   7     635     1     0     605.912      -1.0
31   7     636     1     0     606.527      -1.0
31   7     637     1     0     605.9      -1.0
31   7     638     1     0     605.322      -1.0
31   7     639     1     0     604.679      -1.0
31   7     640     1     0     608.101      -1.0
31   7     641     1     0     607.346      -1.0
31   7     642     1     0     608.362      -1.0
31   7     643     1     0     606.881      -1.0
31   7     644     1     0     610.492      -1.0
31   7     645     1     0     609.459      -1.0
31   7     646     1     0     611.132      -1.0
31   7     647     1     0     609.787      -1.0
31   7     648     1     0     611.539      -1.0
31   7     649     1     0     610.55      -1.0
31   7     650     1     0     612.589      -1.0
31   7     651     1     0     610.219      -1.0
31   7     652     1     0     611.293      -1.0
31   7     653     1     0     610.285      -1.0
31   7     654     1     0     610.386      -1.0
31   7     655     1     0     608.989      -1.0
31   7     656     1     0     611.519      -1.0
31   7     657     1     0     609.428      -1.0
31   7     658     1     0     608.466      -1.0
31   7     659     1     0     606.296      -1.0
31   7     660     1     0     607.947      -1.0
31   7     661     1     0     606.733      -1.0
31   7     662     1     0     608.175      -1.0
31   7     663     1     0     607.731      -1.0
31   7     664     1     0     609.028      -1.0
31   7     665     1     0     607.708      -1.0
31   7     666     1     0     608.54      -1.0
31   7     667     1     0     607.076      -1.0
31   7     668     1     0     608.792      -1.0
31   7     669     1     0     607.337      -1.0
31   7     670     1     0     606.72      -1.0
31   7     671     1     0     605.419      -1.0
31   7     672     1     0     611.065      -1.0
31   7     673     1     0     613.462      -1.0
31   7     674     1     0     610.505      -1.0
31   7     675     1     0     611.983      -1.0
31   7     676     1     0     612.175      -1.0
31   7     677     1     0     616.069      -1.0
31   7     678     1     0     613.174      -1.0
31   7     679     1     0     615.001      -1.0
31   7     680     1     0     613.602      -1.0
31   7     681     1     0     616.142      -1.0
31   7     682     1     0     613.232      -1.0
31   7     683     1     0     615.428      -1.0
31   7     684     1     0     613.375      -1.0
31   7     685     1     0     616.156      -1.0
31   7     686     1     0     612.699      -1.0
31   7     687     1     0     615.72      -1.0
31   7     688     1     0     613.523      -1.0
31   7     689     1     0     615.425      -1.0
31   7     690     1     0     610.68      -1.0
31   7     691     1     0     612.612      -1.0
31   7     692     1     0     609.176      -1.0
31   7     693     1     0     611.182      -1.0
31   7     694     1     0     610.53      -1.0
31   7     695     1     0     613.088      -1.0
31   7     696     1     0     610.322      -1.0
31   7     697     1     0     612.054      -1.0
31   7     698     1     0     609.954      -1.0
31   7     699     1     0     611.6      -1.0
31   7     700     1     0     610.842      -1.0
31   7     701     1     0     612.968      -1.0
31   7     702     1     0     610.134      -1.0
31   7     703     1     0     611.013      -1.0
31   7     704     1     0     572.551      -1.0
31   7     705     1     0     573.466      -1.0
31   7     706     1     0     574.391      -1.0
31   7     707     1     0     573.81      -1.0
31   7     708     1     0     572.888      -1.0
31   7     709     1     0     572.71      -1.0
31   7     710     1     0     572.927      -1.0
31   7     711     1     0     573.425      -1.0
31   7     712     1     0     573.132      -1.0
31   7     713     1     0     573.436      -1.0
31   7     714     1     0     579.866      -1.0
31   7     715     1     0     579.769      -1.0
31   7     716     1     0     579.711      -1.0
31   7     717     1     0     580.079      -1.0
31   7     718     1     0     579.794      -1.0
31   7     719     1     0     579.56      -1.0
31   7     720     1     0     579.684      -1.0
31   7     721     1     0     580.016      -1.0
31   7     722     1     0     580.522      -1.0
31   7     723     1     0     579.91      -1.0
31   7     724     1     0     571.467      -1.0
31   7     725     1     0     572.853      -1.0
31   7     726     1     0     573.054      -1.0
31   7     727     1     0     574.115      -1.0
31   7     728     1     0     572.835      -1.0
31   7     729     1     0     573.039      -1.0
31   7     730     1     0     574.577      -1.0
31   7     731     1     0     574.295      -1.0
31   7     732     1     0     573.488      -1.0
31   7     733     1     0     574.496      -1.0
31   7     734     1     0     572.842      -1.0
31   7     735     1     0     574.013      -1.0
31   7     736     1     0     574.625      -1.0
31   7     737     1     0     574.209      -1.0
31   7     738     1     0     573.684      -1.0
31   7     739     1     0     573.601      -1.0
31   7     740     1     0     574.703      -1.0
31   7     741     1     0     574.295      -1.0
31   7     742     1     0     573.113      -1.0
31   7     743     1     0     573.036      -1.0
31   7     744     1     0     574.113      -1.0
31   7     745     1     0     573.554      -1.0
31   7     746     1     0     573.28      -1.0
31   7     747     1     0     573.558      -1.0
31   7     748     1     0     581.142      -1.0
31   7     749     1     0     580.337      -1.0
31   7     750     1     0     580.239      -1.0
31   7     751     1     0     580.352      -1.0
31   7     752     1     0     580.652      -1.0
31   7     753     1     0     579.63      -1.0
31   7     754     1     0     580.245      -1.0
31   7     755     1     0     580.057      -1.0
31   7     756     1     0     580.067      -1.0
31   7     757     1     0     580.057      -1.0
31   7     758     1     0     573.469      -1.0
31   7     759     1     0     573.284      -1.0
31   7     760     1     0     574.079      -1.0
31   7     761     1     0     575.802      -1.0
31   7     762     1     0     573.884      -1.0
31   7     763     1     0     574.531      -1.0
31   7     764     1     0     575.353      -1.0
31   7     765     1     0     574.494      -1.0
31   7     766     1     0     573.815      -1.0
31   7     767     1     0     575.212      -1.0
31   7     768     1     0     576.074      -1.0
31   7     769     1     0     574.985      -1.0
31   7     770     1     0     577.569      -1.0
31   7     771     1     0     576.007      -1.0
31   7     772     1     0     574.819      -1.0
31   7     773     1     0     574.434      -1.0
31   7     774     1     0     576.755      -1.0
31   7     775     1     0     575.736      -1.0
31   7     776     1     0     574.405      -1.0
31   7     777     1     0     575.039      -1.0
31   7     778     1     0     581.795      -1.0
31   7     779     1     0     581.261      -1.0
31   7     780     1     0     580.812      -1.0
31   7     781     1     0     580.851      -1.0
31   7     782     1     0     580.853      -1.0
31   7     783     1     0     580.888      -1.0
31   7     784     1     0     581.948      -1.0
31   7     785     1     0     580.783      -1.0
31   7     786     1     0     582.132      -1.0
31   7     787     1     0     582.249      -1.0
31   7     788     1     0     574.634      -1.0
31   7     789     1     0     573.5      -1.0
31   7     790     1     0     575.81      -1.0
31   7     791     1     0     574.554      -1.0
31   7     792     1     0     573.625      -1.0
31   7     793     1     0     573.24      -1.0
31   7     794     1     0     575.734      -1.0
31   7     795     1     0     574.709      -1.0
31   7     796     1     0     573.874      -1.0
31   7     797     1     0     573.735      -1.0
31   7     798     1     0     574.697      -1.0
31   7     799     1     0     574.248      -1.0
31   7     800     1     0     573.559      -1.0
31   7     801     1     0     575.01      -1.0
31   7     802     1     0     574.025      -1.0
31   7     803     1     0     574.828      -1.0
31   7     804     1     0     574.936      -1.0
31   7     805     1     0     575.923      -1.0
31   7     806     1     0     573.571      -1.0
31   7     807     1     0     574.35      -1.0
31   7     808     1     0     574.587      -1.0
31   7     809     1     0     575.157      -1.0
31   7     810     1     0     573.901      -1.0
31   7     811     1     0     574.127      -1.0
31   7     812     1     0     580.332      -1.0
31   7     813     1     0     581.667      -1.0
31   7     814     1     0     579.158      -1.0
31   7     815     1     0     580.77      -1.0
31   7     816     1     0     579.996      -1.0
31   7     817     1     0     580.589      -1.0
31   7     818     1     0     579.861      -1.0
31   7     819     1     0     581.206      -1.0
31   7     820     1     0     580.791      -1.0
31   7     821     1     0     581.366      -1.0
31   7     822     1     0     574.002      -1.0
31   7     823     1     0     574.702      -1.0
31   7     824     1     0     575.315      -1.0
31   7     825     1     0     576.01      -1.0
31   7     826     1     0     573.077      -1.0
31   7     827     1     0     574.087      -1.0
31   7     828     1     0     575.645      -1.0
31   7     829     1     0     576.791      -1.0
31   7     830     1     0     573.869      -1.0
31   7     831     1     0     574.131      -1.0
31   7     832     1     0     575.313      -1.0
31   7     833     1     0     575.008      -1.0
31   7     834     1     0     575.228      -1.0
31   7     835     1     0     576.906      -1.0
31   7     836     1     0     573.749      -1.0
31   7     837     1     0     574.631      -1.0
31   7     838     1     0     574.661      -1.0
31   7     839     1     0     576.604      -1.0
31   7     840     1     0     574.546      -1.0
31   7     841     1     0     574.756      -1.0
31   7     842     1     0     580.681      -1.0
31   7     843     1     0     581.556      -1.0
31   7     844     1     0     579.969      -1.0
31   7     845     1     0     581.445      -1.0
31   7     846     1     0     580.718      -1.0
31   7     847     1     0     580.622      -1.0
31   7     848     1     0     579.861      -1.0
31   7     849     1     0     580.987      -1.0
31   7     850     1     0     579.863      -1.0
31   7     851     1     0     581.713      -1.0
31   7     852     1     0     573.019      -1.0
31   7     853     1     0     573.333      -1.0
31   7     854     1     0     574.137      -1.0
31   7     855     1     0     575.58      -1.0
31   7     856     1     0     573.674      -1.0
31   7     857     1     0     574.033      -1.0
31   7     858     1     0     575.555      -1.0
31   7     859     1     0     575.72      -1.0
31   7     860     1     0     573.748      -1.0
31   7     861     1     0     574.549      -1.0
31   7     862     1     0     574.032      -1.0
31   7     863     1     0     574.625      -1.0
31   7     864     1     0     575.691      -1.0
31   7     865     1     0     574.889      -1.0
31   7     866     1     0     575.648      -1.0
31   7     867     1     0     575.906      -1.0
31   7     868     1     0     575.456      -1.0
31   7     869     1     0     575.275      -1.0
31   7     870     1     0     576.406      -1.0
31   7     871     1     0     576.282      -1.0
31   7     872     1     0     575.349      -1.0
31   7     873     1     0     576.241      -1.0
31   7     874     1     0     581.274      -1.0
31   7     875     1     0     582.048      -1.0
31   7     876     1     0     580.695      -1.0
31   7     877     1     0     582.886      -1.0
31   7     878     1     0     581.573      -1.0
31   7     879     1     0     581.701      -1.0
31   7     880     1     0     581.482      -1.0
31   7     881     1     0     581.782      -1.0
31   7     882     1     0     581.548      -1.0
31   7     883     1     0     580.728      -1.0
31   7     884     1     0     574.574      -1.0
31   7     885     1     0     574.78      -1.0
31   7     886     1     0     575.471      -1.0
31   7     887     1     0     576.021      -1.0
31   7     888     1     0     575.617      -1.0
31   7     889     1     0     575.573      -1.0
31   7     890     1     0     576.728      -1.0
31   7     891     1     0     576.361      -1.0
31   7     892     1     0     576.236      -1.0
31   7     893     1     0     574.834      -1.0
31   7     894     1     0     575.939      -1.0
31   7     895     1     0     575.456      -1.0
31   7     896     1     0     576.023      -1.0
31   7     897     1     0     576.458      -1.0
31   7     898     1     0     576.118      -1.0
31   7     899     1     0     577.092      -1.0
31   7     900     1     0     575.278      -1.0
31   7     901     1     0     574.894      -1.0
31   7     902     1     0     575.504      -1.0
31   7     903     1     0     576.379      -1.0
31   7     904     1     0     575.101      -1.0
31   7     905     1     0     575.433      -1.0
31   7     906     1     0     581.926      -1.0
31   7     907     1     0     582.584      -1.0
31   7     908     1     0     581.747      -1.0
31   7     909     1     0     616      -1.0
#########################################################
# CFT Adc High                                          #
#########################################################
#
# CFT HI
#UV1
 31	0	0  	0	0	768   	40
 31	0	1  	0	0	760 	40
 31	0	2  	0	0	765 	40
 31	0	3  	0	0	759 	40
 31	0	4  	0	0	770 	40
 31	0	5  	0	0	760 	40
 31	0	6  	0	0	760 	40
 31	0	7  	0	0	766 	40
 31	0	8  	0	0	764 	40
 31	0	9  	0	0	767 	40
 31	0	10 	0	0	771 	40
 31	0	11 	0	0	764 	40
 31	0	12 	0	0	761 	40
 31	0	13 	0	0	766 	40
 31	0	14 	0	0	765 	40
 31	0	15 	0	0	767 	40
 31	0	16 	0	0	759 	40
 31	0	17 	0	0	767 	40
 31	0	18 	0	0	763 	40
 31	0	19 	0	0	770 	40
 31	0	20 	0	0	767 	40
 31	0	21 	0	0	766 	40
 31	0	22 	0	0	762 	40
 31	0	23 	0	0	766 	40
 31	0	24 	0	0	760 	40
 31	0	25 	0	0	765 	40
 31	0	26 	0	0	766 	40
 31	0	27 	0	0	757 	40
 31	0	28 	0	0	763 	40
 31	0	29 	0	0	761 	40
 31	0	30 	0	0	769 	40
 31	0	31 	0	0	765 	40
 31	0	32 	0	0	790 	40
 31	0	33 	0	0	785 	40
 31	0	34 	0	0	785 	40
 31	0	35 	0	0	792 	40
 31	0	36 	0	0	786 	40
 31	0	37 	0	0	793 	40
 31	0	38 	0	0	790 	40
 31	0	39 	0	0	789 	40
 31	0	40 	0	0	789 	40
 31	0	41 	0	0	786 	40
 31	0	42 	0	0	790 	40
 31	0	43 	0	0	794 	40
 31	0	44 	0	0	788 	40
 31	0	45 	0	0	781 	40
 31	0	46 	0	0	797 	40
 31	0	47 	0	0	790 	40
 31	0	48 	0	0	793 	40
 31	0	49 	0	0	786 	40
 31	0	50 	0	0	799 	40
 31	0	51 	0	0	796 	40
 31	0	52 	0	0	797 	40
 31	0	53 	0	0	798 	40
 31	0	54 	0	0	794 	40
 31	0	55 	0	0	794 	40
 31	0	56 	0	0	793 	40
 31	0	57 	0	0	790 	40
 31	0	58 	0	0	789 	40
 31	0	59 	0	0	791 	40
 31	0	60 	0	0	789 	40
 31	0	61 	0	0	790 	40
 31	0	62 	0	0	792 	40
 31	0	63 	0	0	791 	40
 31	0	64 	0	0	850 	40
 31	0	65 	0	0	849 	40
 31	0	66 	0	0	847 	40
 31	0	67 	0	0	854 	40
 31	0	68 	0	0	849 	40
 31	0	69 	0	0	849 	40
 31	0	70 	0	0	847 	40
 31	0	71 	0	0	849 	40
 31	0	72 	0	0	844 	40
 31	0	73 	0	0	845 	40
 31	0	74 	0	0	852 	40
 31	0	75 	0	0	851 	40
 31	0	76 	0	0	850 	40
 31	0	77 	0	0	853 	40
 31	0	78 	0	0	852 	40
 31	0	79 	0	0	848 	40
 31	0	80 	0	0	849 	40
 31	0	81 	0	0	845 	40
 31	0	82 	0	0	851 	40
 31	0	83 	0	0	846 	40
 31	0	84 	0	0	848 	40
 31	0	85 	0	0	851 	40
 31	0	86 	0	0	851 	40
 31	0	87 	0	0	851 	40
 31	0	88 	0	0	848 	40
 31	0	89 	0	0	855 	40
 31	0	90 	0	0	852 	40
 31	0	91 	0	0	847 	40
 31	0	92 	0	0	843 	40
 31	0	93 	0	0	847 	40
 31	0	94 	0	0	847 	40
 31	0	95 	0	0	847 	40
 31	0	96 	0	0	756 	40
 31	0	97 	0	0	754 	40
 31	0	98 	0	0	756 	40
 31	0	99 	0	0	754 	40
 31	0	100	0	0	759 	40
 31	0	101	0	0	749 	40
 31	0	102	0	0	749 	40
 31	0	103	0	0	752 	40
 31	0	104	0	0	761 	40
 31	0	105	0	0	755 	40
 31	0	106	0	0	753 	40
 31	0	107	0	0	762 	40
 31	0	108	0	0	759 	40
 31	0	109	0	0	755 	40
 31	0	110	0	0	757 	40
 31	0	111	0	0	757 	40
 31	0	112	0	0	756 	40
 31	0	113	0	0	757 	40
 31	0	114	0	0	749 	40
 31	0	115	0	0	761 	40
 31	0	116	0	0	762 	40
 31	0	117	0	0	764 	40
 31	0	118	0	0	764 	40
 31	0	119	0	0	751 	40
 31	0	120	0	0	764 	40
 31	0	121	0	0	760 	40
 31	0	122	0	0	761 	40
 31	0	123	0	0	762 	40
 31	0	124	0	0	761 	40
 31	0	125	0	0	750 	40
 31	0	126	0	0	754 	40
 31	0	127	0	0	759 	40
 31	0	128	0	0	805 	40
 31	0	129	0	0	801 	40
 31	0	130	0	0	804 	40
 31	0	131	0	0	802 	40
 31	0	132	0	0	804 	40
 31	0	133	0	0	800 	40
 31	0	134	0	0	796 	40
 31	0	135	0	0	798 	40
 31	0	136	0	0	801 	40
 31	0	137	0	0	797 	40
 31	0	138	0	0	797 	40
 31	0	139	0	0	796 	40
 31	0	140	0	0	795 	40
 31	0	141	0	0	803 	40
 31	0	142	0	0	803 	40
 31	0	143	0	0	803 	40
 31	0	144	0	0	796 	40
 31	0	145	0	0	797 	40
 31	0	146	0	0	808 	40
 31	0	147	0	0	802 	40
 31	0	148	0	0	800 	40
 31	0	149	0	0	789 	40
 31	0	150	0	0	800 	40
 31	0	151	0	0	798 	40
 31	0	152	0	0	794 	40
 31	0	153	0	0	805 	40
 31	0	154	0	0	802 	40
 31	0	155	0	0	804 	40
 31	0	156	0	0	801 	40
 31	0	157	0	0	804 	40
 31	0	158	0	0	794 	40
 31	0	159	0	0	795 	40
 31	0	160	0	0	791 	40
 31	0	161	0	0	803 	40
 31	0	162	0	0	801 	40
 31	0	163	0	0	792 	40
 31	0	164	0	0	802 	40
 31	0	165	0	0	797 	40
 31	0	166	0	0	796 	40
 31	0	167	0	0	802 	40
 31	0	168	0	0	798 	40
 31	0	169	0	0	797 	40
 31	0	170	0	0	801 	40
 31	0	171	0	0	794 	40
 31	0	172	0	0	801 	40
 31	0	173	0	0	795 	40
 31	0	174	0	0	800 	40
 31	0	175	0	0	803 	40
 31	0	176	0	0	801 	40
 31	0	177	0	0	798 	40
 31	0	178	0	0	799 	40
 31	0	179	0	0	798 	40
 31	0	180	0	0	795 	40
 31	0	181	0	0	804 	40
 31	0	182	0	0	794 	40
 31	0	183	0	0	805 	40
 31	0	184	0	0	797 	40
 31	0	185	0	0	798 	40
 31	0	186	0	0	797 	40
 31	0	187	0	0	800 	40
 31	0	188	0	0	804 	40
 31	0	189	0	0	797 	40
 31	0	190	0	0	797 	40
 31	0	191	0	0	798 	40
 31	0	192	0	0	795 	40
 31	0	193	0	0	786 	40
 31	0	194	0	0	790 	40
 31	0	195	0	0	793 	40
 31	0	196	0	0	788	40
 31	0	197	0	0	786 	40
 31	0	198	0	0	788 	40
 31	0	199	0	0	797 	40
 31	0	200	0	0	789	40
 31	0	201	0	0	787 	40
 31	0	202	0	0	782 	40
 31	0	203	0	0	793 	40
 31	0	204	0	0	786 	40
 31	0	205	0	0	787 	40
 31	0	206	0	0	791 	40
 31	0	207	0	0	790 	40
 31	0	208	0	0	789 	40
 31	0	209	0	0	786 	40
 31	0	210	0	0	794 	40
 31	0	211	0	0	796	40
 31	0	212	0	0	789 	40
 31	0	213	0	0	788 	40
 31	0	214	0	0	789 	40
 31	0	215	0	0	786 	40
 31	0	216	0	0	792 	40
 31	0	217	0	0	785 	40
 31	0	218	0	0	784 	40
 31	0	219	0	0	783 	40
 31	0	220	0	0	791 	40
 31	0	221	0	0	785 	40
 31	0	222	0	0	789 	40
 31	0	223	0	0	792 	40
 31	0	224	0	0	764 	40
 31	0	225	0	0	765	40
 31	0	226	0	0	767 	40
 31	0	227	0	0	763 	40
 31	0	228	0	0	755 	40
 31	0	229	0	0	755 	40
 31	0	230	0	0	763 	40
 31	0	231	0	0	756 	40
 31	0	232	0	0	768 	40
 31	0	233	0	0	768 	40
 31	0	234	0	0	755 	40
 31	0	235	0	0	770 	40
 31	0	236	0	0	763 	40
 31	0	237	0	0	761 	40
 31	0	238	0	0	763 	40
 31	0	239	0	0	763 	40
 31	0	240	0	0	758 	40
 31	0	241	0	0	759 	40
 31	0	242	0	0	755 	40
 31	0	243	0	0	765 	40
 31	0	244	0	0	765 	40
 31	0	245	0	0	769 	40
 31	0	246	0	0	768 	40
 31	0	247	0	0	760 	40
 31	0	248	0	0	759 	40
 31	0	249	0	0	759 	40
 31	0	250	0	0	759 	40
 31	0	251	0	0	765 	40
 31	0	252	0	0	758 	40
 31	0	253	0	0	761 	40
 31	0	254	0	0	762 	40
 31	0	255	0	0	756 	40
 31	0	256	0	0	823 	40
 31	0	257	0	0	824 	40
 31	0	258	0	0	830 	40
 31	0	259	0	0	824 	40
 31	0	260	0	0	820 	40
 31	0	261	0	0	826 	40
 31	0	262	0	0	829 	40
 31	0	263	0	0	826 	40
 31	0	264	0	0	815 	40
 31	0	265	0	0	826 	40
 31	0	266	0	0	826 	40
 31	0	267	0	0	825 	40
 31	0	268	0	0	819 	40
 31	0	269	0	0	824 	40
 31	0	270	0	0	825 	40
 31	0	271	0	0	826 	40
 31	0	272	0	0	822 	40
 31	0	273	0	0	824 	40
 31	0	274	0	0	817 	40
 31	0	275	0	0	824 	40
 31	0	276	0	0	822 	40
 31	0	277	0	0	826 	40
 31	0	278	0	0	828 	40
 31	0	279	0	0	829 	40
 31	0	280	0	0	828 	40
 31	0	281	0	0	817 	40
 31	0	282	0	0	825 	40
 31	0	283	0	0	820 	40
 31	0	284	0	0	829 	40
 31	0	285	0	0	822 	40
 31	0	286	0	0	830 	40
 31	0	287	0	0	823 	40
 31	0	288	0	0	783 	40
 31	0	289	0	0	778 	40
 31	0	290	0	0	783 	40
 31	0	291	0	0	784 	40
 31	0	292	0	0	781 	40
 31	0	293	0	0	788 	40
 31	0	294	0	0	794 	40
 31	0	295	0	0	784 	40
 31	0	296	0	0	781 	40
 31	0	297	0	0	786 	40
 31	0	298	0	0	783 	40
 31	0	299	0	0	795 	40
 31	0	300	0	0	788 	40
 31	0	301	0	0	787 	40
 31	0	302	0	0	786 	40
 31	0	303	0	0	783 	40
 31	0	304	0	0	782 	40
 31	0	305	0	0	786 	40
 31	0	306	0	0	781 	40
 31	0	307	0	0	784 	40
 31	0	308	0	0	781 	40
 31	0	309	0	0	779 	40
 31	0	310	0	0	778 	40
 31	0	311	0	0	776 	40
 31	0	312	0	0	788 	40
 31	0	313	0	0	788 	40
 31	0	314	0	0	775 	40
 31	0	315	0	0	786 	40
 31	0	316	0	0	786 	40
 31	0	317	0	0	782 	40
 31	0	318	0	0	781 	40
 31	0	319	0	0	783 	40
 31	0	320	0	0	799 	40
 31	0	321	0	0	802 	40
 31	0	322	0	0	794 	40
 31	0	323	0	0	798 	40
 31	0	324	0	0	800 	40
 31	0	325	0	0	800 	40
 31	0	326	0	0	797 	40
 31	0	327	0	0	796 	40
 31	0	328	0	0	796 	40
 31	0	329	0	0	801 	40
 31	0	330	0	0	800 	40
 31	0	331	0	0	801 	40
 31	0	332	0	0	795 	40
 31	0	333	0	0	796 	40
 31	0	334	0	0	795 	40
 31	0	335	0	0	796 	40
 31	0	336	0	0	798 	40
 31	0	337	0	0	802 	40
 31	0	338	0	0	797 	40
 31	0	339	0	0	803 	40
 31	0	340	0	0	802 	40
 31	0	341	0	0	797 	40
 31	0	342	0	0	803 	40
 31	0	343	0	0	802 	40
 31	0	344	0	0	796 	40
 31	0	345	0	0	799 	40
 31	0	346	0	0	795 	40
 31	0	347	0	0	799 	40
 31	0	348	0	0	794 	40
 31	0	349	0	0	804 	40
 31	0	350	0	0	795 	40
 31	0	351	0	0	795 	40
 31	0	352	0	0	788 	40
 31	0	353	0	0	792 	40
 31	0	354	0	0	792 	40
 31	0	355	0	0	794 	40
 31	0	356	0	0	791 	40
 31	0	357	0	0	789 	40
 31	0	358	0	0	794 	40
 31	0	359	0	0	791 	40
 31	0	360	0	0	788 	40
 31	0	361	0	0	788 	40
 31	0	362	0	0	790 	40
 31	0	363	0	0	791 	40
 31	0	364	0	0	794 	40
 31	0	365	0	0	792 	40
 31	0	366	0	0	797 	40
 31	0	367	0	0	794 	40
 31	0	368	0	0	796 	40
 31	0	369	0	0	792 	40
 31	0	370	0	0	788 	40
 31	0	371	0	0	785 	40
 31	0	372	0	0	788 	40
 31	0	373	0	0	793 	40
 31	0	374	0	0	790 	40
 31	0	375	0	0	784 	40
 31	0	376	0	0	787 	40
 31	0	377	0	0	788 	40
 31	0	378	0	0	790 	40
 31	0	379	0	0	793 	40
 31	0	380	0	0	793 	40
 31	0	381	0	0	800 	40
 31	0	382	0	0	792 	40
 31	0	383	0	0	795 	40
 31	0	384	0	0	817	40
 31	0	385	0	0	820 	40
 31	0	386	0	0	818 	40
 31	0	387	0	0	822 	40
 31	0	388	0	0	825 	40
 31	0	389	0	0	821 	40
 31	0	390	0	0	830 	40
 31	0	391	0	0	821 	40
 31	0	392	0	0	818 	40
 31	0	393	0	0	814 	40
 31	0	394	0	0	820 	40
 31	0	395	0	0	826 	40
 31	0	396	0	0	820 	40
 31	0	397	0	0	825 	40
 31	0	398	0	0	814 	40
 31	0	399	0	0	822 	40
 31	0	400	0	0	820 	40
 31	0	401	0	0	814 	40
 31	0	402	0	0	820 	40
 31	0	403	0	0	816 	40
 31	0	404	0	0	816 	40
 31	0	405	0	0	818 	40
 31	0	406	0	0	825 	40
 31	0	407	0	0	819 	40
 31	0	408	0	0	813 	40
 31	0	409	0	0	824 	40
 31	0	410	0	0	828 	40
 31	0	411	0	0	826 	40
 31	0	412	0	0	821 	40
 31	0	413	0	0	820 	40
 31	0	414	0	0	816 	40
 31	0	415	0	0	823 	40
 31	0	416	0	0	780 	40
 31	0	417	0	0	780 	40
 31	0	418	0	0	782 	40
 31	0	419	0	0	780 	40
 31	0	420	0	0	780 	40
 31	0	421	0	0	784 	40
 31	0	422	0	0	781 	40
 31	0	423	0	0	782 	40
 31	0	424	0	0	776 	40
 31	0	425	0	0	781 	40
#PHI1
 31	1	0  	0	0	777 	40
 31	1	1  	0	0	776 	40
 31	1	2  	0	0	784 	40
 31	1	3  	0	0	777 	40
 31	1	4  	0	0	778 	40
 31	1	5  	0	0	781 	40
 31	1	6  	0	0	779 	40
 31	1	7  	0	0	785 	40
 31	1	8  	0	0	775 	40
 31	1	9  	0	0	782 	40
 31	1	10 	0	0	780 	40
 31	1	11 	0	0	774 	40
 31	1	12 	0	0	776 	40
 31	1	13 	0	0	772 	40
 31	1	14 	0	0	781 	40
 31	1	15 	0	0	778 	40
 31	1	16 	0	0	779 	40
 31	1	17 	0	0	787 	40
 31	1	18 	0	0	774 	40
 31	1	19 	0	0	779 	40
 31	1	20 	0	0	775 	40
 31	1	21 	0	0	778 	40
 31	1	22 	0	0	779 	40
 31	1	23 	0	0	781 	40
 31	1	24 	0	0	781 	40
 31	1	25 	0	0	775 	40
 31	1	26 	0	0	774 	40
 31	1	27 	0	0	776 	40
 31	1	28 	0	0	782 	40
 31	1	29 	0	0	782 	40
 31	1	30 	0	0	778 	40
 31	1	31 	0	0	778 	40
 31	1	32 	0	0	789 	40
 31	1	33 	0	0	792 	40
 31	1	34 	0	0	793 	40
 31	1	35 	0	0	789 	40
 31	1	36 	0	0	793 	40
 31	1	37 	0	0	785 	40
 31	1	38 	0	0	796 	40
 31	1	39 	0	0	799 	40
 31	1	40 	0	0	800 	40
 31	1	41 	0	0	793 	40
 31	1	42 	0	0	782 	40
 31	1	43 	0	0	793 	40
 31	1	44 	0	0	786 	40
 31	1	45 	0	0	790 	40
 31	1	46 	0	0	790 	40
 31	1	47 	0	0	787 	40
 31	1	48 	0	0	787 	40
 31	1	49 	0	0	799 	40
 31	1	50 	0	0	790 	40
 31	1	51 	0	0	787 	40
 31	1	52 	0	0	790 	40
 31	1	53 	0	0	793 	40
 31	1	54 	0	0	794 	40
 31	1	55 	0	0	794 	40
 31	1	56 	0	0	792 	40
 31	1	57 	0	0	797 	40
 31	1	58 	0	0	790 	40
 31	1	59 	0	0	783 	40
 31	1	60 	0	0	794 	40
 31	1	61 	0	0	795 	40
 31	1	62 	0	0	793 	40
 31	1	63 	0	0	788 	40
 31	1	64 	0	0	763 	40
 31	1	65 	0	0	761 	40
 31	1	66 	0	0	766 	40
 31	1	67 	0	0	762 	40
 31	1	68 	0	0	764 	40
 31	1	69 	0	0	768 	40
 31	1	70 	0	0	770 	40
 31	1	71 	0	0	772 	40
 31	1	72 	0	0	766 	40
 31	1	73 	0	0	769 	40
 31	1	74 	0	0	761 	40
 31	1	75 	0	0	768 	40
 31	1	76 	0	0	773 	40
 31	1	77 	0	0	765 	40
 31	1	78 	0	0	767 	40
 31	1	79 	0	0	766 	40
 31	1	80 	0	0	770 	40
 31	1	81 	0	0	763 	40
 31	1	82 	0	0	768 	40
 31	1	83 	0	0	759 	40
 31	1	84 	0	0	768 	40
 31	1	85 	0	0	765 	40
 31	1	86 	0	0	768 	40
 31	1	87 	0	0	766 	40
 31	1	88 	0	0	764 	40
 31	1	89 	0	0	767 	40
 31	1	90 	0	0	776 	40
 31	1	91 	0	0	767 	40
 31	1	92 	0	0	769 	40
 31	1	93 	0	0	768 	40
 31	1	94 	0	0	765 	40
 31	1	95 	0	0	761 	40
 31	1	96 	0	0	780 	40
 31	1	97 	0	0	776 	40
 31	1	98 	0	0	778 	40
 31	1	99 	0	0	780 	40
 31	1	100	0	0	778 	40
 31	1	101	0	0	782 	40
 31	1	102	0	0	783 	40
 31	1	103	0	0	780 	40
 31	1	104	0	0	783 	40
 31	1	105	0	0	775 	40
 31	1	106	0	0	785 	40
 31	1	107	0	0	778 	40
 31	1	108	0	0	774 	40
 31	1	109	0	0	776 	40
 31	1	110	0	0	780 	40
 31	1	111	0	0	780 	40
 31	1	112	0	0	781 	40
 31	1	113	0	0	781 	40
 31	1	114	0	0	776 	40
 31	1	115	0	0	779 	40
 31	1	116	0	0	781 	40
 31	1	117	0	0	777 	40
 31	1	118	0	0	779 	40
 31	1	119	0	0	776 	40
 31	1	120	0	0	782 	40
 31	1	121	0	0	782 	40
 31	1	122	0	0	777 	40
 31	1	123	0	0	773 	40
 31	1	124	0	0	782 	40
 31	1	125	0	0	786 	40
 31	1	126	0	0	776 	40
 31	1	127	0	0	779 	40
 31	1	128	0	0	759 	40
 31	1	129	0	0	762 	40
 31	1	130	0	0	769 	40
 31	1	131	0	0	765 	40
 31	1	132	0	0	764 	40
 31	1	133	0	0	765 	40
 31	1	134	0	0	764 	40
 31	1	135	0	0	766 	40
 31	1	136	0	0	763 	40
 31	1	137	0	0	767 	40
 31	1	138	0	0	766 	40
 31	1	139	0	0	759 	40
 31	1	140	0	0	762 	40
 31	1	141	0	0	765 	40
 31	1	142	0	0	761 	40
 31	1	143	0	0	768 	40
 31	1	144	0	0	766 	40
 31	1	145	0	0	761 	40
 31	1	146	0	0	759 	40
 31	1	147	0	0	762 	40
 31	1	148	0	0	763 	40
 31	1	149	0	0	763 	40
 31	1	150	0	0	759 	40
 31	1	151	0	0	765 	40
 31	1	152	0	0	762 	40
 31	1	153	0	0	762 	40
 31	1	154	0	0	764 	40
 31	1	155	0	0	768 	40
 31	1	156	0	0	756 	40
 31	1	157	0	0	765 	40
 31	1	158	0	0	765 	40
 31	1	159	0	0	756 	40
 31	1	160	0	0	817 	40
 31	1	161	0	0	811 	40
 31	1	162	0	0	821 	40
 31	1	163	0	0	813 	40
 31	1	164	0	0	811 	40
 31	1	165	0	0	812 	40
 31	1	166	0	0	820 	40
 31	1	167	0	0	817 	40
 31	1	168	0	0	817 	40
 31	1	169	0	0	813 	40
 31	1	170	0	0	816 	40
 31	1	171	0	0	812 	40
 31	1	172	0	0	814 	40
 31	1	173	0	0	815 	40
 31	1	174	0	0	812 	40
 31	1	175	0	0	809 	40
 31	1	176	0	0	818 	40
 31	1	177	0	0	816 	40
 31	1	178	0	0	816 	40
 31	1	179	0	0	822 	40
 31	1	180	0	0	818 	40
 31	1	181	0	0	818 	40
 31	1	182	0	0	816 	40
 31	1	183	0	0	814 	40
 31	1	184	0	0	821 	40
 31	1	185	0	0	815 	40
 31	1	186	0	0	819 	40
 31	1	187	0	0	811 	40
 31	1	188	0	0	813 	40
 31	1	189	0	0	818 	40
 31	1	190	0	0	806 	40
 31	1	191	0	0	816 	40
 31	1	192	0	0	820 	40
 31	1	193	0	0	814 	40
 31	1	194	0	0	817 	40
 31	1	195	0	0	808 	40
 31	1	196	0	0	815 	40
 31	1	197	0	0	810 	40
 31	1	198	0	0	819 	40
 31	1	199	0	0	820 	40
 31	1	200	0	0	811 	40
 31	1	201	0	0	808 	40
 31	1	202	0	0	816 	40
 31	1	203	0	0	811 	40
 31	1	204	0	0	812 	40
 31	1	205	0	0	815 	40
 31	1	206	0	0	818 	40
 31	1	207	0	0	821 	40
 31	1	208	0	0	815 	40
 31	1	209	0	0	811 	40
 31	1	210	0	0	810 	40
 31	1	211	0	0	817 	40
 31	1	212	0	0	813 	40
 31	1	213	0	0	816 	40
 31	1	214	0	0	813 	40
 31	1	215	0	0	812 	40
 31	1	216	0	0	818 	40
 31	1	217	0	0	812 	40
 31	1	218	0	0	814 	40
 31	1	219	0	0	814 	40
 31	1	220	0	0	808 	40
 31	1	221	0	0	813 	40
 31	1	222	0	0	814 	40
 31	1	223	0	0	820 	40
 31	1	224	0	0	851 	40
 31	1	225	0	0	842 	40
 31	1	226	0	0	855 	40
 31	1	227	0	0	844 	40
 31	1	228	0	0	838 	40
 31	1	229	0	0	840 	40
 31	1	230	0	0	845 	40
 31	1	231	0	0	847 	40
 31	1	232	0	0	844 	40
 31	1	233	0	0	841 	40
 31	1	234	0	0	844 	40
 31	1	235	0	0	851 	40
 31	1	236	0	0	845 	40
 31	1	237	0	0	841 	40
 31	1	238	0	0	839 	40
 31	1	239	0	0	840 	40
 31	1	240	0	0	846 	40
 31	1	241	0	0	844 	40
 31	1	242	0	0	839 	40
 31	1	243	0	0	848 	40
 31	1	244	0	0	845 	40
 31	1	245	0	0	846 	40
 31	1	246	0	0	841 	40
 31	1	247	0	0	844 	40
 31	1	248	0	0	844 	40
 31	1	249	0	0	840 	40
 31	1	250	0	0	843 	40
 31	1	251	0	0	856 	40
 31	1	252	0	0	841 	40
 31	1	253	0	0	832 	40
 31	1	254	0	0	844 	40
 31	1	255	0	0	850 	40
 31	1	256	0	0	798 	40
 31	1	257	0	0	803 	40
 31	1	258	0	0	795 	40
 31	1	259	0	0	794 	40
 31	1	260	0	0	791 	40
 31	1	261	0	0	800 	40
 31	1	262	0	0	794 	40
 31	1	263	0	0	797 	40
 31	1	264	0	0	798 	40
 31	1	265	0	0	799 	40
 31	1	266	0	0	798 	40
 31	1	267	0	0	797 	40
 31	1	268	0	0	793 	40
 31	1	269	0	0	790 	40
 31	1	270	0	0	797 	40
 31	1	271	0	0	802 	40
 31	1	272	0	0	791 	40
 31	1	273	0	0	796 	40
 31	1	274	0	0	799 	40
 31	1	275	0	0	794 	40
 31	1	276	0	0	796 	40
 31	1	277	0	0	791 	40
 31	1	278	0	0	793 	40
 31	1	279	0	0	791 	40
 31	1	280	0	0	791 	40
 31	1	281	0	0	801 	40
 31	1	282	0	0	799 	40
 31	1	283	0	0	795 	40
 31	1	284	0	0	792 	40
 31	1	285	0	0	789 	40
 31	1	286	0	0	794 	40
 31	1	287	0	0	798 	40
 31	1	288	0	0	792 	40
 31	1	289	0	0	787 	40
 31	1	290	0	0	789 	40
 31	1	291	0	0	789 	40
 31	1	292	0	0	796 	40
 31	1	293	0	0	794 	40
 31	1	294	0	0	788 	40
 31	1	295	0	0	789 	40
 31	1	296	0	0	789 	40
 31	1	297	0	0	786 	40
 31	1	298	0	0	791 	40
 31	1	299	0	0	790 	40
 31	1	300	0	0	795 	40
 31	1	301	0	0	788 	40
 31	1	302	0	0	790 	40
 31	1	303	0	0	789 	40
 31	1	304	0	0	790 	40
 31	1	305	0	0	788 	40
 31	1	306	0	0	790 	40
 31	1	307	0	0	797 	40
 31	1	308	0	0	790 	40
 31	1	309	0	0	798 	40
 31	1	310	0	0	792 	40
 31	1	311	0	0	791 	40
 31	1	312	0	0	790 	40
 31	1	313	0	0	788 	40
 31	1	314	0	0	790 	40
 31	1	315	0	0	793 	40
 31	1	316	0	0	787 	40
 31	1	317	0	0	788 	40
 31	1	318	0	0	783 	40
 31	1	319	0	0	789 	40
 31	1	320	0	0	813 	40
 31	1	321	0	0	806 	40
 31	1	322	0	0	808 	40
 31	1	323	0	0	805 	40
 31	1	324	0	0	803 	40
 31	1	325	0	0	802 	40
 31	1	326	0	0	811 	40
 31	1	327	0	0	804 	40
 31	1	328	0	0	797 	40
 31	1	329	0	0	808 	40
 31	1	330	0	0	804 	40
 31	1	331	0	0	799 	40
 31	1	332	0	0	803 	40
 31	1	333	0	0	806 	40
 31	1	334	0	0	802 	40
 31	1	335	0	0	807 	40
 31	1	336	0	0	801 	40
 31	1	337	0	0	804 	40
 31	1	338	0	0	806 	40
 31	1	339	0	0	805 	40
 31	1	340	0	0	809 	40
 31	1	341	0	0	806 	40
 31	1	342	0	0	809 	40
 31	1	343	0	0	807 	40
 31	1	344	0	0	801 	40
 31	1	345	0	0	803 	40
 31	1	346	0	0	807 	40
 31	1	347	0	0	801 	40
 31	1	348	0	0	801 	40
 31	1	349	0	0	806 	40
 31	1	350	0	0	803 	40
 31	1	351	0	0	810 	40
 31	1	352	0	0	743 	40
 31	1	353	0	0	738 	40
 31	1	354	0	0	744 	40
 31	1	355	0	0	738 	40
 31	1	356	0	0	740 	40
 31	1	357	0	0	747 	40
 31	1	358	0	0	748 	40
 31	1	359	0	0	744 	40
 31	1	360	0	0	742 	40
 31	1	361	0	0	746 	40
 31	1	362	0	0	739 	40
 31	1	363	0	0	746 	40
 31	1	364	0	0	741 	40
 31	1	365	0	0	743 	40
 31	1	366	0	0	733 	40
 31	1	367	0	0	747 	40
 31	1	368	0	0	742 	40
 31	1	369	0	0	739 	40
 31	1	370	0	0	742 	40
 31	1	371	0	0	738 	40
 31	1	372	0	0	748 	40
 31	1	373	0	0	743 	40
 31	1	374	0	0	739 	40
 31	1	375	0	0	747 	40
 31	1	376	0	0	744 	40
 31	1	377	0	0	737 	40
 31	1	378	0	0	743 	40
 31	1	379	0	0	743 	40
 31	1	380	0	0	738 	40
 31	1	381	0	0	739 	40
 31	1	382	0	0	748 	40
 31	1	383	0	0	745 	40
 31	1	384	0	0	879 	40
 31	1	385	0	0	870 	40
 31	1	386	0	0	878 	40
 31	1	387	0	0	881 	40
 31	1	388	0	0	875 	40
 31	1	389	0	0	882 	40
 31	1	390	0	0	878 	40
 31	1	391	0	0	878 	40
 31	1	392	0	0	874 	40
 31	1	393	0	0	880 	40
 31	1	394	0	0	884 	40
 31	1	395	0	0	878 	40
 31	1	396	0	0	880 	40
 31	1	397	0	0	879 	40
 31	1	398	0	0	875 	40
 31	1	399	0	0	875 	40
 31	1	400	0	0	879 	40
 31	1	401	0	0	884 	40
 31	1	402	0	0	881 	40
 31	1	403	0	0	884 	40
 31	1	404	0	0	874 	40
 31	1	405	0	0	883 	40
 31	1	406	0	0	881 	40
 31	1	407	0	0	878 	40
 31	1	408	0	0	879 	40
 31	1	409	0	0	874 	40
 31	1	410	0	0	881 	40
 31	1	411	0	0	869 	40
 31	1	412	0	0	878 	40
 31	1	413	0	0	883 	40
 31	1	414	0	0	876 	40
 31	1	415	0	0	881 	40
 31	1	416	0	0	849 	40
 31	1	417	0	0	857 	40
 31	1	418	0	0	852 	40
 31	1	419	0	0	850 	40
 31	1	420	0	0	861 	40
 31	1	421	0	0	863 	40
 31	1	422	0	0	853 	40
 31	1	423	0	0	852 	40
 31	1	424	0	0	852 	40
 31	1	425	0	0	853 	40
 31	1	426	0	0	851 	40
 31	1	427	0	0	846 	40
 31	1	428	0	0	851 	40
 31	1	429	0	0	849 	40
 31	1	430	0	0	861 	40
 31	1	431	0	0	844 	40
 31	1	432	0	0	851 	40
 31	1	433	0	0	855 	40
 31	1	434	0	0	857 	40
 31	1	435	0	0	855 	40
 31	1	436	0	0	848 	40
 31	1	437	0	0	846 	40
 31	1	438	0	0	849 	40
 31	1	439	0	0	847 	40
 31	1	440	0	0	853 	40
 31	1	441	0	0	849 	40
 31	1	442	0	0	853 	40
 31	1	443	0	0	852 	40
 31	1	444	0	0	851 	40
 31	1	445	0	0	849 	40
 31	1	446	0	0	854 	40
 31	1	447	0	0	851 	40
 31	1	448	0	0	813 	40
 31	1	449	0	0	819 	40
 31	1	450	0	0	816 	40
 31	1	451	0	0	818 	40
 31	1	452	0	0	812 	40
 31	1	453	0	0	816 	40
 31	1	454	0	0	816 	40
 31	1	455	0	0	817 	40
 31	1	456	0	0	815 	40
 31	1	457	0	0	812 	40
 31	1	458	0	0	815 	40
 31	1	459	0	0	813 	40
 31	1	460	0	0	817 	40
 31	1	461	0	0	820 	40
 31	1	462	0	0	811 	40
 31	1	463	0	0	813 	40
 31	1	464	0	0	816 	40
 31	1	465	0	0	821 	40
 31	1	466	0	0	817 	40
 31	1	467	0	0	811 	40
 31	1	468	0	0	823 	40
 31	1	469	0	0	818 	40
 31	1	470	0	0	819 	40
 31	1	471	0	0	819 	40
 31	1	472	0	0	812 	40
 31	1	473	0	0	812 	40
 31	1	474	0	0	816 	40
 31	1	475	0	0	823 	40
 31	1	476	0	0	814 	40
 31	1	477	0	0	821 	40
 31	1	478	0	0	812 	40
 31	1	479	0	0	824 	40
 31	1	480	0	0	788 	40
 31	1	481	0	0	792 	40
 31	1	482	0	0	795 	40
 31	1	483	0	0	793 	40
 31	1	484	0	0	789 	40
 31	1	485	0	0	797 	40
 31	1	486	0	0	793 	40
 31	1	487	0	0	787 	40
 31	1	488	0	0	795 	40
 31	1	489	0	0	789 	40
 31	1	490	0	0	797 	40
 31	1	491	0	0	798 	40
 31	1	492	0	0	787 	40
 31	1	493	0	0	796 	40
 31	1	494	0	0	788 	40
 31	1	495	0	0	795 	40
 31	1	496	0	0	791 	40
 31	1	497	0	0	787 	40
 31	1	498	0	0	796 	40
 31	1	499	0	0	793 	40
 31	1	500	0	0	799 	40
 31	1	501	0	0	788 	40
 31	1	502	0	0	793 	40
 31	1	503	0	0	796 	40
 31	1	504	0	0	796 	40
 31	1	505	0	0	791 	40
 31	1	506	0	0	793 	40
 31	1	507	0	0	791 	40
 31	1	508	0	0	796 	40
 31	1	509	0	0	791 	40
 31	1	510	0	0	791 	40
 31	1	511	0	0	782 	40
 31	1	512	0	0	797 	40
 31	1	513	0	0	795 	40
 31	1	514	0	0	799 	40
 31	1	515	0	0	794 	40
 31	1	516	0	0	791 	40
 31	1	517	0	0	794 	40
 31	1	518	0	0	795 	40
 31	1	519	0	0	785 	40
 31	1	520	0	0	798 	40
 31	1	521	0	0	798 	40
 31	1	522	0	0	793 	40
 31	1	523	0	0	793 	40
 31	1	524	0	0	788 	40
 31	1	525	0	0	796 	40
 31	1	526	0	0	793 	40
 31	1	527	0	0	795 	40
 31	1	528	0	0	804 	40
 31	1	529	0	0	795 	40
 31	1	530	0	0	787 	40
 31	1	531	0	0	788 	40
 31	1	532	0	0	794 	40
 31	1	533	0	0	792 	40
 31	1	534	0	0	788 	40
 31	1	535	0	0	793 	40
 31	1	536	0	0	783 	40
 31	1	537	0	0	799 	40
 31	1	538	0	0	795 	40
 31	1	539	0	0	794 	40
 31	1	540	0	0	794 	40
 31	1	541	0	0	798 	40
 31	1	542	0	0	790 	40
 31	1	543	0	0	792 	40
 31	1	544	0	0	786 	40
 31	1	545	0	0	789 	40
 31	1	546	0	0	785 	40
 31	1	547	0	0	788 	40
 31	1	548	0	0	791 	40
 31	1	549	0	0	791 	40
 31	1	550	0	0	780 	40
 31	1	551	0	0	788 	40
 31	1	552	0	0	793 	40
 31	1	553	0	0	785 	40
 31	1	554	0	0	792 	40
 31	1	555	0	0	786 	40
 31	1	556	0	0	783 	40
 31	1	557	0	0	787 	40
 31	1	558	0	0	791 	40
 31	1	559	0	0	793 	40
 31	1	560	0	0	794 	40
 31	1	561	0	0	792 	40
 31	1	562	0	0	789 	40
 31	1	563	0	0	796 	40
 31	1	564	0	0	785 	40
 31	1	565	0	0	790 	40
 31	1	566	0	0	785 	40
 31	1	567	0	0	784 	40
 31	1	568	0	0	793 	40
 31	1	569	0	0	790 	40
 31	1	570	0	0	797 	40
 31	1	571	0	0	785 	40
 31	1	572	0	0	792 	40
 31	1	573	0	0	786 	40
 31	1	574	0	0	789 	40
 31	1	575	0	0	794 	40
 31	1	576	0	0	789 	40
 31	1	577	0	0	785 	40
 31	1	578	0	0	786 	40
 31	1	579	0	0	780 	40
 31	1	580	0	0	777 	40
 31	1	581	0	0	779 	40
 31	1	582	0	0	782 	40
 31	1	583	0	0	784 	40
#UV2
 31	2	0  	0	0	797   	40
 31	2	1  	0	0	798   	40
 31	2	2  	0	0	797   	40
 31	2	3  	0	0	797   	40
 31	2	4  	0	0	804   	40
 31	2	5  	0	0	796   	40
 31	2	6  	0	0	797   	40
 31	2	7  	0	0	801   	40
 31	2	8  	0	0	798   	40
 31	2	9  	0	0	801   	40
 31	2	10 	0	0	801   	40
 31	2	11 	0	0	798   	40
 31	2	12 	0	0	799   	40
 31	2	13 	0	0	794   	40
 31	2	14 	0	0	795   	40
 31	2	15 	0	0	800   	40
 31	2	16 	0	0	801   	40
 31	2	17 	0	0	793   	40
 31	2	18 	0	0	798   	40
 31	2	19 	0	0	800   	40
 31	2	20 	0	0	802   	40
 31	2	21 	0	0	794   	40
 31	2	22 	0	0	798   	40
 31	2	23 	0	0	799   	40
 31	2	24 	0	0	798   	40
 31	2	25 	0	0	805   	40
 31	2	26 	0	0	805   	40
 31	2	27 	0	0	803   	40
 31	2	28 	0	0	794   	40
 31	2	29 	0	0	796   	40
 31	2	30 	0	0	806   	40
 31	2	31 	0	0	798   	40
 31	2	32 	0	0	812   	40
 31	2	33 	0	0	807   	40
 31	2	34 	0	0	809   	40
 31	2	35 	0	0	814   	40
 31	2	36 	0	0	809   	40
 31	2	37 	0	0	812   	40
 31	2	38 	0	0	808   	40
 31	2	39 	0	0	812   	40
 31	2	40 	0	0	800   	40
 31	2	41 	0	0	808   	40
 31	2	42 	0	0	808   	40
 31	2	43 	0	0	811   	40
 31	2	44 	0	0	811   	40
 31	2	45 	0	0	809   	40
 31	2	46 	0	0	807   	40
 31	2	47 	0	0	814   	40
 31	2	48 	0	0	808   	40
 31	2	49 	0	0	808   	40
 31	2	50 	0	0	805   	40
 31	2	51 	0	0	808   	40
 31	2	52 	0	0	803   	40
 31	2	53 	0	0	807   	40
 31	2	54 	0	0	803   	40
 31	2	55 	0	0	814   	40
 31	2	56 	0	0	808   	40
 31	2	57 	0	0	813   	40
 31	2	58 	0	0	811   	40
 31	2	59 	0	0	805   	40
 31	2	60 	0	0	806   	40
 31	2	61 	0	0	812   	40
 31	2	62 	0	0	811   	40
 31	2	63 	0	0	805   	40
 31	2	64 	0	0	814   	40
 31	2	65 	0	0	808   	40
 31	2	66 	0	0	813   	40
 31	2	67 	0	0	816   	40
 31	2	68 	0	0	814   	40
 31	2	69 	0	0	812   	40
 31	2	70 	0	0	812   	40
 31	2	71 	0	0	809   	40
 31	2	72 	0	0	811   	40
 31	2	73 	0	0	820   	40
 31	2	74 	0	0	814   	40
 31	2	75 	0	0	818   	40
 31	2	76 	0	0	818   	40
 31	2	77 	0	0	802   	40
 31	2	78 	0	0	811   	40
 31	2	79 	0	0	814   	40
 31	2	80 	0	0	812   	40
 31	2	81 	0	0	810   	40
 31	2	82 	0	0	816   	40
 31	2	83 	0	0	808   	40
 31	2	84 	0	0	813   	40
 31	2	85 	0	0	811   	40
 31	2	86 	0	0	809   	40
 31	2	87 	0	0	819   	40
 31	2	88 	0	0	809   	40
 31	2	89 	0	0	815   	40
 31	2	90 	0	0	812   	40
 31	2	91 	0	0	815   	40
 31	2	92 	0	0	818   	40
 31	2	93 	0	0	809   	40
 31	2	94 	0	0	818   	40
 31	2	95 	0	0	814   	40
 31	2	96 	0	0	780   	40
 31	2	97 	0	0	774   	40
 31	2	98 	0	0	774   	40
 31	2	99 	0	0	772   	40
 31	2	100	0	0	770   	40
 31	2	101	0	0	771   	40
 31	2	102	0	0	768   	40
 31	2	103	0	0	768   	40
 31	2	104	0	0	767   	40
 31	2	105	0	0	768   	40
 31	2	106	0	0	763   	40
 31	2	107	0	0	764   	40
 31	2	108	0	0	765   	40
 31	2	109	0	0	771   	40
 31	2	110	0	0	765   	40
 31	2	111	0	0	769   	40
 31	2	112	0	0	767   	40
 31	2	113	0	0	772   	40
 31	2	114	0	0	769   	40
 31	2	115	0	0	768   	40
 31	2	116	0	0	768   	40
 31	2	117	0	0	766   	40
 31	2	118	0	0	770   	40
 31	2	119	0	0	767   	40
 31	2	120	0	0	768   	40
 31	2	121	0	0	769   	40
 31	2	122	0	0	770   	40
 31	2	123	0	0	770   	40
 31	2	124	0	0	766   	40
 31	2	125	0	0	766   	40
 31	2	126	0	0	771   	40
 31	2	127	0	0	774   	40
 31	2	128	0	0	762   	40
 31	2	129	0	0	757   	40
 31	2	130	0	0	754   	40
 31	2	131	0	0	757   	40
 31	2	132	0	0	759   	40
 31	2	133	0	0	762   	40
 31	2	134	0	0	764   	40
 31	2	135	0	0	760   	40
 31	2	136	0	0	757   	40
 31	2	137	0	0	758   	40
 31	2	138	0	0	760   	40
 31	2	139	0	0	765   	40
 31	2	140	0	0	761   	40
 31	2	141	0	0	760   	40
 31	2	142	0	0	756   	40
 31	2	143	0	0	760   	40
 31	2	144	0	0	760   	40
 31	2	145	0	0	759   	40
 31	2	146	0	0	755   	40
 31	2	147	0	0	763   	40
 31	2	148	0	0	747   	40
 31	2	149	0	0	765   	40
 31	2	150	0	0	755   	40
 31	2	151	0	0	755   	40
 31	2	152	0	0	756   	40
 31	2	153	0	0	758   	40
 31	2	154	0	0	766   	40
 31	2	155	0	0	752   	40
 31	2	156	0	0	758   	40
 31	2	157	0	0	758   	40
 31	2	158	0	0	761   	40
 31	2	159	0	0	763   	40
 31	2	160	0	0	796   	40
 31	2	161	0	0	801   	40
 31	2	162	0	0	801   	40
 31	2	163	0	0	792   	40
 31	2	164	0	0	789   	40
 31	2	165	0	0	797   	40
 31	2	166	0	0	796   	40
 31	2	167	0	0	796   	40
 31	2	168	0	0	792   	40
 31	2	169	0	0	802   	40
 31	2	170	0	0	795   	40
 31	2	171	0	0	795   	40
 31	2	172	0	0	795   	40
 31	2	173	0	0	796   	40
 31	2	174	0	0	797   	40
 31	2	175	0	0	796   	40
 31	2	176	0	0	793   	40
 31	2	177	0	0	797   	40
 31	2	178	0	0	792   	40
 31	2	179	0	0	791   	40
 31	2	180	0	0	796   	40
 31	2	181	0	0	796   	40
 31	2	182	0	0	797   	40
 31	2	183	0	0	800   	40
 31	2	184	0	0	783   	40
 31	2	185	0	0	789   	40
 31	2	186	0	0	801   	40
 31	2	187	0	0	792   	40
 31	2	188	0	0	801  	40
 31	2	189	0	0	800   	40
 31	2	190	0	0	799   	40
 31	2	191	0	0	801   	40
 31	2	192	0	0	785   	40
 31	2	193	0	0	788   	40
 31	2	194	0	0	780   	40
 31	2	195	0	0	789   	40
 31	2	196	0	0	784   	40
 31	2	197	0	0	785   	40
 31	2	198	0	0	795   	40
 31	2	199	0	0	784   	40
 31	2	200	0	0	790   	40
 31	2	201	0	0	781   	40
 31	2	202	0	0	786   	40
 31	2	203	0	0	785   	40
 31	2	204	0	0	777   	40
 31	2	205	0	0	788   	40
 31	2	206	0	0	785   	40
 31	2	207	0	0	786   	40
 31	2	208	0	0	784   	40
 31	2	209	0	0	787   	40
 31	2	210	0	0	792   	40
 31	2	211	0	0	780   	40
 31	2	212	0	0	789   	40
 31	2	213	0	0	787   	40
 31	2	214	0	0	783   	40
 31	2	215	0	0	786   	40
 31	2	216	0	0	790   	40
 31	2	217	0	0	790   	40
 31	2	218	0	0	783   	40
 31	2	219	0	0	792   	40
 31	2	220	0	0	787   	40
 31	2	221	0	0	787   	40
 31	2	222	0	0	787   	40
 31	2	223	0	0	786   	40
 31	2	224	0	0	775   	40
 31	2	225	0	0	769   	40
 31	2	226	0	0	775   	40
 31	2	227	0	0	775   	40
 31	2	228	0	0	781   	40
 31	2	229	0	0	777   	40
 31	2	230	0	0	776   	40
 31	2	231	0	0	773   	40
 31	2	232	0	0	778   	40
 31	2	233	0	0	776   	40
 31	2	234	0	0	780   	40
 31	2	235	0	0	773   	40
 31	2	236	0	0	781   	40
 31	2	237	0	0	780   	40
 31	2	238	0	0	770   	40
 31	2	239	0	0	772   	40
 31	2	240	0	0	777   	40
 31	2	241	0	0	771   	40
 31	2	242	0	0	777   	40
 31	2	243	0	0	771   	40
 31	2	244	0	0	776   	40
 31	2	245	0	0	774   	40
 31	2	246	0	0	770   	40
 31	2	247	0	0	771   	40
 31	2	248	0	0	777   	40
 31	2	249	0	0	770   	40
 31	2	250	0	0	770   	40
 31	2	251	0	0	780   	40
 31	2	252	0	0	772   	40
 31	2	253	0	0	778   	40
 31	2	254	0	0	784   	40
 31	2	255	0	0	778   	40
 31	2	256	0	0	775   	40
 31	2	257	0	0	771   	40
 31	2	258	0	0	768   	40
 31	2	259	0	0	778   	40
 31	2	260	0	0	771   	40
 31	2	261	0	0	777   	40
 31	2	262	0	0	772   	40
 31	2	263	0	0	776   	40
 31	2	264	0	0	779   	40
 31	2	265	0	0	776   	40
 31	2	266	0	0	773   	40
 31	2	267	0	0	774   	40
 31	2	268	0	0	775   	40
 31	2	269	0	0	774   	40
 31	2	270	0	0	766   	40
 31	2	271	0	0	769   	40
 31	2	272	0	0	769   	40
 31	2	273	0	0	777   	40
 31	2	274	0	0	773   	40
 31	2	275	0	0	770   	40
 31	2	276	0	0	773   	40
 31	2	277	0	0	771   	40
 31	2	278	0	0	780   	40
 31	2	279	0	0	777   	40
 31	2	280	0	0	772   	40
 31	2	281	0	0	771   	40
 31	2	282	0	0	768   	40
 31	2	283	0	0	769   	40
 31	2	284	0	0	773 	40
 31	2	285	0	0	774 	40
 31	2	286	0	0	773 	40
 31	2	287	0	0	765 	40
 31	2	288	0	0	777 	40
 31	2	289	0	0	774  	40
 31	2	290	0	0	781  	40
 31	2	291	0	0	780  	40
 31	2	292	0	0	774  	40
 31	2	293	0	0	783  	40
 31	2	294	0	0	780  	40
 31	2	295	0	0	776  	40
 31	2	296	0	0	783  	40
 31	2	297	0	0	776  	40
 31	2	298	0	0	780  	40
 31	2	299	0	0	779  	40
 31	2	300	0	0	783  	40
 31	2	301	0	0	777  	40
 31	2	302	0	0	778  	40
 31	2	303	0	0	777  	40
 31	2	304	0	0	777  	40
 31	2	305	0	0	771  	40
 31	2	306	0	0	774  	40
 31	2	307	0	0	770  	40
 31	2	308	0	0	776  	40
 31	2	309	0	0	775  	40
 31	2	310	0	0	777  	40
 31	2	311	0	0	787  	40
 31	2	312	0	0	777  	40
 31	2	313	0	0	777  	40
 31	2	314	0	0	780  	40
 31	2	315	0	0	777  	40
 31	2	316	0	0	783  	40
 31	2	317	0	0	781  	40
 31	2	318	0	0	779  	40
 31	2	319	0	0	778  	40
 31	2	320	0	0	811   	40
 31	2	321	0	0	805   	40
 31	2	322	0	0	801   	40
 31	2	323	0	0	797   	40
 31	2	324	0	0	806   	40
 31	2	325	0	0	803   	40
 31	2	326	0	0	806   	40
 31	2	327	0	0	812   	40
 31	2	328	0	0	812   	40
 31	2	329	0	0	809   	40
 31	2	330	0	0	805   	40
 31	2	331	0	0	805   	40
 31	2	332	0	0	799   	40
 31	2	333	0	0	808   	40
 31	2	334	0	0	801   	40
 31	2	335	0	0	803   	40
 31	2	336	0	0	803   	40
 31	2	337	0	0	800   	40
 31	2	338	0	0	804   	40
 31	2	339	0	0	812   	40
 31	2	340	0	0	800   	40
 31	2	341	0	0	809   	40
 31	2	342	0	0	805   	40
 31	2	343	0	0	809   	40
 31	2	344	0	0	805   	40
 31	2	345	0	0	806   	40
 31	2	346	0	0	805   	40
 31	2	347	0	0	811   	40
 31	2	348	0	0	816   	40
 31	2	349	0	0	806   	40
 31	2	350	0	0	809   	40
 31	2	351	0	0	809   	40
 31	2	352	0	0	827   	40
 31	2	353	0	0	834   	40
 31	2	354	0	0	835   	40
 31	2	355	0	0	826   	40
 31	2	356	0	0	837   	40
 31	2	357	0	0	829   	40
 31	2	358	0	0	830   	40
 31	2	359	0	0	827   	40
 31	2	360	0	0	834   	40
 31	2	361	0	0	827   	40
 31	2	362	0	0	832   	40
 31	2	363	0	0	835   	40
 31	2	364	0	0	830   	40
 31	2	365	0	0	837   	40
 31	2	366	0	0	827   	40
 31	2	367	0	0	835   	40
 31	2	368	0	0	835   	40
 31	2	369	0	0	835   	40
 31	2	370	0	0	834   	40
 31	2	371	0	0	829   	40
 31	2	372	0	0	827   	40
 31	2	373	0	0	831   	40
 31	2	374	0	0	826   	40
 31	2	375	0	0	829   	40
 31	2	376	0	0	829   	40
 31	2	377	0	0	833   	40
 31	2	378	0	0	832   	40
 31	2	379	0	0	825   	40
 31	2	380	0	0	839   	40
 31	2	381	0	0	837   	40
 31	2	382	0	0	834   	40
 31	2	383	0	0	840   	40
 31	2	384 	0	0	823  	40
 31	2	385 	0	0	822  	40
 31	2	386 	0	0	820  	40
 31	2	387 	0	0	814  	40
 31	2	388 	0	0	822  	40
 31	2	389 	0	0	823  	40
 31	2	390 	0	0	826  	40
 31	2	391 	0	0	816  	40
 31	2	392 	0	0	815  	40
 31	2	393 	0	0	820  	40
 31	2	394 	0	0	823  	40
 31	2	395 	0	0	818  	40
 31	2	396 	0	0	818  	40
 31	2	397 	0	0	819  	40
 31	2	398 	0	0	819  	40
 31	2	399 	0	0	813  	40
 31	2	400 	0	0	823  	40
 31	2	401 	0	0	817  	40
 31	2	402 	0	0	817  	40
 31	2	403 	0	0	814  	40
 31	2	404 	0	0	823  	40
 31	2	405 	0	0	816  	40
 31	2	406 	0	0	827  	40
 31	2	407 	0	0	817  	40
 31	2	408 	0	0	819  	40
 31	2	409 	0	0	819	40
 31	2	410 	0	0	816	40
 31	2	411 	0	0	825	40
 31	2	412 	0	0	815	40
 31	2	413 	0	0	819	40
 31	2	414 	0	0	821 	40
 31	2	415 	0	0	820 	40
 31	2	416 	0	0	811 	40
 31	2	417 	0	0	815 	40
 31	2	418 	0	0	810 	40
 31	2	419 	0	0	818 	40
 31	2	420 	0	0	807 	40
 31	2	421 	0	0	814 	40
 31	2	422 	0	0	811 	40
 31	2	423 	0	0	808 	40
 31	2	424 	0	0	804 	40
 31	2	425 	0	0	815 	40
 31	2	426 	0	0	811 	40
 31	2	427 	0	0	814 	40
 31	2	428 	0	0	815 	40
 31	2	429 	0	0	810 	40
 31	2	430 	0	0	812 	40
 31	2	431 	0	0	809 	40
 31	2	432 	0	0	812 	40
 31	2	433 	0	0	815 	40
 31	2	434 	0	0	807 	40
 31	2	435 	0	0	803 	40
 31	2	436 	0	0	812 	40
 31	2	437 	0	0	813 	40
 31	2	438 	0	0	811 	40
 31	2	439 	0	0	816 	40
 31	2	440 	0	0	815 	40
 31	2	441 	0	0	809 	40
 31	2	442 	0	0	809 	40
 31	2	443 	0	0	810 	40
 31	2	444 	0	0	817 	40
 31	2	445 	0	0	812  	40
 31	2	446 	0	0	807  	40
 31	2	447 	0	0	819  	40
 31	2	448 	0	0	784  	40
 31	2	449 	0	0	781  	40
 31	2	450 	0	0	788  	40
 31	2	451 	0	0	787  	40
 31	2	452 	0	0	785  	40
 31	2	453 	0	0	786  	40
 31	2	454 	0	0	780  	40
 31	2	455 	0	0	782  	40
 31	2	456 	0	0	791  	40
 31	2	457 	0	0	773  	40
 31	2	458 	0	0	783  	40
 31	2	459 	0	0	781  	40
 31	2	460 	0	0	792  	40
 31	2	461 	0	0	778  	40
 31	2	462 	0	0	785  	40
 31	2	463 	0	0	785  	40
 31	2	464 	0	0	785  	40
 31	2	465 	0	0	779  	40
 31	2	466 	0	0	776  	40
 31	2	467 	0	0	785  	40
 31	2	468 	0	0	782  	40
 31	2	469 	0	0	788  	40
 31	2	470 	0	0	780  	40
 31	2	471 	0	0	781  	40
#PHI2
 31	3	0  	0	0	781    	40
 31	3	1  	0	0	776    	40
 31	3	2  	0	0	779    	40
 31	3	3  	0	0	776    	40
 31	3	4  	0	0	775    	40
 31	3	5  	0	0	770    	40
 31	3	6  	0	0	770    	40
 31	3	7  	0	0	775    	40
 31	3	8  	0	0	768    	40
 31	3	9  	0	0	774    	40
 31	3	10 	0	0	772    	40
 31	3	11 	0	0	778    	40
 31	3	12 	0	0	768    	40
 31	3	13 	0	0	769    	40
 31	3	14 	0	0	777    	40
 31	3	15 	0	0	770    	40
 31	3	16 	0	0	771    	40
 31	3	17 	0	0	774    	40
 31	3	18 	0	0	773    	40
 31	3	19 	0	0	766    	40
 31	3	20 	0	0	769    	40
 31	3	21 	0	0	766    	40
 31	3	22 	0	0	765    	40
 31	3	23 	0	0	773    	40
 31	3	24 	0	0	779    	40
 31	3	25 	0	0	776    	40
 31	3	26 	0	0	775    	40
 31	3	27 	0	0	772    	40
 31	3	28 	0	0	768    	40
 31	3	29 	0	0	773    	40
 31	3	30 	0	0	767    	40
 31	3	31 	0	0	769    	40
 31	3	32 	0	0	800    	40
 31	3	33 	0	0	787    	40
 31	3	34 	0	0	784    	40
 31	3	35 	0	0	788    	40
 31	3	36 	0	0	800    	40
 31	3	37 	0	0	784    	40
 31	3	38 	0	0	790    	40
 31	3	39 	0	0	790    	40
 31	3	40 	0	0	782    	40
 31	3	41 	0	0	791    	40
 31	3	42 	0	0	787    	40
 31	3	43 	0	0	788    	40
 31	3	44 	0	0	792    	40
 31	3	45 	0	0	796    	40
 31	3	46 	0	0	790    	40
 31	3	47 	0	0	788    	40
 31	3	48 	0	0	787    	40
 31	3	49 	0	0	792    	40
 31	3	50 	0	0	789    	40
 31	3	51 	0	0	787    	40
 31	3	52 	0	0	788    	40
 31	3	53 	0	0	784    	40
 31	3	54 	0	0	794    	40
 31	3	55 	0	0	790    	40
 31	3	56 	0	0	797    	40
 31	3	57 	0	0	785    	40
 31	3	58 	0	0	791    	40
 31	3	59 	0	0	786    	40
 31	3	60 	0	0	794    	40
 31	3	61 	0	0	794    	40
 31	3	62 	0	0	793    	40
 31	3	63 	0	0	783    	40
 31	3	64 	0	0	787    	40
 31	3	65 	0	0	784    	40
 31	3	66 	0	0	784    	40
 31	3	67 	0	0	790    	40
 31	3	68 	0	0	781    	40
 31	3	69 	0	0	787    	40
 31	3	70 	0	0	782    	40
 31	3	71 	0	0	784    	40
 31	3	72 	0	0	787    	40
 31	3	73 	0	0	784    	40
 31	3	74 	0	0	785    	40
 31	3	75 	0	0	789    	40
 31	3	76 	0	0	784    	40
 31	3	77 	0	0	785    	40
 31	3	78 	0	0	782    	40
 31	3	79 	0	0	788    	40
 31	3	80 	0	0	783    	40
 31	3	81 	0	0	786    	40
 31	3	82 	0	0	785    	40
 31	3	83 	0	0	785    	40
 31	3	84 	0	0	785    	40
 31	3	85 	0	0	782    	40
 31	3	86 	0	0	784    	40
 31	3	87 	0	0	785    	40
 31	3	88 	0	0	775    	40
 31	3	89 	0	0	783    	40
 31	3	90 	0	0	783    	40
 31	3	91 	0	0	789    	40
 31	3	92 	0	0	784    	40
 31	3	93 	0	0	784    	40
 31	3	94 	0	0	777    	40
 31	3	95 	0	0	783    	40
 31	3	96 	0	0	763    	40
 31	3	97 	0	0	767    	40
 31	3	98 	0	0	763    	40
 31	3	99 	0	0	764    	40
 31	3	100	0	0	763    	40
 31	3	101	0	0	759    	40
 31	3	102	0	0	766    	40
 31	3	103	0	0	767    	40
 31	3	104	0	0	766    	40
 31	3	105	0	0	767    	40
 31	3	106	0	0	760    	40
 31	3	107	0	0	760    	40
 31	3	108	0	0	761    	40
 31	3	109	0	0	766    	40
 31	3	110	0	0	758    	40
 31	3	111	0	0	762    	40
 31	3	112	0	0	764    	40
 31	3	113	0	0	761    	40
 31	3	114	0	0	763    	40
 31	3	115	0	0	756    	40
 31	3	116	0	0	764    	40
 31	3	117	0	0	763    	40
 31	3	118	0	0	763    	40
 31	3	119	0	0	763    	40
 31	3	120	0	0	766    	40
 31	3	121	0	0	763    	40
 31	3	122	0	0	761    	40
 31	3	123	0	0	762    	40
 31	3	124	0	0	755    	40
 31	3	125	0	0	762    	40
 31	3	126	0	0	758    	40
 31	3	127	0	0	765    	40
 31	3	128	0	0	758    	40
 31	3	129	0	0	752    	40
 31	3	130	0	0	758    	40
 31	3	131	0	0	755    	40
 31	3	132	0	0	758    	40
 31	3	133	0	0	759    	40
 31	3	134	0	0	753    	40
 31	3	135	0	0	751    	40
 31	3	136	0	0	759    	40
 31	3	137	0	0	749    	40
 31	3	138	0	0	758    	40
 31	3	139	0	0	757    	40
 31	3	140	0	0	746    	40
 31	3	141	0	0	751    	40
 31	3	142	0	0	753    	40
 31	3	143	0	0	752    	40
 31	3	144	0	0	752    	40
 31	3	145	0	0	755    	40
 31	3	146	0	0	759    	40
 31	3	147	0	0	755    	40
 31	3	148	0	0	757    	40
 31	3	149	0	0	748    	40
 31	3	150	0	0	756    	40
 31	3	151	0	0	755    	40
 31	3	152	0	0	757    	40
 31	3	153	0	0	750    	40
 31	3	154	0	0	751    	40
 31	3	155	0	0	753    	40
 31	3	156	0	0	745    	40
 31	3	157	0	0	752    	40
 31	3	158	0	0	751    	40
 31	3	159	0	0	756    	40
 31	3	160	0	0	817    	40
 31	3	161	0	0	821    	40
 31	3	162	0	0	821    	40
 31	3	163	0	0	819    	40
 31	3	164	0	0	817    	40
 31	3	165	0	0	816    	40
 31	3	166	0	0	823   	40
 31	3	167	0	0	812    	40
 31	3	168	0	0	815    	40
 31	3	169	0	0	817    	40
 31	3	170	0	0	814    	40
 31	3	171	0	0	813    	40
 31	3	172	0	0	823    	40
 31	3	173	0	0	814    	40
 31	3	174	0	0	815    	40
 31	3	175	0	0	818    	40
 31	3	176	0	0	818    	40
 31	3	177	0	0	816   	40
 31	3	178	0	0	818    	40
 31	3	179	0	0	812    	40
 31	3	180	0	0	816    	40
 31	3	181	0	0	821    	40
 31	3	182	0	0	815    	40
 31	3	183	0	0	814    	40
 31	3	184	0	0	819    	40
 31	3	185	0	0	819    	40
 31	3	186	0	0	817    	40
 31	3	187	0	0	813    	40
 31	3	188	0	0	820   	40
 31	3	189	0	0	815    	40
 31	3	190	0	0	814    	40
 31	3	191	0	0	816   	40
 31	3	192	0	0	802    	40
 31	3	193	0	0	798    	40
 31	3	194	0	0	801    	40
 31	3	195	0	0	797    	40
 31	3	196	0	0	793    	40
 31	3	197	0	0	797    	40
 31	3	198	0	0	797    	40
 31	3	199	0	0	805    	40
 31	3	200	0	0	797    	40
 31	3	201	0	0	796    	40
 31	3	202	0	0	798    	40
 31	3	203	0	0	801    	40
 31	3	204	0	0	799    	40
 31	3	205	0	0	806    	40
 31	3	206	0	0	803    	40
 31	3	207	0	0	800    	40
 31	3	208	0	0	801    	40
 31	3	209	0	0	799    	40
 31	3	210	0	0	798    	40
 31	3	211	0	0	801    	40
 31	3	212	0	0	802    	40
 31	3	213	0	0	796    	40
 31	3	214	0	0	800    	40
 31	3	215	0	0	801    	40
 31	3	216	0	0	803    	40
 31	3	217	0	0	808    	40
 31	3	218	0	0	797    	40
 31	3	219	0	0	799    	40
 31	3	220	0	0	801    	40
 31	3	221	0	0	801    	40
 31	3	222	0	0	796    	40
 31	3	223	0	0	802    	40
 31	3	224	0	0	769    	40
 31	3	225	0	0	765    	40
 31	3	226	0	0	770    	40
 31	3	227	0	0	775    	40
 31	3	228	0	0	767    	40
 31	3	229	0	0	771    	40
 31	3	230	0	0	777    	40
 31	3	231	0	0	772    	40
 31	3	232	0	0	771    	40
 31	3	233	0	0	767    	40
 31	3	234	0	0	770    	40
 31	3	235	0	0	765    	40
 31	3	236	0	0	762    	40
 31	3	237	0	0	768    	40
 31	3	238	0	0	773    	40
 31	3	239	0	0	759    	40
 31	3	240	0	0	765    	40
 31	3	241	0	0	766    	40
 31	3	242	0	0	766    	40
 31	3	243	0	0	762    	40
 31	3	244	0	0	764    	40
 31	3	245	0	0	767    	40
 31	3	246	0	0	766    	40
 31	3	247	0	0	768    	40
 31	3	248	0	0	772    	40
 31	3	249	0	0	762    	40
 31	3	250	0	0	776    	40
 31	3	251	0	0	767    	40
 31	3	252	0	0	768    	40
 31	3	253	0	0	772    	40
 31	3	254	0	0	769    	40
 31	3	255	0	0	772    	40
 31	3	256	0	0	806    	40
 31	3	257	0	0	803    	40
 31	3	258	0	0	808    	40
 31	3	259	0	0	799    	40
 31	3	260	0	0	802    	40
 31	3	261	0	0	802    	40
 31	3	262	0	0	805    	40
 31	3	263	0	0	802    	40
 31	3	264	0	0	804    	40
 31	3	265	0	0	802    	40
 31	3	266	0	0	797    	40
 31	3	267	0	0	804    	40
 31	3	268	0	0	801    	40
 31	3	269	0	0	803    	40
 31	3	270	0	0	805    	40
 31	3	271	0	0	808    	40
 31	3	272	0	0	800    	40
 31	3	273	0	0	803    	40
 31	3	274	0	0	807    	40
 31	3	275	0	0	801    	40
 31	3	276	0	0	812    	40
 31	3	277	0	0	803    	40
 31	3	278	0	0	807    	40
 31	3	279	0	0	807    	40
 31	3	280	0	0	804    	40
 31	3	281	0	0	797    	40
 31	3	282	0	0	800    	40
 31	3	283	0	0	798    	40
 31	3	284	0	0	799  	40
 31	3	285	0	0	806  	40
 31	3	286	0	0	801  	40
 31	3	287	0	0	807  	40
 31	3	288	0	0	774  	40
 31	3	289	0	0	777   	40
 31	3	290	0	0	785   	40
 31	3	291	0	0	781   	40
 31	3	292	0	0	774   	40
 31	3	293	0	0	777   	40
 31	3	294	0	0	778   	40
 31	3	295	0	0	778   	40
 31	3	296	0	0	771   	40
 31	3	297	0	0	779   	40
 31	3	298	0	0	773   	40
 31	3	299	0	0	776   	40
 31	3	300	0	0	770   	40
 31	3	301	0	0	779   	40
 31	3	302	0	0	775   	40
 31	3	303	0	0	777   	40
 31	3	304	0	0	784   	40
 31	3	305	0	0	771   	40
 31	3	306	0	0	781   	40
 31	3	307	0	0	779   	40
 31	3	308	0	0	772   	40
 31	3	309	0	0	776   	40
 31	3	310	0	0	783   	40
 31	3	311	0	0	774   	40
 31	3	312	0	0	781   	40
 31	3	313	0	0	775   	40
 31	3	314	0	0	775   	40
 31	3	315	0	0	773   	40
 31	3	316	0	0	777   	40
 31	3	317	0	0	775   	40
 31	3	318	0	0	782   	40
 31	3	319	0	0	781   	40
 31	3	320	0	0	831    	40
 31	3	321	0	0	832    	40
 31	3	322	0	0	823    	40
 31	3	323	0	0	826    	40
 31	3	324	0	0	822    	40
 31	3	325	0	0	821    	40
 31	3	326	0	0	825    	40
 31	3	327	0	0	822    	40
 31	3	328	0	0	822    	40
 31	3	329	0	0	820    	40
 31	3	330	0	0	819    	40
 31	3	331	0	0	833    	40
 31	3	332	0	0	824    	40
 31	3	333	0	0	822    	40
 31	3	334	0	0	821    	40
 31	3	335	0	0	822    	40
 31	3	336	0	0	824    	40
 31	3	337	0	0	829    	40
 31	3	338	0	0	825    	40
 31	3	339	0	0	820    	40
 31	3	340	0	0	824    	40
 31	3	341	0	0	827    	40
 31	3	342	0	0	822    	40
 31	3	343	0	0	818    	40
 31	3	344	0	0	826    	40
 31	3	345	0	0	826    	40
 31	3	346	0	0	820    	40
 31	3	347	0	0	828    	40
 31	3	348	0	0	826    	40
 31	3	349	0	0	832    	40
 31	3	350	0	0	829    	40
 31	3	351	0	0	816    	40
 31	3	352	0	0	832    	40
 31	3	353	0	0	829    	40
 31	3	354	0	0	822    	40
 31	3	355	0	0	828    	40
 31	3	356	0	0	837    	40
 31	3	357	0	0	825    	40
 31	3	358	0	0	825    	40
 31	3	359	0	0	830    	40
 31	3	360	0	0	821    	40
 31	3	361	0	0	827    	40
 31	3	362	0	0	833    	40
 31	3	363	0	0	815    	40
 31	3	364	0	0	835    	40
 31	3	365	0	0	820    	40
 31	3	366	0	0	825    	40
 31	3	367	0	0	825    	40
 31	3	368	0	0	825    	40
 31	3	369	0	0	826    	40
 31	3	370	0	0	827    	40
 31	3	371	0	0	828    	40
 31	3	372	0	0	829    	40
 31	3	373	0	0	829    	40
 31	3	374	0	0	830    	40
 31	3	375	0	0	828    	40
 31	3	376	0	0	832    	40
 31	3	377	0	0	823    	40
 31	3	378	0	0	826    	40
 31	3	379	0	0	828    	40
 31	3	380	0	0	827    	40
 31	3	381	0	0	826    	40
 31	3	382	0	0	831    	40
 31	3	383	0	0	827    	40
 31	3	384 	0	0	806   	40
 31	3	385 	0	0	811   	40
 31	3	386 	0	0	803   	40
 31	3	387 	0	0	815   	40
 31	3	388 	0	0	807   	40
 31	3	389 	0	0	813   	40
 31	3	390 	0	0	823   	40
 31	3	391 	0	0	807   	40
 31	3	392 	0	0	805   	40
 31	3	393 	0	0	806   	40
 31	3	394 	0	0	817   	40
 31	3	395 	0	0	815   	40
 31	3	396 	0	0	806   	40
 31	3	397 	0	0	809   	40
 31	3	398 	0	0	807   	40
 31	3	399 	0	0	812   	40
 31	3	400 	0	0	814   	40
 31	3	401 	0	0	811   	40
 31	3	402 	0	0	813   	40
 31	3	403 	0	0	806   	40
 31	3	404 	0	0	815   	40
 31	3	405 	0	0	813   	40
 31	3	406 	0	0	812   	40
 31	3	407 	0	0	807   	40
 31	3	408 	0	0	820   	40
 31	3	409 	0	0	813 	40
 31	3	410 	0	0	810 	40
 31	3	411 	0	0	812 	40
 31	3	412 	0	0	816 	40
 31	3	413 	0	0	815 	40
 31	3	414 	0	0	802  	40
 31	3	415 	0	0	814  	40
 31	3	416 	0	0	792  	40
 31	3	417 	0	0	785  	40
 31	3	418 	0	0	790  	40
 31	3	419 	0	0	782  	40
 31	3	420 	0	0	779  	40
 31	3	421 	0	0	778  	40
 31	3	422 	0	0	787  	40
 31	3	423 	0	0	779  	40
 31	3	424 	0	0	783  	40
 31	3	425 	0	0	778  	40
 31	3	426 	0	0	784  	40
 31	3	427 	0	0	781  	40
 31	3	428 	0	0	778  	40
 31	3	429 	0	0	783  	40
 31	3	430 	0	0	788  	40
 31	3	431 	0	0	780  	40
 31	3	432 	0	0	777  	40
 31	3	433 	0	0	779  	40
 31	3	434 	0	0	784  	40
 31	3	435 	0	0	778  	40
 31	3	436 	0	0	786  	40
 31	3	437 	0	0	787  	40
 31	3	438 	0	0	778  	40
 31	3	439 	0	0	787  	40
 31	3	440 	0	0	780  	40
 31	3	441 	0	0	785  	40
 31	3	442 	0	0	787  	40
 31	3	443 	0	0	784  	40
 31	3	444 	0	0	783  	40
 31	3	445 	0	0	783   	40
 31	3	446 	0	0	780   	40
 31	3	447 	0	0	790   	40
 31	3	448 	0	0	790   	40
 31	3	449 	0	0	788   	40
 31	3	450 	0	0	790   	40
 31	3	451 	0	0	793   	40
 31	3	452 	0	0	789   	40
 31	3	453 	0	0	788   	40
 31	3	454 	0	0	792   	40
 31	3	455 	0	0	783   	40
 31	3	456 	0	0	792   	40
 31	3	457 	0	0	795   	40
 31	3	458 	0	0	786   	40
 31	3	459 	0	0	793   	40
 31	3	460 	0	0	791   	40
 31	3	461 	0	0	791   	40
 31	3	462 	0	0	785   	40
 31	3	463 	0	0	788   	40
 31	3	464 	0	0	793   	40
 31	3	465 	0	0	783   	40
 31	3	466 	0	0	786   	40
 31	3	467 	0	0	791   	40
 31	3	468 	0	0	787   	40
 31	3	469 	0	0	793   	40
 31	3	470 	0	0	792   	40
 31	3	471 	0	0	797   	40
 31	3	472	0	0	787	40
 31	3	473	0	0	784	40
 31	3	474	0	0	785	40
 31	3	475	0	0	795	40
 31	3	476	0	0	794	40
 31	3	477	0	0	795	40
 31	3	478	0	0	788	40
 31	3	479	0	0	792	40
 31	3	480	0	0	811	40
 31	3	481	0	0	811	40
 31	3	482	0	0	812	40
 31	3	483	0	0	810	40
 31	3	484	0	0	809	40
 31	3	485	0	0	811	40
 31	3	486	0	0	808	40
 31	3	487	0	0	810	40
 31	3	488	0	0	814	40
 31	3	489	0	0	814	40
 31	3	490	0	0	807	40
 31	3	491	0	0	808	40
 31	3	492	0	0	806	40
 31	3	493	0	0	809	40
 31	3	494	0	0	810	40
 31	3	495	0	0	814	40
 31	3	496	0	0	806	40
 31	3	497	0	0	808	40
 31	3	498	0	0	807	40
 31	3	499	0	0	809	40
 31	3	500	0	0	811	40
 31	3	501	0	0	815	40
 31	3	502	0	0	809	40
 31	3	503	0	0	805	40
 31	3	504	0	0	807	40
 31	3	505	0	0	802	40
 31	3	506	0	0	812	40
 31	3	507	0	0	803	40
 31	3	508	0	0	811	40
 31	3	509	0	0	812	40
 31	3	510	0	0	806	40
 31	3	511	0	0	812	40
 31	3	512	0	0	805	40
 31	3	513	0	0	814	40
 31	3	514	0	0	805	40
 31	3	515	0	0	810	40
 31	3	516	0	0	802	40
 31	3	517	0	0	803	40
 31	3	518	0	0	808	40
 31	3	519	0	0	810	40
 31	3	520	0	0	809	40
 31	3	521	0	0	811	40
 31	3	522	0	0	809	40
 31	3	523	0	0	805	40
 31	3	524	0	0	805   	40
 31	3	525	0	0	808   	40
 31	3	526	0	0	807   	40
 31	3	527	0	0	803   	40
 31	3	528	0	0	804   	40
 31	3	529	0	0	811    	40
 31	3	530	0	0	808    	40
 31	3	531	0	0	806    	40
 31	3	532	0	0	809    	40
 31	3	533	0	0	809    	40
 31	3	534	0	0	805    	40
 31	3	535	0	0	806    	40
 31	3	536	0	0	801    	40
 31	3	537	0	0	805    	40
 31	3	538	0	0	808    	40
 31	3	539	0	0	805    	40
 31	3	540	0	0	808    	40
 31	3	541	0	0	808    	40
 31	3	542	0	0	810    	40
 31	3	543	0	0	815    	40
 31	3	544	0	0	797    	40
 31	3	545	0	0	805    	40
 31	3	546	0	0	800    	40
 31	3	547	0	0	802    	40
 31	3	548	0	0	797    	40
 31	3	549	0	0	801    	40
 31	3	550	0	0	795    	40
 31	3	551	0	0	798    	40
 31	3	552	0	0	798    	40
 31	3	553	0	0	801    	40
 31	3	554	0	0	797    	40
 31	3	555	0	0	797    	40
 31	3	556	0	0	800    	40
 31	3	557	0	0	797    	40
 31	3	558	0	0	800    	40
 31	3	559	0	0	794    	40
 31	3	560	0	0	788	40
 31	3	561	0	0	792	40
 31	3	562	0	0	797	40
 31	3	563	0	0	800	40
 31	3	564	0	0	799	40
 31	3	565	0	0	799	40
 31	3	566	0	0	795	40
 31	3	567	0	0	805	40
 31	3	568	0	0	796	40
 31	3	569	0	0	801	40
 31	3	570	0	0	796	40
 31	3	571	0	0	799	40
 31	3	572	0	0	791	40
 31	3	573	0	0	800	40
 31	3	574	0	0	801	40
 31	3	575	0	0	806	40
 31	3	576	0	0	791	40
 31	3	577	0	0	793	40
 31	3	578	0	0	790	40
 31	3	579	0	0	795	40
 31	3	580	0	0	787	40
 31	3	581	0	0	797	40
 31	3	582	0	0	793	40
 31	3	583	0	0	787	40
 31	3	584	0	0	798	40
 31	3	585	0	0	785	40
 31	3	586	0	0	791	40
 31	3	587	0	0	792	40
 31	3	588	0	0	793	40
 31	3	589	0	0	793	40
 31	3	590	0	0	790	40
 31	3	591	0	0	788	40
 31	3	592	0	0	788	40
 31	3	593	0	0	785	40
 31	3	594	0	0	787	40
 31	3	595	0	0	790	40
 31	3	596	0	0	794	40
 31	3	597	0	0	785	40
 31	3	598	0	0	795	40
 31	3	599	0	0	786	40
 31	3	600	0	0	794	40
 31	3	601	0	0	799	40
 31	3	602	0	0	790	40
 31	3	603	0	0	789	40
 31	3	604	0	0	794	40
 31	3	605	0	0	789	40
 31	3	606	0	0	792	40
 31	3	607	0	0	786	40
 31	3	608	0	0	801	40
 31	3	609	0	0	789	40
 31	3	610	0	0	798	40
 31	3	611	0	0	808	40
 31	3	612	0	0	802	40
 31	3	613	0	0	798	40
 31	3	614	0	0	801	40
 31	3	615	0	0	798	40
 31	3	616	0	0	800	40
 31	3	617	0	0	805	40
 31	3	618	0	0	804	40
 31	3	619	0	0	790	40
 31	3	620	0	0	794	40
 31	3	621	0	0	801	40
 31	3	622	0	0	802	40
 31	3	623	0	0	799	40
 31	3	624 	0	0	802    	40
 31	3	625 	0	0	811    	40
 31	3	626 	0	0	807    	40
 31	3	627 	0	0	799    	40
 31	3	628 	0	0	803    	40
 31	3	629 	0	0	803    	40
 31	3	630 	0	0	800    	40
 31	3	631 	0	0	804    	40
 31	3	632 	0	0	804    	40
 31	3	633 	0	0	800    	40
 31	3	634 	0	0	796    	40
 31	3	635 	0	0	797    	40
 31	3	636 	0	0	797    	40
 31	3	637 	0	0	806    	40
 31	3	638 	0	0	794    	40
 31	3	639 	0	0	796    	40
 31	3	640 	0	0	754    	40
 31	3	641 	0	0	750    	40
 31	3	642 	0	0	755    	40
 31	3	643 	0	0	761    	40
 31	3	644 	0	0	749    	40
 31	3	645 	0	0	749    	40
 31	3	646 	0	0	753    	40
 31	3	647 	0	0	751    	40
 31	3	648 	0	0	750    	40
 31	3	649 	0	0	751  	40
 31	3	650 	0	0	749  	40
 31	3	651 	0	0	757  	40
 31	3	652 	0	0	750  	40
 31	3	653 	0	0	762  	40
 31	3	654 	0	0	760   	40
 31	3	655 	0	0	758   	40
 31	3	656 	0	0	750   	40
 31	3	657 	0	0	753   	40
 31	3	658 	0	0	756   	40
 31	3	659 	0	0	757   	40
 31	3	660 	0	0	749   	40
 31	3	661 	0	0	743   	40
 31	3	662 	0	0	754   	40
 31	3	663 	0	0	758   	40
 31	3	664 	0	0	755   	40
 31	3	665 	0	0	754   	40
 31	3	666 	0	0	752   	40
 31	3	667 	0	0	751   	40
 31	3	668 	0	0	752   	40
 31	3	669 	0	0	754   	40
 31	3	670 	0	0	752   	40
 31	3	671 	0	0	759   	40
 31	3	672 	0	0	751   	40
 31	3	673 	0	0	742   	40
 31	3	674 	0	0	749   	40
 31	3	675 	0	0	749   	40
 31	3	676 	0	0	745   	40
 31	3	677 	0	0	750   	40
 31	3	678 	0	0	750   	40
 31	3	679 	0	0	752   	40
 31	3	680 	0	0	745   	40
 31	3	681 	0	0	745   	40
 31	3	682 	0	0	754   	40
 31	3	683 	0	0	752   	40
 31	3	684 	0	0	747   	40
 31	3	685 	0	0	755    	40
 31	3	686 	0	0	753    	40
 31	3	687 	0	0	755    	40
 31	3	688 	0	0	745    	40
 31	3	689 	0	0	747    	40
 31	3	690 	0	0	749    	40
 31	3	691 	0	0	752    	40
# UV3
 31	4	0  	0	0	773    	40
 31	4	1  	0	0	771    	40
 31	4	2  	0	0	776    	40
 31	4	3  	0	0	774    	40
 31	4	4  	0	0	774    	40
 31	4	5  	0	0	769    	40
 31	4	6  	0	0	776    	40
 31	4	7  	0	0	769    	40
 31	4	8  	0	0	777    	40
 31	4	9  	0	0	770    	40
 31	4	10 	0	0	770    	40
 31	4	11 	0	0	766    	40
 31	4	12 	0	0	774    	40
 31	4	13 	0	0	776    	40
 31	4	14 	0	0	775    	40
 31	4	15 	0	0	765    	40
 31	4	16 	0	0	773    	40
 31	4	17 	0	0	769    	40
 31	4	18 	0	0	766    	40
 31	4	19 	0	0	771    	40
 31	4	20 	0	0	768    	40
 31	4	21 	0	0	771    	40
 31	4	22 	0	0	779    	40
 31	4	23 	0	0	766    	40
 31	4	24 	0	0	769    	40
 31	4	25 	0	0	769    	40
 31	4	26 	0	0	767    	40
 31	4	27 	0	0	769    	40
 31	4	28 	0	0	764    	40
 31	4	29 	0	0	773    	40
 31	4	30 	0	0	769    	40
 31	4	31 	0	0	771    	40
 31	4	32 	0	0	830    	40
 31	4	33 	0	0	824    	40
 31	4	34 	0	0	829    	40
 31	4	35 	0	0	830    	40
 31	4	36 	0	0	830    	40
 31	4	37 	0	0	827    	40
 31	4	38 	0	0	823    	40
 31	4	39 	0	0	832    	40
 31	4	40 	0	0	833    	40
 31	4	41 	0	0	824    	40
 31	4	42 	0	0	826    	40
 31	4	43 	0	0	825    	40
 31	4	44 	0	0	822    	40
 31	4	45 	0	0	826    	40
 31	4	46 	0	0	833    	40
 31	4	47 	0	0	825    	40
 31	4	48 	0	0	834    	40
 31	4	49 	0	0	829    	40
 31	4	50 	0	0	827    	40
 31	4	51 	0	0	831    	40
 31	4	52 	0	0	821    	40
 31	4	53 	0	0	827    	40
 31	4	54 	0	0	834    	40
 31	4	55 	0	0	830    	40
 31	4	56 	0	0	823    	40
 31	4	57 	0	0	827    	40
 31	4	58 	0	0	832    	40
 31	4	59 	0	0	829    	40
 31	4	60 	0	0	831    	40
 31	4	61 	0	0	830    	40
 31	4	62 	0	0	824    	40
 31	4	63 	0	0	828    	40
 31	4	64 	0	0	804    	40
 31	4	65 	0	0	803    	40
 31	4	66 	0	0	800    	40
 31	4	67 	0	0	797    	40
 31	4	68 	0	0	803    	40
 31	4	69 	0	0	802    	40
 31	4	70 	0	0	798    	40
 31	4	71 	0	0	796    	40
 31	4	72 	0	0	803    	40
 31	4	73 	0	0	807    	40
 31	4	74 	0	0	804    	40
 31	4	75 	0	0	801    	40
 31	4	76 	0	0	794    	40
 31	4	77 	0	0	806    	40
 31	4	78 	0	0	801    	40
 31	4	79 	0	0	801    	40
 31	4	80 	0	0	800    	40
 31	4	81 	0	0	796    	40
 31	4	82 	0	0	801    	40
 31	4	83 	0	0	800    	40
 31	4	84 	0	0	799    	40
 31	4	85 	0	0	802    	40
 31	4	86 	0	0	797    	40
 31	4	87 	0	0	800    	40
 31	4	88 	0	0	802    	40
 31	4	89 	0	0	802    	40
 31	4	90 	0	0	798    	40
 31	4	91 	0	0	803    	40
 31	4	92 	0	0	800    	40
 31	4	93 	0	0	798    	40
 31	4	94 	0	0	799    	40
 31	4	95 	0	0	797    	40
 31	4	96 	0	0	796    	40
 31	4	97 	0	0	802    	40
 31	4	98 	0	0	794    	40
 31	4	99 	0	0	799    	40
 31	4	100	0	0	795    	40
 31	4	101	0	0	803    	40
 31	4	102	0	0	794    	40
 31	4	103	0	0	795    	40
 31	4	104	0	0	793    	40
 31	4	105	0	0	798    	40
 31	4	106	0	0	797    	40
 31	4	107	0	0	793    	40
 31	4	108	0	0	790    	40
 31	4	109	0	0	793    	40
 31	4	110	0	0	796    	40
 31	4	111	0	0	795    	40
 31	4	112	0	0	796    	40
 31	4	113	0	0	797    	40
 31	4	114	0	0	801    	40
 31	4	115	0	0	793    	40
 31	4	116	0	0	793    	40
 31	4	117	0	0	793    	40
 31	4	118	0	0	800    	40
 31	4	119	0	0	796    	40
 31	4	120	0	0	797    	40
 31	4	121	0	0	801    	40
 31	4	122	0	0	796    	40
 31	4	123	0	0	800    	40
 31	4	124	0	0	802    	40
 31	4	125	0	0	799    	40
 31	4	126	0	0	799    	40
 31	4	127	0	0	796    	40
 31	4	128	0	0	793    	40
 31	4	129	0	0	799    	40
 31	4	130	0	0	801    	40
 31	4	131	0	0	795    	40
 31	4	132	0	0	800    	40
 31	4	133	0	0	788    	40
 31	4	134	0	0	792    	40
 31	4	135	0	0	796    	40
 31	4	136	0	0	796    	40
 31	4	137	0	0	795    	40
 31	4	138	0	0	793    	40
 31	4	139	0	0	793    	40
 31	4	140	0	0	792    	40
 31	4	141	0	0	792    	40
 31	4	142	0	0	795    	40
 31	4	143	0	0	795    	40
 31	4	144	0	0	804    	40
 31	4	145	0	0	792    	40
 31	4	146	0	0	800    	40
 31	4	147	0	0	794    	40
 31	4	148	0	0	788    	40
 31	4	149	0	0	794    	40
 31	4	150	0	0	796    	40
 31	4	151	0	0	796    	40
 31	4	152	0	0	795    	40
 31	4	153	0	0	794    	40
 31	4	154	0	0	797    	40
 31	4	155	0	0	797    	40
 31	4	156	0	0	790    	40
 31	4	157	0	0	787    	40
 31	4	158	0	0	793    	40
 31	4	159	0	0	793    	40
 31	4	160	0	0	805    	40
 31	4	161	0	0	812    	40
 31	4	162	0	0	800    	40
 31	4	163	0	0	797    	40
 31	4	164	0	0	799    	40
 31	4	165	0	0	804    	40
 31	4	166	0	0	807    	40
 31	4	167	0	0	807    	40
 31	4	168	0	0	809    	40
 31	4	169	0	0	802    	40
 31	4	170	0	0	807    	40
 31	4	171	0	0	804    	40
 31	4	172	0	0	797    	40
 31	4	173	0	0	802    	40
 31	4	174	0	0	807    	40
 31	4	175	0	0	793    	40
 31	4	176	0	0	814    	40
 31	4	177	0	0	800    	40
 31	4	178	0	0	800    	40
 31	4	179	0	0	800    	40
 31	4	180	0	0	798    	40
 31	4	181	0	0	809    	40
 31	4	182	0	0	797    	40
 31	4	183	0	0	797    	40
 31	4	184	0	0	803    	40
 31	4	185	0	0	799    	40
 31	4	186	0	0	797    	40
 31	4	187	0	0	808    	40
 31	4	188	0	0	804    	40
 31	4	189	0	0	806    	40
 31	4	190	0	0	801    	40
 31	4	191	0	0	804   	40
 31	4	192	0	0	787    	40
 31	4	193	0	0	791    	40
 31	4	194	0	0	781    	40
 31	4	195	0	0	783    	40
 31	4	196	0	0	784    	40
 31	4	197	0	0	789    	40
 31	4	198	0	0	784    	40
 31	4	199	0	0	784    	40
 31	4	200	0	0	786    	40
 31	4	201	0	0	787    	40
 31	4	202	0	0	782    	40
 31	4	203	0	0	783    	40
 31	4	204	0	0	784    	40
 31	4	205	0	0	785    	40
 31	4	206	0	0	783    	40
 31	4	207	0	0	778    	40
 31	4	208	0	0	783    	40
 31	4	209	0	0	780    	40
 31	4	210	0	0	784    	40
 31	4	211	0	0	782    	40
 31	4	212	0	0	781    	40
 31	4	213	0	0	779    	40
 31	4	214	0	0	791    	40
 31	4	215	0	0	781    	40
 31	4	216	0	0	783    	40
 31	4	217	0	0	783    	40
 31	4	218	0	0	783    	40
 31	4	219	0	0	784    	40
 31	4	220	0	0	783    	40
 31	4	221	0	0	772    	40
 31	4	222	0	0	782    	40
 31	4	223	0	0	786    	40
 31	4	224	0	0	825    	40
 31	4	225	0	0	830    	40
 31	4	226	0	0	829    	40
 31	4	227	0	0	823    	40
 31	4	228	0	0	832    	40
 31	4	229	0	0	832    	40
 31	4	230	0	0	831    	40
 31	4	231	0	0	834    	40
 31	4	232	0	0	820    	40
 31	4	233	0	0	834    	40
 31	4	234	0	0	832    	40
 31	4	235	0	0	824    	40
 31	4	236	0	0	835    	40
 31	4	237	0	0	830    	40
 31	4	238	0	0	830    	40
 31	4	239	0	0	835    	40
 31	4	240	0	0	823    	40
 31	4	241	0	0	834    	40
 31	4	242	0	0	829    	40
 31	4	243	0	0	831    	40
 31	4	244	0	0	823    	40
 31	4	245	0	0	830    	40
 31	4	246	0	0	833    	40
 31	4	247	0	0	834    	40
 31	4	248	0	0	829    	40
 31	4	249	0	0	832    	40
 31	4	250	0	0	828    	40
 31	4	251	0	0	833    	40
 31	4	252	0	0	838    	40
 31	4	253	0	0	827    	40
 31	4	254	0	0	825    	40
 31	4	255	0	0	833    	40
 31	4	256	0	0	777    	40
 31	4	257	0	0	769    	40
 31	4	258	0	0	775    	40
 31	4	259	0	0	770    	40
 31	4	260	0	0	773    	40
 31	4	261	0	0	774    	40
 31	4	262	0	0	767    	40
 31	4	263	0	0	769    	40
 31	4	264	0	0	773    	40
 31	4	265	0	0	772    	40
 31	4	266	0	0	769    	40
 31	4	267	0	0	777    	40
 31	4	268	0	0	767    	40
 31	4	269	0	0	774    	40
 31	4	270	0	0	769    	40
 31	4	271	0	0	775    	40
 31	4	272	0	0	773    	40
 31	4	273	0	0	770    	40
 31	4	274	0	0	769    	40
 31	4	275	0	0	768    	40
 31	4	276	0	0	771    	40
 31	4	277	0	0	769    	40
 31	4	278	0	0	769    	40
 31	4	279	0	0	768    	40
 31	4	280	0	0	766    	40
 31	4	281	0	0	771    	40
 31	4	282	0	0	776    	40
 31	4	283	0	0	766    	40
 31	4	284	0	0	770   	40
 31	4	285	0	0	772   	40
 31	4	286	0	0	774   	40
 31	4	287	0	0	768   	40
 31	4	288	0	0	813   	40
 31	4	289	0	0	816    	40
 31	4	290	0	0	806    	40
 31	4	291	0	0	811    	40
 31	4	292	0	0	811    	40
 31	4	293	0	0	806    	40
 31	4	294	0	0	808    	40
 31	4	295	0	0	809    	40
 31	4	296	0	0	815    	40
 31	4	297	0	0	813    	40
 31	4	298	0	0	811    	40
 31	4	299	0	0	811    	40
 31	4	300	0	0	814    	40
 31	4	301	0	0	814    	40
 31	4	302	0	0	817    	40
 31	4	303	0	0	814    	40
 31	4	304	0	0	818    	40
 31	4	305	0	0	815    	40
 31	4	306	0	0	808    	40
 31	4	307	0	0	811    	40
 31	4	308	0	0	809    	40
 31	4	309	0	0	802    	40
 31	4	310	0	0	807    	40
 31	4	311	0	0	809    	40
 31	4	312	0	0	811    	40
 31	4	313	0	0	812    	40
 31	4	314	0	0	814    	40
 31	4	315	0	0	805    	40
 31	4	316	0	0	809    	40
 31	4	317	0	0	811    	40
 31	4	318	0	0	813    	40
 31	4	319	0	0	812    	40
 31	4	320	0	0	795    	40
 31	4	321	0	0	796    	40
 31	4	322	0	0	793    	40
 31	4	323	0	0	794    	40
 31	4	324	0	0	788    	40
 31	4	325	0	0	796    	40
 31	4	326	0	0	799    	40
 31	4	327	0	0	798    	40
 31	4	328	0	0	786    	40
 31	4	329	0	0	803    	40
 31	4	330	0	0	798    	40
 31	4	331	0	0	794    	40
 31	4	332	0	0	803    	40
 31	4	333	0	0	794    	40
 31	4	334	0	0	802    	40
 31	4	335	0	0	793    	40
 31	4	336	0	0	798    	40
 31	4	337	0	0	794    	40
 31	4	338	0	0	800    	40
 31	4	339	0	0	801    	40
 31	4	340	0	0	794    	40
 31	4	341	0	0	796    	40
 31	4	342	0	0	793    	40
 31	4	343	0	0	794    	40
 31	4	344	0	0	803    	40
 31	4	345	0	0	803    	40
 31	4	346	0	0	795    	40
 31	4	347	0	0	808    	40
 31	4	348	0	0	799    	40
 31	4	349	0	0	788    	40
 31	4	350	0	0	802    	40
 31	4	351	0	0	791    	40
 31	4	352	0	0	814    	40
 31	4	353	0	0	810    	40
 31	4	354	0	0	821    	40
 31	4	355	0	0	820    	40
 31	4	356	0	0	813    	40
 31	4	357	0	0	822    	40
 31	4	358	0	0	819    	40
 31	4	359	0	0	820    	40
 31	4	360	0	0	821    	40
 31	4	361	0	0	818    	40
 31	4	362	0	0	813    	40
 31	4	363	0	0	817    	40
 31	4	364	0	0	819    	40
 31	4	365	0	0	818    	40
 31	4	366	0	0	817    	40
 31	4	367	0	0	822    	40
 31	4	368	0	0	812    	40
 31	4	369	0	0	817    	40
 31	4	370	0	0	812    	40
 31	4	371	0	0	813    	40
 31	4	372	0	0	821    	40
 31	4	373	0	0	818    	40
 31	4	374	0	0	814    	40
 31	4	375	0	0	818    	40
 31	4	376	0	0	819    	40
 31	4	377	0	0	815    	40
 31	4	378	0	0	819    	40
 31	4	379	0	0	823    	40
 31	4	380	0	0	816    	40
 31	4	381	0	0	819    	40
 31	4	382	0	0	812    	40
 31	4	383	0	0	817    	40
 31	4	384 	0	0	810    	40
 31	4	385 	0	0	800    	40
 31	4	386 	0	0	808    	40
 31	4	387 	0	0	807    	40
 31	4	388 	0	0	806    	40
 31	4	389 	0	0	801    	40
 31	4	390 	0	0	799    	40
 31	4	391 	0	0	809    	40
 31	4	392 	0	0	803    	40
 31	4	393 	0	0	798    	40
 31	4	394 	0	0	804    	40
 31	4	395 	0	0	805    	40
 31	4	396 	0	0	802    	40
 31	4	397 	0	0	799    	40
 31	4	398 	0	0	808    	40
 31	4	399 	0	0	805    	40
 31	4	400 	0	0	803    	40
 31	4	401 	0	0	800    	40
 31	4	402 	0	0	807    	40
 31	4	403 	0	0	802    	40
 31	4	404 	0	0	798    	40
 31	4	405 	0	0	806    	40
 31	4	406 	0	0	805    	40
 31	4	407 	0	0	807    	40
 31	4	408 	0	0	806    	40
 31	4	409 	0	0	811  	40
 31	4	410 	0	0	814  	40
 31	4	411 	0	0	808  	40
 31	4	412 	0	0	806  	40
 31	4	413 	0	0	809  	40
 31	4	414 	0	0	806   	40
 31	4	415 	0	0	804   	40
 31	4	416 	0	0	786   	40
 31	4	417 	0	0	792   	40
 31	4	418 	0	0	783   	40
 31	4	419 	0	0	784   	40
 31	4	420 	0	0	791   	40
 31	4	421 	0	0	790   	40
 31	4	422 	0	0	787   	40
 31	4	423 	0	0	785   	40
 31	4	424 	0	0	787   	40
 31	4	425 	0	0	789   	40
 31	4	426 	0	0	787   	40
 31	4	427 	0	0	782   	40
 31	4	428 	0	0	786   	40
 31	4	429 	0	0	783   	40
 31	4	430 	0	0	786   	40
 31	4	431 	0	0	789   	40
 31	4	432 	0	0	786   	40
 31	4	433 	0	0	788   	40
 31	4	434 	0	0	787   	40
 31	4	435 	0	0	792   	40
 31	4	436 	0	0	789   	40
 31	4	437 	0	0	790   	40
 31	4	438 	0	0	791   	40
 31	4	439 	0	0	787   	40
 31	4	440 	0	0	789   	40
 31	4	441 	0	0	785   	40
 31	4	442 	0	0	783   	40
 31	4	443 	0	0	788   	40
 31	4	444 	0	0	784   	40
 31	4	445 	0	0	785    	40
 31	4	446 	0	0	787    	40
 31	4	447 	0	0	788    	40
 31	4	448 	0	0	821    	40
 31	4	449 	0	0	825    	40
 31	4	450 	0	0	818    	40
 31	4	451 	0	0	820    	40
 31	4	452 	0	0	818    	40
 31	4	453 	0	0	823    	40
 31	4	454 	0	0	820    	40
 31	4	455 	0	0	816    	40
 31	4	456 	0	0	825    	40
 31	4	457 	0	0	818    	40
 31	4	458 	0	0	817    	40
 31	4	459 	0	0	815    	40
 31	4	460 	0	0	816    	40
 31	4	461 	0	0	822    	40
 31	4	462 	0	0	815    	40
 31	4	463 	0	0	818    	40
 31	4	464 	0	0	820    	40
 31	4	465 	0	0	826    	40
 31	4	466 	0	0	821    	40
 31	4	467 	0	0	822    	40
 31	4	468 	0	0	813    	40
 31	4	469 	0	0	818    	40
 31	4	470 	0	0	812    	40
 31	4	471 	0	0	817    	40
 31	4	472	0	0	822 	40
 31	4	473	0	0	819 	40
 31	4	474	0	0	821 	40
 31	4	475	0	0	817 	40
 31	4	476	0	0	821 	40
 31	4	477	0	0	817 	40
 31	4	478	0	0	821 	40
 31	4	479	0	0	824 	40
 31	4	480	0	0	774 	40
 31	4	481	0	0	773 	40
 31	4	482	0	0	763 	40
 31	4	483	0	0	761 	40
 31	4	484	0	0	766 	40
 31	4	485	0	0	769 	40
 31	4	486	0	0	764 	40
 31	4	487	0	0	767 	40
 31	4	488	0	0	764 	40
 31	4	489	0	0	767 	40
 31	4	490	0	0	764 	40
 31	4	491	0	0	762 	40
 31	4	492	0	0	758 	40
 31	4	493	0	0	763 	40
 31	4	494	0	0	770 	40
 31	4	495	0	0	765 	40
 31	4	496	0	0	767 	40
 31	4	497	0	0	765 	40
 31	4	498	0	0	765 	40
 31	4	499	0	0	770 	40
 31	4	500	0	0	767 	40
 31	4	501	0	0	769 	40
 31	4	502	0	0	768 	40
 31	4	503	0	0	769 	40
 31	4	504	0	0	767 	40
 31	4	505	0	0	767 	40
 31	4	506	0	0	766 	40
 31	4	507	0	0	765 	40
 31	4	508	0	0	769 	40
 31	4	509	0	0	763 	40
# PHI3
 31	5	0  	0	0	811    	40
 31	5	1  	0	0	811    	40
 31	5	2  	0	0	810    	40
 31	5	3  	0	0	808    	40
 31	5	4  	0	0	815    	40
 31	5	5  	0	0	814    	40
 31	5	6  	0	0	814    	40
 31	5	7  	0	0	810    	40
 31	5	8  	0	0	819    	40
 31	5	9  	0	0	819    	40
 31	5	10 	0	0	816    	40
 31	5	11 	0	0	809    	40
 31	5	12 	0	0	814    	40
 31	5	13 	0	0	811    	40
 31	5	14 	0	0	811    	40
 31	5	15 	0	0	813    	40
 31	5	16 	0	0	814    	40
 31	5	17 	0	0	815    	40
 31	5	18 	0	0	816    	40
 31	5	19 	0	0	811    	40
 31	5	20 	0	0	822    	40
 31	5	21 	0	0	813    	40
 31	5	22 	0	0	809    	40
 31	5	23 	0	0	819    	40
 31	5	24 	0	0	810    	40
 31	5	25 	0	0	815    	40
 31	5	26 	0	0	815    	40
 31	5	27 	0	0	817    	40
 31	5	28 	0	0	813    	40
 31	5	29 	0	0	815    	40
 31	5	30 	0	0	813    	40
 31	5	31 	0	0	820    	40
 31	5	32 	0	0	821    	40
 31	5	33 	0	0	817    	40
 31	5	34 	0	0	810    	40
 31	5	35 	0	0	817    	40
 31	5	36 	0	0	820    	40
 31	5	37 	0	0	820    	40
 31	5	38 	0	0	809    	40
 31	5	39 	0	0	811    	40
 31	5	40 	0	0	823    	40
 31	5	41 	0	0	812    	40
 31	5	42 	0	0	820    	40
 31	5	43 	0	0	813    	40
 31	5	44 	0	0	817    	40
 31	5	45 	0	0	805    	40
 31	5	46 	0	0	812    	40
 31	5	47 	0	0	809    	40
 31	5	48 	0	0	817    	40
 31	5	49 	0	0	809    	40
 31	5	50 	0	0	813    	40
 31	5	51 	0	0	812    	40
 31	5	52 	0	0	812    	40
 31	5	53 	0	0	820    	40
 31	5	54 	0	0	817    	40
 31	5	55 	0	0	825    	40
 31	5	56 	0	0	816    	40
 31	5	57 	0	0	818    	40
 31	5	58 	0	0	815    	40
 31	5	59 	0	0	811    	40
 31	5	60 	0	0	813    	40
 31	5	61 	0	0	819    	40
 31	5	62 	0	0	814    	40
 31	5	63 	0	0	816    	40
 31	5	64 	0	0	813    	40
 31	5	65 	0	0	816    	40
 31	5	66 	0	0	817    	40
 31	5	67 	0	0	818    	40
 31	5	68 	0	0	818    	40
 31	5	69 	0	0	812    	40
 31	5	70 	0	0	816    	40
 31	5	71 	0	0	811    	40
 31	5	72 	0	0	820    	40
 31	5	73 	0	0	813    	40
 31	5	74 	0	0	815    	40
 31	5	75 	0	0	812    	40
 31	5	76 	0	0	818    	40
 31	5	77 	0	0	819    	40
 31	5	78 	0	0	822    	40
 31	5	79 	0	0	813    	40
 31	5	80 	0	0	824    	40
 31	5	81 	0	0	808    	40
 31	5	82 	0	0	813    	40
 31	5	83 	0	0	816    	40
 31	5	84 	0	0	819    	40
 31	5	85 	0	0	816    	40
 31	5	86 	0	0	812    	40
 31	5	87 	0	0	819    	40
 31	5	88 	0	0	822    	40
 31	5	89 	0	0	823    	40
 31	5	90 	0	0	818    	40
 31	5	91 	0	0	815    	40
 31	5	92 	0	0	806    	40
 31	5	93 	0	0	820    	40
 31	5	94 	0	0	813    	40
 31	5	95 	0	0	820    	40
 31	5	96 	0	0	822    	40
 31	5	97 	0	0	823    	40
 31	5	98 	0	0	820    	40
 31	5	99 	0	0	819    	40
 31	5	100	0	0	819    	40
 31	5	101	0	0	832    	40
 31	5	102	0	0	823    	40
 31	5	103	0	0	827    	40
 31	5	104	0	0	821    	40
 31	5	105	0	0	822    	40
 31	5	106	0	0	823    	40
 31	5	107	0	0	824    	40
 31	5	108	0	0	818    	40
 31	5	109	0	0	819    	40
 31	5	110	0	0	816    	40
 31	5	111	0	0	815    	40
 31	5	112	0	0	827    	40
 31	5	113	0	0	818    	40
 31	5	114	0	0	823    	40
 31	5	115	0	0	820    	40
 31	5	116	0	0	821    	40
 31	5	117	0	0	820    	40
 31	5	118	0	0	823    	40
 31	5	119	0	0	824    	40
 31	5	120	0	0	823    	40
 31	5	121	0	0	823    	40
 31	5	122	0	0	819    	40
 31	5	123	0	0	810    	40
 31	5	124	0	0	821    	40
 31	5	125	0	0	826    	40
 31	5	126	0	0	819    	40
 31	5	127	0	0	818    	40
 31	5	128	0	0	783    	40
 31	5	129	0	0	792    	40
 31	5	130	0	0	792    	40
 31	5	131	0	0	788    	40
 31	5	132	0	0	794    	40
 31	5	133	0	0	797    	40
 31	5	134	0	0	784    	40
 31	5	135	0	0	793    	40
 31	5	136	0	0	787    	40
 31	5	137	0	0	795    	40
 31	5	138	0	0	790    	40
 31	5	139	0	0	793    	40
 31	5	140	0	0	783    	40
 31	5	141	0	0	785    	40
 31	5	142	0	0	790    	40
 31	5	143	0	0	790    	40
 31	5	144	0	0	787    	40
 31	5	145	0	0	789    	40
 31	5	146	0	0	795    	40
 31	5	147	0	0	789    	40
 31	5	148	0	0	784    	40
 31	5	149	0	0	788    	40
 31	5	150	0	0	789    	40
 31	5	151	0	0	788    	40
 31	5	152	0	0	786    	40
 31	5	153	0	0	788    	40
 31	5	154	0	0	793    	40
 31	5	155	0	0	780    	40
 31	5	156	0	0	790    	40
 31	5	157	0	0	795    	40
 31	5	158	0	0	790    	40
 31	5	159	0	0	796    	40
 31	5	160	0	0	751    	40
 31	5	161	0	0	756    	40
 31	5	162	0	0	753    	40
 31	5	163	0	0	751    	40
 31	5	164	0	0	747    	40
 31	5	165	0	0	746    	40
 31	5	166	0	0	748    	40
 31	5	167	0	0	750    	40
 31	5	168	0	0	760    	40
 31	5	169	0	0	750    	40
 31	5	170	0	0	745    	40
 31	5	171	0	0	758    	40
 31	5	172	0	0	756    	40
 31	5	173	0	0	756    	40
 31	5	174	0	0	757    	40
 31	5	175	0	0	752    	40
 31	5	176	0	0	753    	40
 31	5	177	0	0	751    	40
 31	5	178	0	0	749    	40
 31	5	179	0	0	754    	40
 31	5	180	0	0	742    	40
 31	5	181	0	0	750    	40
 31	5	182	0	0	750    	40
 31	5	183	0	0	755    	40
 31	5	184	0	0	751    	40
 31	5	185	0	0	751    	40
 31	5	186	0	0	756    	40
 31	5	187	0	0	748    	40
 31	5	188	0	0	753    	40
 31	5	189	0	0	749    	40
 31	5	190	0	0	744    	40
 31	5	191	0	0	748   	40
 31	5	192	0	0	791    	40
 31	5	193	0	0	797    	40
 31	5	194	0	0	788    	40
 31	5	195	0	0	786    	40
 31	5	196	0	0	792    	40
 31	5	197	0	0	787    	40
 31	5	198	0	0	787    	40
 31	5	199	0	0	796    	40
 31	5	200	0	0	791    	40
 31	5	201	0	0	794    	40
 31	5	202	0	0	786    	40
 31	5	203	0	0	790    	40
 31	5	204	0	0	795    	40
 31	5	205	0	0	792    	40
 31	5	206	0	0	790    	40
 31	5	207	0	0	789    	40
 31	5	208	0	0	789    	40
 31	5	209	0	0	788    	40
 31	5	210	0	0	790    	40
 31	5	211	0	0	793    	40
 31	5	212	0	0	794    	40
 31	5	213	0	0	788    	40
 31	5	214	0	0	788    	40
 31	5	215	0	0	784    	40
 31	5	216	0	0	786    	40
 31	5	217	0	0	794    	40
 31	5	218	0	0	788    	40
 31	5	219	0	0	786    	40
 31	5	220	0	0	789    	40
 31	5	221	0	0	785    	40
 31	5	222	0	0	789    	40
 31	5	223	0	0	788    	40
 31	5	224	0	0	795    	40
 31	5	225	0	0	792    	40
 31	5	226	0	0	801    	40
 31	5	227	0	0	792    	40
 31	5	228	0	0	794    	40
 31	5	229	0	0	798    	40
 31	5	230	0	0	786    	40
 31	5	231	0	0	797    	40
 31	5	232	0	0	787    	40
 31	5	233	0	0	793    	40
 31	5	234	0	0	787    	40
 31	5	235	0	0	793    	40
 31	5	236	0	0	792    	40
 31	5	237	0	0	790    	40
 31	5	238	0	0	800    	40
 31	5	239	0	0	785    	40
 31	5	240	0	0	788    	40
 31	5	241	0	0	793    	40
 31	5	242	0	0	786    	40
 31	5	243	0	0	789    	40
 31	5	244	0	0	790    	40
 31	5	245	0	0	786    	40
 31	5	246	0	0	790    	40
 31	5	247	0	0	795    	40
 31	5	248	0	0	791    	40
 31	5	249	0	0	791    	40
 31	5	250	0	0	796    	40
 31	5	251	0	0	791    	40
 31	5	252	0	0	794    	40
 31	5	253	0	0	792    	40
 31	5	254	0	0	789    	40
 31	5	255	0	0	791    	40
 31	5	256	0	0	763    	40
 31	5	257	0	0	764    	40
 31	5	258	0	0	765    	40
 31	5	259	0	0	752    	40
 31	5	260	0	0	762    	40
 31	5	261	0	0	766    	40
 31	5	262	0	0	764    	40
 31	5	263	0	0	762    	40
 31	5	264	0	0	767    	40
 31	5	265	0	0	762    	40
 31	5	266	0	0	763    	40
 31	5	267	0	0	767    	40
 31	5	268	0	0	768    	40
 31	5	269	0	0	768    	40
 31	5	270	0	0	765    	40
 31	5	271	0	0	759    	40
 31	5	272	0	0	766    	40
 31	5	273	0	0	765    	40
 31	5	274	0	0	765    	40
 31	5	275	0	0	758    	40
 31	5	276	0	0	761    	40
 31	5	277	0	0	764    	40
 31	5	278	0	0	769    	40
 31	5	279	0	0	765    	40
 31	5	280	0	0	762    	40
 31	5	281	0	0	761    	40
 31	5	282	0	0	763    	40
 31	5	283	0	0	760    	40
 31	5	284	0	0	761   	40
 31	5	285	0	0	755   	40
 31	5	286	0	0	762   	40
 31	5	287	0	0	762   	40
 31	5	288	0	0	776   	40
 31	5	289	0	0	773    	40
 31	5	290	0	0	769    	40
 31	5	291	0	0	769    	40
 31	5	292	0	0	777    	40
 31	5	293	0	0	770    	40
 31	5	294	0	0	765    	40
 31	5	295	0	0	771    	40
 31	5	296	0	0	776    	40
 31	5	297	0	0	779    	40
 31	5	298	0	0	777    	40
 31	5	299	0	0	774    	40
 31	5	300	0	0	775    	40
 31	5	301	0	0	776    	40
 31	5	302	0	0	772    	40
 31	5	303	0	0	779    	40
 31	5	304	0	0	771    	40
 31	5	305	0	0	769    	40
 31	5	306	0	0	777    	40
 31	5	307	0	0	771    	40
 31	5	308	0	0	771    	40
 31	5	309	0	0	773    	40
 31	5	310	0	0	768    	40
 31	5	311	0	0	776    	40
 31	5	312	0	0	770    	40
 31	5	313	0	0	774    	40
 31	5	314	0	0	770    	40
 31	5	315	0	0	766    	40
 31	5	316	0	0	768    	40
 31	5	317	0	0	774    	40
 31	5	318	0	0	770    	40
 31	5	319	0	0	770    	40
 31	5	320	0	0	814    	40
 31	5	321	0	0	817    	40
 31	5	322	0	0	814    	40
 31	5	323	0	0	815    	40
 31	5	324	0	0	817    	40
 31	5	325	0	0	815    	40
 31	5	326	0	0	816    	40
 31	5	327	0	0	818    	40
 31	5	328	0	0	810    	40
 31	5	329	0	0	823    	40
 31	5	330	0	0	821    	40
 31	5	331	0	0	818    	40
 31	5	332	0	0	809    	40
 31	5	333	0	0	811    	40
 31	5	334	0	0	811    	40
 31	5	335	0	0	812    	40
 31	5	336	0	0	814    	40
 31	5	337	0	0	821    	40
 31	5	338	0	0	815    	40
 31	5	339	0	0	817    	40
 31	5	340	0	0	815    	40
 31	5	341	0	0	817    	40
 31	5	342	0	0	813    	40
 31	5	343	0	0	811    	40
 31	5	344	0	0	817    	40
 31	5	345	0	0	809    	40
 31	5	346	0	0	815    	40
 31	5	347	0	0	816    	40
 31	5	348	0	0	826    	40
 31	5	349	0	0	814    	40
 31	5	350	0	0	818    	40
 31	5	351	0	0	813    	40
 31	5	352	0	0	772    	40
 31	5	353	0	0	769    	40
 31	5	354	0	0	774    	40
 31	5	355	0	0	769    	40
 31	5	356	0	0	762    	40
 31	5	357	0	0	777    	40
 31	5	358	0	0	773    	40
 31	5	359	0	0	770    	40
 31	5	360	0	0	777    	40
 31	5	361	0	0	774    	40
 31	5	362	0	0	775    	40
 31	5	363	0	0	778    	40
 31	5	364	0	0	772    	40
 31	5	365	0	0	770    	40
 31	5	366	0	0	775    	40
 31	5	367	0	0	765    	40
 31	5	368	0	0	767    	40
 31	5	369	0	0	768    	40
 31	5	370	0	0	775    	40
 31	5	371	0	0	769    	40
 31	5	372	0	0	770    	40
 31	5	373	0	0	771    	40
 31	5	374	0	0	772    	40
 31	5	375	0	0	763    	40
 31	5	376	0	0	767    	40
 31	5	377	0	0	769    	40
 31	5	378	0	0	771    	40
 31	5	379	0	0	770    	40
 31	5	380	0	0	764    	40
 31	5	381	0	0	775    	40
 31	5	382	0	0	765    	40
 31	5	383	0	0	774    	40
 31	5	384 	0	0	809    	40
 31	5	385 	0	0	813    	40
 31	5	386 	0	0	800    	40
 31	5	387 	0	0	810    	40
 31	5	388 	0	0	801    	40
 31	5	389 	0	0	805    	40
 31	5	390 	0	0	812    	40
 31	5	391 	0	0	808    	40
 31	5	392 	0	0	809    	40
 31	5	393 	0	0	814    	40
 31	5	394 	0	0	803    	40
 31	5	395 	0	0	805    	40
 31	5	396 	0	0	806    	40
 31	5	397 	0	0	811    	40
 31	5	398 	0	0	803    	40
 31	5	399 	0	0	804    	40
 31	5	400 	0	0	806    	40
 31	5	401 	0	0	805    	40
 31	5	402 	0	0	803    	40
 31	5	403 	0	0	801    	40
 31	5	404 	0	0	800    	40
 31	5	405 	0	0	811    	40
 31	5	406 	0	0	797    	40
 31	5	407 	0	0	804    	40
 31	5	408 	0	0	802    	40
 31	5	409 	0	0	806  	40
 31	5	410 	0	0	805  	40
 31	5	411 	0	0	814  	40
 31	5	412 	0	0	809  	40
 31	5	413 	0	0	812  	40
 31	5	414 	0	0	804   	40
 31	5	415 	0	0	806   	40
 31	5	416 	0	0	790   	40
 31	5	417 	0	0	784   	40
 31	5	418 	0	0	787   	40
 31	5	419 	0	0	793   	40
 31	5	420 	0	0	792   	40
 31	5	421 	0	0	793   	40
 31	5	422 	0	0	788   	40
 31	5	423 	0	0	784   	40
 31	5	424 	0	0	787   	40
 31	5	425 	0	0	779   	40
 31	5	426 	0	0	791   	40
 31	5	427 	0	0	785   	40
 31	5	428 	0	0	786   	40
 31	5	429 	0	0	792   	40
 31	5	430 	0	0	790   	40
 31	5	431 	0	0	792   	40
 31	5	432 	0	0	791   	40
 31	5	433 	0	0	786   	40
 31	5	434 	0	0	793   	40
 31	5	435 	0	0	783   	40
 31	5	436 	0	0	787   	40
 31	5	437 	0	0	783   	40
 31	5	438 	0	0	788   	40
 31	5	439 	0	0	788   	40
 31	5	440 	0	0	794   	40
 31	5	441 	0	0	793   	40
 31	5	442 	0	0	789   	40
 31	5	443 	0	0	793   	40
 31	5	444 	0	0	792   	40
 31	5	445 	0	0	789    	40
 31	5	446 	0	0	790    	40
 31	5	447 	0	0	791    	40
 31	5	448 	0	0	813    	40
 31	5	449 	0	0	814    	40
 31	5	450 	0	0	812    	40
 31	5	451 	0	0	807    	40
 31	5	452 	0	0	820    	40
 31	5	453 	0	0	812    	40
 31	5	454 	0	0	814    	40
 31	5	455 	0	0	817    	40
 31	5	456 	0	0	803    	40
 31	5	457 	0	0	816    	40
 31	5	458 	0	0	811    	40
 31	5	459 	0	0	815    	40
 31	5	460 	0	0	813    	40
 31	5	461 	0	0	809    	40
 31	5	462 	0	0	811    	40
 31	5	463 	0	0	812    	40
 31	5	464 	0	0	810    	40
 31	5	465 	0	0	814    	40
 31	5	466 	0	0	812    	40
 31	5	467 	0	0	812    	40
 31	5	468 	0	0	816    	40
 31	5	469 	0	0	809    	40
 31	5	470 	0	0	813    	40
 31	5	471 	0	0	814    	40
 31	5	472	0	0	822 	40
 31	5	473	0	0	812 	40
 31	5	474	0	0	812 	40
 31	5	475	0	0	820 	40
 31	5	476	0	0	812 	40
 31	5	477	0	0	813 	40
 31	5	478	0	0	808 	40
 31	5	479	0	0	808 	40
 31	5	480	0	0	798 	40
 31	5	481	0	0	809 	40
 31	5	482	0	0	802 	40
 31	5	483	0	0	808 	40
 31	5	484	0	0	802 	40
 31	5	485	0	0	803 	40
 31	5	486	0	0	807 	40
 31	5	487	0	0	809 	40
 31	5	488	0	0	804 	40
 31	5	489	0	0	795 	40
 31	5	490	0	0	810 	40
 31	5	491	0	0	803 	40
 31	5	492	0	0	812 	40
 31	5	493	0	0	807 	40
 31	5	494	0	0	811 	40
 31	5	495	0	0	798 	40
 31	5	496	0	0	798 	40
 31	5	497	0	0	807 	40
 31	5	498	0	0	798 	40
 31	5	499	0	0	810 	40
 31	5	500	0	0	801 	40
 31	5	501	0	0	800 	40
 31	5	502	0	0	798 	40
 31	5	503	0	0	806 	40
 31	5	504	0	0	803 	40
 31	5	505	0	0	802 	40
 31	5	506	0	0	800 	40
 31	5	507	0	0	805 	40
 31	5	508	0	0	810 	40
 31	5	509	0	0	808 	40
 31	5	510	0	0	799 	40
 31	5	511	0	0	803 	40
 31	5	512	0	0	780 	40
 31	5	513	0	0	781 	40
 31	5	514	0	0	781 	40
 31	5	515	0	0	777 	40
 31	5	516	0	0	773 	40
 31	5	517	0	0	772 	40
 31	5	518	0	0	772 	40
 31	5	519	0	0	781 	40
 31	5	520	0	0	776 	40
 31	5	521	0	0	781 	40
 31	5	522	0	0	776 	40
 31	5	523	0	0	779 	40
 31	5	524	0	0	782 	40
 31	5	525	0	0	777 	40
 31	5	526	0	0	780 	40
 31	5	527	0	0	784 	40
 31	5	528	0	0	778 	40
 31	5	529	0	0	780 	40
 31	5	530	0	0	773 	40
 31	5	531	0	0	777 	40
 31	5	532	0	0	783 	40
 31	5	533	0	0	782 	40
 31	5	534	0	0	772 	40
 31	5	535	0	0	772 	40
 31	5	536	0	0	774 	40
 31	5	537	0	0	778 	40
 31	5	538	0	0	771 	40
 31	5	539	0	0	775 	40
 31	5	540	0	0	776 	40
 31	5	541	0	0	774 	40
 31	5	542	0	0	774 	40
 31	5	543	0	0	774 	40
 31	5	544	0	0	794 	40
 31	5	545	0	0	795 	40
 31	5	546	0	0	796 	40
 31	5	547	0	0	797 	40
 31	5	548	0	0	792 	40
 31	5	549	0	0	790 	40
 31	5	550	0	0	795 	40
 31	5	551	0	0	797 	40
 31	5	552	0	0	795 	40
 31	5	553	0	0	788 	40
 31	5	554	0	0	798 	40
 31	5	555	0	0	791 	40
 31	5	556	0	0	794 	40
 31	5	557	0	0	802 	40
 31	5	558	0	0	795 	40
 31	5	559	0	0	797 	40
 31	5	560	0	0	790 	40
 31	5	561	0	0	790 	40
 31	5	562	0	0	795 	40
 31	5	563	0	0	802 	40
 31	5	564	0	0	800 	40
 31	5	565	0	0	797 	40
 31	5	566	0	0	796 	40
 31	5	567	0	0	795 	40
 31	5	568	0	0	798 	40
 31	5	569	0	0	797 	40
 31	5	570	0	0	793 	40
 31	5	571	0	0	802 	40
 31	5	572	0	0	797 	40
 31	5	573	0	0	793 	40
 31	5	574	0	0	796 	40
 31	5	575	0	0	797 	40
 31	5	576	0	0	791 	40
 31	5	577	0	0	790 	40
 31	5	578	0	0	789 	40
 31	5	579	0	0	787 	40
 31	5	580	0	0	785 	40
 31	5	581	0	0	786 	40
 31	5	582	0	0	784 	40
 31	5	583	0	0	787 	40
 31	5	584	0	0	797 	40
 31	5	585	0	0	789 	40
 31	5	586	0	0	789 	40
 31	5	587	0	0	787 	40
 31	5	588	0	0	796 	40
 31	5	589	0	0	781 	40
 31	5	590	0	0	793 	40
 31	5	591	0	0	791 	40
 31	5	592	0	0	786 	40
 31	5	593	0	0	793 	40
 31	5	594	0	0	784 	40
 31	5	595	0	0	792 	40
 31	5	596	0	0	787 	40
 31	5	597	0	0	796 	40
 31	5	598	0	0	795 	40
 31	5	599	0	0	787 	40
 31	5	600	0	0	788 	40
 31	5	601	0	0	789 	40
 31	5	602	0	0	789 	40
 31	5	603	0	0	790 	40
 31	5	604	0	0	789 	40
 31	5	605	0	0	783 	40
 31	5	606	0	0	786 	40
 31	5	607	0	0	789 	40
 31	5	608	0	0	775 	40
 31	5	609	0	0	775 	40
 31	5	610	0	0	779 	40
 31	5	611	0	0	772 	40
 31	5	612	0	0	768 	40
 31	5	613	0	0	772 	40
 31	5	614	0	0	777 	40
 31	5	615	0	0	771 	40
 31	5	616	0	0	781 	40
 31	5	617	0	0	772 	40
 31	5	618	0	0	771 	40
 31	5	619	0	0	772 	40
 31	5	620	0	0	772 	40
 31	5	621	0	0	781 	40
 31	5	622	0	0	773 	40
 31	5	623	0	0	776 	40
 31	5	624	0	0	776 	40
 31	5	625	0	0	773 	40
 31	5	626	0	0	777 	40
 31	5	627	0	0	766 	40
 31	5	628	0	0	771 	40
 31	5	629	0	0	776 	40
 31	5	630	0	0	773 	40
 31	5	631	0	0	773 	40
 31	5	632	0	0	776 	40
 31	5	633	0	0	773 	40
 31	5	634	0	0	776 	40
 31	5	635	0	0	768 	40
 31	5	636	0	0	770 	40
 31	5	637	0	0	770 	40
 31	5	638	0	0	774 	40
 31	5	639	0	0	780 	40
 31	5	640	0	0	845 	40
 31	5	641	0	0	844 	40
 31	5	642	0	0	839 	40
 31	5	643	0	0	836 	40
 31	5	644	0	0	845 	40
 31	5	645	0	0	843 	40
 31	5	646	0	0	841 	40
 31	5	647	0	0	836 	40
 31	5	648	0	0	845 	40
 31	5	649	0	0	835 	40
 31	5	650	0	0	837 	40
 31	5	651	0	0	842 	40
 31	5	652	0	0	832 	40
 31	5	653	0	0	835 	40
 31	5	654	0	0	835 	40
 31	5	655	0	0	843 	40
 31	5	656	0	0	837 	40
 31	5	657	0	0	840 	40
 31	5	658	0	0	835 	40
 31	5	659	0	0	842 	40
 31	5	660	0	0	834 	40
 31	5	661	0	0	840 	40
 31	5	662	0	0	845 	40
 31	5	663	0	0	834 	40
 31	5	664	0	0	836 	40
 31	5	665	0	0	832 	40
 31	5	666	0	0	834 	40
 31	5	667	0	0	840 	40
 31	5	668	0	0	833 	40
 31	5	669	0	0	835 	40
 31	5	670	0	0	838 	40
 31	5	671	0	0	836 	40
 31	5	672	0	0	830 	40
 31	5	673	0	0	839 	40
 31	5	674	0	0	833 	40
 31	5	675	0	0	835 	40
 31	5	676	0	0	822 	40
 31	5	677	0	0	838 	40
 31	5	678	0	0	834 	40
 31	5	679	0	0	831 	40
 31	5	680	0	0	828 	40
 31	5	681	0	0	829 	40
 31	5	682	0	0	842 	40
 31	5	683	0	0	841 	40
 31	5	684	0	0	834 	40
 31	5	685	0	0	832 	40
 31	5	686	0	0	825 	40
 31	5	687	0	0	832 	40
 31	5	688	0	0	833 	40
 31	5	689	0	0	826 	40
 31	5	690 	0	0	825    	40
 31	5	691 	0	0	833    	40
 31	5	692 	0	0	836    	40
 31	5	693 	0	0	832    	40
 31	5	694 	0	0	835    	40
 31	5	695 	0	0	827    	40
 31	5	696 	0	0	837    	40
 31	5	697 	0	0	830    	40
 31	5	698 	0	0	835    	40
 31	5	699 	0	0	836    	40
 31	5	700 	0	0	845    	40
 31	5	701 	0	0	831    	40
 31	5	702 	0	0	830    	40
 31	5	703 	0	0	829    	40
 31	5	704	0	0	765 	40
 31	5	705	0	0	767 	40
 31	5	706	0	0	765 	40
 31	5	707	0	0	767 	40
 31	5	708	0	0	765 	40
 31	5	709	0	0	755 	40
 31	5	710	0	0	760 	40
 31	5	711	0	0	765 	40
 31	5	712	0	0	760 	40
 31	5	713	0	0	767 	40
 31	5	714	0	0	763 	40
 31	5	715	0	0	764 	40
 31	5	716	0	0	760 	40
 31	5	717	0	0	761 	40
 31	5	718	0	0	762 	40
 31	5	719	0	0	762 	40
 31	5	720	0	0	760 	40
 31	5	721	0	0	761 	40
 31	5	722	0	0	766 	40
 31	5	723	0	0	765 	40
 31	5	724	0	0	765 	40
 31	5	725	0	0	764 	40
 31	5	726	0	0	763 	40
 31	5	727	0	0	766 	40
 31	5	728	0	0	763 	40
 31	5	729	0	0	767 	40
 31	5	730	0	0	767 	40
 31	5	731	0	0	764 	40
 31	5	732	0	0	762 	40
 31	5	733	0	0	761 	40
 31	5	734	0	0	762 	40
 31	5	735	0	0	762 	40
 31	5	736	0	0	770 	40
 31	5	737	0	0	776 	40
 31	5	738	0	0	770 	40
 31	5	739	0	0	774 	40
 31	5	740	0	0	779 	40
 31	5	741	0	0	778 	40
 31	5	742	0	0	777 	40
 31	5	743	0	0	771 	40
 31	5	744	0	0	777 	40
 31	5	745	0	0	772 	40
 31	5	746	0	0	770 	40
 31	5	747	0	0	776 	40
 31	5	748	0	0	768 	40
 31	5	749	0	0	774 	40
 31	5	750	0	0	768 	40
 31	5	751	0	0	772 	40
 31	5	752	0	0	771 	40
 31	5	753	0	0	777 	40
 31	5	754	0	0	777 	40
 31	5	755	0	0	771 	40
 31	5	756	0	0	772 	40
 31	5	757	0	0	772 	40
 31	5	758	0	0	761 	40
 31	5	759	0	0	781 	40
 31	5	760	0	0	772 	40
 31	5	761	0	0	772 	40
 31	5	762	0	0	777 	40
 31	5	763	0	0	778 	40
 31	5	764	0	0	771 	40
 31	5	765	0	0	772 	40
 31	5	766	0	0	775 	40
 31	5	767	0	0	768 	40
 31	5	768	0	0	749 	40
 31	5	769	0	0	749 	40
 31	5	770	0	0	741 	40
 31	5	771	0	0	750 	40
 31	5	772	0	0	745 	40
 31	5	773	0	0	735 	40
 31	5	774	0	0	752 	40
 31	5	775	0	0	742 	40
 31	5	776	0	0	742 	40
 31	5	777	0	0	746 	40
 31	5	778	0	0	743 	40
 31	5	779	0	0	745 	40
 31	5	780	0	0	737 	40
 31	5	781	0	0	739 	40
 31	5	782	0	0	739 	40
 31	5	783	0	0	740 	40
 31	5	784	0	0	744 	40
 31	5	785	0	0	741 	40
 31	5	786	0	0	739 	40
 31	5	787	0	0	744 	40
 31	5	788	0	0	746 	40
 31	5	789	0	0	746 	40
 31	5	790	0	0	748 	40
 31	5	791	0	0	738 	40
 31	5	792	0	0	747 	40
 31	5	793	0	0	745 	40
 31	5	794	0	0	750 	40
 31	5	795	0	0	745 	40
 31	5	796	0	0	751 	40
 31	5	797	0	0	745 	40
 31	5	798	0	0	740 	40
 31	5	799	0	0	740 	40
#UV4
 31	6	0  	0	0	821    	40
 31	6	1  	0	0	826    	40
 31	6	2  	0	0	833    	40
 31	6	3  	0	0	830    	40
 31	6	4  	0	0	827    	40
 31	6	5  	0	0	822    	40
 31	6	6  	0	0	832    	40
 31	6	7  	0	0	824    	40
 31	6	8  	0	0	827    	40
 31	6	9  	0	0	829    	40
 31	6	10 	0	0	825    	40
 31	6	11 	0	0	829    	40
 31	6	12 	0	0	829    	40
 31	6	13 	0	0	827    	40
 31	6	14 	0	0	827    	40
 31	6	15 	0	0	827    	40
 31	6	16 	0	0	821    	40
 31	6	17 	0	0	826    	40
 31	6	18 	0	0	829    	40
 31	6	19 	0	0	831    	40
 31	6	20 	0	0	833    	40
 31	6	21 	0	0	835    	40
 31	6	22 	0	0	819    	40
 31	6	23 	0	0	830    	40
 31	6	24 	0	0	825    	40
 31	6	25 	0	0	820    	40
 31	6	26 	0	0	822    	40
 31	6	27 	0	0	826    	40
 31	6	28 	0	0	827    	40
 31	6	29 	0	0	822    	40
 31	6	30 	0	0	831    	40
 31	6	31 	0	0	830    	40
 31	6	32 	0	0	798    	40
 31	6	33 	0	0	798    	40
 31	6	34 	0	0	797    	40
 31	6	35 	0	0	797    	40
 31	6	36 	0	0	796    	40
 31	6	37 	0	0	801    	40
 31	6	38 	0	0	796    	40
 31	6	39 	0	0	802    	40
 31	6	40 	0	0	803    	40
 31	6	41 	0	0	797    	40
 31	6	42 	0	0	802    	40
 31	6	43 	0	0	803    	40
 31	6	44 	0	0	801    	40
 31	6	45 	0	0	806    	40
 31	6	46 	0	0	804    	40
 31	6	47 	0	0	802    	40
 31	6	48 	0	0	805    	40
 31	6	49 	0	0	803    	40
 31	6	50 	0	0	798    	40
 31	6	51 	0	0	798    	40
 31	6	52 	0	0	800    	40
 31	6	53 	0	0	800    	40
 31	6	54 	0	0	800    	40
 31	6	55 	0	0	797    	40
 31	6	56 	0	0	800    	40
 31	6	57 	0	0	798    	40
 31	6	58 	0	0	801    	40
 31	6	59 	0	0	796    	40
 31	6	60 	0	0	803    	40
 31	6	61 	0	0	800    	40
 31	6	62 	0	0	801    	40
 31	6	63 	0	0	804    	40
 31	6	64 	0	0	798    	40
 31	6	65 	0	0	792    	40
 31	6	66 	0	0	792    	40
 31	6	67 	0	0	796    	40
 31	6	68 	0	0	802    	40
 31	6	69 	0	0	793    	40
 31	6	70 	0	0	794    	40
 31	6	71 	0	0	792    	40
 31	6	72 	0	0	799    	40
 31	6	73 	0	0	793    	40
 31	6	74 	0	0	797    	40
 31	6	75 	0	0	796    	40
 31	6	76 	0	0	800    	40
 31	6	77 	0	0	796    	40
 31	6	78 	0	0	794    	40
 31	6	79 	0	0	792    	40
 31	6	80 	0	0	786    	40
 31	6	81 	0	0	797    	40
 31	6	82 	0	0	797    	40
 31	6	83 	0	0	791    	40
 31	6	84 	0	0	795    	40
 31	6	85 	0	0	800    	40
 31	6	86 	0	0	789    	40
 31	6	87 	0	0	788    	40
 31	6	88 	0	0	800    	40
 31	6	89 	0	0	790    	40
 31	6	90 	0	0	791    	40
 31	6	91 	0	0	792    	40
 31	6	92 	0	0	795    	40
 31	6	93 	0	0	800    	40
 31	6	94 	0	0	798    	40
 31	6	95 	0	0	788    	40
 31	6	96 	0	0	817    	40
 31	6	97 	0	0	820    	40
 31	6	98 	0	0	818    	40
 31	6	99 	0	0	828    	40
 31	6	100	0	0	809    	40
 31	6	101	0	0	815    	40
 31	6	102	0	0	814    	40
 31	6	103	0	0	815    	40
 31	6	104	0	0	821    	40
 31	6	105	0	0	814    	40
 31	6	106	0	0	821    	40
 31	6	107	0	0	820    	40
 31	6	108	0	0	819    	40
 31	6	109	0	0	813    	40
 31	6	110	0	0	815    	40
 31	6	111	0	0	815    	40
 31	6	112	0	0	816    	40
 31	6	113	0	0	827    	40
 31	6	114	0	0	826    	40
 31	6	115	0	0	813    	40
 31	6	116	0	0	820    	40
 31	6	117	0	0	818    	40
 31	6	118	0	0	817    	40
 31	6	119	0	0	822    	40
 31	6	120	0	0	819    	40
 31	6	121	0	0	814    	40
 31	6	122	0	0	813    	40
 31	6	123	0	0	820    	40
 31	6	124	0	0	817    	40
 31	6	125	0	0	818    	40
 31	6	126	0	0	819    	40
 31	6	127	0	0	816    	40
 31	6	128	0	0	792    	40
 31	6	129	0	0	788    	40
 31	6	130	0	0	790    	40
 31	6	131	0	0	788    	40
 31	6	132	0	0	782    	40
 31	6	133	0	0	788    	40
 31	6	134	0	0	789    	40
 31	6	135	0	0	796    	40
 31	6	136	0	0	790    	40
 31	6	137	0	0	788    	40
 31	6	138	0	0	787    	40
 31	6	139	0	0	791    	40
 31	6	140	0	0	790    	40
 31	6	141	0	0	792    	40
 31	6	142	0	0	791    	40
 31	6	143	0	0	787    	40
 31	6	144	0	0	793    	40
 31	6	145	0	0	794    	40
 31	6	146	0	0	788    	40
 31	6	147	0	0	789    	40
 31	6	148	0	0	789    	40
 31	6	149	0	0	789    	40
 31	6	150	0	0	793    	40
 31	6	151	0	0	787    	40
 31	6	152	0	0	791    	40
 31	6	153	0	0	792    	40
 31	6	154	0	0	792    	40
 31	6	155	0	0	788    	40
 31	6	156	0	0	792    	40
 31	6	157	0	0	788    	40
 31	6	158	0	0	788    	40
 31	6	159	0	0	791    	40
 31	6	160	0	0	827    	40
 31	6	161	0	0	829    	40
 31	6	162	0	0	831    	40
 31	6	163	0	0	829    	40
 31	6	164	0	0	829    	40
 31	6	165	0	0	827    	40
 31	6	166	0	0	835    	40
 31	6	167	0	0	823    	40
 31	6	168	0	0	825    	40
 31	6	169	0	0	826    	40
 31	6	170	0	0	832    	40
 31	6	171	0	0	828    	40
 31	6	172	0	0	830    	40
 31	6	173	0	0	826    	40
 31	6	174	0	0	829    	40
 31	6	175	0	0	826    	40
 31	6	176	0	0	832    	40
 31	6	177	0	0	826    	40
 31	6	178	0	0	826    	40
 31	6	179	0	0	829    	40
 31	6	180	0	0	837    	40
 31	6	181	0	0	827    	40
 31	6	182	0	0	827    	40
 31	6	183	0	0	827    	40
 31	6	184	0	0	825    	40
 31	6	185	0	0	829    	40
 31	6	186	0	0	835    	40
 31	6	187	0	0	827    	40
 31	6	188	0	0	828    	40
 31	6	189	0	0	830    	40
 31	6	190	0	0	829    	40
 31	6	191	0	0	832   	40
 31	6	192	0	0	794    	40
 31	6	193	0	0	802    	40
 31	6	194	0	0	806    	40
 31	6	195	0	0	805    	40
 31	6	196	0	0	802    	40
 31	6	197	0	0	807    	40
 31	6	198	0	0	807    	40
 31	6	199	0	0	804    	40
 31	6	200	0	0	806    	40
 31	6	201	0	0	799    	40
 31	6	202	0	0	800    	40
 31	6	203	0	0	815    	40
 31	6	204	0	0	794    	40
 31	6	205	0	0	803    	40
 31	6	206	0	0	807    	40
 31	6	207	0	0	803    	40
 31	6	208	0	0	797    	40
 31	6	209	0	0	803    	40
 31	6	210	0	0	801    	40
 31	6	211	0	0	803    	40
 31	6	212	0	0	803    	40
 31	6	213	0	0	797    	40
 31	6	214	0	0	805    	40
 31	6	215	0	0	800    	40
 31	6	216	0	0	812    	40
 31	6	217	0	0	802    	40
 31	6	218	0	0	813    	40
 31	6	219	0	0	803    	40
 31	6	220	0	0	810    	40
 31	6	221	0	0	809    	40
 31	6	222	0	0	808    	40
 31	6	223	0	0	799    	40
 31	6	224	0	0	804    	40
 31	6	225	0	0	808    	40
 31	6	226	0	0	806    	40
 31	6	227	0	0	813    	40
 31	6	228	0	0	812    	40
 31	6	229	0	0	811    	40
 31	6	230	0	0	809    	40
 31	6	231	0	0	805    	40
 31	6	232	0	0	808    	40
 31	6	233	0	0	809    	40
 31	6	234	0	0	799    	40
 31	6	235	0	0	805    	40
 31	6	236	0	0	811    	40
 31	6	237	0	0	808    	40
 31	6	238	0	0	806    	40
 31	6	239	0	0	805    	40
 31	6	240	0	0	808    	40
 31	6	241	0	0	803    	40
 31	6	242	0	0	808    	40
 31	6	243	0	0	806    	40
 31	6	244	0	0	809    	40
 31	6	245	0	0	809    	40
 31	6	246	0	0	808    	40
 31	6	247	0	0	806    	40
 31	6	248	0	0	806    	40
 31	6	249	0	0	805    	40
 31	6	250	0	0	816    	40
 31	6	251	0	0	811    	40
 31	6	252	0	0	804    	40
 31	6	253	0	0	811    	40
 31	6	254	0	0	802    	40
 31	6	255	0	0	803    	40
 31	6	256	0	0	797    	40
 31	6	257	0	0	804    	40
 31	6	258	0	0	807    	40
 31	6	259	0	0	807    	40
 31	6	260	0	0	808    	40
 31	6	261	0	0	807    	40
 31	6	262	0	0	807    	40
 31	6	263	0	0	805    	40
 31	6	264	0	0	801    	40
 31	6	265	0	0	798    	40
 31	6	266	0	0	801    	40
 31	6	267	0	0	796    	40
 31	6	268	0	0	802    	40
 31	6	269	0	0	812    	40
 31	6	270	0	0	806    	40
 31	6	271	0	0	810    	40
 31	6	272	0	0	805    	40
 31	6	273	0	0	810    	40
 31	6	274	0	0	805    	40
 31	6	275	0	0	805    	40
 31	6	276	0	0	802    	40
 31	6	277	0	0	814    	40
 31	6	278	0	0	799    	40
 31	6	279	0	0	809    	40
 31	6	280	0	0	808    	40
 31	6	281	0	0	806    	40
 31	6	282	0	0	812    	40
 31	6	283	0	0	812    	40
 31	6	284	0	0	801   	40
 31	6	285	0	0	809   	40
 31	6	286	0	0	809   	40
 31	6	287	0	0	799   	40
 31	6	288	0	0	760   	40
 31	6	289	0	0	749    	40
 31	6	290	0	0	754    	40
 31	6	291	0	0	758    	40
 31	6	292	0	0	757    	40
 31	6	293	0	0	762    	40
 31	6	294	0	0	755    	40
 31	6	295	0	0	760    	40
 31	6	296	0	0	757    	40
 31	6	297	0	0	748    	40
 31	6	298	0	0	757    	40
 31	6	299	0	0	757    	40
 31	6	300	0	0	770    	40
 31	6	301	0	0	757    	40
 31	6	302	0	0	757    	40
 31	6	303	0	0	762    	40
 31	6	304	0	0	750    	40
 31	6	305	0	0	755    	40
 31	6	306	0	0	757    	40
 31	6	307	0	0	756    	40
 31	6	308	0	0	753    	40
 31	6	309	0	0	746    	40
 31	6	310	0	0	757    	40
 31	6	311	0	0	757    	40
 31	6	312	0	0	756    	40
 31	6	313	0	0	758    	40
 31	6	314	0	0	757    	40
 31	6	315	0	0	758    	40
 31	6	316	0	0	761    	40
 31	6	317	0	0	758    	40
 31	6	318	0	0	760    	40
 31	6	319	0	0	756    	40
 31	6	320	0	0	807    	40
 31	6	321	0	0	812    	40
 31	6	322	0	0	806    	40
 31	6	323	0	0	806    	40
 31	6	324	0	0	800    	40
 31	6	325	0	0	805    	40
 31	6	326	0	0	801    	40
 31	6	327	0	0	803    	40
 31	6	328	0	0	813    	40
 31	6	329	0	0	816    	40
 31	6	330	0	0	802    	40
 31	6	331	0	0	801    	40
 31	6	332	0	0	812    	40
 31	6	333	0	0	812    	40
 31	6	334	0	0	808    	40
 31	6	335	0	0	807    	40
 31	6	336	0	0	803    	40
 31	6	337	0	0	808    	40
 31	6	338	0	0	806    	40
 31	6	339	0	0	807    	40
 31	6	340	0	0	803    	40
 31	6	341	0	0	807    	40
 31	6	342	0	0	808    	40
 31	6	343	0	0	812    	40
 31	6	344	0	0	806    	40
 31	6	345	0	0	803    	40
 31	6	346	0	0	808    	40
 31	6	347	0	0	814    	40
 31	6	348	0	0	812    	40
 31	6	349	0	0	815    	40
 31	6	350	0	0	815    	40
 31	6	351	0	0	810    	40
 31	6	352	0	0	850    	40
 31	6	353	0	0	841    	40
 31	6	354	0	0	844    	40
 31	6	355	0	0	846    	40
 31	6	356	0	0	846    	40
 31	6	357	0	0	840    	40
 31	6	358	0	0	842    	40
 31	6	359	0	0	846    	40
 31	6	360	0	0	850    	40
 31	6	361	0	0	844    	40
 31	6	362	0	0	846    	40
 31	6	363	0	0	840    	40
 31	6	364	0	0	845    	40
 31	6	365	0	0	848    	40
 31	6	366	0	0	846    	40
 31	6	367	0	0	843    	40
 31	6	368	0	0	841    	40
 31	6	369	0	0	846    	40
 31	6	370	0	0	836    	40
 31	6	371	0	0	851    	40
 31	6	372	0	0	842    	40
 31	6	373	0	0	849    	40
 31	6	374	0	0	848    	40
 31	6	375	0	0	850    	40
 31	6	376	0	0	843    	40
 31	6	377	0	0	846    	40
 31	6	378	0	0	845    	40
 31	6	379	0	0	848    	40
 31	6	380	0	0	843    	40
 31	6	381	0	0	850    	40
 31	6	382	0	0	840    	40
 31	6	383	0	0	849    	40
 31	6	384 	0	0	788    	40
 31	6	385 	0	0	784    	40
 31	6	386 	0	0	790    	40
 31	6	387 	0	0	789    	40
 31	6	388 	0	0	790    	40
 31	6	389 	0	0	790    	40
 31	6	390 	0	0	787    	40
 31	6	391 	0	0	787    	40
 31	6	392 	0	0	790    	40
 31	6	393 	0	0	792    	40
 31	6	394 	0	0	784    	40
 31	6	395 	0	0	791    	40
 31	6	396 	0	0	791    	40
 31	6	397 	0	0	795    	40
 31	6	398 	0	0	794    	40
 31	6	399 	0	0	792    	40
 31	6	400 	0	0	782    	40
 31	6	401 	0	0	785    	40
 31	6	402 	0	0	784    	40
 31	6	403 	0	0	786    	40
 31	6	404 	0	0	780    	40
 31	6	405 	0	0	793    	40
 31	6	406 	0	0	785    	40
 31	6	407 	0	0	790    	40
 31	6	408 	0	0	785    	40
 31	6	409 	0	0	790  	40
 31	6	410 	0	0	787  	40
 31	6	411 	0	0	793  	40
 31	6	412 	0	0	788  	40
 31	6	413 	0	0	788  	40
 31	6	414 	0	0	788   	40
 31	6	415 	0	0	789   	40
 31	6	416 	0	0	820   	40
 31	6	417 	0	0	816   	40
 31	6	418 	0	0	816   	40
 31	6	419 	0	0	826   	40
 31	6	420 	0	0	815   	40
 31	6	421 	0	0	816   	40
 31	6	422 	0	0	819   	40
 31	6	423 	0	0	823   	40
 31	6	424 	0	0	822   	40
 31	6	425 	0	0	817   	40
 31	6	426 	0	0	813   	40
 31	6	427 	0	0	811   	40
 31	6	428 	0	0	818   	40
 31	6	429 	0	0	821   	40
 31	6	430 	0	0	816   	40
 31	6	431 	0	0	816   	40
 31	6	432 	0	0	812   	40
 31	6	433 	0	0	818   	40
 31	6	434 	0	0	817   	40
 31	6	435 	0	0	812   	40
 31	6	436 	0	0	812   	40
 31	6	437 	0	0	803   	40
 31	6	438 	0	0	818   	40
 31	6	439 	0	0	823   	40
 31	6	440 	0	0	820   	40
 31	6	441 	0	0	813   	40
 31	6	442 	0	0	820   	40
 31	6	443 	0	0	821   	40
 31	6	444 	0	0	818   	40
 31	6	445 	0	0	819    	40
 31	6	446 	0	0	815    	40
 31	6	447 	0	0	819    	40
 31	6	448 	0	0	800    	40
 31	6	449 	0	0	802    	40
 31	6	450 	0	0	802    	40
 31	6	451 	0	0	809    	40
 31	6	452 	0	0	800    	40
 31	6	453 	0	0	798    	40
 31	6	454 	0	0	806    	40
 31	6	455 	0	0	805    	40
 31	6	456 	0	0	805    	40
 31	6	457 	0	0	811    	40
 31	6	458 	0	0	806    	40
 31	6	459 	0	0	807    	40
 31	6	460 	0	0	802    	40
 31	6	461 	0	0	808    	40
 31	6	462 	0	0	809    	40
 31	6	463 	0	0	804    	40
 31	6	464 	0	0	806    	40
 31	6	465 	0	0	808    	40
 31	6	466 	0	0	810    	40
 31	6	467 	0	0	810    	40
 31	6	468 	0	0	812    	40
 31	6	469 	0	0	813    	40
 31	6	470 	0	0	807    	40
 31	6	471 	0	0	803    	40
 31	6	472	0	0	803 	40
 31	6	473	0	0	813 	40
 31	6	474	0	0	806 	40
 31	6	475	0	0	807 	40
 31	6	476	0	0	801 	40
 31	6	477	0	0	808 	40
 31	6	478	0	0	809 	40
 31	6	479	0	0	812 	40
 31	6	480	0	0	806 	40
 31	6	481	0	0	804 	40
 31	6	482	0	0	802 	40
 31	6	483	0	0	803 	40
 31	6	484	0	0	808 	40
 31	6	485	0	0	804 	40
 31	6	486	0	0	816 	40
 31	6	487	0	0	804 	40
 31	6	488	0	0	801 	40
 31	6	489	0	0	815 	40
 31	6	490	0	0	803 	40
 31	6	491	0	0	803 	40
 31	6	492	0	0	806 	40
 31	6	493	0	0	816 	40
 31	6	494	0	0	807 	40
 31	6	495	0	0	805 	40
 31	6	496	0	0	813 	40
 31	6	497	0	0	807 	40
 31	6	498	0	0	811 	40
 31	6	499	0	0	810 	40
 31	6	500	0	0	808 	40
 31	6	501	0	0	814 	40
 31	6	502	0	0	816 	40
 31	6	503	0	0	809 	40
 31	6	504	0	0	815 	40
 31	6	505	0	0	813 	40
 31	6	506	0	0	815 	40
 31	6	507	0	0	809 	40
 31	6	508	0	0	813 	40
 31	6	509	0	0	802 	40
 31	6	510	0	0	809 	40
 31	6	511	0	0	807 	40
 31	6	512	0	0	781 	40
 31	6	513	0	0	774 	40
 31	6	514	0	0	786 	40
 31	6	515	0	0	784 	40
 31	6	516	0	0	786 	40
 31	6	517	0	0	781 	40
 31	6	518	0	0	789 	40
 31	6	519	0	0	778 	40
 31	6	520	0	0	779 	40
 31	6	521	0	0	781 	40
 31	6	522	0	0	784 	40
 31	6	523	0	0	780 	40
 31	6	524	0	0	784 	40
 31	6	525	0	0	778 	40
 31	6	526	0	0	786 	40
 31	6	527	0	0	785 	40
 31	6	528	0	0	781 	40
 31	6	529	0	0	793 	40
 31	6	530	0	0	787 	40
 31	6	531	0	0	788 	40
 31	6	532	0	0	781 	40
 31	6	533	0	0	785 	40
 31	6	534	0	0	779 	40
 31	6	535	0	0	777 	40
 31	6	536	0	0	786 	40
 31	6	537	0	0	785 	40
#PHI4
 31	7	0  	0	0	777    	40
 31	7	1  	0	0	789    	40
 31	7	2  	0	0	777    	40
 31	7	3  	0	0	784    	40
 31	7	4  	0	0	780    	40
 31	7	5  	0	0	776    	40
 31	7	6  	0	0	786    	40
 31	7	7  	0	0	786    	40
 31	7	8  	0	0	785    	40
 31	7	9  	0	0	782    	40
 31	7	10 	0	0	784    	40
 31	7	11 	0	0	783    	40
 31	7	12 	0	0	774    	40
 31	7	13 	0	0	783    	40
 31	7	14 	0	0	781    	40
 31	7	15 	0	0	774    	40
 31	7	16 	0	0	784    	40
 31	7	17 	0	0	787    	40
 31	7	18 	0	0	780    	40
 31	7	19 	0	0	780    	40
 31	7	20 	0	0	776    	40
 31	7	21 	0	0	781    	40
 31	7	22 	0	0	778    	40
 31	7	23 	0	0	782    	40
 31	7	24 	0	0	780    	40
 31	7	25 	0	0	780    	40
 31	7	26 	0	0	778    	40
 31	7	27 	0	0	775    	40
 31	7	28 	0	0	783    	40
 31	7	29 	0	0	787    	40
 31	7	30 	0	0	779    	40
 31	7	31 	0	0	780    	40
 31	7	32 	0	0	775    	40
 31	7	33 	0	0	775    	40
 31	7	34 	0	0	777    	40
 31	7	35 	0	0	771    	40
 31	7	36 	0	0	781    	40
 31	7	37 	0	0	774    	40
 31	7	38 	0	0	775    	40
 31	7	39 	0	0	776    	40
 31	7	40 	0	0	780    	40
 31	7	41 	0	0	775    	40
 31	7	42 	0	0	778    	40
 31	7	43 	0	0	778    	40
 31	7	44 	0	0	782    	40
 31	7	45 	0	0	777    	40
 31	7	46 	0	0	774    	40
 31	7	47 	0	0	772    	40
 31	7	48 	0	0	779    	40
 31	7	49 	0	0	772    	40
 31	7	50 	0	0	773    	40
 31	7	51 	0	0	777    	40
 31	7	52 	0	0	771    	40
 31	7	53 	0	0	775    	40
 31	7	54 	0	0	779    	40
 31	7	55 	0	0	777    	40
 31	7	56 	0	0	777    	40
 31	7	57 	0	0	772    	40
 31	7	58 	0	0	782    	40
 31	7	59 	0	0	778    	40
 31	7	60 	0	0	777    	40
 31	7	61 	0	0	777    	40
 31	7	62 	0	0	768    	40
 31	7	63 	0	0	774    	40
 31	7	64 	0	0	809    	40
 31	7	65 	0	0	798    	40
 31	7	66 	0	0	804    	40
 31	7	67 	0	0	806    	40
 31	7	68 	0	0	801    	40
 31	7	69 	0	0	801    	40
 31	7	70 	0	0	809    	40
 31	7	71 	0	0	804    	40
 31	7	72 	0	0	805    	40
 31	7	73 	0	0	800    	40
 31	7	74 	0	0	800    	40
 31	7	75 	0	0	805    	40
 31	7	76 	0	0	807    	40
 31	7	77 	0	0	805    	40
 31	7	78 	0	0	808    	40
 31	7	79 	0	0	801    	40
 31	7	80 	0	0	806    	40
 31	7	81 	0	0	805    	40
 31	7	82 	0	0	812    	40
 31	7	83 	0	0	802    	40
 31	7	84 	0	0	807    	40
 31	7	85 	0	0	808    	40
 31	7	86 	0	0	804    	40
 31	7	87 	0	0	808    	40
 31	7	88 	0	0	801    	40
 31	7	89 	0	0	801    	40
 31	7	90 	0	0	809    	40
 31	7	91 	0	0	804    	40
 31	7	92 	0	0	802    	40
 31	7	93 	0	0	803    	40
 31	7	94 	0	0	809    	40
 31	7	95 	0	0	811    	40
 31	7	96 	0	0	810    	40
 31	7	97 	0	0	802    	40
 31	7	98 	0	0	802    	40
 31	7	99 	0	0	798    	40
 31	7	100	0	0	799    	40
 31	7	101	0	0	799    	40
 31	7	102	0	0	806    	40
 31	7	103	0	0	806    	40
 31	7	104	0	0	801    	40
 31	7	105	0	0	803    	40
 31	7	106	0	0	805    	40
 31	7	107	0	0	806    	40
 31	7	108	0	0	803    	40
 31	7	109	0	0	802    	40
 31	7	110	0	0	798    	40
 31	7	111	0	0	798    	40
 31	7	112	0	0	804    	40
 31	7	113	0	0	792    	40
 31	7	114	0	0	805    	40
 31	7	115	0	0	798    	40
 31	7	116	0	0	805    	40
 31	7	117	0	0	801    	40
 31	7	118	0	0	803    	40
 31	7	119	0	0	801    	40
 31	7	120	0	0	800    	40
 31	7	121	0	0	802    	40
 31	7	122	0	0	803    	40
 31	7	123	0	0	812    	40
 31	7	124	0	0	807    	40
 31	7	125	0	0	799    	40
 31	7	126	0	0	801    	40
 31	7	127	0	0	795    	40
 31	7	128	0	0	842    	40
 31	7	129	0	0	840    	40
 31	7	130	0	0	845    	40
 31	7	131	0	0	839    	40
 31	7	132	0	0	841    	40
 31	7	133	0	0	854    	40
 31	7	134	0	0	839    	40
 31	7	135	0	0	840    	40
 31	7	136	0	0	842    	40
 31	7	137	0	0	841    	40
 31	7	138	0	0	848    	40
 31	7	139	0	0	834    	40
 31	7	140	0	0	841    	40
 31	7	141	0	0	839    	40
 31	7	142	0	0	842    	40
 31	7	143	0	0	844    	40
 31	7	144	0	0	844    	40
 31	7	145	0	0	845    	40
 31	7	146	0	0	836    	40
 31	7	147	0	0	844    	40
 31	7	148	0	0	849    	40
 31	7	149	0	0	847    	40
 31	7	150	0	0	843    	40
 31	7	151	0	0	837    	40
 31	7	152	0	0	844    	40
 31	7	153	0	0	841    	40
 31	7	154	0	0	842    	40
 31	7	155	0	0	835    	40
 31	7	156	0	0	843    	40
 31	7	157	0	0	842    	40
 31	7	158	0	0	836    	40
 31	7	159	0	0	842    	40
 31	7	160	0	0	801    	40
 31	7	161	0	0	798    	40
 31	7	162	0	0	795    	40
 31	7	163	0	0	797    	40
 31	7	164	0	0	793    	40
 31	7	165	0	0	792    	40
 31	7	166	0	0	793    	40
 31	7	167	0	0	797    	40
 31	7	168	0	0	800    	40
 31	7	169	0	0	794    	40
 31	7	170	0	0	793    	40
 31	7	171	0	0	793    	40
 31	7	172	0	0	795    	40
 31	7	173	0	0	797    	40
 31	7	174	0	0	797    	40
 31	7	175	0	0	789    	40
 31	7	176	0	0	798    	40
 31	7	177	0	0	794    	40
 31	7	178	0	0	793    	40
 31	7	179	0	0	792    	40
 31	7	180	0	0	792    	40
 31	7	181	0	0	793    	40
 31	7	182	0	0	791    	40
 31	7	183	0	0	794    	40
 31	7	184	0	0	784    	40
 31	7	185	0	0	793    	40
 31	7	186	0	0	799    	40
 31	7	187	0	0	793    	40
 31	7	188	0	0	799    	40
 31	7	189	0	0	798    	40
 31	7	190	0	0	797    	40
 31	7	191	0	0	794   	40
 31	7	192	0	0	814    	40
 31	7	193	0	0	814    	40
 31	7	194	0	0	807    	40
 31	7	195	0	0	810    	40
 31	7	196	0	0	810    	40
 31	7	197	0	0	811    	40
 31	7	198	0	0	809    	40
 31	7	199	0	0	806    	40
 31	7	200	0	0	809    	40
 31	7	201	0	0	810    	40
 31	7	202	0	0	815    	40
 31	7	203	0	0	815    	40
 31	7	204	0	0	804    	40
 31	7	205	0	0	806    	40
 31	7	206	0	0	806    	40
 31	7	207	0	0	803    	40
 31	7	208	0	0	807    	40
 31	7	209	0	0	803    	40
 31	7	210	0	0	811    	40
 31	7	211	0	0	808    	40
 31	7	212	0	0	809    	40
 31	7	213	0	0	806    	40
 31	7	214	0	0	807    	40
 31	7	215	0	0	812    	40
 31	7	216	0	0	807    	40
 31	7	217	0	0	811    	40
 31	7	218	0	0	813    	40
 31	7	219	0	0	812    	40
 31	7	220	0	0	806    	40
 31	7	221	0	0	804    	40
 31	7	222	0	0	807    	40
 31	7	223	0	0	808    	40
 31	7	224	0	0	803    	40
 31	7	225	0	0	810    	40
 31	7	226	0	0	803    	40
 31	7	227	0	0	804    	40
 31	7	228	0	0	793    	40
 31	7	229	0	0	810    	40
 31	7	230	0	0	803    	40
 31	7	231	0	0	795    	40
 31	7	232	0	0	798    	40
 31	7	233	0	0	799    	40
 31	7	234	0	0	801    	40
 31	7	235	0	0	803    	40
 31	7	236	0	0	800    	40
 31	7	237	0	0	795    	40
 31	7	238	0	0	795    	40
 31	7	239	0	0	803    	40
 31	7	240	0	0	801    	40
 31	7	241	0	0	799    	40
 31	7	242	0	0	804    	40
 31	7	243	0	0	807    	40
 31	7	244	0	0	804    	40
 31	7	245	0	0	800    	40
 31	7	246	0	0	803    	40
 31	7	247	0	0	798    	40
 31	7	248	0	0	803    	40
 31	7	249	0	0	801    	40
 31	7	250	0	0	805    	40
 31	7	251	0	0	797    	40
 31	7	252	0	0	801    	40
 31	7	253	0	0	793    	40
 31	7	254	0	0	802    	40
 31	7	255	0	0	801    	40
 31	7	256	0	0	767    	40
 31	7	257	0	0	773    	40
 31	7	258	0	0	768    	40
 31	7	259	0	0	762    	40
 31	7	260	0	0	765    	40
 31	7	261	0	0	766    	40
 31	7	262	0	0	770    	40
 31	7	263	0	0	767    	40
 31	7	264	0	0	774    	40
 31	7	265	0	0	772    	40
 31	7	266	0	0	769    	40
 31	7	267	0	0	762    	40
 31	7	268	0	0	772    	40
 31	7	269	0	0	769    	40
 31	7	270	0	0	762    	40
 31	7	271	0	0	764    	40
 31	7	272	0	0	766    	40
 31	7	273	0	0	760    	40
 31	7	274	0	0	760    	40
 31	7	275	0	0	772    	40
 31	7	276	0	0	765    	40
 31	7	277	0	0	762    	40
 31	7	278	0	0	764    	40
 31	7	279	0	0	762    	40
 31	7	280	0	0	765    	40
 31	7	281	0	0	767    	40
 31	7	282	0	0	763    	40
 31	7	283	0	0	764    	40
 31	7	284	0	0	768   	40
 31	7	285	0	0	755   	40
 31	7	286	0	0	759   	40
 31	7	287	0	0	766   	40
 31	7	288	0	0	809   	40
 31	7	289	0	0	811    	40
 31	7	290	0	0	811    	40
 31	7	291	0	0	811    	40
 31	7	292	0	0	811    	40
 31	7	293	0	0	808    	40
 31	7	294	0	0	816    	40
 31	7	295	0	0	814    	40
 31	7	296	0	0	812    	40
 31	7	297	0	0	816    	40
 31	7	298	0	0	809    	40
 31	7	299	0	0	810    	40
 31	7	300	0	0	808    	40
 31	7	301	0	0	810    	40
 31	7	302	0	0	808    	40
 31	7	303	0	0	803    	40
 31	7	304	0	0	813    	40
 31	7	305	0	0	812    	40
 31	7	306	0	0	816    	40
 31	7	307	0	0	809    	40
 31	7	308	0	0	808    	40
 31	7	309	0	0	810    	40
 31	7	310	0	0	813    	40
 31	7	311	0	0	811    	40
 31	7	312	0	0	819    	40
 31	7	313	0	0	809    	40
 31	7	314	0	0	814    	40
 31	7	315	0	0	810    	40
 31	7	316	0	0	813    	40
 31	7	317	0	0	820    	40
 31	7	318	0	0	810    	40
 31	7	319	0	0	809    	40
 31	7	320	0	0	804    	40
 31	7	321	0	0	806    	40
 31	7	322	0	0	811    	40
 31	7	323	0	0	814    	40
 31	7	324	0	0	817    	40
 31	7	325	0	0	809    	40
 31	7	326	0	0	810    	40
 31	7	327	0	0	806    	40
 31	7	328	0	0	810    	40
 31	7	329	0	0	812    	40
 31	7	330	0	0	809    	40
 31	7	331	0	0	813    	40
 31	7	332	0	0	807    	40
 31	7	333	0	0	815    	40
 31	7	334	0	0	807    	40
 31	7	335	0	0	809    	40
 31	7	336	0	0	809    	40
 31	7	337	0	0	818    	40
 31	7	338	0	0	810    	40
 31	7	339	0	0	813    	40
 31	7	340	0	0	811    	40
 31	7	341	0	0	804    	40
 31	7	342	0	0	816    	40
 31	7	343	0	0	809    	40
 31	7	344	0	0	812    	40
 31	7	345	0	0	807    	40
 31	7	346	0	0	811    	40
 31	7	347	0	0	811    	40
 31	7	348	0	0	807    	40
 31	7	349	0	0	807    	40
 31	7	350	0	0	809    	40
 31	7	351	0	0	812    	40
 31	7	352	0	0	778    	40
 31	7	353	0	0	785    	40
 31	7	354	0	0	782    	40
 31	7	355	0	0	786    	40
 31	7	356	0	0	790    	40
 31	7	357	0	0	789    	40
 31	7	358	0	0	787    	40
 31	7	359	0	0	788    	40
 31	7	360	0	0	785    	40
 31	7	361	0	0	782    	40
 31	7	362	0	0	783    	40
 31	7	363	0	0	784    	40
 31	7	364	0	0	777    	40
 31	7	365	0	0	786    	40
 31	7	366	0	0	781    	40
 31	7	367	0	0	785    	40
 31	7	368	0	0	786    	40
 31	7	369	0	0	788    	40
 31	7	370	0	0	781    	40
 31	7	371	0	0	784    	40
 31	7	372	0	0	784    	40
 31	7	373	0	0	784    	40
 31	7	374	0	0	779    	40
 31	7	375	0	0	782    	40
 31	7	376	0	0	780    	40
 31	7	377	0	0	781    	40
 31	7	378	0	0	781    	40
 31	7	379	0	0	785    	40
 31	7	380	0	0	783    	40
 31	7	381	0	0	789    	40
 31	7	382	0	0	784    	40
 31	7	383	0	0	782    	40
 31	7	384 	0	0	777    	40
 31	7	385 	0	0	782    	40
 31	7	386 	0	0	785    	40
 31	7	387 	0	0	789    	40
 31	7	388 	0	0	784    	40
 31	7	389 	0	0	786    	40
 31	7	390 	0	0	780    	40
 31	7	391 	0	0	783    	40
 31	7	392 	0	0	782    	40
 31	7	393 	0	0	778    	40
 31	7	394 	0	0	777    	40
 31	7	395 	0	0	780    	40
 31	7	396 	0	0	782    	40
 31	7	397 	0	0	784    	40
 31	7	398 	0	0	786    	40
 31	7	399 	0	0	781    	40
 31	7	400 	0	0	778    	40
 31	7	401 	0	0	785    	40
 31	7	402 	0	0	777    	40
 31	7	403 	0	0	784    	40
 31	7	404 	0	0	779    	40
 31	7	405 	0	0	787    	40
 31	7	406 	0	0	786    	40
 31	7	407 	0	0	778    	40
 31	7	408 	0	0	782    	40
 31	7	409 	0	0	780  	40
 31	7	410 	0	0	781  	40
 31	7	411 	0	0	782  	40
 31	7	412 	0	0	785  	40
 31	7	413 	0	0	781  	40
 31	7	414 	0	0	782   	40
 31	7	415 	0	0	786   	40
 31	7	416 	0	0	782   	40
 31	7	417 	0	0	785   	40
 31	7	418 	0	0	782   	40
 31	7	419 	0	0	779   	40
 31	7	420 	0	0	784   	40
 31	7	421 	0	0	785   	40
 31	7	422 	0	0	788   	40
 31	7	423 	0	0	783   	40
 31	7	424 	0	0	788   	40
 31	7	425 	0	0	789   	40
 31	7	426 	0	0	785   	40
 31	7	427 	0	0	781   	40
 31	7	428 	0	0	781   	40
 31	7	429 	0	0	778   	40
 31	7	430 	0	0	785   	40
 31	7	431 	0	0	782   	40
 31	7	432 	0	0	776   	40
 31	7	433 	0	0	778   	40
 31	7	434 	0	0	782   	40
 31	7	435 	0	0	790   	40
 31	7	436 	0	0	781   	40
 31	7	437 	0	0	785   	40
 31	7	438 	0	0	786   	40
 31	7	439 	0	0	783   	40
 31	7	440 	0	0	783   	40
 31	7	441 	0	0	785   	40
 31	7	442 	0	0	783   	40
 31	7	443 	0	0	778   	40
 31	7	444 	0	0	778   	40
 31	7	445 	0	0	787    	40
 31	7	446 	0	0	791    	40
 31	7	447 	0	0	782    	40
 31	7	448 	0	0	833    	40
 31	7	449 	0	0	832    	40
 31	7	450 	0	0	833    	40
 31	7	451 	0	0	825    	40
 31	7	452 	0	0	839    	40
 31	7	453 	0	0	831    	40
 31	7	454 	0	0	833    	40
 31	7	455 	0	0	829    	40
 31	7	456 	0	0	823    	40
 31	7	457 	0	0	833    	40
 31	7	458 	0	0	832    	40
 31	7	459 	0	0	828    	40
 31	7	460 	0	0	828    	40
 31	7	461 	0	0	825    	40
 31	7	462 	0	0	834    	40
 31	7	463 	0	0	828    	40
 31	7	464 	0	0	838    	40
 31	7	465 	0	0	824    	40
 31	7	466 	0	0	819    	40
 31	7	467 	0	0	828    	40
 31	7	468 	0	0	833    	40
 31	7	469 	0	0	836    	40
 31	7	470 	0	0	830    	40
 31	7	471 	0	0	823    	40
 31	7	472	0	0	832 	40
 31	7	473	0	0	827 	40
 31	7	474	0	0	829 	40
 31	7	475	0	0	825 	40
 31	7	476	0	0	829 	40
 31	7	477	0	0	835 	40
 31	7	478	0	0	824 	40
 31	7	479	0	0	823 	40
 31	7	480	0	0	806 	40
 31	7	481	0	0	806 	40
 31	7	482	0	0	802 	40
 31	7	483	0	0	810 	40
 31	7	484	0	0	810 	40
 31	7	485	0	0	808 	40
 31	7	486	0	0	801 	40
 31	7	487	0	0	807 	40
 31	7	488	0	0	808 	40
 31	7	489	0	0	804 	40
 31	7	490	0	0	804 	40
 31	7	491	0	0	801 	40
 31	7	492	0	0	805 	40
 31	7	493	0	0	801 	40
 31	7	494	0	0	802 	40
 31	7	495	0	0	812 	40
 31	7	496	0	0	806 	40
 31	7	497	0	0	806 	40
 31	7	498	0	0	808 	40
 31	7	499	0	0	802 	40
 31	7	500	0	0	807 	40
 31	7	501	0	0	802 	40
 31	7	502	0	0	801 	40
 31	7	503	0	0	807 	40
 31	7	504	0	0	810 	40
 31	7	505	0	0	801 	40
 31	7	506	0	0	804 	40
 31	7	507	0	0	809 	40
 31	7	508	0	0	805 	40
 31	7	509	0	0	806 	40
 31	7	510	0	0	802 	40
 31	7	511	0	0	801 	40
 31	7	512	0	0	805 	40
 31	7	513	0	0	803 	40
 31	7	514	0	0	816 	40
 31	7	515	0	0	801 	40
 31	7	516	0	0	806 	40
 31	7	517	0	0	808 	40
 31	7	518	0	0	811 	40
 31	7	519	0	0	804 	40
 31	7	520	0	0	804 	40
 31	7	521	0	0	808 	40
 31	7	522	0	0	809 	40
 31	7	523	0	0	804 	40
 31	7	524	0	0	806 	40
 31	7	525	0	0	809 	40
 31	7	526	0	0	801 	40
 31	7	527	0	0	801 	40
 31	7	528	0	0	807 	40
 31	7	529	0	0	807 	40
 31	7	530	0	0	809 	40
 31	7	531	0	0	812 	40
 31	7	532	0	0	809 	40
 31	7	533	0	0	805 	40
 31	7	534	0	0	810 	40
 31	7	535	0	0	810 	40
 31	7	536	0	0	807 	40
 31	7	537	0	0	810 	40
 31	7	538	0	0	810 	40
 31	7	539	0	0	804 	40
 31	7	540	0	0	810 	40
 31	7	541	0	0	812 	40
 31	7	542	0	0	802 	40
 31	7	543	0	0	805 	40
 31	7	544	0	0	826 	40
 31	7	545	0	0	819 	40
 31	7	546	0	0	816 	40
 31	7	547	0	0	818 	40
 31	7	548	0	0	823 	40
 31	7	549	0	0	821 	40
 31	7	550	0	0	826 	40
 31	7	551	0	0	823 	40
 31	7	552	0	0	827 	40
 31	7	553	0	0	822 	40
 31	7	554	0	0	818 	40
 31	7	555	0	0	819 	40
 31	7	556	0	0	821 	40
 31	7	557	0	0	824 	40
 31	7	558	0	0	823 	40
 31	7	559	0	0	811 	40
 31	7	560	0	0	820 	40
 31	7	561	0	0	821 	40
 31	7	562	0	0	823 	40
 31	7	563	0	0	819 	40
 31	7	564	0	0	819 	40
 31	7	565	0	0	818 	40
 31	7	566	0	0	824 	40
 31	7	567	0	0	816 	40
 31	7	568	0	0	823 	40
 31	7	569	0	0	817 	40
 31	7	570	0	0	825 	40
 31	7	571	0	0	818 	40
 31	7	572	0	0	823 	40
 31	7	573	0	0	813 	40
 31	7	574	0	0	817 	40
 31	7	575	0	0	815 	40
 31	7	576	0	0	793 	40
 31	7	577	0	0	785 	40
 31	7	578	0	0	788 	40
 31	7	579	0	0	792 	40
 31	7	580	0	0	792 	40
 31	7	581	0	0	792 	40
 31	7	582	0	0	795 	40
 31	7	583	0	0	790 	40
 31	7	584	0	0	788 	40
 31	7	585	0	0	788 	40
 31	7	586	0	0	791 	40
 31	7	587	0	0	787 	40
 31	7	588	0	0	788 	40
 31	7	589	0	0	787 	40
 31	7	590	0	0	787 	40
 31	7	591	0	0	793 	40
 31	7	592	0	0	789 	40
 31	7	593	0	0	780 	40
 31	7	594	0	0	791 	40
 31	7	595	0	0	791 	40
 31	7	596	0	0	781 	40
 31	7	597	0	0	790 	40
 31	7	598	0	0	784 	40
 31	7	599	0	0	788 	40
 31	7	600	0	0	790 	40
 31	7	601	0	0	786 	40
 31	7	602	0	0	793 	40
 31	7	603	0	0	786 	40
 31	7	604	0	0	784 	40
 31	7	605	0	0	788 	40
 31	7	606	0	0	780 	40
 31	7	607	0	0	793 	40
 31	7	608	0	0	759 	40
 31	7	609	0	0	756 	40
 31	7	610	0	0	758 	40
 31	7	611	0	0	761 	40
 31	7	612	0	0	760 	40
 31	7	613	0	0	761 	40
 31	7	614	0	0	756 	40
 31	7	615	0	0	760 	40
 31	7	616	0	0	759 	40
 31	7	617	0	0	758 	40
 31	7	618	0	0	753 	40
 31	7	619	0	0	755 	40
 31	7	620	0	0	755 	40
 31	7	621	0	0	760 	40
 31	7	622	0	0	755 	40
 31	7	623	0	0	755 	40
 31	7	624	0	0	755 	40
 31	7	625	0	0	760 	40
 31	7	626	0	0	757 	40
 31	7	627	0	0	756 	40
 31	7	628	0	0	760 	40
 31	7	629	0	0	754 	40
 31	7	630	0	0	756 	40
 31	7	631	0	0	758 	40
 31	7	632	0	0	757 	40
 31	7	633	0	0	766 	40
 31	7	634	0	0	758 	40
 31	7	635	0	0	754 	40
 31	7	636	0	0	759 	40
 31	7	637	0	0	754 	40
 31	7	638	0	0	748 	40
 31	7	639	0	0	756 	40
 31	7	640	0	0	797 	40
 31	7	641	0	0	800 	40
 31	7	642	0	0	798 	40
 31	7	643	0	0	794 	40
 31	7	644	0	0	801 	40
 31	7	645	0	0	802 	40
 31	7	646	0	0	798 	40
 31	7	647	0	0	802 	40
 31	7	648	0	0	805 	40
 31	7	649	0	0	797 	40
 31	7	650	0	0	807 	40
 31	7	651	0	0	795 	40
 31	7	652	0	0	795 	40
 31	7	653	0	0	800 	40
 31	7	654	0	0	803 	40
 31	7	655	0	0	802 	40
 31	7	656	0	0	793 	40
 31	7	657	0	0	798 	40
 31	7	658	0	0	797 	40
 31	7	659	0	0	798 	40
 31	7	660	0	0	795 	40
 31	7	661	0	0	792 	40
 31	7	662	0	0	804 	40
 31	7	663	0	0	790 	40
 31	7	664	0	0	803 	40
 31	7	665	0	0	799 	40
 31	7	666	0	0	794 	40
 31	7	667	0	0	797 	40
 31	7	668	0	0	800 	40
 31	7	669	0	0	794 	40
 31	7	670	0	0	797 	40
 31	7	671	0	0	788 	40
 31	7	672	0	0	775 	40
 31	7	673	0	0	776 	40
 31	7	674	0	0	775 	40
 31	7	675	0	0	775 	40
 31	7	676	0	0	773 	40
 31	7	677	0	0	779 	40
 31	7	678	0	0	775 	40
 31	7	679	0	0	777 	40
 31	7	680	0	0	783 	40
 31	7	681	0	0	776 	40
 31	7	682	0	0	781 	40
 31	7	683	0	0	772 	40
 31	7	684	0	0	774 	40
 31	7	685	0	0	776 	40
 31	7	686	0	0	782 	40
 31	7	687	0	0	781 	40
 31	7	688	0	0	775 	40
 31	7	689	0	0	775 	40
 31	7	690 	0	0	768    	40
 31	7	691 	0	0	781    	40
 31	7	692 	0	0	773    	40
 31	7	693 	0	0	778    	40
 31	7	694 	0	0	774    	40
 31	7	695 	0	0	776    	40
 31	7	696 	0	0	780    	40
 31	7	697 	0	0	777    	40
 31	7	698 	0	0	776    	40
 31	7	699 	0	0	767    	40
 31	7	700 	0	0	777    	40
 31	7	701 	0	0	764    	40
 31	7	702 	0	0	776    	40
 31	7	703 	0	0	770    	40
 31	7	704	0	0	814 	40
 31	7	705	0	0	813 	40
 31	7	706	0	0	813 	40
 31	7	707	0	0	812 	40
 31	7	708	0	0	809 	40
 31	7	709	0	0	805 	40
 31	7	710	0	0	817 	40
 31	7	711	0	0	815 	40
 31	7	712	0	0	810 	40
 31	7	713	0	0	807 	40
 31	7	714	0	0	814 	40
 31	7	715	0	0	802 	40
 31	7	716	0	0	810 	40
 31	7	717	0	0	811 	40
 31	7	718	0	0	814 	40
 31	7	719	0	0	813 	40
 31	7	720	0	0	801 	40
 31	7	721	0	0	811 	40
 31	7	722	0	0	817 	40
 31	7	723	0	0	810 	40
 31	7	724	0	0	808 	40
 31	7	725	0	0	809 	40
 31	7	726	0	0	816 	40
 31	7	727	0	0	817 	40
 31	7	728	0	0	813 	40
 31	7	729	0	0	806 	40
 31	7	730	0	0	807 	40
 31	7	731	0	0	814 	40
 31	7	732	0	0	818 	40
 31	7	733	0	0	811 	40
 31	7	734	0	0	811 	40
 31	7	735	0	0	805 	40
 31	7	736	0	0	770 	40
 31	7	737	0	0	764 	40
 31	7	738	0	0	770 	40
 31	7	739	0	0	765 	40
 31	7	740	0	0	768 	40
 31	7	741	0	0	756 	40
 31	7	742	0	0	767 	40
 31	7	743	0	0	760 	40
 31	7	744	0	0	767 	40
 31	7	745	0	0	767 	40
 31	7	746	0	0	771 	40
 31	7	747	0	0	772 	40
 31	7	748	0	0	769 	40
 31	7	749	0	0	766 	40
 31	7	750	0	0	765 	40
 31	7	751	0	0	762 	40
 31	7	752	0	0	770 	40
 31	7	753	0	0	771 	40
 31	7	754	0	0	760 	40
 31	7	755	0	0	767 	40
 31	7	756	0	0	765 	40
 31	7	757	0	0	761 	40
 31	7	758	0	0	767 	40
 31	7	759	0	0	766 	40
 31	7	760	0	0	770 	40
 31	7	761	0	0	768 	40
 31	7	762	0	0	772 	40
 31	7	763	0	0	771 	40
 31	7	764	0	0	765 	40
 31	7	765	0	0	760 	40
 31	7	766	0	0	768 	40
 31	7	767	0	0	765 	40
 31	7	768	0	0	815 	40
 31	7	769	0	0	809 	40
 31	7	770	0	0	810 	40
 31	7	771	0	0	811 	40
 31	7	772	0	0	808 	40
 31	7	773	0	0	807 	40
 31	7	774	0	0	812 	40
 31	7	775	0	0	812 	40
 31	7	776	0	0	804 	40
 31	7	777	0	0	816 	40
 31	7	778	0	0	816 	40
 31	7	779	0	0	806 	40
 31	7	780	0	0	810 	40
 31	7	781	0	0	805 	40
 31	7	782	0	0	808 	40
 31	7	783	0	0	810 	40
 31	7	784	0	0	807 	40
 31	7	785	0	0	802 	40
 31	7	786	0	0	811 	40
 31	7	787	0	0	809 	40
 31	7	788	0	0	808 	40
 31	7	789	0	0	808 	40
 31	7	790	0	0	814 	40
 31	7	791	0	0	804 	40
 31	7	792	0	0	812 	40
 31	7	793	0	0	814 	40
 31	7	794	0	0	809 	40
 31	7	795	0	0	805 	40
 31	7	796	0	0	809 	40
 31	7	797	0	0	820 	40
 31	7	798	0	0	812 	40
 31	7	799	0	0	808 	40
 31	7	800 	0	0	819    	40
 31	7	801 	0	0	819    	40
 31	7	802 	0	0	815    	40
 31	7	803 	0	0	820    	40
 31	7	804	0	0	820 	40
 31	7	805	0	0	819 	40
 31	7	806	0	0	817 	40
 31	7	807	0	0	824 	40
 31	7	808	0	0	818 	40
 31	7	809	0	0	815 	40
 31	7	810	0	0	820 	40
 31	7	811	0	0	825 	40
 31	7	812	0	0	814 	40
 31	7	813	0	0	816 	40
 31	7	814	0	0	823 	40
 31	7	815	0	0	818 	40
 31	7	816	0	0	819 	40
 31	7	817	0	0	815 	40
 31	7	818	0	0	821 	40
 31	7	819	0	0	824 	40
 31	7	820	0	0	821 	40
 31	7	821	0	0	824 	40
 31	7	822	0	0	820 	40
 31	7	823	0	0	828 	40
 31	7	824	0	0	820 	40
 31	7	825	0	0	821 	40
 31	7	826	0	0	821 	40
 31	7	827	0	0	820 	40
 31	7	828	0	0	822 	40
 31	7	829	0	0	811 	40
 31	7	830	0	0	826 	40
 31	7	831	0	0	827 	40
 31	7	832	0	0	811 	40
 31	7	833	0	0	808 	40
 31	7	834	0	0	809 	40
 31	7	835	0	0	812 	40
 31	7	836	0	0	803 	40
 31	7	837	0	0	810 	40
 31	7	838	0	0	804 	40
 31	7	839	0	0	814 	40
 31	7	840	0	0	812 	40
 31	7	841	0	0	814 	40
 31	7	842	0	0	810 	40
 31	7	843	0	0	803 	40
 31	7	844	0	0	811 	40
 31	7	845	0	0	806 	40
 31	7	846	0	0	808 	40
 31	7	847	0	0	804 	40
 31	7	848	0	0	801 	40
 31	7	849	0	0	810 	40
 31	7	850	0	0	810 	40
 31	7	851	0	0	812 	40
 31	7	852	0	0	807 	40
 31	7	853	0	0	801 	40
 31	7	854	0	0	811 	40
 31	7	855	0	0	806 	40
 31	7	856	0	0	804 	40
 31	7	857	0	0	812 	40
 31	7	858	0	0	814 	40
 31	7	859	0	0	810 	40
 31	7	860	0	0	808 	40
 31	7	861	0	0	814 	40
 31	7	862	0	0	809 	40
 31	7	863	0	0	817 	40
 31	7	864	0	0	745 	40
 31	7	865	0	0	744 	40
 31	7	866	0	0	755 	40
 31	7	867	0	0	747 	40
 31	7	868	0	0	751 	40
 31	7	869	0	0	754 	40
 31	7	870	0	0	747 	40
 31	7	871	0	0	754 	40
 31	7	872	0	0	752 	40
 31	7	873	0	0	749 	40
 31	7	874	0	0	742 	40
 31	7	875	0	0	741 	40
 31	7	876	0	0	747 	40
 31	7	877	0	0	750 	40
 31	7	878	0	0	748 	40
 31	7	879	0	0	744 	40
 31	7	880	0	0	755 	40
 31	7	881	0	0	747 	40
 31	7	882	0	0	753 	40
 31	7	883	0	0	745 	40
 31	7	884	0	0	754 	40
 31	7	885	0	0	751 	40
 31	7	886	0	0	750 	40
 31	7	887	0	0	749 	40
 31	7	888	0	0	750 	40
 31	7	889	0	0	749 	40
 31	7	890	0	0	749 	40
 31	7	891	0	0	755 	40
 31	7	892	0	0	750 	40
 31	7	893	0	0	743 	40
 31	7	894	0	0	748 	40
 31	7	895	0	0	743 	40
 31	7	896	0	0	769 	40
 31	7	897	0	0	764 	40
 31	7	898	0	0	766 	40
 31	7	899	0	0	774 	40
 31	7	900	0	0	766 	40
 31	7	901	0	0	774 	40
 31	7	902	0	0	772 	40
 31	7	903	0	0	771 	40
 31	7	904	0	0	768 	40
 31	7	905	0	0	771 	40
 31	7	906	0	0	765 	40
 31	7	907	0	0	765 	40
 31	7	908	0	0	762 	40
 31	7	909	0	0	767 	40
#########################################################
# CFT Adc Low                                           #
#########################################################
# CFT Low                            pedestal   MIP
#UV1
 31    0       0       0       1     773   	291.755
 31    0       1       0       1     775   	273.868
 31    0       2       0       1     775   	282.863
 31    0       3       0       1     767   	294.688
 31    0       4       0       1     777   	301.732
 31    0       5       0       1     769   	303.463
 31    0       6       0       1     775   	285.885
 31    0       7       0       1     778   	287.17 
 31    0       8       0       1     770   	305.973
 31    0       9       0       1     770   	288.104
 31    0       10      0       1     774   	288.273
 31    0       11      0       1     775   	296.928
 31    0       12      0       1     774   	274.387
 31    0       13      0       1     774   	274.313
 31    0       14      0       1     769   	260.044
 31    0       15      0       1     776   	298.465
 31    0       16      0       1     775   	316.637
 31    0       17      0       1     766   	286.959
 31    0       18      0       1     773   	296.145
 31    0       19      0       1     774   	304.07 
 31    0       20      0       1     775   	292.637
 31    0       21      0       1     773   	292.045
 31    0       22      0       1     768   	311.096
 31    0       23      0       1     771   	287.271
 31    0       24      0       1     772   	283.939
 31    0       25      0       1     771   	310.382
 31    0       26      0       1     767   	318.891
 31    0       27      0       1     781   	321.04 
 31    0       28      0       1     769   	306.167
 31    0       29      0       1     776   	313.86 
 31    0       30      0       1     774   	323.639
 31    0       31      0       1     767   	313.566
 31    0       32      0       1     801   	298.726
 31    0       33      0       1     799   	380.295
 31    0       34      0       1     796   	303.052
 31    0       35      0       1     795   	325.49 
 31    0       36      0       1     802   	311.413
 31    0       37      0       1     799   	317.874
 31    0       38      0       1     795   	290.942
 31    0       39      0       1     802   	307.862
 31    0       40      0       1     802   	265.566
 31    0       41      0       1     795   	313.752
 31    0       42      0       1     799   	315.445
 31    0       43      0       1     801   	285.332
 31    0       44      0       1     790   	289.419
 31    0       45      0       1     798   	312.581
 31    0       46      0       1     799   	292.543
 31    0       47      0       1     800   	301.677
 31    0       48      0       1     798   	284.136
 31    0       49      0       1     795   	300.795
 31    0       50      0       1     792   	287.889
 31    0       51      0       1     796   	318.534
 31    0       52      0       1     798   	290.788
 31    0       53      0       1     804   	315.694
 31    0       54      0       1     793   	320.208
 31    0       55      0       1     804   	306.536
 31    0       56      0       1     797   	303.076
 31    0       57      0       1     801   	311.615
 31    0       58      0       1     795   	299.329
 31    0       59      0       1     801   	282.697
 31    0       60      0       1     798   	278.446
 31    0       61      0       1     792   	287.59 
 31    0       62      0       1     788   	297.188
 31    0       63      0       1     800   	322.703
 31    0       64      0       1     844   	298.654
 31    0       65      0       1     841   	316.252
 31    0       66      0       1     839   	295.384
 31    0       67      0       1     843   	280.282
 31    0       68      0       1     846   	273.245
 31    0       69      0       1     849   	294.701
 31    0       70      0       1     842   	287.16 
 31    0       71      0       1     841   	308.195
 31    0       72      0       1     844   	291.696
 31    0       73      0       1     848   	275.744
 31    0       74      0       1     838   	293.828
 31    0       75      0       1     849   	281.021
 31    0       76      0       1     836   	280.258
 31    0       77      0       1     847   	272.098
 31    0       78      0       1     841   	289.887
 31    0       79      0       1     834   	275.738
 31    0       80      0       1     843   	289.68 
 31    0       81      0       1     840   	294.442
 31    0       82      0       1     841   	314.045
 31    0       83      0       1     845   	293.701
 31    0       84      0       1     844   	308.746
 31    0       85      0       1     848   	301.404
 31    0       86      0       1     846   	307.269
 31    0       87      0       1     841   	303.728
 31    0       88      0       1     839   	304.44 
 31    0       89      0       1     843   	290.943
 31    0       90      0       1     840   	288.274
 31    0       91      0       1     846   	288.298
 31    0       92      0       1     845   	291.858
 31    0       93      0       1     840   	281.071
 31    0       94      0       1     840   	292.257
 31    0       95      0       1     847   	302.877
 31    0       96      0       1     755   	282.229
 31    0       97      0       1     760   	318.468
 31    0       98      0       1     750   	304.277
 31    0       99      0       1     750   	298.331
 31    0       100     0       1     751   	306.763
 31    0       101     0       1     760   	316.615
 31    0       102     0       1     754   	317.443
 31    0       103     0       1     752   	296.692
 31    0       104     0       1     754   	298.43 
 31    0       105     0       1     753   	313.869
 31    0       106     0       1     757   	300.844
 31    0       107     0       1     755   	236.167
 31    0       108     0       1     750   	292.938
 31    0       109     0       1     750   	285.867
 31    0       110     0       1     757   	293.616
 31    0       111     0       1     760   	335.919
 31    0       112     0       1     753   	297.822
 31    0       113     0       1     756   	309.901
 31    0       114     0       1     754   	299.412
 31    0       115     0       1     761   	294.33 
 31    0       116     0       1     757   	309.13 
 31    0       117     0       1     759   	302.822
 31    0       118     0       1     756   	299.178
 31    0       119     0       1     755   	304.179
 31    0       120     0       1     762   	317.068
 31    0       121     0       1     755   	306.914
 31    0       122     0       1     754   	295.778
 31    0       123     0       1     761   	309.444
 31    0       124     0       1     758   	299.093
 31    0       125     0       1     752   	311.303
 31    0       126     0       1     749   	341.129
 31    0       127     0       1     750   	327.03 
 31    0       128     0       1     752   	342.161
 31    0       129     0       1     755   	335.447
 31    0       130     0       1     747   	343.338
 31    0       131     0       1     743   	276.192
 31    0       132     0       1     753   	333.249
 31    0       133     0       1     751   	290.33 
 31    0       134     0       1     755   	324.649
 31    0       135     0       1     758   	325.174
 31    0       136     0       1     748   	324.818
 31    0       137     0       1     750   	279.308
 31    0       138     0       1     750   	311.712
 31    0       139     0       1     751   	281.749
 31    0       140     0       1     750   	316.487
 31    0       141     0       1     751   	284.442
 31    0       142     0       1     749   	283.356
 31    0       143     0       1     749   	300.691
 31    0       144     0       1     754   	284.847
 31    0       145     0       1     747   	311.009
 31    0       146     0       1     748   	297.213
 31    0       147     0       1     749   	350.137
 31    0       148     0       1     752   	290.485
 31    0       149     0       1     750   	310.127
 31    0       150     0       1     745   	278.527
 31    0       151     0       1     753   	286.906
 31    0       152     0       1     748   	282.38 
 31    0       153     0       1     753   	325.247
 31    0       154     0       1     750   	318.758
 31    0       155     0       1     743   	328.909
 31    0       156     0       1     748   	293.723
 31    0       157     0       1     750   	326.755
 31    0       158     0       1     744   	295.042
 31    0       159     0       1     743   	333.486
 31    0       160     0       1     802   	319.177
 31    0       161     0       1     805   	331.36 
 31    0       162     0       1     794   	319.882
 31    0       163     0       1     807   	320.917
 31    0       164     0       1     798   	297.216
 31    0       165     0       1     800   	322.455
 31    0       166     0       1     800   	325.655
 31    0       167     0       1     800   	300.377
 31    0       168     0       1     799   	293.168
 31    0       169     0       1     800   	314.52 
 31    0       170     0       1     795   	323.05 
 31    0       171     0       1     799   	298.821
 31    0       172     0       1     796   	305.968
 31    0       173     0       1     801   	313.098
 31    0       174     0       1     799   	309.055
 31    0       175     0       1     793   	324.182
 31    0       176     0       1     798   	297.572
 31    0       177     0       1     797   	323.05 
 31    0       178     0       1     804   	301.636
 31    0       179     0       1     798   	329.89 
 31    0       180     0       1     789   	315.177
 31    0       181     0       1     793   	335.076
 31    0       182     0       1     800   	329.435
 31    0       183     0       1     794   	340.186
 31    0       184     0       1     805   	304.375
 31    0       185     0       1     795   	323.31 
 31    0       186     0       1     794   	315.942
 31    0       187     0       1     799   	354.85 
 31    0       188     0       1     791   	310.474
 31    0       189     0       1     796   	332.449
 31    0       190     0       1     796   	324.417
 31    0       191     0       1     803   	312.708
 31    0       192     0       1     799   	312.364
 31    0       193     0       1     788   	313.884
 31    0       194     0       1     794   	270.853
 31    0       195     0       1     795   	327.022
 31    0       196     0       1     787   	297.343
 31    0       197     0       1     790   	302.111
 31    0       198     0       1     788   	312.509
 31    0       199     0       1     789   	307.878
 31    0       200     0       1     787   	300.075
 31    0       201     0       1     787   	296.466
 31    0       202     0       1     792   	288.139
 31    0       203     0       1     790   	302.133
 31    0       204     0       1     793   	294.733
 31    0       205     0       1     790   	329.299
 31    0       206     0       1     789   	300.644
 31    0       207     0       1     796   	326.229
 31    0       208     0       1     793   	278.845
 31    0       209     0       1     795   	314.778
 31    0       210     0       1     790   	300.598
 31    0       211     0       1     790   	301.478
 31    0       212     0       1     793   	304.8  
 31    0       213     0       1     792   	321.718
 31    0       214     0       1     781   	292.268
 31    0       215     0       1     788   	299.503
 31    0       216     0       1     787   	324.356
 31    0       217     0       1     788   	312.649
 31    0       218     0       1     791   	312.216
 31    0       219     0       1     784   	297.12 
 31    0       220     0       1     792   	311.119
 31    0       221     0       1     791   	306.642
 31    0       222     0       1     792   	315.293
 31    0       223     0       1     790   	250.356
 31    0       224     0       1     798   	260.032
 31    0       225     0       1     807   	332.861
 31    0       226     0       1     804   	257.766
 31    0       227     0       1     801   	285.967
 31    0       228     0       1     796   	246.88 
 31    0       229     0       1     801   	237.053
 31    0       230     0       1     798   	249.468
 31    0       231     0       1     799   	298.913
 31    0       232     0       1     799   	200.	  
 31    0       233     0       1     795   	282.526
 31    0       234     0       1     803   	240.841
 31    0       235     0       1     805   	277.59 
 31    0       236     0       1     796   	253.943
 31    0       237     0       1     803   	288.207
 31    0       238     0       1     794   	322.149
 31    0       239     0       1     802   	281.136
 31    0       240     0       1     789   	298.014
 31    0       241     0       1     802   	262.506
 31    0       242     0       1     805   	300.84 
 31    0       243     0       1     799   	251.535
 31    0       244     0       1     800   	262.875
 31    0       245     0       1     798   	280.638
 31    0       246     0       1     799   	290.086
 31    0       247     0       1     792   	271.292
 31    0       248     0       1     799   	323.955
 31    0       249     0       1     794   	263.945
 31    0       250     0       1     796   	287.557
 31    0       251     0       1     802   	267.167
 31    0       252     0       1     793   	290.279
 31    0       253     0       1     797   	215.635
 31    0       254     0       1     796   	290.684
 31    0       255     0       1     788   	241.455
 31    0       256     0       1     819   	309.25 
 31    0       257     0       1     818   	317.274
 31    0       258     0       1     826   	291.799
 31    0       259     0       1     826   	316.404
 31    0       260     0       1     827   	292.458
 31    0       261     0       1     820   	311.415
 31    0       262     0       1     829   	307.192
 31    0       263     0       1     829   	294.158
 31    0       264     0       1     823   	305.595
 31    0       265     0       1     826   	324.304
 31    0       266     0       1     822   	305.602
 31    0       267     0       1     823   	320.554
 31    0       268     0       1     822   	272.098
 31    0       269     0       1     827   	295.349
 31    0       270     0       1     822   	287.365
 31    0       271     0       1     826   	310.12 
 31    0       272     0       1     820   	310.471
 31    0       273     0       1     821   	300.825
 31    0       274     0       1     817   	315.111
 31    0       275     0       1     818   	300.631
 31    0       276     0       1     825   	300.187
 31    0       277     0       1     829   	307.811
 31    0       278     0       1     828   	293.723
 31    0       279     0       1     827   	311.832
 31    0       280     0       1     822   	294.445
 31    0       281     0       1     828   	302.861
 31    0       282     0       1     826   	282.273
 31    0       283     0       1     821   	310.246
 31    0       284     0       1     820   	302.279
 31    0       285     0       1     823   	290.74 
 31    0       286     0       1     819   	318.692
 31    0       287     0       1     829   	306.143
 31    0       288     0       1     779   	296.644
 31    0       289     0       1     782   	308.275
 31    0       290     0       1     777   	292.196
 31    0       291     0       1     775   	303.63 
 31    0       292     0       1     783   	282.887
 31    0       293     0       1     769   	302.457
 31    0       294     0       1     778   	302.189
 31    0       295     0       1     779   	318.045
 31    0       296     0       1     783   	309.859
 31    0       297     0       1     778   	310.54 
 31    0       298     0       1     777   	298.948
 31    0       299     0       1     780   	313.843
 31    0       300     0       1     784   	295.22 
 31    0       301     0       1     773   	289.789
 31    0       302     0       1     780   	304.387
 31    0       303     0       1     785   	292.462
 31    0       304     0       1     780   	324.773
 31    0       305     0       1     774   	285.92 
 31    0       306     0       1     774   	307.586
 31    0       307     0       1     781   	274.831
 31    0       308     0       1     779   	316.682
 31    0       309     0       1     781   	295.013
 31    0       310     0       1     778   	302.355
 31    0       311     0       1     775   	317.88 
 31    0       312     0       1     784   	281.196
 31    0       313     0       1     772   	272.148
 31    0       314     0       1     776   	289.715
 31    0       315     0       1     775   	318.092
 31    0       316     0       1     779   	278.726
 31    0       317     0       1     784   	278.554
 31    0       318     0       1     772   	306.636
 31    0       319     0       1     777   	278.828
 31    0       320     0       1     789   	287.406
 31    0       321     0       1     797   	289.82 
 31    0       322     0       1     787   	285.8  
 31    0       323     0       1     790   	278.776
 31    0       324     0       1     794   	298.173
 31    0       325     0       1     786   	278.867
 31    0       326     0       1     793   	264.082
 31    0       327     0       1     791   	281.981
 31    0       328     0       1     788   	289.194
 31    0       329     0       1     781   	298.223
 31    0       330     0       1     798   	294.532
 31    0       331     0       1     788   	303.067
 31    0       332     0       1     789   	279.822
 31    0       333     0       1     783   	289.863
 31    0       334     0       1     790   	276.923
 31    0       335     0       1     789   	279.088
 31    0       336     0       1     798   	289.811
 31    0       337     0       1     785   	303.229
 31    0       338     0       1     790   	281.807
 31    0       339     0       1     789   	284.571
 31    0       340     0       1     790   	279.685
 31    0       341     0       1     786   	297.802
 31    0       342     0       1     783   	303.598
 31    0       343     0       1     794   	276.441
 31    0       344     0       1     784   	251.99 
 31    0       345     0       1     786   	304.215
 31    0       346     0       1     794   	300.848
 31    0       347     0       1     784   	310.781
 31    0       348     0       1     788   	290.286
 31    0       349     0       1     791   	312.714
 31    0       350     0       1     786   	335.23 
 31    0       351     0       1     787   	295.248
 31    0       352     0       1     790   	291.475
 31    0       353     0       1     798   	301.895
 31    0       354     0       1     790   	266.161
 31    0       355     0       1     786   	303.742
 31    0       356     0       1     794   	314.862
 31    0       357     0       1     800   	302.21 
 31    0       358     0       1     788   	305.318
 31    0       359     0       1     794   	298.843
 31    0       360     0       1     793   	312.271
 31    0       361     0       1     787   	316.989
 31    0       362     0       1     789   	230.238
 31    0       363     0       1     792   	279.649
 31    0       364     0       1     790   	282.546
 31    0       365     0       1     791   	291.852
 31    0       366     0       1     777   	297.599
 31    0       367     0       1     785   	278.417
 31    0       368     0       1     792   	283.599
 31    0       369     0       1     786   	271.65 
 31    0       370     0       1     786   	298.937
 31    0       371     0       1     787   	284.247
 31    0       372     0       1     791   	290.86 
 31    0       373     0       1     789   	283.087
 31    0       374     0       1     792   	291.037
 31    0       375     0       1     789   	293.468
 31    0       376     0       1     790   	284.282
 31    0       377     0       1     790   	294.83 
 31    0       378     0       1     788   	295.238
 31    0       379     0       1     788   	289.904
 31    0       380     0       1     787   	271.589
 31    0       381     0       1     785   	284.45 
 31    0       382     0       1     784   	302.936
 31    0       383     0       1     790   	289.562
 31    0       384     0       1     840   	298.389
 31    0       385     0       1     828   	288.105
 31    0       386     0       1     831   	251.078
 31    0       387     0       1     836   	296.245
 31    0       388     0       1     837   	299.683
 31    0       389     0       1     838   	291.433
 31    0       390     0       1     832   	301.475
 31    0       391     0       1     832   	303.489
 31    0       392     0       1     828   	293.143
 31    0       393     0       1     828   	284.3  
 31    0       394     0       1     831   	306.545
 31    0       395     0       1     833   	279.014
 31    0       396     0       1     842   	301.365
 31    0       397     0       1     832   	320.972
 31    0       398     0       1     828   	264.016
 31    0       399     0       1     827   	284.429
 31    0       400     0       1     832   	286.104
 31    0       401     0       1     834   	296.824
 31    0       402     0       1     832   	276.913
 31    0       403     0       1     839   	301.512
 31    0       404     0       1     836   	280.912
 31    0       405     0       1     833   	295.939
 31    0       406     0       1     832   	302.483
 31    0       407     0       1     837   	266.664
 31    0       408     0       1     835   	288.739
 31    0       409     0       1     835   	302.608
 31    0       410     0       1     830   	298.866
 31    0       411     0       1     831   	289.139
 31    0       412     0       1     835   	296.114
 31    0       413     0       1     834   	300.482
 31    0       414     0       1     836   	293.892
 31    0       415     0       1     834   	327.321
 31    0       416     0       1     765   	279.134
 31    0       417     0       1     775   	50	  
 31    0       418     0       1     762   	263.309
 31    0       419     0       1     769   	292.108
 31    0       420     0       1     765   	263.364
 31    0       421     0       1     767   	285.705
 31    0       422     0       1     770   	282.722
 31    0       423     0       1     769   	257.994
 31    0       424     0       1     762   	293.165
 31    0       425     0       1     763   	279.929
#PHI1					    	       
 31    1       0       0       1     802   	500.	  
 31    1       1       0       1     805   	364.445
 31    1       2       0       1     799   	334.883
 31    1       3       0       1     807   	300.108
 31    1       4       0       1     798   	289.484
 31    1       5       0       1     798   	251.435
 31    1       6       0       1     806   	354.409
 31    1       7       0       1     803   	352.876
 31    1       8       0       1     801   	304.657
 31    1       9       0       1     801   	328.499
 31    1       10      0       1     809   	354.974
 31    1       11      0       1     803   	302.285
 31    1       12      0       1     806   	349.767
 31    1       13      0       1     796   	356.705
 31    1       14      0       1     801   	362.292
 31    1       15      0       1     802   	408.729
 31    1       16      0       1     808   	400.	  
 31    1       17      0       1     795   	279.89 
 31    1       18      0       1     803   	335.601
 31    1       19      0       1     801   	320.775
 31    1       20      0       1     808   	359.513
 31    1       21      0       1     795   	352.094
 31    1       22      0       1     798   	367.841
 31    1       23      0       1     802   	365.139
 31    1       24      0       1     798   	341.351
 31    1       25      0       1     799   	400.	  
 31    1       26      0       1     802   	345.798
 31    1       27      0       1     795   	324.971
 31    1       28      0       1     798   	334.962
 31    1       29      0       1     807   	356.249
 31    1       30      0       1     803   	365.122
 31    1       31      0       1     803   	294.392
 31    1       32      0       1     814   	329.981
 31    1       33      0       1     813   	321.489
 31    1       34      0       1     811   	344.439
 31    1       35      0       1     819   	333.02 
 31    1       36      0       1     813   	314.494
 31    1       37      0       1     813   	334.953
 31    1       38      0       1     814   	355.058
 31    1       39      0       1     819   	363.84 
 31    1       40      0       1     817   	351.582
 31    1       41      0       1     816   	361.801
 31    1       42      0       1     810   	373.025
 31    1       43      0       1     809   	332.845
 31    1       44      0       1     818   	335.909
 31    1       45      0       1     810   	348.324
 31    1       46      0       1     808   	365.088
 31    1       47      0       1     817   	324.129
 31    1       48      0       1     808   	354.175
 31    1       49      0       1     808   	321.511
 31    1       50      0       1     808   	314.158
 31    1       51      0       1     812   	326.745
 31    1       52      0       1     812   	331.051
 31    1       53      0       1     816   	381.49 
 31    1       54      0       1     808   	364.474
 31    1       55      0       1     812   	347.932
 31    1       56      0       1     812   	321.445
 31    1       57      0       1     814   	305.227
 31    1       58      0       1     810   	378.377
 31    1       59      0       1     815   	378.639
 31    1       60      0       1     810   	356.815
 31    1       61      0       1     812   	362.565
 31    1       62      0       1     805   	293.068
 31    1       63      0       1     806   	364.616
 31    1       64      0       1     773   	323.125
 31    1       65      0       1     779   	364.336
 31    1       66      0       1     777   	349.695
 31    1       67      0       1     774   	355.027
 31    1       68      0       1     776   	331.009
 31    1       69      0       1     780   	343.476
 31    1       70      0       1     777   	358.758
 31    1       71      0       1     780   	354.204
 31    1       72      0       1     776   	346.224
 31    1       73      0       1     773   	358.07 
 31    1       74      0       1     771   	343.657
 31    1       75      0       1     772   	353.182
 31    1       76      0       1     782   	333.731
 31    1       77      0       1     776   	304.688
 31    1       78      0       1     772   	363.938
 31    1       79      0       1     768   	334.136
 31    1       80      0       1     771   	374.61 
 31    1       81      0       1     771   	314.141
 31    1       82      0       1     783   	322.682
 31    1       83      0       1     772   	301.03 
 31    1       84      0       1     770   	342.776
 31    1       85      0       1     770   	326.25 
 31    1       86      0       1     768   	339.757
 31    1       87      0       1     775   	330.38 
 31    1       88      0       1     773   	392	  
 31    1       89      0       1     774   	338.203
 31    1       90      0       1     771   	337.113
 31    1       91      0       1     772   	345.085
 31    1       92      0       1     773   	348.827
 31    1       93      0       1     782   	346.716
 31    1       94      0       1     767   	333.522
 31    1       95      0       1     765   	341.601
 31    1       96      0       1     782   	324.902
 31    1       97      0       1     783   	335.34 
 31    1       98      0       1     785   	340.749
 31    1       99      0       1     782   	336.125
 31    1       100     0       1     788   	356.561
 31    1       101     0       1     788   	331.154
 31    1       102     0       1     784   	315.057
 31    1       103     0       1     783   	305.241
 31    1       104     0       1     780   	304.339
 31    1       105     0       1     786   	307.899
 31    1       106     0       1     777   	305.937
 31    1       107     0       1     784   	290.242
 31    1       108     0       1     790   	327.365
 31    1       109     0       1     789   	288.495
 31    1       110     0       1     789   	303.061
 31    1       111     0       1     778   	312.796
 31    1       112     0       1     785   	300.883
 31    1       113     0       1     786   	301.973
 31    1       114     0       1     785   	335.165
 31    1       115     0       1     787   	319.096
 31    1       116     0       1     782   	342.442
 31    1       117     0       1     786   	344.31 
 31    1       118     0       1     787   	324.198
 31    1       119     0       1     789   	317.131
 31    1       120     0       1     783   	307.022
 31    1       121     0       1     780   	315.819
 31    1       122     0       1     787   	296.034
 31    1       123     0       1     788   	295.51 
 31    1       124     0       1     785   	311.762
 31    1       125     0       1     783   	311.676
 31    1       126     0       1     775   	311.748
 31    1       127     0       1     785   	300.513
 31    1       128     0       1     758   	317.085
 31    1       129     0       1     756   	314.122
 31    1       130     0       1     756   	352.033
 31    1       131     0       1     755   	297.477
 31    1       132     0       1     753   	372.685
 31    1       133     0       1     765   	313.671
 31    1       134     0       1     758   	340.843
 31    1       135     0       1     757   	317.042
 31    1       136     0       1     750   	349.153
 31    1       137     0       1     758   	344.861
 31    1       138     0       1     755   	310.071
 31    1       139     0       1     751   	330.597
 31    1       140     0       1     755   	334.766
 31    1       141     0       1     752   	299.317
 31    1       142     0       1     757   	333.071
 31    1       143     0       1     761   	308.552
 31    1       144     0       1     753   	304.41 
 31    1       145     0       1     755   	272.867
 31    1       146     0       1     763   	324.853
 31    1       147     0       1     755   	338.334
 31    1       148     0       1     757   	338.884
 31    1       149     0       1     760   	318.832
 31    1       150     0       1     761   	333.111
 31    1       151     0       1     755   	317.883
 31    1       152     0       1     763   	329.553
 31    1       153     0       1     758   	338.623
 31    1       154     0       1     753   	292.22 
 31    1       155     0       1     759   	320.321
 31    1       156     0       1     754   	316.538
 31    1       157     0       1     752   	300.876
 31    1       158     0       1     758   	338.679
 31    1       159     0       1     755   	307.047
 31    1       160     0       1     802   	341.784
 31    1       161     0       1     795   	308.376
 31    1       162     0       1     801   	340.342
 31    1       163     0       1     798   	349.73 
 31    1       164     0       1     795   	324.985
 31    1       165     0       1     798   	342.683
 31    1       166     0       1     799   	313.034
 31    1       167     0       1     799   	338.772
 31    1       168     0       1     798   	338.057
 31    1       169     0       1     798   	319.774
 31    1       170     0       1     793   	323.323
 31    1       171     0       1     800   	295.93 
 31    1       172     0       1     802   	317.311
 31    1       173     0       1     794   	318.066
 31    1       174     0       1     795   	332.345
 31    1       175     0       1     796   	338.796
 31    1       176     0       1     791   	358.516
 31    1       177     0       1     801   	343.412
 31    1       178     0       1     796   	361.325
 31    1       179     0       1     797   	352.121
 31    1       180     0       1     794   	353.723
 31    1       181     0       1     793   	375.919
 31    1       182     0       1     792   	355.074
 31    1       183     0       1     799   	349.824
 31    1       184     0       1     791   	351.467
 31    1       185     0       1     800   	357.562
 31    1       186     0       1     800   	347.686
 31    1       187     0       1     799   	351.764
 31    1       188     0       1     798   	310.246
 31    1       189     0       1     799   	327.8  
 31    1       190     0       1     795   	366.537
 31    1       191     0       1     795   	346.681
 31    1       192     0       1     773   	350.611
 31    1       193     0       1     777   	380.564
 31    1       194     0       1     774   	371.942
 31    1       195     0       1     778   	382.107
 31    1       196     0       1     772   	375.866
 31    1       197     0       1     776   	382.469
 31    1       198     0       1     773   	373.565
 31    1       199     0       1     775   	370.616
 31    1       200     0       1     781   	368.789
 31    1       201     0       1     782   	372.378
 31    1       202     0       1     774   	412.502
 31    1       203     0       1     776   	370.23 
 31    1       204     0       1     778   	430.	  
 31    1       205     0       1     780   	408.944
 31    1       206     0       1     771   	356.923
 31    1       207     0       1     771   	420.	  
 31    1       208     0       1     770   	390.885
 31    1       209     0       1     775   	353.242
 31    1       210     0       1     774   	415.75 
 31    1       211     0       1     776   	358.076
 31    1       212     0       1     772   	332.294
 31    1       213     0       1     776   	400.733
 31    1       214     0       1     768   	366.272
 31    1       215     0       1     771   	355.258
 31    1       216     0       1     763   	411.295
 31    1       217     0       1     780   	418.931
 31    1       218     0       1     775   	413.564
 31    1       219     0       1     778   	418.933
 31    1       220     0       1     773   	362.78 
 31    1       221     0       1     774   	395.923
 31    1       222     0       1     761   	386.512
 31    1       223     0       1     780   	368.911
 31    1       224     0       1     852   	304.262
 31    1       225     0       1     846   	310.495
 31    1       226     0       1     853   	339.467
 31    1       227     0       1     850   	328.05 
 31    1       228     0       1     844   	300.396
 31    1       229     0       1     849   	295.818
 31    1       230     0       1     848   	306.004
 31    1       231     0       1     849   	305.862
 31    1       232     0       1     847   	322.809
 31    1       233     0       1     849   	304.971
 31    1       234     0       1     849   	324.579
 31    1       235     0       1     855   	313.759
 31    1       236     0       1     845   	304.507
 31    1       237     0       1     851   	306.725
 31    1       238     0       1     844   	313.088
 31    1       239     0       1     852   	310.959
 31    1       240     0       1     853   	285.617
 31    1       241     0       1     847   	305.744
 31    1       242     0       1     847   	328.517
 31    1       243     0       1     848   	286.374
 31    1       244     0       1     842   	315.513
 31    1       245     0       1     842   	297.3  
 31    1       246     0       1     848   	337.852
 31    1       247     0       1     848   	312.735
 31    1       248     0       1     850   	330.612
 31    1       249     0       1     849   	341.221
 31    1       250     0       1     843   	321.444
 31    1       251     0       1     844   	333.398
 31    1       252     0       1     853   	333.412
 31    1       253     0       1     846   	300.768
 31    1       254     0       1     834   	312.091
 31    1       255     0       1     847   	293.935
 31    1       256     0       1     793   	337.453
 31    1       257     0       1     794   	327.043
 31    1       258     0       1     797   	345.806
 31    1       259     0       1     798   	308.126
 31    1       260     0       1     791   	330.052
 31    1       261     0       1     799   	321.466
 31    1       262     0       1     788   	339.677
 31    1       263     0       1     789   	295.858
 31    1       264     0       1     791   	362.141
 31    1       265     0       1     791   	316.264
 31    1       266     0       1     798   	336.216
 31    1       267     0       1     789   	329.52 
 31    1       268     0       1     785   	343.369
 31    1       269     0       1     791   	315.856
 31    1       270     0       1     788   	385.683
 31    1       271     0       1     792   	321.072
 31    1       272     0       1     797   	337.338
 31    1       273     0       1     793   	322.757
 31    1       274     0       1     792   	353.453
 31    1       275     0       1     794   	359.113
 31    1       276     0       1     798   	343.462
 31    1       277     0       1     797   	357.312
 31    1       278     0       1     795   	350.515
 31    1       279     0       1     792   	367.471
 31    1       280     0       1     794   	355.108
 31    1       281     0       1     791   	352.477
 31    1       282     0       1     792   	343.31 
 31    1       283     0       1     785   	351.783
 31    1       284     0       1     791   	342.68 
 31    1       285     0       1     791   	330.126
 31    1       286     0       1     785   	403.746
 31    1       287     0       1     794   	331.531
 31    1       288     0       1     786   	364.353
 31    1       289     0       1     783   	364.91 
 31    1       290     0       1     782   	323.812
 31    1       291     0       1     791   	373.65 
 31    1       292     0       1     783   	329.499
 31    1       293     0       1     792   	340.558
 31    1       294     0       1     788   	352.317
 31    1       295     0       1     790   	315.214
 31    1       296     0       1     787   	335.709
 31    1       297     0       1     785   	329.281
 31    1       298     0       1     791   	320.598
 31    1       299     0       1     792   	315.819
 31    1       300     0       1     785   	334.586
 31    1       301     0       1     785   	309.35 
 31    1       302     0       1     794   	348.418
 31    1       303     0       1     793   	327.089
 31    1       304     0       1     794   	324.703
 31    1       305     0       1     785   	312.658
 31    1       306     0       1     790   	376.531
 31    1       307     0       1     787   	355.3  
 31    1       308     0       1     788   	361.662
 31    1       309     0       1     795   	323.81 
 31    1       310     0       1     789   	331.714
 31    1       311     0       1     791   	332.023
 31    1       312     0       1     791   	354.744
 31    1       313     0       1     784   	350.902
 31    1       314     0       1     789   	366.065
 31    1       315     0       1     790   	332.869
 31    1       316     0       1     782   	370.077
 31    1       317     0       1     791   	327.41 
 31    1       318     0       1     779   	343.168
 31    1       319     0       1     781   	387.979
 31    1       320     0       1     817   	346.578
 31    1       321     0       1     834   	329.447
 31    1       322     0       1     826   	336.354
 31    1       323     0       1     827   	311.412
 31    1       324     0       1     819   	323.265
 31    1       325     0       1     823   	316.267
 31    1       326     0       1     828   	303.912
 31    1       327     0       1     826   	309.321
 31    1       328     0       1     821   	318.545
 31    1       329     0       1     820   	293.374
 31    1       330     0       1     821   	326.001
 31    1       331     0       1     822   	302.005
 31    1       332     0       1     826   	297.614
 31    1       333     0       1     825   	294.8  
 31    1       334     0       1     823   	352.2  
 31    1       335     0       1     823   	317.794
 31    1       336     0       1     825   	282.072
 31    1       337     0       1     819   	330.872
 31    1       338     0       1     830   	320.285
 31    1       339     0       1     822   	319.816
 31    1       340     0       1     822   	319.056
 31    1       341     0       1     824   	300.43 
 31    1       342     0       1     818   	314.274
 31    1       343     0       1     822   	317.251
 31    1       344     0       1     821   	299.115
 31    1       345     0       1     819   	303.259
 31    1       346     0       1     823   	328.299
 31    1       347     0       1     821   	299.077
 31    1       348     0       1     823   	345.328
 31    1       349     0       1     827   	322.793
 31    1       350     0       1     818   	326.869
 31    1       351     0       1     827   	295.194
 31    1       352     0       1     807   	371.357
 31    1       353     0       1     810   	365.592
 31    1       354     0       1     804   	356.037
 31    1       355     0       1     799   	342.493
 31    1       356     0       1     813   	358.607
 31    1       357     0       1     805   	336.046
 31    1       358     0       1     804   	352.374
 31    1       359     0       1     801   	342.39 
 31    1       360     0       1     811   	333.838
 31    1       361     0       1     811   	375.956
 31    1       362     0       1     805   	348.162
 31    1       363     0       1     805   	341.418
 31    1       364     0       1     807   	323.704
 31    1       365     0       1     808   	313.296
 31    1       366     0       1     803   	333.864
 31    1       367     0       1     814   	354.302
 31    1       368     0       1     800   	348.362
 31    1       369     0       1     813   	347.635
 31    1       370     0       1     808   	329.391
 31    1       371     0       1     808   	315.054
 31    1       372     0       1     808   	352.459
 31    1       373     0       1     805   	348.142
 31    1       374     0       1     803   	355.296
 31    1       375     0       1     806   	313.308
 31    1       376     0       1     807   	349.857
 31    1       377     0       1     802   	364.13 
 31    1       378     0       1     809   	332.003
 31    1       379     0       1     810   	294.055
 31    1       380     0       1     801   	336.648
 31    1       381     0       1     803   	322.034
 31    1       382     0       1     802   	369.091
 31    1       383     0       1     809   	318.785
 31    1       384     0       1     860   	324.018
 31    1       385     0       1     862   	301.388
 31    1       386     0       1     863   	312.67 
 31    1       387     0       1     859   	296.839
 31    1       388     0       1     860   	326.142
 31    1       389     0       1     855   	315.386
 31    1       390     0       1     862   	312.9  
 31    1       391     0       1     856   	329.556
 31    1       392     0       1     858   	334.728
 31    1       393     0       1     862   	342.539
 31    1       394     0       1     869   	331.924
 31    1       395     0       1     865   	283.384
 31    1       396     0       1     862   	327.099
 31    1       397     0       1     860   	323.282
 31    1       398     0       1     860   	299.221
 31    1       399     0       1     857   	300.729
 31    1       400     0       1     859   	281.849
 31    1       401     0       1     864   	289.688
 31    1       402     0       1     861   	284.748
 31    1       403     0       1     858   	293.835
 31    1       404     0       1     862   	335.887
 31    1       405     0       1     851   	317.634
 31    1       406     0       1     857   	298.392
 31    1       407     0       1     863   	313.263
 31    1       408     0       1     855   	329.325
 31    1       409     0       1     860   	311.745
 31    1       410     0       1     867   	321.913
 31    1       411     0       1     861   	289.766
 31    1       412     0       1     860   	294.766
 31    1       413     0       1     866   	288.487
 31    1       414     0       1     860   	305.338
 31    1       415     0       1     863   	299.026
 31    1       416     0       1     845   	305.256
 31    1       417     0       1     834   	295.647
 31    1       418     0       1     842   	316.4  
 31    1       419     0       1     846   	297.347
 31    1       420     0       1     841   	304.033
 31    1       421     0       1     845   	319.319
 31    1       422     0       1     840   	305.366
 31    1       423     0       1     844   	306.407
 31    1       424     0       1     843   	306.562
 31    1       425     0       1     839   	325.731
 31    1       426     0       1     839   	333.608
 31    1       427     0       1     844   	324.249
 31    1       428     0       1     840   	314.296
 31    1       429     0       1     844   	322.27 
 31    1       430     0       1     840   	325.682
 31    1       431     0       1     842   	316.818
 31    1       432     0       1     836   	304.433
 31    1       433     0       1     847   	309.744
 31    1       434     0       1     837   	296.885
 31    1       435     0       1     845   	308.544
 31    1       436     0       1     837   	303.079
 31    1       437     0       1     837   	330.	  
 31    1       438     0       1     842   	290.	  
 31    1       439     0       1     833   	329.407
 31    1       440     0       1     836   	281.776
 31    1       441     0       1     840   	308.944
 31    1       442     0       1     841   	305.748
 31    1       443     0       1     841   	324.28 
 31    1       444     0       1     844   	308.083
 31    1       445     0       1     839   	330.915
 31    1       446     0       1     834   	316.382
 31    1       447     0       1     845   	315.163
 31    1       448     0       1     811   	297.218
 31    1       449     0       1     814   	269.79 
 31    1       450     0       1     812   	299.61 
 31    1       451     0       1     813   	304.586
 31    1       452     0       1     816   	309.029
 31    1       453     0       1     809   	295.187
 31    1       454     0       1     806   	305.689
 31    1       455     0       1     812   	313.854
 31    1       456     0       1     813   	303.069
 31    1       457     0       1     816   	320.484
 31    1       458     0       1     818   	293.593
 31    1       459     0       1     813   	282.975
 31    1       460     0       1     815   	289.726
 31    1       461     0       1     807   	308.382
 31    1       462     0       1     821   	294.536
 31    1       463     0       1     812   	275.013
 31    1       464     0       1     812   	290.841
 31    1       465     0       1     812   	271.518
 31    1       466     0       1     819   	323.566
 31    1       467     0       1     811   	304.682
 31    1       468     0       1     814   	325.259
 31    1       469     0       1     819   	271.203
 31    1       470     0       1     810   	285.949
 31    1       471     0       1     811   	297.395
 31    1       472     0       1     814   	305.789
 31    1       473     0       1     819   	318.284
 31    1       474     0       1     806   	276.309
 31    1       475     0       1     823   	310.346
 31    1       476     0       1     818   	298.241
 31    1       477     0       1     819   	298.595
 31    1       478     0       1     816   	316.25 
 31    1       479     0       1     808   	311.89 
 31    1       480     0       1     778   	313.732
 31    1       481     0       1     779   	302.505
 31    1       482     0       1     776   	315.075
 31    1       483     0       1     780   	303.513
 31    1       484     0       1     783   	313.772
 31    1       485     0       1     771   	338.427
 31    1       486     0       1     769   	302.589
 31    1       487     0       1     779   	307.159
 31    1       488     0       1     774   	326.442
 31    1       489     0       1     770   	311.911
 31    1       490     0       1     774   	289.218
 31    1       491     0       1     777   	317.018
 31    1       492     0       1     782   	315.994
 31    1       493     0       1     775   	327.055
 31    1       494     0       1     779   	337.235
 31    1       495     0       1     777   	281.104
 31    1       496     0       1     778   	318.952
 31    1       497     0       1     774   	305.488
 31    1       498     0       1     780   	299.138
 31    1       499     0       1     776   	296.248
 31    1       500     0       1     778   	324.183
 31    1       501     0       1     776   	325.967
 31    1       502     0       1     777   	303.474
 31    1       503     0       1     775   	325.436
 31    1       504     0       1     770   	329.978
 31    1       505     0       1     783   	292.271
 31    1       506     0       1     777   	328.196
 31    1       507     0       1     776   	350.487
 31    1       508     0       1     778   	310.055
 31    1       509     0       1     783   	311.679
 31    1       510     0       1     774   	335.116
 31    1       511     0       1     774   	278.278
 31    1       512     0       1     778   	347.925
 31    1       513     0       1     768   	317.033
 31    1       514     0       1     776   	348.103
 31    1       515     0       1     778   	339.217
 31    1       516     0       1     776   	336.081
 31    1       517     0       1     776   	310.851
 31    1       518     0       1     775   	354.651
 31    1       519     0       1     783   	346.659
 31    1       520     0       1     776   	343.647
 31    1       521     0       1     775   	348.61 
 31    1       522     0       1     772   	331.895
 31    1       523     0       1     774   	355.083
 31    1       524     0       1     777   	347.997
 31    1       525     0       1     782   	348.088
 31    1       526     0       1     776   	350.717
 31    1       527     0       1     778   	339.444
 31    1       528     0       1     774   	332.78 
 31    1       529     0       1     775   	355.387
 31    1       530     0       1     777   	370.417
 31    1       531     0       1     776   	338.411
 31    1       532     0       1     778   	359.235
 31    1       533     0       1     771   	330.478
 31    1       534     0       1     771   	366.286
 31    1       535     0       1     775   	360.721
 31    1       536     0       1     783   	354.508
 31    1       537     0       1     773   	316.594
 31    1       538     0       1     770   	370.585
 31    1       539     0       1     775   	368.714
 31    1       540     0       1     782   	370.096
 31    1       541     0       1     771   	305.272
 31    1       542     0       1     775   	316.139
 31    1       543     0       1     772   	324.265
 31    1       544     0       1     797   	350.672
 31    1       545     0       1     805   	308.534
 31    1       546     0       1     802   	301.43 
 31    1       547     0       1     802   	304.299
 31    1       548     0       1     798   	304.841
 31    1       549     0       1     801   	303.044
 31    1       550     0       1     794   	274.503
 31    1       551     0       1     791   	316.035
 31    1       552     0       1     802   	318.708
 31    1       553     0       1     795   	299.764
 31    1       554     0       1     802   	298.225
 31    1       555     0       1     794   	333.73 
 31    1       556     0       1     795   	460.	  
 31    1       557     0       1     802   	265.256
 31    1       558     0       1     803   	450.	  
 31    1       559     0       1     797   	367.853
 31    1       560     0       1     800   	338.985
 31    1       561     0       1     807   	332.465
 31    1       562     0       1     802   	353.47 
 31    1       563     0       1     800   	331.573
 31    1       564     0       1     797   	355.275
 31    1       565     0       1     801   	360.22 
 31    1       566     0       1     800   	364.833
 31    1       567     0       1     798   	325.604
 31    1       568     0       1     794   	383.914
 31    1       569     0       1     795   	336.289
 31    1       570     0       1     800   	411.542
 31    1       571     0       1     798   	355.854
 31    1       572     0       1     804   	364.92 
 31    1       573     0       1     799   	336.473
 31    1       574     0       1     798   	357.001
 31    1       575     0       1     808   	334.396
 31    1       576     0       1     770   	329.008
 31    1       577     0       1     768   	296.271
 31    1       578     0       1     770   	297.469
 31    1       579     0       1     770   	292.978
 31    1       580     0       1     769   	293.461
 31    1       581     0       1     762   	328.886
 31    1       582     0       1     765   	290.314
 31    1       583     0       1     768   	357.682
#UV2					    	       
 31    2       0       0       1     776   	324.308
 31    2       1       0       1     777   	345.783
 31    2       2       0       1     776   	299.641
 31    2       3       0       1     782   	256.783
 31    2       4       0       1     785   	277.107
 31    2       5       0       1     781   	299.2  
 31    2       6       0       1     789   	288.993
 31    2       7       0       1     784   	308.509
 31    2       8       0       1     781   	259.406
 31    2       9       0       1     791   	295.641
 31    2       10      0       1     785   	340.	  
 31    2       11      0       1     783   	286.611
 31    2       12      0       1     785   	281.489
 31    2       13      0       1     787   	262.923
 31    2       14      0       1     785   	238.095
 31    2       15      0       1     793   	238.998
 31    2       16      0       1     781   	245.987
 31    2       17      0       1     785   	296.36 
 31    2       18      0       1     794   	259.286
 31    2       19      0       1     778   	289.268
 31    2       20      0       1     778   	285.868
 31    2       21      0       1     786   	296.34 
 31    2       22      0       1     780   	256.096
 31    2       23      0       1     785   	258.994
 31    2       24      0       1     778   	270.064
 31    2       25      0       1     778   	274.524
 31    2       26      0       1     782   	308.666
 31    2       27      0       1     792   	257.791
 31    2       28      0       1     784   	257.878
 31    2       29      0       1     779   	308.677
 31    2       30      0       1     785   	244.166
 31    2       31      0       1     779   	288.262
 31    2       32      0       1     797   	323.233
 31    2       33      0       1     806   	260.032
 31    2       34      0       1     806   	288.179
 31    2       35      0       1     803   	268.216
 31    2       36      0       1     798   	270.474
 31    2       37      0       1     803   	280.307
 31    2       38      0       1     801   	328.272
 31    2       39      0       1     799   	306.065
 31    2       40      0       1     805   	200.	  
 31    2       41      0       1     802   	311.475
 31    2       42      0       1     800   	275.257
 31    2       43      0       1     798   	326.639
 31    2       44      0       1     798   	282.04 
 31    2       45      0       1     799   	333.817
 31    2       46      0       1     801   	257.219
 31    2       47      0       1     799   	276.267
 31    2       48      0       1     802   	280.471
 31    2       49      0       1     799   	270.469
 31    2       50      0       1     804   	277.073
 31    2       51      0       1     810   	265.474
 31    2       52      0       1     799   	260.474
 31    2       53      0       1     795   	281.909
 31    2       54      0       1     804   	295.918
 31    2       55      0       1     799   	264.225
 31    2       56      0       1     801   	310.491
 31    2       57      0       1     802   	292.707
 31    2       58      0       1     807   	259.539
 31    2       59      0       1     801   	272.881
 31    2       60      0       1     805   	290.39 
 31    2       61      0       1     806   	308.728
 31    2       62      0       1     806   	290.345
 31    2       63      0       1     800   	267.971
 31    2       64      0       1     791   	259.694
 31    2       65      0       1     789   	263.934
 31    2       66      0       1     791   	276.783
 31    2       67      0       1     786   	275.396
 31    2       68      0       1     793   	285.717
 31    2       69      0       1     785   	213.756
 31    2       70      0       1     787   	283.43 
 31    2       71      0       1     784   	284.53 
 31    2       72      0       1     797   	300.237
 31    2       73      0       1     797   	281.039
 31    2       74      0       1     791   	305.5  
 31    2       75      0       1     794   	280.109
 31    2       76      0       1     792   	288.706
 31    2       77      0       1     787   	286.271
 31    2       78      0       1     798   	271.281
 31    2       79      0       1     797   	263.978
 31    2       80      0       1     795   	262.486
 31    2       81      0       1     792   	249.007
 31    2       82      0       1     790   	282.338
 31    2       83      0       1     802   	273.376
 31    2       84      0       1     789   	292.408
 31    2       85      0       1     787   	258.942
 31    2       86      0       1     792   	285.454
 31    2       87      0       1     787   	277.527
 31    2       88      0       1     789   	277.357
 31    2       89      0       1     796   	267.538
 31    2       90      0       1     791   	315.383
 31    2       91      0       1     791   	285.078
 31    2       92      0       1     797   	262.863
 31    2       93      0       1     801   	337.271
 31    2       94      0       1     792   	327.013
 31    2       95      0       1     795   	298.042
 31    2       96      0       1     755   	290.878
 31    2       97      0       1     752   	274.326
 31    2       98      0       1     753   	288.158
 31    2       99      0       1     755   	318.412
 31    2       100     0       1     760   	291.563
 31    2       101     0       1     756   	287.843
 31    2       102     0       1     754   	295.409
 31    2       103     0       1     752   	301.039
 31    2       104     0       1     754   	304.99 
 31    2       105     0       1     756   	327.289
 31    2       106     0       1     753   	299.493
 31    2       107     0       1     757   	327.909
 31    2       108     0       1     762   	295.613
 31    2       109     0       1     758   	286.965
 31    2       110     0       1     754   	280.097
 31    2       111     0       1     761   	246.049
 31    2       112     0       1     747   	291.809
 31    2       113     0       1     761   	229.179
 31    2       114     0       1     756   	279.541
 31    2       115     0       1     754   	295.44 
 31    2       116     0       1     754   	294.711
 31    2       117     0       1     752   	294.076
 31    2       118     0       1     756   	287.636
 31    2       119     0       1     763   	290.874
 31    2       120     0       1     754   	284.645
 31    2       121     0       1     756   	278.399
 31    2       122     0       1     760   	305.664
 31    2       123     0       1     760   	280.483
 31    2       124     0       1     760   	316.593
 31    2       125     0       1     754   	298.352
 31    2       126     0       1     753   	317.918
 31    2       127     0       1     762   	265.035
 31    2       128     0       1     754   	330.047
 31    2       129     0       1     745   	321.281
 31    2       130     0       1     763   	320.845
 31    2       131     0       1     740   	322.006
 31    2       132     0       1     751   	328.273
 31    2       133     0       1     757   	350.761
 31    2       134     0       1     744   	349.301
 31    2       135     0       1     751   	321.521
 31    2       136     0       1     749   	330.227
 31    2       137     0       1     754   	338.994
 31    2       138     0       1     752   	316.977
 31    2       139     0       1     750   	296.077
 31    2       140     0       1     746   	327.467
 31    2       141     0       1     753   	318.835
 31    2       142     0       1     763   	329.702
 31    2       143     0       1     746   	289.829
 31    2       144     0       1     755   	307.849
 31    2       145     0       1     759   	308.321
 31    2       146     0       1     749   	289.447
 31    2       147     0       1     754   	336.217
 31    2       148     0       1     749   	283.672
 31    2       149     0       1     747   	314.235
 31    2       150     0       1     745   	299.732
 31    2       151     0       1     754   	308.063
 31    2       152     0       1     751   	348.197
 31    2       153     0       1     747   	333.507
 31    2       154     0       1     759   	280.295
 31    2       155     0       1     752   	315.47 
 31    2       156     0       1     756   	339.864
 31    2       157     0       1     750   	381.319
 31    2       158     0       1     742   	320	  
 31    2       159     0       1     756   	347.531
 31    2       160     0       1     804   	319.389
 31    2       161     0       1     800   	299.511
 31    2       162     0       1     803   	330.11 
 31    2       163     0       1     804   	332.802
 31    2       164     0       1     814   	363.343
 31    2       165     0       1     814   	325.535
 31    2       166     0       1     814   	346.443
 31    2       167     0       1     798   	352.78 
 31    2       168     0       1     802   	362.664
 31    2       169     0       1     809   	344.632
 31    2       170     0       1     803   	309.714
 31    2       171     0       1     806   	322.074
 31    2       172     0       1     815   	315.597
 31    2       173     0       1     807   	293.499
 31    2       174     0       1     804   	290.021
 31    2       175     0       1     808   	306.113
 31    2       176     0       1     812   	297.462
 31    2       177     0       1     805   	330.086
 31    2       178     0       1     808   	299.467
 31    2       179     0       1     801   	320.663
 31    2       180     0       1     813   	314.554
 31    2       181     0       1     816   	329.28 
 31    2       182     0       1     806   	301.716
 31    2       183     0       1     812   	287.699
 31    2       184     0       1     806   	350.307
 31    2       185     0       1     809   	318.398
 31    2       186     0       1     811   	327.499
 31    2       187     0       1     801   	318.137
 31    2       188     0       1     816   	295.015
 31    2       189     0       1     806   	336.675
 31    2       190     0       1     803   	312.204
 31    2       191     0       1     815   	321.325
 31    2       192     0       1     785   	306.596
 31    2       193     0       1     785   	301.284
 31    2       194     0       1     782   	313.18 
 31    2       195     0       1     783   	329.575
 31    2       196     0       1     781   	320.931
 31    2       197     0       1     784   	329.345
 31    2       198     0       1     788   	308.676
 31    2       199     0       1     787   	327.729
 31    2       200     0       1     784   	346.963
 31    2       201     0       1     790   	334.563
 31    2       202     0       1     788   	351.488
 31    2       203     0       1     781   	320.661
 31    2       204     0       1     789   	316.064
 31    2       205     0       1     781   	351.691
 31    2       206     0       1     782   	304.937
 31    2       207     0       1     795   	306.264
 31    2       208     0       1     782   	347.463
 31    2       209     0       1     778   	314.973
 31    2       210     0       1     783   	346.332
 31    2       211     0       1     788   	306.332
 31    2       212     0       1     793   	324.298
 31    2       213     0       1     783   	330.626
 31    2       214     0       1     791   	312.343
 31    2       215     0       1     783   	304.274
 31    2       216     0       1     789   	308.561
 31    2       217     0       1     789   	309.094
 31    2       218     0       1     788   	317.268
 31    2       219     0       1     787   	324.639
 31    2       220     0       1     793   	302.194
 31    2       221     0       1     784   	329.49 
 31    2       222     0       1     782   	350.221
 31    2       223     0       1     793   	316.55 
 31    2       224     0       1     769   	308.622
 31    2       225     0       1     759   	315.156
 31    2       226     0       1     770   	318.186
 31    2       227     0       1     779   	349.088
 31    2       228     0       1     772   	305.678
 31    2       229     0       1     773   	324.622
 31    2       230     0       1     774   	292.784
 31    2       231     0       1     771   	330.142
 31    2       232     0       1     771   	300.553
 31    2       233     0       1     771   	332.072
 31    2       234     0       1     768   	321.01 
 31    2       235     0       1     771   	322.672
 31    2       236     0       1     775   	313.235
 31    2       237     0       1     772   	338.398
 31    2       238     0       1     773   	280.329
 31    2       239     0       1     784   	291.906
 31    2       240     0       1     775   	298.977
 31    2       241     0       1     770   	279.46 
 31    2       242     0       1     775   	320.07 
 31    2       243     0       1     777   	313.026
 31    2       244     0       1     770   	295.549
 31    2       245     0       1     771   	308.482
 31    2       246     0       1     776   	295.295
 31    2       247     0       1     772   	316.126
 31    2       248     0       1     774   	265.126
 31    2       249     0       1     768   	307.595
 31    2       250     0       1     776   	295.577
 31    2       251     0       1     774   	297.571
 31    2       252     0       1     771   	336.942
 31    2       253     0       1     770   	338.491
 31    2       254     0       1     776   	352.76 
 31    2       255     0       1     770   	351.645
 31    2       256     0       1     777   	298.301
 31    2       257     0       1     774   	308.619
 31    2       258     0       1     771   	281.808
 31    2       259     0       1     783   	300.868
 31    2       260     0       1     776   	287.611
 31    2       261     0       1     774   	313.527
 31    2       262     0       1     770   	292.508
 31    2       263     0       1     776   	312.171
 31    2       264     0       1     782   	295.165
 31    2       265     0       1     773   	307.211
 31    2       266     0       1     772   	283.855
 31    2       267     0       1     780   	286.187
 31    2       268     0       1     777   	285.035
 31    2       269     0       1     777   	278.128
 31    2       270     0       1     783   	269.431
 31    2       271     0       1     777   	272.822
 31    2       272     0       1     779   	319.326
 31    2       273     0       1     779   	300.627
 31    2       274     0       1     774   	268.628
 31    2       275     0       1     777   	286.966
 31    2       276     0       1     783   	281.89 
 31    2       277     0       1     778   	273.515
 31    2       278     0       1     774   	263.23 
 31    2       279     0       1     780   	274.796
 31    2       280     0       1     766   	274.941
 31    2       281     0       1     772   	253.82 
 31    2       282     0       1     774   	286.222
 31    2       283     0       1     780   	271.558
 31    2       284     0       1     777   	298.514
 31    2       285     0       1     780   	279.264
 31    2       286     0       1     780   	302.258
 31    2       287     0       1     773   	324.528
 31    2       288     0       1     789   	289.443
 31    2       289     0       1     772   	298.597
 31    2       290     0       1     783   	289.965
 31    2       291     0       1     790   	314.825
 31    2       292     0       1     789   	330.011
 31    2       293     0       1     781   	323.624
 31    2       294     0       1     785   	319.224
 31    2       295     0       1     784   	337.317
 31    2       296     0       1     781   	316.031
 31    2       297     0       1     785   	323.447
 31    2       298     0       1     779   	312.986
 31    2       299     0       1     787   	341.291
 31    2       300     0       1     783   	278.551
 31    2       301     0       1     786   	220.	  
 31    2       302     0       1     791   	264.744
 31    2       303     0       1     784   	281.719
 31    2       304     0       1     786   	287.549
 31    2       305     0       1     784   	289.612
 31    2       306     0       1     782   	284.066
 31    2       307     0       1     786   	286.976
 31    2       308     0       1     786   	271.855
 31    2       309     0       1     788   	296.813
 31    2       310     0       1     781   	263.61 
 31    2       311     0       1     786   	279.018
 31    2       312     0       1     784   	288.93 
 31    2       313     0       1     783   	276.712
 31    2       314     0       1     786   	279.266
 31    2       315     0       1     784   	280.246
 31    2       316     0       1     785   	295.793
 31    2       317     0       1     792   	287.435
 31    2       318     0       1     788   	316.959
 31    2       319     0       1     779   	310.777
 31    2       320     0       1     804   	305.624
 31    2       321     0       1     803   	286.052
 31    2       322     0       1     798   	305.374
 31    2       323     0       1     797   	311.014
 31    2       324     0       1     798   	293.516
 31    2       325     0       1     797   	335.02 
 31    2       326     0       1     795   	317.381
 31    2       327     0       1     797   	327.386
 31    2       328     0       1     798   	298.947
 31    2       329     0       1     803   	347.407
 31    2       330     0       1     798   	317.548
 31    2       331     0       1     800   	291.079
 31    2       332     0       1     806   	270.507
 31    2       333     0       1     800   	281.584
 31    2       334     0       1     804   	278.571
 31    2       335     0       1     808   	297.262
 31    2       336     0       1     803   	267.683
 31    2       337     0       1     803   	297.971
 31    2       338     0       1     804   	264.397
 31    2       339     0       1     800   	280.374
 31    2       340     0       1     795   	266.806
 31    2       341     0       1     796   	272.093
 31    2       342     0       1     795   	287.615
 31    2       343     0       1     802   	287.134
 31    2       344     0       1     802   	269.698
 31    2       345     0       1     798   	285.079
 31    2       346     0       1     801   	272.551
 31    2       347     0       1     802   	262.79 
 31    2       348     0       1     803   	292.099
 31    2       349     0       1     800   	276.082
 31    2       350     0       1     797   	315.625
 31    2       351     0       1     803   	303.48 
 31    2       352     0       1     821   	263.322
 31    2       353     0       1     828   	299.344
 31    2       354     0       1     831   	283.923
 31    2       355     0       1     827   	277.206
 31    2       356     0       1     831   	288.034
 31    2       357     0       1     823   	293.88 
 31    2       358     0       1     832   	308.116
 31    2       359     0       1     837   	202.877
 31    2       360     0       1     835   	293.472
 31    2       361     0       1     824   	298.974
 31    2       362     0       1     834   	281.533
 31    2       363     0       1     826   	279.737
 31    2       364     0       1     828   	297.541
 31    2       365     0       1     830   	303.476
 31    2       366     0       1     829   	250.972
 31    2       367     0       1     830   	270.742
 31    2       368     0       1     826   	268.812
 31    2       369     0       1     825   	273.901
 31    2       370     0       1     830   	267.031
 31    2       371     0       1     831   	275.527
 31    2       372     0       1     832   	280.8  
 31    2       373     0       1     828   	264.567
 31    2       374     0       1     834   	263.778
 31    2       375     0       1     829   	246.679
 31    2       376     0       1     833   	282.068
 31    2       377     0       1     841   	261.705
 31    2       378     0       1     829   	289.418
 31    2       379     0       1     836   	255.125
 31    2       380     0       1     823   	294.134
 31    2       381     0       1     828   	274.688
 31    2       382     0       1     830   	303.766
 31    2       383     0       1     828   	307.403
 31    2       384     0       1     826   	271.748
 31    2       385     0       1     830   	285.704
 31    2       386     0       1     824   	273.544
 31    2       387     0       1     825   	276.229
 31    2       388     0       1     818   	279.446
 31    2       389     0       1     830   	299.829
 31    2       390     0       1     825   	309.504
 31    2       391     0       1     827   	273.178
 31    2       392     0       1     821   	276.693
 31    2       393     0       1     827   	270.415
 31    2       394     0       1     825   	294.959
 31    2       395     0       1     818   	277.702
 31    2       396     0       1     822   	308.245
 31    2       397     0       1     821   	259.565
 31    2       398     0       1     828   	251.759
 31    2       399     0       1     825   	276.668
 31    2       400     0       1     830   	284.899
 31    2       401     0       1     819   	273.104
 31    2       402     0       1     820   	279.523
 31    2       403     0       1     824   	281.151
 31    2       404     0       1     831   	273.661
 31    2       405     0       1     826   	266.258
 31    2       406     0       1     827   	245.212
 31    2       407     0       1     827   	264.338
 31    2       408     0       1     833   	262.656
 31    2       409     0       1     820   	262.651
 31    2       410     0       1     825   	254.806
 31    2       411     0       1     818   	279.447
 31    2       412     0       1     835   	200.	  
 31    2       413     0       1     826   	281.804
 31    2       414     0       1     826   	272.943
 31    2       415     0       1     827   	264.634
 31    2       416     0       1     808   	293.4  
 31    2       417     0       1     802   	355.091
 31    2       418     0       1     807   	292.566
 31    2       419     0       1     803   	272.921
 31    2       420     0       1     813   	295.831
 31    2       421     0       1     805   	275.507
 31    2       422     0       1     805   	261.273
 31    2       423     0       1     808   	257.065
 31    2       424     0       1     801   	298.012
 31    2       425     0       1     813   	288.348
 31    2       426     0       1     804   	296.169
 31    2       427     0       1     809   	286.712
 31    2       428     0       1     803   	296.767
 31    2       429     0       1     805   	307.484
 31    2       430     0       1     803   	288.054
 31    2       431     0       1     800   	285.471
 31    2       432     0       1     806   	277.297
 31    2       433     0       1     806   	275.963
 31    2       434     0       1     801   	265.944
 31    2       435     0       1     807   	278.072
 31    2       436     0       1     809   	267.764
 31    2       437     0       1     807   	275.019
 31    2       438     0       1     808   	276.404
 31    2       439     0       1     808   	254.977
 31    2       440     0       1     808   	276.752
 31    2       441     0       1     803   	289.731
 31    2       442     0       1     818   	268.576
 31    2       443     0       1     807   	270.526
 31    2       444     0       1     810   	274.876
 31    2       445     0       1     805   	302.54 
 31    2       446     0       1     802   	296.085
 31    2       447     0       1     804   	294.487
 31    2       448     0       1     779   	299.412
 31    2       449     0       1     789   	273.032
 31    2       450     0       1     784   	298.575
 31    2       451     0       1     785   	309.15 
 31    2       452     0       1     787   	265.574
 31    2       453     0       1     782   	295.333
 31    2       454     0       1     776   	305.492
 31    2       455     0       1     777   	288.119
 31    2       456     0       1     780   	298.867
 31    2       457     0       1     782   	282.496
 31    2       458     0       1     776   	326.351
 31    2       459     0       1     785   	328.542
 31    2       460     0       1     784   	282.436
 31    2       461     0       1     779   	316.958
 31    2       462     0       1     785   	50	  
 31    2       463     0       1     780   	285.343
 31    2       464     0       1     784   	275.166
 31    2       465     0       1     786   	275.57 
 31    2       466     0       1     783   	254.125
 31    2       467     0       1     789   	265.87 
 31    2       468     0       1     784   	257.114
 31    2       469     0       1     784   	292.157
 31    2       470     0       1     789   	327.838
 31    2       471     0       1     787   	300.419
#PHI2					    	       
 31    3       0       0       1     791   	347.581
 31    3       1       0       1     792   	366.026
 31    3       2       0       1     793   	313.221
 31    3       3       0       1     787   	315.34 
 31    3       4       0       1     787   	302.441
 31    3       5       0       1     794   	341.338
 31    3       6       0       1     791   	334.596
 31    3       7       0       1     786   	333.124
 31    3       8       0       1     794   	314.095
 31    3       9       0       1     788   	326.305
 31    3       10      0       1     787   	335.386
 31    3       11      0       1     783   	307.755
 31    3       12      0       1     790   	311.263
 31    3       13      0       1     785   	316.074
 31    3       14      0       1     792   	309.326
 31    3       15      0       1     795   	329.869
 31    3       16      0       1     800   	310.667
 31    3       17      0       1     786   	322.992
 31    3       18      0       1     792   	325.204
 31    3       19      0       1     786   	317.724
 31    3       20      0       1     785   	334.031
 31    3       21      0       1     794   	316.014
 31    3       22      0       1     791   	359.197
 31    3       23      0       1     785   	308.511
 31    3       24      0       1     787   	340.467
 31    3       25      0       1     792   	358.181
 31    3       26      0       1     787   	356.255
 31    3       27      0       1     791   	334.694
 31    3       28      0       1     786   	313.861
 31    3       29      0       1     801   	348.858
 31    3       30      0       1     784   	318.181
 31    3       31      0       1     782   	295.614
 31    3       32      0       1     798   	345.152
 31    3       33      0       1     798   	318.463
 31    3       34      0       1     804   	334.541
 31    3       35      0       1     803   	316.719
 31    3       36      0       1     799   	300.548
 31    3       37      0       1     802   	319.537
 31    3       38      0       1     806   	295.622
 31    3       39      0       1     808   	306.23 
 31    3       40      0       1     801   	312.54 
 31    3       41      0       1     807   	300.502
 31    3       42      0       1     801   	319.103
 31    3       43      0       1     808   	294.783
 31    3       44      0       1     805   	315.337
 31    3       45      0       1     805   	307.115
 31    3       46      0       1     796   	267.365
 31    3       47      0       1     802   	291.534
 31    3       48      0       1     802   	291.116
 31    3       49      0       1     805   	293.409
 31    3       50      0       1     800   	312.606
 31    3       51      0       1     803   	309.805
 31    3       52      0       1     792   	329.987
 31    3       53      0       1     799   	306.86 
 31    3       54      0       1     801   	323.441
 31    3       55      0       1     808   	329.047
 31    3       56      0       1     801   	303.414
 31    3       57      0       1     806   	314.214
 31    3       58      0       1     800   	308.05 
 31    3       59      0       1     800   	312.49 
 31    3       60      0       1     799   	309.688
 31    3       61      0       1     799   	319.667
 31    3       62      0       1     795   	385.213
 31    3       63      0       1     800   	322.76 
 31    3       64      0       1     789   	50	  
 31    3       65      0       1     792   	352.463
 31    3       66      0       1     782   	329.063
 31    3       67      0       1     787   	318.534
 31    3       68      0       1     789   	297.078
 31    3       69      0       1     785   	300.967
 31    3       70      0       1     791   	338.134
 31    3       71      0       1     783   	296.153
 31    3       72      0       1     790   	326.982
 31    3       73      0       1     791   	296.727
 31    3       74      0       1     793   	305.487
 31    3       75      0       1     794   	289.737
 31    3       76      0       1     783   	308.585
 31    3       77      0       1     785   	282.71 
 31    3       78      0       1     788   	250.892
 31    3       79      0       1     784   	285.802
 31    3       80      0       1     786   	301.174
 31    3       81      0       1     784   	347.731
 31    3       82      0       1     787   	300.	  
 31    3       83      0       1     787   	360.621
 31    3       84      0       1     787   	346.151
 31    3       85      0       1     787   	309.366
 31    3       86      0       1     784   	349.116
 31    3       87      0       1     788   	319.454
 31    3       88      0       1     793   	321.276
 31    3       89      0       1     782   	306.585
 31    3       90      0       1     785   	323.922
 31    3       91      0       1     788   	320.379
 31    3       92      0       1     779   	327.781
 31    3       93      0       1     797   	344.262
 31    3       94      0       1     783   	262.195
 31    3       95      0       1     790   	319.19 
 31    3       96      0       1     774   	321.838
 31    3       97      0       1     780   	311.342
 31    3       98      0       1     779   	333.701
 31    3       99      0       1     783   	314.178
 31    3       100     0       1     790   	288.878
 31    3       101     0       1     787   	287.112
 31    3       102     0       1     779   	289.321
 31    3       103     0       1     780   	266.245
 31    3       104     0       1     777   	317.448
 31    3       105     0       1     788   	294.127
 31    3       106     0       1     776   	306.894
 31    3       107     0       1     778   	285.876
 31    3       108     0       1     782   	308.262
 31    3       109     0       1     786   	284.576
 31    3       110     0       1     780   	301.889
 31    3       111     0       1     783   	235.907
 31    3       112     0       1     789   	301.591
 31    3       113     0       1     785   	298.704
 31    3       114     0       1     781   	319.15 
 31    3       115     0       1     777   	319.457
 31    3       116     0       1     782   	297.517
 31    3       117     0       1     782   	312.084
 31    3       118     0       1     781   	309.214
 31    3       119     0       1     786   	295.638
 31    3       120     0       1     781   	330.021
 31    3       121     0       1     782   	338.738
 31    3       122     0       1     781   	306.016
 31    3       123     0       1     780   	287.95 
 31    3       124     0       1     785   	309.882
 31    3       125     0       1     778   	310.797
 31    3       126     0       1     780   	302.096
 31    3       127     0       1     778   	278.445
 31    3       128     0       1     754   	285.126
 31    3       129     0       1     753   	273.232
 31    3       130     0       1     752   	283.208
 31    3       131     0       1     760   	285.754
 31    3       132     0       1     759   	287.294
 31    3       133     0       1     757   	284.764
 31    3       134     0       1     761   	274.812
 31    3       135     0       1     765   	277.292
 31    3       136     0       1     754   	310.441
 31    3       137     0       1     762   	258.077
 31    3       138     0       1     759   	266.413
 31    3       139     0       1     764   	295.571
 31    3       140     0       1     758   	243.046
 31    3       141     0       1     755   	264.822
 31    3       142     0       1     755   	261.949
 31    3       143     0       1     759   	242.095
 31    3       144     0       1     758   	277.655
 31    3       145     0       1     749   	257.508
 31    3       146     0       1     758   	277.938
 31    3       147     0       1     756   	290.096
 31    3       148     0       1     757   	287.294
 31    3       149     0       1     755   	297.129
 31    3       150     0       1     755   	299.705
 31    3       151     0       1     763   	294.596
 31    3       152     0       1     756   	301.272
 31    3       153     0       1     759   	295.328
 31    3       154     0       1     756   	316.09 
 31    3       155     0       1     756   	283.22 
 31    3       156     0       1     755   	295.245
 31    3       157     0       1     758   	302.897
 31    3       158     0       1     752   	334.317
 31    3       159     0       1     756   	289.187
 31    3       160     0       1     821   	272.979
 31    3       161     0       1     821   	332.187
 31    3       162     0       1     818   	319.517
 31    3       163     0       1     821   	315.006
 31    3       164     0       1     813   	267.4  
 31    3       165     0       1     824   	285.7  
 31    3       166     0       1     811   	273.357
 31    3       167     0       1     822   	301.36 
 31    3       168     0       1     812   	273.705
 31    3       169     0       1     813   	273.017
 31    3       170     0       1     818   	286.13 
 31    3       171     0       1     818   	277.361
 31    3       172     0       1     821   	269.512
 31    3       173     0       1     821   	294.617
 31    3       174     0       1     819   	265.37 
 31    3       175     0       1     819   	283.154
 31    3       176     0       1     821   	253.979
 31    3       177     0       1     821   	296.077
 31    3       178     0       1     820   	308.087
 31    3       179     0       1     812   	309.713
 31    3       180     0       1     814   	305.316
 31    3       181     0       1     819   	286.833
 31    3       182     0       1     823   	296.141
 31    3       183     0       1     816   	293.446
 31    3       184     0       1     819   	281.65 
 31    3       185     0       1     818   	280.43 
 31    3       186     0       1     813   	316.883
 31    3       187     0       1     818   	320.823
 31    3       188     0       1     816   	304.285
 31    3       189     0       1     814   	290.881
 31    3       190     0       1     808   	295.327
 31    3       191     0       1     824   	315.747
 31    3       192     0       1     799   	291.978
 31    3       193     0       1     793   	360.561
 31    3       194     0       1     796   	286.746
 31    3       195     0       1     793   	274.493
 31    3       196     0       1     799   	314.75 
 31    3       197     0       1     796   	285.855
 31    3       198     0       1     797   	263.37 
 31    3       199     0       1     798   	286.471
 31    3       200     0       1     799   	316.634
 31    3       201     0       1     793   	288.026
 31    3       202     0       1     799   	295.949
 31    3       203     0       1     799   	283.453
 31    3       204     0       1     800   	289.592
 31    3       205     0       1     804   	317.261
 31    3       206     0       1     798   	282.368
 31    3       207     0       1     799   	272.355
 31    3       208     0       1     795   	262.352
 31    3       209     0       1     801   	303.784
 31    3       210     0       1     797   	282.049
 31    3       211     0       1     802   	261.617
 31    3       212     0       1     805   	307.929
 31    3       213     0       1     800   	284.958
 31    3       214     0       1     802   	282.325
 31    3       215     0       1     794   	278.321
 31    3       216     0       1     792   	274.139
 31    3       217     0       1     801   	293.528
 31    3       218     0       1     798   	279.277
 31    3       219     0       1     800   	276.734
 31    3       220     0       1     795   	318.28 
 31    3       221     0       1     804   	330.196
 31    3       222     0       1     794   	299.255
 31    3       223     0       1     800   	309.568
 31    3       224     0       1     758   	335.371
 31    3       225     0       1     765   	339.481
 31    3       226     0       1     772   	330.223
 31    3       227     0       1     768   	300.543
 31    3       228     0       1     766   	310.536
 31    3       229     0       1     758   	282.682
 31    3       230     0       1     765   	310.121
 31    3       231     0       1     768   	310.821
 31    3       232     0       1     762   	289.622
 31    3       233     0       1     759   	329.484
 31    3       234     0       1     769   	327.116
 31    3       235     0       1     760   	285.207
 31    3       236     0       1     767   	321.278
 31    3       237     0       1     759   	294.441
 31    3       238     0       1     762   	309.48 
 31    3       239     0       1     763   	346.675
 31    3       240     0       1     761   	333.594
 31    3       241     0       1     764   	314.329
 31    3       242     0       1     764   	325.087
 31    3       243     0       1     759   	316.84 
 31    3       244     0       1     769   	338.118
 31    3       245     0       1     764   	340.599
 31    3       246     0       1     770   	365.734
 31    3       247     0       1     767   	345.077
 31    3       248     0       1     768   	326.918
 31    3       249     0       1     775   	352.306
 31    3       250     0       1     762   	326.343
 31    3       251     0       1     767   	318.486
 31    3       252     0       1     768   	321.177
 31    3       253     0       1     764   	334.555
 31    3       254     0       1     752   	365.593
 31    3       255     0       1     758   	377.656
 31    3       256     0       1     814   	358.747
 31    3       257     0       1     816   	345.497
 31    3       258     0       1     805   	349.846
 31    3       259     0       1     815   	327.33 
 31    3       260     0       1     814   	341.971
 31    3       261     0       1     812   	331.89 
 31    3       262     0       1     819   	310.726
 31    3       263     0       1     817   	348.847
 31    3       264     0       1     817   	326	  
 31    3       265     0       1     818   	317.432
 31    3       266     0       1     815   	306.93 
 31    3       267     0       1     814   	315.696
 31    3       268     0       1     811   	312.776
 31    3       269     0       1     814   	328.497
 31    3       270     0       1     814   	309.799
 31    3       271     0       1     815   	333.566
 31    3       272     0       1     813   	350.657
 31    3       273     0       1     817   	315.493
 31    3       274     0       1     814   	350.232
 31    3       275     0       1     814   	329.705
 31    3       276     0       1     806   	354.058
 31    3       277     0       1     816   	355.541
 31    3       278     0       1     809   	325.782
 31    3       279     0       1     816   	356.068
 31    3       280     0       1     816   	325.033
 31    3       281     0       1     815   	356.751
 31    3       282     0       1     816   	373.948
 31    3       283     0       1     811   	349.969
 31    3       284     0       1     813   	339.088
 31    3       285     0       1     817   	353.071
 31    3       286     0       1     813   	392.928
 31    3       287     0       1     811   	341.706
 31    3       288     0       1     783   	357.427
 31    3       289     0       1     783   	378.279
 31    3       290     0       1     781   	365.923
 31    3       291     0       1     783   	385.565
 31    3       292     0       1     784   	385.99 
 31    3       293     0       1     779   	317.268
 31    3       294     0       1     787   	356.294
 31    3       295     0       1     779   	345.734
 31    3       296     0       1     784   	372.742
 31    3       297     0       1     787   	332.171
 31    3       298     0       1     790   	358.925
 31    3       299     0       1     774   	305.143
 31    3       300     0       1     782   	365.076
 31    3       301     0       1     781   	337.802
 31    3       302     0       1     782   	335.485
 31    3       303     0       1     786   	324.633
 31    3       304     0       1     793   	318.599
 31    3       305     0       1     784   	374.106
 31    3       306     0       1     789   	366.261
 31    3       307     0       1     790   	376.659
 31    3       308     0       1     787   	354.403
 31    3       309     0       1     780   	378.659
 31    3       310     0       1     784   	382.503
 31    3       311     0       1     783   	392.036
 31    3       312     0       1     786   	405.929
 31    3       313     0       1     783   	363.2  
 31    3       314     0       1     781   	383.639
 31    3       315     0       1     784   	359.89 
 31    3       316     0       1     795   	381.444
 31    3       317     0       1     789   	324.173
 31    3       318     0       1     780   	376.647
 31    3       319     0       1     782   	435.519
 31    3       320     0       1     818   	368.121
 31    3       321     0       1     826   	401.179
 31    3       322     0       1     820   	379.894
 31    3       323     0       1     817   	380.335
 31    3       324     0       1     819   	372.642
 31    3       325     0       1     816   	366.543
 31    3       326     0       1     820   	353.297
 31    3       327     0       1     821   	336.614
 31    3       328     0       1     820   	360.504
 31    3       329     0       1     817   	377.635
 31    3       330     0       1     817   	381.906
 31    3       331     0       1     820   	344.791
 31    3       332     0       1     828   	341.172
 31    3       333     0       1     820   	354.952
 31    3       334     0       1     817   	314.024
 31    3       335     0       1     818   	364.036
 31    3       336     0       1     818   	368.531
 31    3       337     0       1     821   	350.757
 31    3       338     0       1     820   	368.782
 31    3       339     0       1     817   	357.106
 31    3       340     0       1     822   	337.719
 31    3       341     0       1     821   	375.466
 31    3       342     0       1     820   	364.436
 31    3       343     0       1     815   	362.621
 31    3       344     0       1     813   	400.	  
 31    3       345     0       1     816   	401.531
 31    3       346     0       1     819   	388.791
 31    3       347     0       1     814   	393.165
 31    3       348     0       1     810   	383.413
 31    3       349     0       1     817   	353.626
 31    3       350     0       1     816   	361.195
 31    3       351     0       1     819   	356.909
 31    3       352     0       1     832   	394.489
 31    3       353     0       1     824   	380.305
 31    3       354     0       1     829   	392.95 
 31    3       355     0       1     821   	362.685
 31    3       356     0       1     822   	350.734
 31    3       357     0       1     824   	374.451
 31    3       358     0       1     822   	350.543
 31    3       359     0       1     832   	376.483
 31    3       360     0       1     829   	367.097
 31    3       361     0       1     826   	354.078
 31    3       362     0       1     827   	343.416
 31    3       363     0       1     824   	383.801
 31    3       364     0       1     822   	339.774
 31    3       365     0       1     829   	355.462
 31    3       366     0       1     822   	342.409
 31    3       367     0       1     827   	352.057
 31    3       368     0       1     829   	359.229
 31    3       369     0       1     825   	375.652
 31    3       370     0       1     832   	376.017
 31    3       371     0       1     825   	418.081
 31    3       372     0       1     824   	364.464
 31    3       373     0       1     829   	359.359
 31    3       374     0       1     831   	350.266
 31    3       375     0       1     827   	378.256
 31    3       376     0       1     834   	361.602
 31    3       377     0       1     830   	378.605
 31    3       378     0       1     826   	373.647
 31    3       379     0       1     819   	400.	  
 31    3       380     0       1     825   	374.657
 31    3       381     0       1     827   	355.521
 31    3       382     0       1     823   	374.803
 31    3       383     0       1     828   	375.674
 31    3       384     0       1     814   	410.	  
 31    3       385     0       1     815   	334.226
 31    3       386     0       1     814   	350.	  
 31    3       387     0       1     804   	321.212
 31    3       388     0       1     814   	346.497
 31    3       389     0       1     809   	354.991
 31    3       390     0       1     814   	311.932
 31    3       391     0       1     809   	328.039
 31    3       392     0       1     806   	246.68 
 31    3       393     0       1     805   	322.912
 31    3       394     0       1     802   	347.496
 31    3       395     0       1     799   	320.458
 31    3       396     0       1     802   	353.837
 31    3       397     0       1     807   	339.851
 31    3       398     0       1     811   	329.878
 31    3       399     0       1     804   	291.423
 31    3       400     0       1     807   	314.932
 31    3       401     0       1     806   	351.501
 31    3       402     0       1     805   	331.773
 31    3       403     0       1     808   	298.451
 31    3       404     0       1     811   	341.2  
 31    3       405     0       1     805   	319.359
 31    3       406     0       1     808   	333.513
 31    3       407     0       1     814   	332.836
 31    3       408     0       1     806   	316.747
 31    3       409     0       1     803   	334.604
 31    3       410     0       1     812   	342.571
 31    3       411     0       1     808   	316.262
 31    3       412     0       1     802   	340.754
 31    3       413     0       1     803   	330.01 
 31    3       414     0       1     809   	296.693
 31    3       415     0       1     805   	341.876
 31    3       416     0       1     793   	336.182
 31    3       417     0       1     794   	350.31 
 31    3       418     0       1     789   	350.459
 31    3       419     0       1     786   	376.038
 31    3       420     0       1     788   	335.16 
 31    3       421     0       1     793   	336.029
 31    3       422     0       1     797   	318.609
 31    3       423     0       1     791   	330.141
 31    3       424     0       1     786   	307.828
 31    3       425     0       1     789   	320.738
 31    3       426     0       1     795   	328.632
 31    3       427     0       1     795   	305.494
 31    3       428     0       1     798   	306.728
 31    3       429     0       1     793   	312.243
 31    3       430     0       1     784   	320.182
 31    3       431     0       1     792   	306.124
 31    3       432     0       1     793   	313.724
 31    3       433     0       1     795   	313.068
 31    3       434     0       1     791   	348.463
 31    3       435     0       1     793   	326.872
 31    3       436     0       1     789   	346.904
 31    3       437     0       1     786   	326.988
 31    3       438     0       1     788   	337.31 
 31    3       439     0       1     790   	315.89 
 31    3       440     0       1     790   	296.018
 31    3       441     0       1     793   	358.486
 31    3       442     0       1     798   	337.925
 31    3       443     0       1     790   	368.311
 31    3       444     0       1     795   	337.706
 31    3       445     0       1     786   	306.352
 31    3       446     0       1     778   	315.424
 31    3       447     0       1     784   	301.972
 31    3       448     0       1     792   	291.243
 31    3       449     0       1     801   	293.085
 31    3       450     0       1     795   	305.101
 31    3       451     0       1     793   	287.733
 31    3       452     0       1     797   	269.089
 31    3       453     0       1     794   	278.538
 31    3       454     0       1     789   	253.058
 31    3       455     0       1     794   	285.368
 31    3       456     0       1     801   	288.621
 31    3       457     0       1     786   	274.356
 31    3       458     0       1     792   	308.814
 31    3       459     0       1     797   	272.105
 31    3       460     0       1     792   	299.112
 31    3       461     0       1     791   	277.141
 31    3       462     0       1     796   	267.989
 31    3       463     0       1     791   	260.342
 31    3       464     0       1     795   	295.6  
 31    3       465     0       1     789   	271.85 
 31    3       466     0       1     797   	302.903
 31    3       467     0       1     797   	283.847
 31    3       468     0       1     796   	285.174
 31    3       469     0       1     791   	312.516
 31    3       470     0       1     797   	306.321
 31    3       471     0       1     790   	304.203
 31    3       472     0       1     796   	304.107
 31    3       473     0       1     793   	291.11 
 31    3       474     0       1     796   	296.655
 31    3       475     0       1     792   	277.185
 31    3       476     0       1     788   	266.336
 31    3       477     0       1     785   	291.583
 31    3       478     0       1     787   	273.493
 31    3       479     0       1     791   	262.075
 31    3       480     0       1     798   	302.182
 31    3       481     0       1     800   	292.443
 31    3       482     0       1     798   	305.935
 31    3       483     0       1     805   	284.095
 31    3       484     0       1     801   	273.63 
 31    3       485     0       1     797   	271.491
 31    3       486     0       1     800   	303.403
 31    3       487     0       1     794   	265.431
 31    3       488     0       1     801   	268.967
 31    3       489     0       1     798   	288.809
 31    3       490     0       1     797   	281.313
 31    3       491     0       1     799   	275.331
 31    3       492     0       1     797   	278.602
 31    3       493     0       1     803   	270.003
 31    3       494     0       1     801   	281.284
 31    3       495     0       1     807   	252.341
 31    3       496     0       1     799   	284.404
 31    3       497     0       1     799   	272.95 
 31    3       498     0       1     799   	302.496
 31    3       499     0       1     793   	300.034
 31    3       500     0       1     800   	314.459
 31    3       501     0       1     791   	297.262
 31    3       502     0       1     783   	297.529
 31    3       503     0       1     807   	305.699
 31    3       504     0       1     802   	312.78 
 31    3       505     0       1     800   	333.505
 31    3       506     0       1     800   	322.711
 31    3       507     0       1     796   	274.267
 31    3       508     0       1     796   	311.802
 31    3       509     0       1     798   	286.324
 31    3       510     0       1     789   	319.187
 31    3       511     0       1     800   	301.126
 31    3       512     0       1     805   	301.288
 31    3       513     0       1     809   	291.305
 31    3       514     0       1     810   	312.291
 31    3       515     0       1     808   	315.417
 31    3       516     0       1     808   	296.483
 31    3       517     0       1     807   	294.97 
 31    3       518     0       1     813   	270.374
 31    3       519     0       1     808   	281.885
 31    3       520     0       1     823   	273.528
 31    3       521     0       1     810   	287.594
 31    3       522     0       1     813   	272.881
 31    3       523     0       1     814   	262.682
 31    3       524     0       1     808   	272.564
 31    3       525     0       1     816   	274.942
 31    3       526     0       1     811   	277.962
 31    3       527     0       1     810   	265.644
 31    3       528     0       1     814   	274.042
 31    3       529     0       1     811   	280.277
 31    3       530     0       1     814   	311.715
 31    3       531     0       1     819   	278.947
 31    3       532     0       1     813   	319.142
 31    3       533     0       1     809   	283.706
 31    3       534     0       1     814   	275.641
 31    3       535     0       1     810   	287.644
 31    3       536     0       1     811   	309.094
 31    3       537     0       1     818   	288.34 
 31    3       538     0       1     813   	305.318
 31    3       539     0       1     809   	288.074
 31    3       540     0       1     811   	300.422
 31    3       541     0       1     812   	285.673
 31    3       542     0       1     810   	269.98 
 31    3       543     0       1     809   	312.665
 31    3       544     0       1     804   	273.693
 31    3       545     0       1     808   	283.071
 31    3       546     0       1     802   	294.945
 31    3       547     0       1     803   	295.966
 31    3       548     0       1     799   	277.379
 31    3       549     0       1     804   	271.108
 31    3       550     0       1     796   	261.942
 31    3       551     0       1     807   	256.835
 31    3       552     0       1     801   	259.137
 31    3       553     0       1     795   	262.353
 31    3       554     0       1     799   	283.39 
 31    3       555     0       1     804   	249.58 
 31    3       556     0       1     805   	258.521
 31    3       557     0       1     807   	266.808
 31    3       558     0       1     808   	263.074
 31    3       559     0       1     800   	265.965
 31    3       560     0       1     806   	262.921
 31    3       561     0       1     802   	271.821
 31    3       562     0       1     805   	291.388
 31    3       563     0       1     806   	285.793
 31    3       564     0       1     806   	281.446
 31    3       565     0       1     802   	272.153
 31    3       566     0       1     801   	304.041
 31    3       567     0       1     799   	299.516
 31    3       568     0       1     800   	304.73 
 31    3       569     0       1     804   	264.702
 31    3       570     0       1     804   	296.137
 31    3       571     0       1     804   	289.004
 31    3       572     0       1     808   	303.901
 31    3       573     0       1     807   	283.96 
 31    3       574     0       1     797   	278.726
 31    3       575     0       1     802   	286.358
 31    3       576     0       1     792   	273.963
 31    3       577     0       1     782   	301.564
 31    3       578     0       1     786   	295.944
 31    3       579     0       1     797   	265.124
 31    3       580     0       1     787   	288.059
 31    3       581     0       1     789   	275.836
 31    3       582     0       1     785   	264.448
 31    3       583     0       1     793   	263.809
 31    3       584     0       1     788   	254.711
 31    3       585     0       1     795   	269.259
 31    3       586     0       1     783   	278.33 
 31    3       587     0       1     789   	275.45 
 31    3       588     0       1     792   	291.36 
 31    3       589     0       1     788   	284.299
 31    3       590     0       1     791   	292.267
 31    3       591     0       1     786   	268.734
 31    3       592     0       1     790   	277.258
 31    3       593     0       1     790   	276.723
 31    3       594     0       1     787   	300.218
 31    3       595     0       1     788   	300.605
 31    3       596     0       1     790   	332.974
 31    3       597     0       1     787   	330.51 
 31    3       598     0       1     786   	331.147
 31    3       599     0       1     790   	300.435
 31    3       600     0       1     792   	362.937
 31    3       601     0       1     786   	296.199
 31    3       602     0       1     787   	309.404
 31    3       603     0       1     791   	319.285
 31    3       604     0       1     788   	350.059
 31    3       605     0       1     784   	325.966
 31    3       606     0       1     793   	220.725
 31    3       607     0       1     789   	346.581
 31    3       608     0       1     812   	307.976
 31    3       609     0       1     816   	343.81 
 31    3       610     0       1     815   	319.292
 31    3       611     0       1     819   	309.233
 31    3       612     0       1     813   	316.873
 31    3       613     0       1     812   	292.721
 31    3       614     0       1     815   	282.949
 31    3       615     0       1     814   	297.995
 31    3       616     0       1     822   	293.559
 31    3       617     0       1     817   	312.916
 31    3       618     0       1     813   	276.023
 31    3       619     0       1     817   	276.025
 31    3       620     0       1     815   	307.208
 31    3       621     0       1     814   	319.789
 31    3       622     0       1     814   	310.288
 31    3       623     0       1     817   	285.896
 31    3       624     0       1     816   	291.631
 31    3       625     0       1     820   	302.697
 31    3       626     0       1     812   	309.019
 31    3       627     0       1     816   	324.082
 31    3       628     0       1     817   	322.176
 31    3       629     0       1     825   	308.306
 31    3       630     0       1     811   	310.063
 31    3       631     0       1     818   	352.589
 31    3       632     0       1     812   	341.292
 31    3       633     0       1     818   	320.97 
 31    3       634     0       1     814   	355.22 
 31    3       635     0       1     816   	345.507
 31    3       636     0       1     814   	311.468
 31    3       637     0       1     818   	302.13 
 31    3       638     0       1     810   	315.048
 31    3       639     0       1     808   	317.009
 31    3       640     0       1     777   	318.949
 31    3       641     0       1     782   	311.268
 31    3       642     0       1     782   	321.447
 31    3       643     0       1     781   	313.675
 31    3       644     0       1     783   	274.483
 31    3       645     0       1     778   	302.389
 31    3       646     0       1     779   	350.889
 31    3       647     0       1     776   	285.545
 31    3       648     0       1     778   	299.953
 31    3       649     0       1     780   	279.122
 31    3       650     0       1     782   	286.988
 31    3       651     0       1     779   	278.399
 31    3       652     0       1     781   	286.511
 31    3       653     0       1     781   	275.768
 31    3       654     0       1     777   	284.487
 31    3       655     0       1     778   	306.595
 31    3       656     0       1     782   	330.129
 31    3       657     0       1     775   	302.14 
 31    3       658     0       1     774   	346.405
 31    3       659     0       1     777   	305.872
 31    3       660     0       1     775   	308.675
 31    3       661     0       1     776   	351.112
 31    3       662     0       1     776   	327.441
 31    3       663     0       1     778   	325.972
 31    3       664     0       1     774   	325.091
 31    3       665     0       1     779   	324.605
 31    3       666     0       1     778   	335.969
 31    3       667     0       1     778   	304.012
 31    3       668     0       1     778   	329.128
 31    3       669     0       1     774   	343.463
 31    3       670     0       1     772   	325.203
 31    3       671     0       1     776   	306.249
 31    3       672     0       1     791   	335.539
 31    3       673     0       1     784   	314.371
 31    3       674     0       1     786   	323.879
 31    3       675     0       1     794   	278.406
 31    3       676     0       1     791   	285.05 
 31    3       677     0       1     791   	279.407
 31    3       678     0       1     795   	302.225
 31    3       679     0       1     787   	292.227
 31    3       680     0       1     783   	302.679
 31    3       681     0       1     780   	262.241
 31    3       682     0       1     788   	247.45 
 31    3       683     0       1     791   	289.858
 31    3       684     0       1     789   	303.434
 31    3       685     0       1     787   	294.563
 31    3       686     0       1     781   	260.003
 31    3       687     0       1     784   	277.387
 31    3       688     0       1     786   	276.292
 31    3       689     0       1     787   	289.806
 31    3       690     0       1     784   	332.74 
 31    3       691     0       1     787   	331.206
#UV3					    	       
 31    4       0       0       1     772   	360.682
 31    4       1       0       1     775   	373.391
 31    4       2       0       1     781   	358.212
 31    4       3       0       1     775   	344.274
 31    4       4       0       1     781   	319.709
 31    4       5       0       1     779   	333.96 
 31    4       6       0       1     775   	301.142
 31    4       7       0       1     772   	339.899
 31    4       8       0       1     783   	340.273
 31    4       9       0       1     776   	358.668
 31    4       10      0       1     777   	347.322
 31    4       11      0       1     777   	366.137
 31    4       12      0       1     776   	357.635
 31    4       13      0       1     777   	346.23 
 31    4       14      0       1     778   	359.003
 31    4       15      0       1     778   	341.868
 31    4       16      0       1     771   	327.061
 31    4       17      0       1     780   	349.882
 31    4       18      0       1     778   	338.445
 31    4       19      0       1     772   	337.424
 31    4       20      0       1     778   	363.083
 31    4       21      0       1     774   	348.046
 31    4       22      0       1     773   	318.27 
 31    4       23      0       1     773   	355.656
 31    4       24      0       1     777   	371.923
 31    4       25      0       1     778   	397.072
 31    4       26      0       1     773   	371.071
 31    4       27      0       1     775   	346.168
 31    4       28      0       1     777   	323.953
 31    4       29      0       1     773   	340.785
 31    4       30      0       1     775   	368.559
 31    4       31      0       1     778   	326.937
 31    4       32      0       1     817   	359.406
 31    4       33      0       1     811   	376.981
 31    4       34      0       1     820   	354.782
 31    4       35      0       1     815   	381.539
 31    4       36      0       1     822   	362.632
 31    4       37      0       1     812   	373.221
 31    4       38      0       1     827   	362.973
 31    4       39      0       1     820   	344.908
 31    4       40      0       1     819   	373.937
 31    4       41      0       1     823   	360.941
 31    4       42      0       1     810   	370.981
 31    4       43      0       1     819   	376.65 
 31    4       44      0       1     815   	380.802
 31    4       45      0       1     819   	388.642
 31    4       46      0       1     814   	368.569
 31    4       47      0       1     819   	351.415
 31    4       48      0       1     816   	386.121
 31    4       49      0       1     820   	386.364
 31    4       50      0       1     817   	341.937
 31    4       51      0       1     823   	347.789
 31    4       52      0       1     819   	367.802
 31    4       53      0       1     820   	367.575
 31    4       54      0       1     820   	349.079
 31    4       55      0       1     806   	364.366
 31    4       56      0       1     824   	338.786
 31    4       57      0       1     814   	352.5  
 31    4       58      0       1     822   	411.379
 31    4       59      0       1     818   	365.63 
 31    4       60      0       1     817   	372.296
 31    4       61      0       1     823   	410.	  
 31    4       62      0       1     821   	263.731
 31    4       63      0       1     814   	381.424
 31    4       64      0       1     807   	376.02 
 31    4       65      0       1     793   	368.214
 31    4       66      0       1     795   	350.916
 31    4       67      0       1     797   	349.469
 31    4       68      0       1     802   	345.318
 31    4       69      0       1     792   	357.995
 31    4       70      0       1     804   	356.085
 31    4       71      0       1     799   	344.23 
 31    4       72      0       1     796   	356.849
 31    4       73      0       1     796   	375.369
 31    4       74      0       1     802   	335.814
 31    4       75      0       1     797   	353.343
 31    4       76      0       1     799   	370.282
 31    4       77      0       1     801   	368.735
 31    4       78      0       1     801   	356.791
 31    4       79      0       1     796   	385.74 
 31    4       80      0       1     796   	379.415
 31    4       81      0       1     804   	368.469
 31    4       82      0       1     791   	386.98 
 31    4       83      0       1     788   	293.395
 31    4       84      0       1     798   	315.972
 31    4       85      0       1     794   	379.843
 31    4       86      0       1     793   	367.092
 31    4       87      0       1     795   	360.668
 31    4       88      0       1     796   	353.643
 31    4       89      0       1     793   	373.272
 31    4       90      0       1     797   	352.578
 31    4       91      0       1     792   	334.65 
 31    4       92      0       1     801   	368.827
 31    4       93      0       1     787   	358.65 
 31    4       94      0       1     786   	381.968
 31    4       95      0       1     800   	363.773
 31    4       96      0       1     812   	383.535
 31    4       97      0       1     809   	341.819
 31    4       98      0       1     806   	352.769
 31    4       99      0       1     805   	369.136
 31    4       100     0       1     809   	350.272
 31    4       101     0       1     809   	341.243
 31    4       102     0       1     810   	327.698
 31    4       103     0       1     809   	372.766
 31    4       104     0       1     807   	378.043
 31    4       105     0       1     812   	358.484
 31    4       106     0       1     813   	356.723
 31    4       107     0       1     806   	334.099
 31    4       108     0       1     809   	332.616
 31    4       109     0       1     811   	349.336
 31    4       110     0       1     809   	352.708
 31    4       111     0       1     814   	364.951
 31    4       112     0       1     806   	349.197
 31    4       113     0       1     807   	370.961
 31    4       114     0       1     810   	333.744
 31    4       115     0       1     809   	363.413
 31    4       116     0       1     806   	357.232
 31    4       117     0       1     813   	369.984
 31    4       118     0       1     812   	359.551
 31    4       119     0       1     814   	371.795
 31    4       120     0       1     809   	344.733
 31    4       121     0       1     816   	368.546
 31    4       122     0       1     808   	361.406
 31    4       123     0       1     809   	336.048
 31    4       124     0       1     806   	365.413
 31    4       125     0       1     809   	365.848
 31    4       126     0       1     817   	366.081
 31    4       127     0       1     811   	380.59 
 31    4       128     0       1     796   	365.901
 31    4       129     0       1     805   	329.043
 31    4       130     0       1     792   	347.579
 31    4       131     0       1     799   	330.763
 31    4       132     0       1     805   	349.728
 31    4       133     0       1     803   	334.919
 31    4       134     0       1     801   	365.862
 31    4       135     0       1     802   	354.102
 31    4       136     0       1     798   	335.902
 31    4       137     0       1     807   	382.924
 31    4       138     0       1     799   	352.989
 31    4       139     0       1     802   	348.515
 31    4       140     0       1     791   	343.327
 31    4       141     0       1     794   	340.311
 31    4       142     0       1     798   	349.115
 31    4       143     0       1     795   	368.19 
 31    4       144     0       1     793   	354.856
 31    4       145     0       1     803   	345.121
 31    4       146     0       1     802   	366.036
 31    4       147     0       1     799   	352.701
 31    4       148     0       1     799   	353.097
 31    4       149     0       1     799   	345.776
 31    4       150     0       1     794   	363.91 
 31    4       151     0       1     799   	346.773
 31    4       152     0       1     792   	361.228
 31    4       153     0       1     800   	345.898
 31    4       154     0       1     801   	389.828
 31    4       155     0       1     803   	350.053
 31    4       156     0       1     790   	390.935
 31    4       157     0       1     801   	420.	  
 31    4       158     0       1     797   	396.286
 31    4       159     0       1     804   	400.0  
 31    4       160     0       1     798   	400.	  
 31    4       161     0       1     789   	383.082
 31    4       162     0       1     803   	399.762
 31    4       163     0       1     788   	329.578
 31    4       164     0       1     792   	377.547
 31    4       165     0       1     783   	349.62 
 31    4       166     0       1     796   	50	  
 31    4       167     0       1     789   	349.898
 31    4       168     0       1     793   	343.464
 31    4       169     0       1     788   	393.62 
 31    4       170     0       1     791   	366.509
 31    4       171     0       1     791   	377.43 
 31    4       172     0       1     786   	355.268
 31    4       173     0       1     793   	354.461
 31    4       174     0       1     793   	358.885
 31    4       175     0       1     796   	343.747
 31    4       176     0       1     790   	370.838
 31    4       177     0       1     793   	367.734
 31    4       178     0       1     792   	363.689
 31    4       179     0       1     792   	372.016
 31    4       180     0       1     781   	362.875
 31    4       181     0       1     793   	328.237
 31    4       182     0       1     789   	341.16 
 31    4       183     0       1     798   	352.438
 31    4       184     0       1     788   	332.189
 31    4       185     0       1     795   	373.845
 31    4       186     0       1     794   	354.477
 31    4       187     0       1     795   	362.316
 31    4       188     0       1     790   	349.281
 31    4       189     0       1     795   	350.063
 31    4       190     0       1     785   	344.367
 31    4       191     0       1     795   	370.541
 31    4       192     0       1     786   	373.546
 31    4       193     0       1     792   	368.829
 31    4       194     0       1     789   	346.599
 31    4       195     0       1     787   	364.522
 31    4       196     0       1     793   	355.249
 31    4       197     0       1     785   	338.965
 31    4       198     0       1     795   	361.54 
 31    4       199     0       1     788   	365.266
 31    4       200     0       1     789   	363.684
 31    4       201     0       1     790   	362.885
 31    4       202     0       1     778   	351.993
 31    4       203     0       1     796   	374.944
 31    4       204     0       1     796   	354.564
 31    4       205     0       1     790   	331.222
 31    4       206     0       1     794   	367.604
 31    4       207     0       1     784   	373.118
 31    4       208     0       1     787   	351.691
 31    4       209     0       1     790   	368.968
 31    4       210     0       1     791   	365.239
 31    4       211     0       1     791   	376.297
 31    4       212     0       1     792   	365.668
 31    4       213     0       1     788   	375.126
 31    4       214     0       1     792   	351.577
 31    4       215     0       1     787   	354.228
 31    4       216     0       1     792   	362.893
 31    4       217     0       1     792   	373.913
 31    4       218     0       1     788   	347.154
 31    4       219     0       1     786   	369.955
 31    4       220     0       1     790   	392.12 
 31    4       221     0       1     789   	353.389
 31    4       222     0       1     785   	378.089
 31    4       223     0       1     788   	376.912
 31    4       224     0       1     833   	369.843
 31    4       225     0       1     826   	347.239
 31    4       226     0       1     826   	331.877
 31    4       227     0       1     827   	358.819
 31    4       228     0       1     831   	348.838
 31    4       229     0       1     823   	368.116
 31    4       230     0       1     817   	374.694
 31    4       231     0       1     823   	378.858
 31    4       232     0       1     824   	350.437
 31    4       233     0       1     824   	379.691
 31    4       234     0       1     825   	333.805
 31    4       235     0       1     820   	365.906
 31    4       236     0       1     821   	333.531
 31    4       237     0       1     826   	349.041
 31    4       238     0       1     830   	364.694
 31    4       239     0       1     824   	362.63 
 31    4       240     0       1     827   	343.228
 31    4       241     0       1     819   	350.809
 31    4       242     0       1     824   	367.108
 31    4       243     0       1     823   	358.842
 31    4       244     0       1     823   	357.289
 31    4       245     0       1     833   	350.167
 31    4       246     0       1     828   	365.019
 31    4       247     0       1     825   	380.97 
 31    4       248     0       1     826   	340.219
 31    4       249     0       1     826   	365.841
 31    4       250     0       1     826   	338.313
 31    4       251     0       1     817   	377.038
 31    4       252     0       1     821   	379.572
 31    4       253     0       1     818   	382.458
 31    4       254     0       1     821   	362.805
 31    4       255     0       1     824   	350.476
 31    4       256     0       1     775   	356.353
 31    4       257     0       1     776   	337.816
 31    4       258     0       1     781   	353.499
 31    4       259     0       1     775   	368.626
 31    4       260     0       1     779   	374.09 
 31    4       261     0       1     771   	362.847
 31    4       262     0       1     780   	373.761
 31    4       263     0       1     773   	360.271
 31    4       264     0       1     780   	375.144
 31    4       265     0       1     769   	349.022
 31    4       266     0       1     777   	336.066
 31    4       267     0       1     781   	360.147
 31    4       268     0       1     774   	339.46 
 31    4       269     0       1     775   	384.395
 31    4       270     0       1     779   	365.401
 31    4       271     0       1     778   	372.038
 31    4       272     0       1     776   	369.489
 31    4       273     0       1     771   	361.793
 31    4       274     0       1     773   	378.264
 31    4       275     0       1     776   	351.641
 31    4       276     0       1     775   	374.828
 31    4       277     0       1     771   	368.173
 31    4       278     0       1     771   	373.889
 31    4       279     0       1     779   	385.419
 31    4       280     0       1     775   	377.102
 31    4       281     0       1     781   	360.215
 31    4       282     0       1     772   	376.332
 31    4       283     0       1     767   	333.218
 31    4       284     0       1     772   	332.909
 31    4       285     0       1     772   	339.823
 31    4       286     0       1     768   	390.337
 31    4       287     0       1     775   	348.039
 31    4       288     0       1     817   	338.889
 31    4       289     0       1     824   	392.046
 31    4       290     0       1     819   	326.722
 31    4       291     0       1     820   	326.065
 31    4       292     0       1     811   	325.261
 31    4       293     0       1     818   	326.471
 31    4       294     0       1     819   	325.74 
 31    4       295     0       1     816   	352.748
 31    4       296     0       1     819   	325.734
 31    4       297     0       1     819   	359.588
 31    4       298     0       1     818   	367.48 
 31    4       299     0       1     824   	338.541
 31    4       300     0       1     816   	344.401
 31    4       301     0       1     813   	359.19 
 31    4       302     0       1     817   	344.23 
 31    4       303     0       1     820   	339.885
 31    4       304     0       1     825   	293.145
 31    4       305     0       1     818   	329.862
 31    4       306     0       1     817   	365.823
 31    4       307     0       1     826   	347.494
 31    4       308     0       1     818   	343.862
 31    4       309     0       1     821   	366.087
 31    4       310     0       1     822   	362.553
 31    4       311     0       1     820   	349.043
 31    4       312     0       1     819   	381.37 
 31    4       313     0       1     812   	353.793
 31    4       314     0       1     819   	362.198
 31    4       315     0       1     815   	369.832
 31    4       316     0       1     816   	369.745
 31    4       317     0       1     815   	391.252
 31    4       318     0       1     821   	341.224
 31    4       319     0       1     821   	348.695
 31    4       320     0       1     797   	350.393
 31    4       321     0       1     800   	359.822
 31    4       322     0       1     792   	348	  
 31    4       323     0       1     792   	350.794
 31    4       324     0       1     792   	313.689
 31    4       325     0       1     794   	356.291
 31    4       326     0       1     794   	334.547
 31    4       327     0       1     790   	333.467
 31    4       328     0       1     801   	364.306
 31    4       329     0       1     793   	359.577
 31    4       330     0       1     800   	371.056
 31    4       331     0       1     791   	332.827
 31    4       332     0       1     794   	334.177
 31    4       333     0       1     794   	346.845
 31    4       334     0       1     800   	345.252
 31    4       335     0       1     798   	363.832
 31    4       336     0       1     798   	335.801
 31    4       337     0       1     796   	339.36 
 31    4       338     0       1     793   	331.14 
 31    4       339     0       1     797   	343.371
 31    4       340     0       1     795   	359.966
 31    4       341     0       1     791   	345.224
 31    4       342     0       1     794   	324.533
 31    4       343     0       1     799   	355.107
 31    4       344     0       1     789   	362.25 
 31    4       345     0       1     795   	364.238
 31    4       346     0       1     799   	334.644
 31    4       347     0       1     793   	353.097
 31    4       348     0       1     796   	340.526
 31    4       349     0       1     790   	390.	  
 31    4       350     0       1     789   	363.796
 31    4       351     0       1     792   	336.921
 31    4       352     0       1     813   	266.609
 31    4       353     0       1     816   	343.903
 31    4       354     0       1     820   	371.168
 31    4       355     0       1     817   	339.578
 31    4       356     0       1     815   	355.043
 31    4       357     0       1     823   	341.868
 31    4       358     0       1     816   	361.213
 31    4       359     0       1     810   	370.145
 31    4       360     0       1     823   	336.247
 31    4       361     0       1     814   	307.4  
 31    4       362     0       1     818   	344.48 
 31    4       363     0       1     817   	320.239
 31    4       364     0       1     812   	341.148
 31    4       365     0       1     817   	338.498
 31    4       366     0       1     816   	339.307
 31    4       367     0       1     813   	364.413
 31    4       368     0       1     816   	339.396
 31    4       369     0       1     812   	319.834
 31    4       370     0       1     819   	370.971
 31    4       371     0       1     816   	331.262
 31    4       372     0       1     819   	342.993
 31    4       373     0       1     822   	362.064
 31    4       374     0       1     821   	341.104
 31    4       375     0       1     817   	343.174
 31    4       376     0       1     823   	344.62 
 31    4       377     0       1     817   	360.462
 31    4       378     0       1     819   	348.901
 31    4       379     0       1     818   	345.498
 31    4       380     0       1     824   	335.667
 31    4       381     0       1     821   	340.291
 31    4       382     0       1     819   	356.232
 31    4       383     0       1     815   	343.276
 31    4       384     0       1     808   	345.839
 31    4       385     0       1     808   	350.9  
 31    4       386     0       1     805   	362.302
 31    4       387     0       1     809   	310.542
 31    4       388     0       1     811   	333.718
 31    4       389     0       1     818   	326.177
 31    4       390     0       1     805   	335.974
 31    4       391     0       1     803   	330.555
 31    4       392     0       1     812   	359.184
 31    4       393     0       1     810   	325.101
 31    4       394     0       1     807   	352.267
 31    4       395     0       1     806   	314.597
 31    4       396     0       1     800   	319.49 
 31    4       397     0       1     804   	357.343
 31    4       398     0       1     808   	359.249
 31    4       399     0       1     809   	346.737
 31    4       400     0       1     808   	353.708
 31    4       401     0       1     806   	353.333
 31    4       402     0       1     809   	334.553
 31    4       403     0       1     819   	340.256
 31    4       404     0       1     806   	363.253
 31    4       405     0       1     812   	348.807
 31    4       406     0       1     808   	357.779
 31    4       407     0       1     805   	356.362
 31    4       408     0       1     808   	363.787
 31    4       409     0       1     808   	331.944
 31    4       410     0       1     806   	338.008
 31    4       411     0       1     811   	336.519
 31    4       412     0       1     807   	338.337
 31    4       413     0       1     807   	380.78 
 31    4       414     0       1     801   	361.433
 31    4       415     0       1     811   	348.357
 31    4       416     0       1     784   	379.989
 31    4       417     0       1     794   	363.992
 31    4       418     0       1     783   	346.343
 31    4       419     0       1     788   	376.421
 31    4       420     0       1     793   	340.568
 31    4       421     0       1     794   	320.265
 31    4       422     0       1     787   	342.002
 31    4       423     0       1     790   	361.276
 31    4       424     0       1     792   	366.52 
 31    4       425     0       1     791   	374.176
 31    4       426     0       1     791   	360.849
 31    4       427     0       1     790   	364.178
 31    4       428     0       1     787   	333.797
 31    4       429     0       1     787   	367.108
 31    4       430     0       1     781   	345.626
 31    4       431     0       1     782   	332.657
 31    4       432     0       1     792   	326.039
 31    4       433     0       1     793   	321.905
 31    4       434     0       1     788   	334.226
 31    4       435     0       1     793   	327.564
 31    4       436     0       1     788   	335.565
 31    4       437     0       1     787   	337.127
 31    4       438     0       1     786   	316.503
 31    4       439     0       1     790   	354.68 
 31    4       440     0       1     784   	341.661
 31    4       441     0       1     785   	339.226
 31    4       442     0       1     788   	341.161
 31    4       443     0       1     791   	364.303
 31    4       444     0       1     791   	280.379
 31    4       445     0       1     791   	413.794
 31    4       446     0       1     786   	293.985
 31    4       447     0       1     787   	341.286
 31    4       448     0       1     827   	327.27 
 31    4       449     0       1     814   	345.388
 31    4       450     0       1     825   	343.588
 31    4       451     0       1     817   	294.601
 31    4       452     0       1     822   	317.954
 31    4       453     0       1     825   	351.708
 31    4       454     0       1     819   	325.306
 31    4       455     0       1     816   	349.935
 31    4       456     0       1     825   	319.189
 31    4       457     0       1     823   	352.63 
 31    4       458     0       1     823   	362.132
 31    4       459     0       1     822   	354.852
 31    4       460     0       1     826   	351.701
 31    4       461     0       1     821   	352.927
 31    4       462     0       1     827   	326.394
 31    4       463     0       1     821   	333.175
 31    4       464     0       1     821   	352.407
 31    4       465     0       1     824   	343.811
 31    4       466     0       1     823   	319.014
 31    4       467     0       1     827   	353.555
 31    4       468     0       1     817   	334.159
 31    4       469     0       1     820   	338.826
 31    4       470     0       1     825   	358.748
 31    4       471     0       1     817   	352.036
 31    4       472     0       1     817   	352.025
 31    4       473     0       1     829   	334.09 
 31    4       474     0       1     823   	319.919
 31    4       475     0       1     828   	362.659
 31    4       476     0       1     821   	347.933
 31    4       477     0       1     826   	314.467
 31    4       478     0       1     817   	339.207
 31    4       479     0       1     823   	330.942
 31    4       480     0       1     785   	309.212
 31    4       481     0       1     782   	375.154
 31    4       482     0       1     784   	353.386
 31    4       483     0       1     785   	320.327
 31    4       484     0       1     784   	351.807
 31    4       485     0       1     787   	330.509
 31    4       486     0       1     780   	295.946
 31    4       487     0       1     786   	333.526
 31    4       488     0       1     783   	310.061
 31    4       489     0       1     786   	343.505
 31    4       490     0       1     782   	321.248
 31    4       491     0       1     786   	346.071
 31    4       492     0       1     781   	353.841
 31    4       493     0       1     786   	316.45 
 31    4       494     0       1     787   	349.028
 31    4       495     0       1     778   	346.841
 31    4       496     0       1     778   	332.165
 31    4       497     0       1     780   	356.961
 31    4       498     0       1     783   	425.148
 31    4       499     0       1     783   	355.038
 31    4       500     0       1     779   	297.489
 31    4       501     0       1     784   	368.358
 31    4       502     0       1     777   	340.379
 31    4       503     0       1     781   	369.115
 31    4       504     0       1     788   	364.951
 31    4       505     0       1     782   	348.514
 31    4       506     0       1     784   	328.642
 31    4       507     0       1     778   	353.217
 31    4       508     0       1     786   	381.525
 31    4       509     0       1     784   	340.115
#PHI3					    	       
 31    5       0       0       1     802   	372.832
 31    5       1       0       1     809   	360.227
 31    5       2       0       1     801   	347.549
 31    5       3       0       1     804   	344.416
 31    5       4       0       1     807   	356.405
 31    5       5       0       1     800   	342.297
 31    5       6       0       1     806   	356.525
 31    5       7       0       1     808   	382.181
 31    5       8       0       1     804   	380.609
 31    5       9       0       1     803   	384.686
 31    5       10      0       1     802   	367.222
 31    5       11      0       1     809   	397.025
 31    5       12      0       1     805   	378.93 
 31    5       13      0       1     803   	366.084
 31    5       14      0       1     809   	379.882
 31    5       15      0       1     800   	357.067
 31    5       16      0       1     798   	374.787
 31    5       17      0       1     799   	347.346
 31    5       18      0       1     804   	392.957
 31    5       19      0       1     798   	374.166
 31    5       20      0       1     802   	360.014
 31    5       21      0       1     794   	374.493
 31    5       22      0       1     805   	370.596
 31    5       23      0       1     802   	351.233
 31    5       24      0       1     809   	385.321
 31    5       25      0       1     806   	350.748
 31    5       26      0       1     803   	388.777
 31    5       27      0       1     802   	371.096
 31    5       28      0       1     802   	397.149
 31    5       29      0       1     799   	352.079
 31    5       30      0       1     797   	550.	  
 31    5       31      0       1     796   	359.301
 31    5       32      0       1     822   	372.43 
 31    5       33      0       1     830   	405.225
 31    5       34      0       1     831   	366.543
 31    5       35      0       1     826   	357.959
 31    5       36      0       1     822   	370.599
 31    5       37      0       1     829   	337.209
 31    5       38      0       1     825   	325.319
 31    5       39      0       1     833   	356.529
 31    5       40      0       1     829   	337.149
 31    5       41      0       1     829   	334.739
 31    5       42      0       1     823   	347.295
 31    5       43      0       1     828   	341.923
 31    5       44      0       1     834   	381.968
 31    5       45      0       1     826   	343.084
 31    5       46      0       1     830   	351.051
 31    5       47      0       1     834   	340.355
 31    5       48      0       1     828   	359.338
 31    5       49      0       1     833   	354.888
 31    5       50      0       1     821   	363.764
 31    5       51      0       1     825   	332.501
 31    5       52      0       1     826   	360.127
 31    5       53      0       1     823   	369.437
 31    5       54      0       1     826   	366.308
 31    5       55      0       1     824   	380.342
 31    5       56      0       1     825   	353.967
 31    5       57      0       1     826   	367.512
 31    5       58      0       1     831   	380.773
 31    5       59      0       1     822   	391.873
 31    5       60      0       1     825   	361.879
 31    5       61      0       1     825   	372.786
 31    5       62      0       1     821   	408.255
 31    5       63      0       1     829   	362.195
 31    5       64      0       1     803   	329.553
 31    5       65      0       1     807   	383.654
 31    5       66      0       1     804   	355.08 
 31    5       67      0       1     810   	398.207
 31    5       68      0       1     811   	340.949
 31    5       69      0       1     797   	360.652
 31    5       70      0       1     799   	374.158
 31    5       71      0       1     799   	377.287
 31    5       72      0       1     796   	370.806
 31    5       73      0       1     805   	373.492
 31    5       74      0       1     802   	351.805
 31    5       75      0       1     811   	367.692
 31    5       76      0       1     803   	333.378
 31    5       77      0       1     806   	377.901
 31    5       78      0       1     806   	336.617
 31    5       79      0       1     811   	348.306
 31    5       80      0       1     810   	367.463
 31    5       81      0       1     803   	372.401
 31    5       82      0       1     810   	379.648
 31    5       83      0       1     805   	350.526
 31    5       84      0       1     808   	366.591
 31    5       85      0       1     805   	381.178
 31    5       86      0       1     807   	374.052
 31    5       87      0       1     805   	373.707
 31    5       88      0       1     806   	365.069
 31    5       89      0       1     807   	373.055
 31    5       90      0       1     806   	368.529
 31    5       91      0       1     813   	370.466
 31    5       92      0       1     805   	344.194
 31    5       93      0       1     810   	387.183
 31    5       94      0       1     805   	381.579
 31    5       95      0       1     807   	375.484
 31    5       96      0       1     818   	391.322
 31    5       97      0       1     825   	369.534
 31    5       98      0       1     821   	365.222
 31    5       99      0       1     812   	352.242
 31    5       100     0       1     825   	394.107
 31    5       101     0       1     824   	352.225
 31    5       102     0       1     820   	352.121
 31    5       103     0       1     818   	365.031
 31    5       104     0       1     823   	355.657
 31    5       105     0       1     815   	359.516
 31    5       106     0       1     818   	345.405
 31    5       107     0       1     819   	364.754
 31    5       108     0       1     820   	346.808
 31    5       109     0       1     818   	358.827
 31    5       110     0       1     822   	329.771
 31    5       111     0       1     823   	392.05 
 31    5       112     0       1     820   	374.083
 31    5       113     0       1     824   	377.244
 31    5       114     0       1     814   	385.633
 31    5       115     0       1     822   	352.902
 31    5       116     0       1     818   	361.754
 31    5       117     0       1     822   	367.803
 31    5       118     0       1     818   	371.976
 31    5       119     0       1     818   	344.784
 31    5       120     0       1     817   	401.896
 31    5       121     0       1     820   	385.527
 31    5       122     0       1     816   	347.79 
 31    5       123     0       1     825   	367.779
 31    5       124     0       1     822   	366.814
 31    5       125     0       1     818   	360.191
 31    5       126     0       1     804   	384.407
 31    5       127     0       1     819   	371.569
 31    5       128     0       1     781   	361.055
 31    5       129     0       1     782   	351.882
 31    5       130     0       1     783   	349.393
 31    5       131     0       1     780   	321.754
 31    5       132     0       1     779   	357.117
 31    5       133     0       1     785   	343.559
 31    5       134     0       1     780   	346.609
 31    5       135     0       1     785   	355.702
 31    5       136     0       1     782   	348.325
 31    5       137     0       1     791   	376.137
 31    5       138     0       1     784   	364.299
 31    5       139     0       1     786   	372.14 
 31    5       140     0       1     784   	380.101
 31    5       141     0       1     786   	333.994
 31    5       142     0       1     779   	365.189
 31    5       143     0       1     783   	380.515
 31    5       144     0       1     787   	324.795
 31    5       145     0       1     788   	351.039
 31    5       146     0       1     792   	307.049
 31    5       147     0       1     785   	334.726
 31    5       148     0       1     783   	358.554
 31    5       149     0       1     784   	342.811
 31    5       150     0       1     791   	365.477
 31    5       151     0       1     785   	366.389
 31    5       152     0       1     787   	381.743
 31    5       153     0       1     792   	344.812
 31    5       154     0       1     786   	434.875
 31    5       155     0       1     781   	337.125
 31    5       156     0       1     789   	357.747
 31    5       157     0       1     781   	359.238
 31    5       158     0       1     779   	423.366
 31    5       159     0       1     791   	316.685
 31    5       160     0       1     759   	329.587
 31    5       161     0       1     766   	362.707
 31    5       162     0       1     768   	400.	  
 31    5       163     0       1     753   	338.156
 31    5       164     0       1     760   	380.	  
 31    5       165     0       1     763   	325.418
 31    5       166     0       1     760   	349.65 
 31    5       167     0       1     766   	338.716
 31    5       168     0       1     752   	400.	  
 31    5       169     0       1     765   	350.594
 31    5       170     0       1     764   	348.255
 31    5       171     0       1     767   	371.442
 31    5       172     0       1     756   	351.46 
 31    5       173     0       1     766   	397.613
 31    5       174     0       1     758   	312.873
 31    5       175     0       1     759   	365.135
 31    5       176     0       1     767   	340.974
 31    5       177     0       1     769   	351.029
 31    5       178     0       1     758   	374.558
 31    5       179     0       1     765   	360.207
 31    5       180     0       1     756   	386.691
 31    5       181     0       1     766   	380.563
 31    5       182     0       1     766   	362.64 
 31    5       183     0       1     755   	349.534
 31    5       184     0       1     754   	343.645
 31    5       185     0       1     758   	336.236
 31    5       186     0       1     766   	372.776
 31    5       187     0       1     757   	383.058
 31    5       188     0       1     763   	361.269
 31    5       189     0       1     760   	357.279
 31    5       190     0       1     756   	393.99 
 31    5       191     0       1     763   	360.227
 31    5       192     0       1     785   	368.71 
 31    5       193     0       1     789   	310.938
 31    5       194     0       1     789   	359.845
 31    5       195     0       1     791   	334.245
 31    5       196     0       1     791   	330.649
 31    5       197     0       1     781   	313.258
 31    5       198     0       1     787   	354.015
 31    5       199     0       1     778   	333.858
 31    5       200     0       1     785   	298.899
 31    5       201     0       1     785   	331.899
 31    5       202     0       1     782   	340.249
 31    5       203     0       1     785   	350.969
 31    5       204     0       1     787   	317.524
 31    5       205     0       1     784   	291.794
 31    5       206     0       1     792   	308.922
 31    5       207     0       1     786   	324.478
 31    5       208     0       1     776   	318.51 
 31    5       209     0       1     781   	337.112
 31    5       210     0       1     787   	341.736
 31    5       211     0       1     784   	325.059
 31    5       212     0       1     786   	332.937
 31    5       213     0       1     786   	311.699
 31    5       214     0       1     787   	333.306
 31    5       215     0       1     783   	316.305
 31    5       216     0       1     779   	360.931
 31    5       217     0       1     787   	357.727
 31    5       218     0       1     785   	364.743
 31    5       219     0       1     782   	342.043
 31    5       220     0       1     784   	332.046
 31    5       221     0       1     787   	301.117
 31    5       222     0       1     780   	403.445
 31    5       223     0       1     783   	352.624
 31    5       224     0       1     804   	330.129
 31    5       225     0       1     801   	357.586
 31    5       226     0       1     820   	360.76 
 31    5       227     0       1     809   	361.413
 31    5       228     0       1     806   	330.018
 31    5       229     0       1     812   	336.753
 31    5       230     0       1     814   	344.842
 31    5       231     0       1     805   	312.891
 31    5       232     0       1     820   	380.	  
 31    5       233     0       1     814   	372.9  
 31    5       234     0       1     816   	343.695
 31    5       235     0       1     814   	370.483
 31    5       236     0       1     810   	371.749
 31    5       237     0       1     807   	350.681
 31    5       238     0       1     809   	373.729
 31    5       239     0       1     806   	364.465
 31    5       240     0       1     814   	386.613
 31    5       241     0       1     815   	385.358
 31    5       242     0       1     809   	376.23 
 31    5       243     0       1     821   	349.055
 31    5       244     0       1     807   	392.726
 31    5       245     0       1     811   	369.718
 31    5       246     0       1     808   	376.504
 31    5       247     0       1     807   	388.179
 31    5       248     0       1     810   	435.664
 31    5       249     0       1     810   	331.608
 31    5       250     0       1     809   	366.264
 31    5       251     0       1     807   	355.618
 31    5       252     0       1     813   	361.904
 31    5       253     0       1     812   	407.481
 31    5       254     0       1     803   	398.498
 31    5       255     0       1     809   	376.952
 31    5       256     0       1     765   	365.864
 31    5       257     0       1     772   	339.323
 31    5       258     0       1     768   	404.443
 31    5       259     0       1     770   	365.676
 31    5       260     0       1     769   	337.926
 31    5       261     0       1     767   	408.102
 31    5       262     0       1     769   	377.826
 31    5       263     0       1     768   	403.755
 31    5       264     0       1     773   	387.518
 31    5       265     0       1     769   	381.01 
 31    5       266     0       1     769   	376.031
 31    5       267     0       1     770   	375.358
 31    5       268     0       1     771   	381.029
 31    5       269     0       1     759   	372.928
 31    5       270     0       1     772   	401.445
 31    5       271     0       1     769   	422.256
 31    5       272     0       1     777   	411.682
 31    5       273     0       1     766   	388.666
 31    5       274     0       1     770   	398.856
 31    5       275     0       1     770   	383.948
 31    5       276     0       1     769   	384.056
 31    5       277     0       1     772   	410.629
 31    5       278     0       1     772   	371.598
 31    5       279     0       1     769   	405.556
 31    5       280     0       1     763   	381.511
 31    5       281     0       1     772   	399.26 
 31    5       282     0       1     767   	379.818
 31    5       283     0       1     768   	370.058
 31    5       284     0       1     761   	406.501
 31    5       285     0       1     768   	374.239
 31    5       286     0       1     768   	423.444
 31    5       287     0       1     770   	396.203
 31    5       288     0       1     784   	377.282
 31    5       289     0       1     783   	398.962
 31    5       290     0       1     783   	374.081
 31    5       291     0       1     783   	369.615
 31    5       292     0       1     786   	361.544
 31    5       293     0       1     789   	376.704
 31    5       294     0       1     788   	377.171
 31    5       295     0       1     785   	362.695
 31    5       296     0       1     784   	370.673
 31    5       297     0       1     785   	371.369
 31    5       298     0       1     776   	377.393
 31    5       299     0       1     791   	390.693
 31    5       300     0       1     788   	367.701
 31    5       301     0       1     791   	346.417
 31    5       302     0       1     776   	435.07 
 31    5       303     0       1     790   	420.	  
 31    5       304     0       1     790   	407.454
 31    5       305     0       1     788   	370.806
 31    5       306     0       1     784   	411.574
 31    5       307     0       1     781   	407.459
 31    5       308     0       1     782   	400.682
 31    5       309     0       1     786   	401.381
 31    5       310     0       1     786   	402.818
 31    5       311     0       1     788   	387.765
 31    5       312     0       1     785   	391.052
 31    5       313     0       1     785   	363.936
 31    5       314     0       1     790   	400.985
 31    5       315     0       1     786   	374.557
 31    5       316     0       1     780   	390.319
 31    5       317     0       1     784   	371.473
 31    5       318     0       1     777   	388.995
 31    5       319     0       1     789   	368.209
 31    5       320     0       1     824   	373.852
 31    5       321     0       1     823   	350.565
 31    5       322     0       1     823   	391.89 
 31    5       323     0       1     820   	355.297
 31    5       324     0       1     834   	352.084
 31    5       325     0       1     818   	388.82 
 31    5       326     0       1     824   	384.455
 31    5       327     0       1     828   	399.049
 31    5       328     0       1     831   	399.11 
 31    5       329     0       1     828   	361.436
 31    5       330     0       1     818   	355.936
 31    5       331     0       1     820   	353.3  
 31    5       332     0       1     825   	381.463
 31    5       333     0       1     823   	360.443
 31    5       334     0       1     820   	372.845
 31    5       335     0       1     827   	370.845
 31    5       336     0       1     826   	399.344
 31    5       337     0       1     816   	375.006
 31    5       338     0       1     818   	396.603
 31    5       339     0       1     829   	394.877
 31    5       340     0       1     823   	377.047
 31    5       341     0       1     836   	368.954
 31    5       342     0       1     826   	365.136
 31    5       343     0       1     818   	369.826
 31    5       344     0       1     822   	387.036
 31    5       345     0       1     830   	362.072
 31    5       346     0       1     820   	382.951
 31    5       347     0       1     821   	381.156
 31    5       348     0       1     827   	385.668
 31    5       349     0       1     819   	384.233
 31    5       350     0       1     823   	401.297
 31    5       351     0       1     819   	432.738
 31    5       352     0       1     774   	379.017
 31    5       353     0       1     777   	376.095
 31    5       354     0       1     785   	399.275
 31    5       355     0       1     777   	374.651
 31    5       356     0       1     784   	388.762
 31    5       357     0       1     776   	370.48 
 31    5       358     0       1     776   	368.879
 31    5       359     0       1     778   	381.769
 31    5       360     0       1     784   	385.721
 31    5       361     0       1     776   	375.137
 31    5       362     0       1     779   	420.	  
 31    5       363     0       1     780   	370.71 
 31    5       364     0       1     780   	366.738
 31    5       365     0       1     781   	403.336
 31    5       366     0       1     781   	398.752
 31    5       367     0       1     783   	375.902
 31    5       368     0       1     772   	390.232
 31    5       369     0       1     775   	381.383
 31    5       370     0       1     778   	401.553
 31    5       371     0       1     781   	384.741
 31    5       372     0       1     773   	392.737
 31    5       373     0       1     782   	377.309
 31    5       374     0       1     776   	392.608
 31    5       375     0       1     776   	389.75 
 31    5       376     0       1     776   	379.208
 31    5       377     0       1     772   	362.903
 31    5       378     0       1     776   	409.345
 31    5       379     0       1     771   	394.874
 31    5       380     0       1     778   	395.897
 31    5       381     0       1     778   	388.789
 31    5       382     0       1     769   	404.131
 31    5       383     0       1     777   	383.03 
 31    5       384     0       1     824   	420.317
 31    5       385     0       1     816   	417.512
 31    5       386     0       1     811   	400.249
 31    5       387     0       1     810   	378.947
 31    5       388     0       1     803   	412.261
 31    5       389     0       1     809   	403.792
 31    5       390     0       1     811   	425.197
 31    5       391     0       1     814   	398.709
 31    5       392     0       1     817   	402.195
 31    5       393     0       1     809   	400.45 
 31    5       394     0       1     811   	396.101
 31    5       395     0       1     809   	402.155
 31    5       396     0       1     812   	399.886
 31    5       397     0       1     814   	380.574
 31    5       398     0       1     809   	394.403
 31    5       399     0       1     819   	416.99 
 31    5       400     0       1     810   	407.479
 31    5       401     0       1     811   	370.575
 31    5       402     0       1     815   	407.593
 31    5       403     0       1     810   	395.44 
 31    5       404     0       1     805   	418.788
 31    5       405     0       1     812   	383.914
 31    5       406     0       1     816   	395.621
 31    5       407     0       1     807   	419.704
 31    5       408     0       1     807   	406.839
 31    5       409     0       1     814   	424.322
 31    5       410     0       1     819   	425.312
 31    5       411     0       1     814   	381.321
 31    5       412     0       1     808   	404.546
 31    5       413     0       1     818   	394.101
 31    5       414     0       1     818   	420.768
 31    5       415     0       1     812   	407.745
 31    5       416     0       1     797   	400.126
 31    5       417     0       1     797   	387.983
 31    5       418     0       1     797   	429.559
 31    5       419     0       1     802   	391.11 
 31    5       420     0       1     798   	409.406
 31    5       421     0       1     796   	365.206
 31    5       422     0       1     799   	396.571
 31    5       423     0       1     792   	370.554
 31    5       424     0       1     792   	433.26 
 31    5       425     0       1     799   	392.595
 31    5       426     0       1     795   	399.661
 31    5       427     0       1     797   	370.865
 31    5       428     0       1     783   	417.514
 31    5       429     0       1     796   	394.411
 31    5       430     0       1     788   	413.942
 31    5       431     0       1     795   	393.931
 31    5       432     0       1     797   	429.206
 31    5       433     0       1     796   	381.078
 31    5       434     0       1     791   	400.	  
 31    5       435     0       1     790   	375.67 
 31    5       436     0       1     789   	389.108
 31    5       437     0       1     798   	391.367
 31    5       438     0       1     790   	381.647
 31    5       439     0       1     802   	372.752
 31    5       440     0       1     793   	420.082
 31    5       441     0       1     787   	373.931
 31    5       442     0       1     794   	393.25 
 31    5       443     0       1     798   	387.007
 31    5       444     0       1     793   	420.095
 31    5       445     0       1     798   	385.328
 31    5       446     0       1     782   	423.706
 31    5       447     0       1     795   	384.586
 31    5       448     0       1     813   	382.644
 31    5       449     0       1     814   	377.203
 31    5       450     0       1     813   	420.	  
 31    5       451     0       1     808   	386.975
 31    5       452     0       1     815   	395.732
 31    5       453     0       1     818   	391.618
 31    5       454     0       1     822   	391.852
 31    5       455     0       1     814   	397.169
 31    5       456     0       1     823   	420.	  
 31    5       457     0       1     805   	399.258
 31    5       458     0       1     817   	386.424
 31    5       459     0       1     816   	363.17 
 31    5       460     0       1     815   	397.849
 31    5       461     0       1     813   	374.882
 31    5       462     0       1     814   	378.561
 31    5       463     0       1     818   	363.677
 31    5       464     0       1     813   	398.141
 31    5       465     0       1     814   	371.01 
 31    5       466     0       1     820   	401.456
 31    5       467     0       1     821   	374.712
 31    5       468     0       1     816   	424.87 
 31    5       469     0       1     817   	356.177
 31    5       470     0       1     814   	389.903
 31    5       471     0       1     812   	379.298
 31    5       472     0       1     812   	367.049
 31    5       473     0       1     815   	424.354
 31    5       474     0       1     819   	345.714
 31    5       475     0       1     801   	359.33 
 31    5       476     0       1     821   	370.833
 31    5       477     0       1     813   	452.56 
 31    5       478     0       1     816   	378.302
 31    5       479     0       1     816   	415.537
 31    5       480     0       1     814   	402.222
 31    5       481     0       1     810   	388.588
 31    5       482     0       1     812   	401.872
 31    5       483     0       1     809   	361.751
 31    5       484     0       1     814   	381.016
 31    5       485     0       1     812   	371.918
 31    5       486     0       1     817   	403.604
 31    5       487     0       1     806   	404.62 
 31    5       488     0       1     809   	394.406
 31    5       489     0       1     811   	376.11 
 31    5       490     0       1     814   	396.255
 31    5       491     0       1     811   	357.745
 31    5       492     0       1     808   	394.351
 31    5       493     0       1     809   	350.322
 31    5       494     0       1     810   	382.274
 31    5       495     0       1     811   	363.038
 31    5       496     0       1     809   	392.139
 31    5       497     0       1     801   	372.089
 31    5       498     0       1     813   	389.799
 31    5       499     0       1     816   	373.025
 31    5       500     0       1     813   	347.372
 31    5       501     0       1     809   	358.827
 31    5       502     0       1     813   	387.64 
 31    5       503     0       1     811   	357.467
 31    5       504     0       1     816   	366.469
 31    5       505     0       1     812   	359.18 
 31    5       506     0       1     808   	352.219
 31    5       507     0       1     813   	354.669
 31    5       508     0       1     809   	384.417
 31    5       509     0       1     808   	372.932
 31    5       510     0       1     806   	390.112
 31    5       511     0       1     813   	372.894
 31    5       512     0       1     776   	367.173
 31    5       513     0       1     775   	361.456
 31    5       514     0       1     771   	376.554
 31    5       515     0       1     782   	353.159
 31    5       516     0       1     779   	365.813
 31    5       517     0       1     779   	359.532
 31    5       518     0       1     772   	387.657
 31    5       519     0       1     775   	393.194
 31    5       520     0       1     780   	374.447
 31    5       521     0       1     780   	346.114
 31    5       522     0       1     781   	353.745
 31    5       523     0       1     783   	316.395
 31    5       524     0       1     779   	380.968
 31    5       525     0       1     772   	358.257
 31    5       526     0       1     776   	408.928
 31    5       527     0       1     774   	394.715
 31    5       528     0       1     778   	336.676
 31    5       529     0       1     772   	357.157
 31    5       530     0       1     772   	358.596
 31    5       531     0       1     772   	371.751
 31    5       532     0       1     771   	362.173
 31    5       533     0       1     774   	356.78 
 31    5       534     0       1     780   	350.407
 31    5       535     0       1     770   	360.526
 31    5       536     0       1     772   	328.702
 31    5       537     0       1     768   	386.999
 31    5       538     0       1     777   	407.074
 31    5       539     0       1     767   	360.927
 31    5       540     0       1     777   	355.03 
 31    5       541     0       1     769   	377.07 
 31    5       542     0       1     771   	393.298
 31    5       543     0       1     775   	350.359
 31    5       544     0       1     799   	324.397
 31    5       545     0       1     808   	350.845
 31    5       546     0       1     798   	326.113
 31    5       547     0       1     797   	329.154
 31    5       548     0       1     801   	331.899
 31    5       549     0       1     812   	312.193
 31    5       550     0       1     805   	339.573
 31    5       551     0       1     803   	342.275
 31    5       552     0       1     810   	348.664
 31    5       553     0       1     810   	344.306
 31    5       554     0       1     807   	354.218
 31    5       555     0       1     793   	365.432
 31    5       556     0       1     805   	335.708
 31    5       557     0       1     804   	343.986
 31    5       558     0       1     804   	334.375
 31    5       559     0       1     803   	319.354
 31    5       560     0       1     804   	366.79 
 31    5       561     0       1     806   	325.352
 31    5       562     0       1     802   	365.438
 31    5       563     0       1     808   	318.387
 31    5       564     0       1     803   	320.	  
 31    5       565     0       1     807   	370.	  
 31    5       566     0       1     801   	288.997
 31    5       567     0       1     805   	350.	  
 31    5       568     0       1     804   	373.743
 31    5       569     0       1     803   	344.012
 31    5       570     0       1     801   	316.737
 31    5       571     0       1     807   	340.728
 31    5       572     0       1     797   	312.007
 31    5       573     0       1     800   	331.649
 31    5       574     0       1     797   	355.488
 31    5       575     0       1     808   	308.292
 31    5       576     0       1     781   	385.312
 31    5       577     0       1     781   	327.594
 31    5       578     0       1     782   	332.912
 31    5       579     0       1     780   	338.356
 31    5       580     0       1     777   	367.976
 31    5       581     0       1     783   	331.199
 31    5       582     0       1     776   	333.837
 31    5       583     0       1     780   	336.936
 31    5       584     0       1     779   	433.617
 31    5       585     0       1     782   	321.805
 31    5       586     0       1     780   	352.785
 31    5       587     0       1     777   	341.688
 31    5       588     0       1     785   	342.666
 31    5       589     0       1     772   	342.347
 31    5       590     0       1     783   	370.946
 31    5       591     0       1     778   	338.921
 31    5       592     0       1     779   	384.337
 31    5       593     0       1     777   	308.81 
 31    5       594     0       1     772   	379.575
 31    5       595     0       1     782   	372.312
 31    5       596     0       1     778   	410.888
 31    5       597     0       1     772   	362.337
 31    5       598     0       1     777   	352.78 
 31    5       599     0       1     777   	315.608
 31    5       600     0       1     783   	382.549
 31    5       601     0       1     783   	350.841
 31    5       602     0       1     777   	305.116
 31    5       603     0       1     778   	324.91 
 31    5       604     0       1     771   	358.695
 31    5       605     0       1     775   	355.377
 31    5       606     0       1     775   	369.946
 31    5       607     0       1     769   	315.672
 31    5       608     0       1     774   	314.339
 31    5       609     0       1     780   	348.97 
 31    5       610     0       1     777   	341.642
 31    5       611     0       1     786   	389.576
 31    5       612     0       1     786   	310.182
 31    5       613     0       1     775   	336.061
 31    5       614     0       1     776   	320.079
 31    5       615     0       1     778   	322.541
 31    5       616     0       1     775   	356.214
 31    5       617     0       1     783   	345.735
 31    5       618     0       1     781   	312.578
 31    5       619     0       1     776   	379.796
 31    5       620     0       1     782   	348.258
 31    5       621     0       1     790   	319.485
 31    5       622     0       1     781   	313.823
 31    5       623     0       1     777   	324.725
 31    5       624     0       1     783   	352.159
 31    5       625     0       1     786   	312.427
 31    5       626     0       1     783   	323.312
 31    5       627     0       1     778   	328.843
 31    5       628     0       1     776   	315.721
 31    5       629     0       1     776   	321.688
 31    5       630     0       1     777   	353.198
 31    5       631     0       1     775   	334.768
 31    5       632     0       1     775   	393.003
 31    5       633     0       1     776   	345.591
 31    5       634     0       1     778   	334.905
 31    5       635     0       1     781   	338.787
 31    5       636     0       1     777   	333.279
 31    5       637     0       1     779   	315.075
 31    5       638     0       1     774   	349.023
 31    5       639     0       1     775   	326.262
 31    5       640     0       1     828   	331.547
 31    5       641     0       1     828   	344.233
 31    5       642     0       1     834   	358.182
 31    5       643     0       1     836   	351.036
 31    5       644     0       1     827   	347.902
 31    5       645     0       1     830   	336.989
 31    5       646     0       1     825   	330.457
 31    5       647     0       1     824   	353.092
 31    5       648     0       1     838   	341.621
 31    5       649     0       1     833   	341.192
 31    5       650     0       1     839   	341.754
 31    5       651     0       1     841   	344.575
 31    5       652     0       1     837   	345.923
 31    5       653     0       1     836   	358.39 
 31    5       654     0       1     836   	325.73 
 31    5       655     0       1     837   	335.561
 31    5       656     0       1     834   	353.645
 31    5       657     0       1     834   	353.136
 31    5       658     0       1     832   	347.725
 31    5       659     0       1     828   	339.83 
 31    5       660     0       1     832   	349.249
 31    5       661     0       1     836   	338.456
 31    5       662     0       1     825   	396.159
 31    5       663     0       1     833   	350.661
 31    5       664     0       1     835   	341.547
 31    5       665     0       1     825   	306.313
 31    5       666     0       1     824   	319.408
 31    5       667     0       1     839   	350.	  
 31    5       668     0       1     836   	370.	  
 31    5       669     0       1     839   	308.975
 31    5       670     0       1     828   	342.597
 31    5       671     0       1     830   	329.827
 31    5       672     0       1     814   	393.331
 31    5       673     0       1     822   	389.512
 31    5       674     0       1     820   	362.732
 31    5       675     0       1     813   	353.787
 31    5       676     0       1     823   	355.184
 31    5       677     0       1     821   	361.837
 31    5       678     0       1     822   	377.594
 31    5       679     0       1     813   	351.377
 31    5       680     0       1     823   	378.659
 31    5       681     0       1     819   	395.543
 31    5       682     0       1     828   	357.987
 31    5       683     0       1     818   	385.462
 31    5       684     0       1     820   	385.635
 31    5       685     0       1     819   	398.112
 31    5       686     0       1     821   	406.01 
 31    5       687     0       1     819   	368.656
 31    5       688     0       1     820   	374.975
 31    5       689     0       1     819   	371.148
 31    5       690     0       1     824   	397.23 
 31    5       691     0       1     822   	348.588
 31    5       692     0       1     820   	367.425
 31    5       693     0       1     814   	354.75 
 31    5       694     0       1     815   	373.556
 31    5       695     0       1     818   	364.234
 31    5       696     0       1     814   	396.971
 31    5       697     0       1     817   	363.018
 31    5       698     0       1     815   	369.413
 31    5       699     0       1     827   	379.543
 31    5       700     0       1     824   	377.31 
 31    5       701     0       1     821   	373.076
 31    5       702     0       1     811   	342.849
 31    5       703     0       1     824   	387.293
 31    5       704     0       1     764   	390.095
 31    5       705     0       1     762   	414.48 
 31    5       706     0       1     759   	398.063
 31    5       707     0       1     759   	387.422
 31    5       708     0       1     754   	346.775
 31    5       709     0       1     757   	470.	  
 31    5       710     0       1     750   	332.252
 31    5       711     0       1     748   	401.008
 31    5       712     0       1     748   	373.969
 31    5       713     0       1     755   	397.256
 31    5       714     0       1     756   	357.029
 31    5       715     0       1     759   	418.845
 31    5       716     0       1     750   	331.491
 31    5       717     0       1     751   	394.009
 31    5       718     0       1     761   	376.83 
 31    5       719     0       1     753   	356.115
 31    5       720     0       1     749   	379.72 
 31    5       721     0       1     756   	382.543
 31    5       722     0       1     754   	378.528
 31    5       723     0       1     759   	394.836
 31    5       724     0       1     754   	378.212
 31    5       725     0       1     756   	389.15 
 31    5       726     0       1     746   	398.207
 31    5       727     0       1     749   	394.392
 31    5       728     0       1     753   	373.443
 31    5       729     0       1     758   	448.431
 31    5       730     0       1     757   	369.878
 31    5       731     0       1     756   	423.072
 31    5       732     0       1     754   	381.817
 31    5       733     0       1     753   	373.323
 31    5       734     0       1     761   	376.515
 31    5       735     0       1     748   	383.569
 31    5       736     0       1     776   	345.83 
 31    5       737     0       1     774   	380.	  
 31    5       738     0       1     778   	347.511
 31    5       739     0       1     776   	50	  
 31    5       740     0       1     777   	291.852
 31    5       741     0       1     775   	367.746
 31    5       742     0       1     766   	393.881
 31    5       743     0       1     771   	349.463
 31    5       744     0       1     771   	329.506
 31    5       745     0       1     779   	349.88 
 31    5       746     0       1     776   	318.639
 31    5       747     0       1     777   	351.485
 31    5       748     0       1     772   	337.768
 31    5       749     0       1     773   	355.982
 31    5       750     0       1     770   	363.987
 31    5       751     0       1     770   	376.902
 31    5       752     0       1     770   	370.651
 31    5       753     0       1     776   	352.116
 31    5       754     0       1     776   	357.516
 31    5       755     0       1     778   	390.585
 31    5       756     0       1     771   	376.047
 31    5       757     0       1     773   	429.228
 31    5       758     0       1     775   	350.446
 31    5       759     0       1     779   	375.683
 31    5       760     0       1     768   	361.432
 31    5       761     0       1     789   	460.032
 31    5       762     0       1     771   	338.88 
 31    5       763     0       1     771   	356.022
 31    5       764     0       1     774   	328.349
 31    5       765     0       1     782   	331.697
 31    5       766     0       1     770   	460.	  
 31    5       767     0       1     779   	340.958
 31    5       768     0       1     739   	339.651
 31    5       769     0       1     742   	345.238
 31    5       770     0       1     746   	373.079
 31    5       771     0       1     741   	369.265
 31    5       772     0       1     745   	361.165
 31    5       773     0       1     743   	358.863
 31    5       774     0       1     740   	388.141
 31    5       775     0       1     740   	390.924
 31    5       776     0       1     740   	380.218
 31    5       777     0       1     746   	377.898
 31    5       778     0       1     738   	391.534
 31    5       779     0       1     737   	395.876
 31    5       780     0       1     742   	378.194
 31    5       781     0       1     749   	390.971
 31    5       782     0       1     745   	368.743
 31    5       783     0       1     741   	363.136
 31    5       784     0       1     745   	342.146
 31    5       785     0       1     740   	385.531
 31    5       786     0       1     742   	377.864
 31    5       787     0       1     746   	376.93 
 31    5       788     0       1     746   	362.36 
 31    5       789     0       1     742   	379.016
 31    5       790     0       1     746   	388.807
 31    5       791     0       1     740   	397.717
 31    5       792     0       1     746   	386.757
 31    5       793     0       1     749   	377.69 
 31    5       794     0       1     747   	384.277
 31    5       795     0       1     742   	386.904
 31    5       796     0       1     741   	361.89 
 31    5       797     0       1     749   	375.251
 31    5       798     0       1     739   	385.478
 31    5       799     0       1     742   	376.629
#UV4					    	       
 31    6       0       0       1     824   	50	  
 31    6       1       0       1     818   	376.267
 31    6       2       0       1     823   	336.403
 31    6       3       0       1     817   	388.401
 31    6       4       0       1     822   	391.849
 31    6       5       0       1     825   	390.	  
 31    6       6       0       1     822   	385.307
 31    6       7       0       1     827   	386.324
 31    6       8       0       1     826   	348.724
 31    6       9       0       1     813   	371.649
 31    6       10      0       1     821   	347.359
 31    6       11      0       1     822   	408.312
 31    6       12      0       1     827   	347.628
 31    6       13      0       1     818   	341.119
 31    6       14      0       1     827   	343.016
 31    6       15      0       1     823   	367.05 
 31    6       16      0       1     820   	367.132
 31    6       17      0       1     817   	355.441
 31    6       18      0       1     830   	362.842
 31    6       19      0       1     829   	346.979
 31    6       20      0       1     825   	368.216
 31    6       21      0       1     822   	340.199
 31    6       22      0       1     823   	377.607
 31    6       23      0       1     825   	373.38 
 31    6       24      0       1     823   	358.925
 31    6       25      0       1     827   	375.781
 31    6       26      0       1     833   	353.085
 31    6       27      0       1     822   	332.684
 31    6       28      0       1     827   	351.019
 31    6       29      0       1     821   	370.034
 31    6       30      0       1     825   	339.538
 31    6       31      0       1     824   	386.345
 31    6       32      0       1     799   	341.668
 31    6       33      0       1     801   	405.151
 31    6       34      0       1     794   	356.109
 31    6       35      0       1     789   	367.024
 31    6       36      0       1     804   	347.555
 31    6       37      0       1     801   	374.799
 31    6       38      0       1     797   	361.549
 31    6       39      0       1     796   	362.371
 31    6       40      0       1     796   	358.165
 31    6       41      0       1     790   	391.932
 31    6       42      0       1     798   	329.133
 31    6       43      0       1     797   	352.782
 31    6       44      0       1     796   	331.549
 31    6       45      0       1     793   	364.542
 31    6       46      0       1     795   	345.632
 31    6       47      0       1     797   	367.023
 31    6       48      0       1     789   	352.519
 31    6       49      0       1     793   	393.822
 31    6       50      0       1     797   	366.869
 31    6       51      0       1     795   	364.308
 31    6       52      0       1     798   	355.255
 31    6       53      0       1     797   	348.891
 31    6       54      0       1     798   	370.402
 31    6       55      0       1     800   	358.261
 31    6       56      0       1     794   	353.705
 31    6       57      0       1     797   	344.047
 31    6       58      0       1     800   	364.198
 31    6       59      0       1     788   	347.073
 31    6       60      0       1     792   	120	  
 31    6       61      0       1     797   	364.188
 31    6       62      0       1     789   	362.608
 31    6       63      0       1     801   	344.183
 31    6       64      0       1     798   	337.743
 31    6       65      0       1     803   	375.416
 31    6       66      0       1     807   	339.404
 31    6       67      0       1     809   	376.999
 31    6       68      0       1     800   	357.043
 31    6       69      0       1     811   	399.571
 31    6       70      0       1     813   	398.088
 31    6       71      0       1     800   	373.437
 31    6       72      0       1     812   	331.486
 31    6       73      0       1     811   	361.981
 31    6       74      0       1     806   	371.588
 31    6       75      0       1     804   	358.671
 31    6       76      0       1     810   	359.827
 31    6       77      0       1     814   	330.144
 31    6       78      0       1     812   	362.857
 31    6       79      0       1     810   	349.222
 31    6       80      0       1     802   	346.144
 31    6       81      0       1     811   	355.178
 31    6       82      0       1     803   	386.647
 31    6       83      0       1     806   	359.1  
 31    6       84      0       1     803   	339.629
 31    6       85      0       1     809   	349.073
 31    6       86      0       1     813   	345.594
 31    6       87      0       1     801   	288.912
 31    6       88      0       1     809   	374.22 
 31    6       89      0       1     809   	374.294
 31    6       90      0       1     812   	363.667
 31    6       91      0       1     803   	363.35 
 31    6       92      0       1     808   	338.649
 31    6       93      0       1     812   	401.805
 31    6       94      0       1     806   	384.627
 31    6       95      0       1     811   	358.888
 31    6       96      0       1     827   	356.296
 31    6       97      0       1     828   	392.003
 31    6       98      0       1     820   	360.488
 31    6       99      0       1     825   	377.549
 31    6       100     0       1     830   	367.886
 31    6       101     0       1     830   	347.832
 31    6       102     0       1     826   	395.756
 31    6       103     0       1     823   	391.424
 31    6       104     0       1     828   	370.536
 31    6       105     0       1     824   	385.333
 31    6       106     0       1     829   	346.673
 31    6       107     0       1     831   	375.759
 31    6       108     0       1     829   	340.734
 31    6       109     0       1     824   	354.777
 31    6       110     0       1     824   	361.005
 31    6       111     0       1     825   	368.183
 31    6       112     0       1     827   	360.444
 31    6       113     0       1     826   	381.733
 31    6       114     0       1     823   	358.266
 31    6       115     0       1     824   	387.608
 31    6       116     0       1     822   	376.186
 31    6       117     0       1     822   	400.	  
 31    6       118     0       1     832   	361.269
 31    6       119     0       1     833   	385.241
 31    6       120     0       1     825   	368.69 
 31    6       121     0       1     828   	370.75 
 31    6       122     0       1     825   	344.503
 31    6       123     0       1     832   	342.439
 31    6       124     0       1     830   	346.093
 31    6       125     0       1     829   	380.047
 31    6       126     0       1     829   	370.635
 31    6       127     0       1     832   	384.605
 31    6       128     0       1     788   	321.016
 31    6       129     0       1     782   	355.856
 31    6       130     0       1     786   	356.138
 31    6       131     0       1     787   	371.736
 31    6       132     0       1     781   	364.922
 31    6       133     0       1     779   	358.902
 31    6       134     0       1     782   	367.084
 31    6       135     0       1     788   	354.298
 31    6       136     0       1     785   	342.651
 31    6       137     0       1     782   	370.129
 31    6       138     0       1     784   	336.476
 31    6       139     0       1     779   	377.366
 31    6       140     0       1     791   	350.38 
 31    6       141     0       1     790   	360.15 
 31    6       142     0       1     786   	341.067
 31    6       143     0       1     781   	371.346
 31    6       144     0       1     780   	372.497
 31    6       145     0       1     787   	388.587
 31    6       146     0       1     784   	353.777
 31    6       147     0       1     784   	365.659
 31    6       148     0       1     785   	351.659
 31    6       149     0       1     791   	379.612
 31    6       150     0       1     782   	369.109
 31    6       151     0       1     785   	302.085
 31    6       152     0       1     782   	351.625
 31    6       153     0       1     779   	361.184
 31    6       154     0       1     789   	343.643
 31    6       155     0       1     782   	396.333
 31    6       156     0       1     781   	352.607
 31    6       157     0       1     779   	351.733
 31    6       158     0       1     789   	351.164
 31    6       159     0       1     791   	388.936
 31    6       160     0       1     836   	395.591
 31    6       161     0       1     828   	419.184
 31    6       162     0       1     831   	371.201
 31    6       163     0       1     834   	402.257
 31    6       164     0       1     834   	390.862
 31    6       165     0       1     835   	422.654
 31    6       166     0       1     828   	368.078
 31    6       167     0       1     838   	418.078
 31    6       168     0       1     835   	404.592
 31    6       169     0       1     830   	404.573
 31    6       170     0       1     828   	371.231
 31    6       171     0       1     830   	397.798
 31    6       172     0       1     829   	400.	  
 31    6       173     0       1     829   	384.258
 31    6       174     0       1     837   	382.153
 31    6       175     0       1     827   	375.669
 31    6       176     0       1     837   	387.848
 31    6       177     0       1     831   	389.776
 31    6       178     0       1     832   	373.644
 31    6       179     0       1     836   	379.909
 31    6       180     0       1     836   	382.981
 31    6       181     0       1     832   	388.315
 31    6       182     0       1     829   	388.888
 31    6       183     0       1     834   	391.978
 31    6       184     0       1     834   	377.632
 31    6       185     0       1     832   	358.238
 31    6       186     0       1     828   	370.579
 31    6       187     0       1     838   	405.507
 31    6       188     0       1     830   	398.164
 31    6       189     0       1     835   	398.512
 31    6       190     0       1     829   	443.205
 31    6       191     0       1     828   	365.062
 31    6       192     0       1     810   	387.218
 31    6       193     0       1     801   	395.065
 31    6       194     0       1     801   	373.817
 31    6       195     0       1     806   	380.409
 31    6       196     0       1     808   	381.869
 31    6       197     0       1     814   	409.616
 31    6       198     0       1     812   	368.306
 31    6       199     0       1     807   	386.176
 31    6       200     0       1     809   	382.107
 31    6       201     0       1     819   	384.996
 31    6       202     0       1     810   	374.902
 31    6       203     0       1     800   	408.759
 31    6       204     0       1     807   	368.131
 31    6       205     0       1     804   	383.594
 31    6       206     0       1     805   	351.261
 31    6       207     0       1     809   	385.109
 31    6       208     0       1     802   	373.611
 31    6       209     0       1     805   	398.67 
 31    6       210     0       1     806   	381.119
 31    6       211     0       1     805   	382.608
 31    6       212     0       1     806   	370.642
 31    6       213     0       1     807   	369.197
 31    6       214     0       1     805   	372.279
 31    6       215     0       1     806   	413.177
 31    6       216     0       1     798   	376.506
 31    6       217     0       1     805   	457.482
 31    6       218     0       1     811   	320.408
 31    6       219     0       1     811   	412.874
 31    6       220     0       1     796   	391.199
 31    6       221     0       1     801   	392.84 
 31    6       222     0       1     807   	350.628
 31    6       223     0       1     810   	200	  
 31    6       224     0       1     805   	316.136
 31    6       225     0       1     807   	363.572
 31    6       226     0       1     802   	365.149
 31    6       227     0       1     810   	378.05 
 31    6       228     0       1     808   	374.451
 31    6       229     0       1     804   	379.891
 31    6       230     0       1     807   	371.565
 31    6       231     0       1     806   	376.941
 31    6       232     0       1     798   	363.303
 31    6       233     0       1     796   	376.834
 31    6       234     0       1     807   	364.614
 31    6       235     0       1     811   	376.694
 31    6       236     0       1     804   	379.319
 31    6       237     0       1     803   	356.161
 31    6       238     0       1     804   	300.93 
 31    6       239     0       1     793   	464.072
 31    6       240     0       1     810   	300.	  
 31    6       241     0       1     799   	377.956
 31    6       242     0       1     807   	383.74 
 31    6       243     0       1     797   	353.522
 31    6       244     0       1     812   	356.936
 31    6       245     0       1     807   	384.662
 31    6       246     0       1     801   	365.724
 31    6       247     0       1     805   	401.434
 31    6       248     0       1     807   	372.919
 31    6       249     0       1     805   	366.554
 31    6       250     0       1     810   	347.656
 31    6       251     0       1     806   	388.347
 31    6       252     0       1     802   	269.827
 31    6       253     0       1     805   	409.114
 31    6       254     0       1     810   	367.103
 31    6       255     0       1     808   	397.772
 31    6       256     0       1     804   	373.161
 31    6       257     0       1     802   	340.773
 31    6       258     0       1     811   	359.305
 31    6       259     0       1     807   	366.808
 31    6       260     0       1     802   	369.254
 31    6       261     0       1     809   	342.26 
 31    6       262     0       1     808   	367.911
 31    6       263     0       1     806   	343.065
 31    6       264     0       1     804   	397.918
 31    6       265     0       1     804   	341.735
 31    6       266     0       1     812   	373.385
 31    6       267     0       1     808   	370.028
 31    6       268     0       1     810   	339.501
 31    6       269     0       1     806   	386.245
 31    6       270     0       1     808   	350.06 
 31    6       271     0       1     808   	376.464
 31    6       272     0       1     805   	381.676
 31    6       273     0       1     815   	364.278
 31    6       274     0       1     807   	360.963
 31    6       275     0       1     814   	380.526
 31    6       276     0       1     807   	387.124
 31    6       277     0       1     807   	348.89 
 31    6       278     0       1     807   	366.966
 31    6       279     0       1     806   	376.093
 31    6       280     0       1     807   	376.583
 31    6       281     0       1     809   	356.596
 31    6       282     0       1     803   	349.118
 31    6       283     0       1     813   	353.866
 31    6       284     0       1     810   	324.834
 31    6       285     0       1     803   	366.67 
 31    6       286     0       1     807   	356.198
 31    6       287     0       1     812   	360.493
 31    6       288     0       1     772   	353.367
 31    6       289     0       1     764   	383.619
 31    6       290     0       1     767   	354.827
 31    6       291     0       1     766   	399.048
 31    6       292     0       1     766   	380.299
 31    6       293     0       1     762   	438.614
 31    6       294     0       1     760   	362.777
 31    6       295     0       1     764   	396.532
 31    6       296     0       1     766   	396.838
 31    6       297     0       1     766   	418.575
 31    6       298     0       1     770   	369.405
 31    6       299     0       1     764   	396.788
 31    6       300     0       1     755   	354.593
 31    6       301     0       1     762   	406.191
 31    6       302     0       1     761   	356.468
 31    6       303     0       1     761   	434.687
 31    6       304     0       1     764   	399.197
 31    6       305     0       1     765   	396.31 
 31    6       306     0       1     765   	377.869
 31    6       307     0       1     764   	387.386
 31    6       308     0       1     768   	364.062
 31    6       309     0       1     770   	383.424
 31    6       310     0       1     766   	389.6  
 31    6       311     0       1     768   	410.817
 31    6       312     0       1     759   	423.129
 31    6       313     0       1     764   	375.097
 31    6       314     0       1     767   	384.836
 31    6       315     0       1     768   	364.351
 31    6       316     0       1     768   	390.897
 31    6       317     0       1     769   	387.379
 31    6       318     0       1     773   	283.277
 31    6       319     0       1     766   	373.624
 31    6       320     0       1     807   	338.877
 31    6       321     0       1     814   	360.631
 31    6       322     0       1     818   	340.698
 31    6       323     0       1     815   	373.312
 31    6       324     0       1     812   	351.502
 31    6       325     0       1     814   	378.158
 31    6       326     0       1     814   	377.179
 31    6       327     0       1     823   	391.604
 31    6       328     0       1     818   	347.45 
 31    6       329     0       1     812   	371.658
 31    6       330     0       1     815   	381.197
 31    6       331     0       1     818   	383.908
 31    6       332     0       1     815   	362.941
 31    6       333     0       1     818   	377.955
 31    6       334     0       1     810   	329.812
 31    6       335     0       1     816   	366.356
 31    6       336     0       1     814   	395.738
 31    6       337     0       1     813   	361.571
 31    6       338     0       1     821   	377.182
 31    6       339     0       1     821   	357.497
 31    6       340     0       1     820   	398.715
 31    6       341     0       1     816   	363.101
 31    6       342     0       1     815   	375.861
 31    6       343     0       1     823   	375.911
 31    6       344     0       1     815   	403.946
 31    6       345     0       1     820   	359.479
 31    6       346     0       1     814   	409.555
 31    6       347     0       1     815   	389.309
 31    6       348     0       1     817   	359.313
 31    6       349     0       1     817   	382.794
 31    6       350     0       1     817   	356.697
 31    6       351     0       1     816   	403.608
 31    6       352     0       1     832   	359.712
 31    6       353     0       1     834   	423.253
 31    6       354     0       1     832   	356.339
 31    6       355     0       1     832   	376.184
 31    6       356     0       1     842   	353.471
 31    6       357     0       1     825   	386.321
 31    6       358     0       1     834   	357.831
 31    6       359     0       1     826   	372.995
 31    6       360     0       1     832   	364.447
 31    6       361     0       1     831   	333.475
 31    6       362     0       1     832   	389.075
 31    6       363     0       1     830   	358.788
 31    6       364     0       1     830   	405.638
 31    6       365     0       1     825   	359.231
 31    6       366     0       1     826   	369.128
 31    6       367     0       1     837   	338.382
 31    6       368     0       1     834   	345.211
 31    6       369     0       1     827   	367.344
 31    6       370     0       1     832   	364.951
 31    6       371     0       1     833   	364.463
 31    6       372     0       1     838   	390.033
 31    6       373     0       1     835   	361.578
 31    6       374     0       1     839   	250.	  
 31    6       375     0       1     837   	363.801
 31    6       376     0       1     837   	209.921
 31    6       377     0       1     831   	372.573
 31    6       378     0       1     838   	360.537
 31    6       379     0       1     828   	275.103
 31    6       380     0       1     835   	349.287
 31    6       381     0       1     832   	390.52 
 31    6       382     0       1     835   	50	  
 31    6       383     0       1     836   	342.911
 31    6       384     0       1     800   	273.947
 31    6       385     0       1     794   	500.	  
 31    6       386     0       1     798   	342.096
 31    6       387     0       1     807   	367.853
 31    6       388     0       1     802   	380.63 
 31    6       389     0       1     803   	394.209
 31    6       390     0       1     799   	348.705
 31    6       391     0       1     805   	363.803
 31    6       392     0       1     802   	334.972
 31    6       393     0       1     806   	389.782
 31    6       394     0       1     804   	374.498
 31    6       395     0       1     800   	366.06 
 31    6       396     0       1     799   	379.211
 31    6       397     0       1     805   	367.573
 31    6       398     0       1     801   	338.992
 31    6       399     0       1     808   	382.29 
 31    6       400     0       1     803   	358.636
 31    6       401     0       1     804   	372.646
 31    6       402     0       1     806   	362.546
 31    6       403     0       1     799   	369.752
 31    6       404     0       1     802   	371.862
 31    6       405     0       1     810   	358.975
 31    6       406     0       1     795   	409.239
 31    6       407     0       1     802   	397.525
 31    6       408     0       1     805   	333.346
 31    6       409     0       1     807   	374.304
 31    6       410     0       1     808   	352.314
 31    6       411     0       1     808   	401.215
 31    6       412     0       1     805   	357.871
 31    6       413     0       1     806   	354.638
 31    6       414     0       1     802   	367	  
 31    6       415     0       1     805   	376.385
 31    6       416     0       1     806   	345.153
 31    6       417     0       1     805   	397.524
 31    6       418     0       1     806   	360.557
 31    6       419     0       1     805   	400.587
 31    6       420     0       1     801   	368.673
 31    6       421     0       1     809   	370.383
 31    6       422     0       1     803   	346.04 
 31    6       423     0       1     808   	380.389
 31    6       424     0       1     801   	367.218
 31    6       425     0       1     803   	379.249
 31    6       426     0       1     811   	371.628
 31    6       427     0       1     808   	382.14 
 31    6       428     0       1     805   	377.632
 31    6       429     0       1     806   	368.197
 31    6       430     0       1     805   	334.888
 31    6       431     0       1     803   	354.579
 31    6       432     0       1     808   	373.857
 31    6       433     0       1     812   	376.587
 31    6       434     0       1     802   	363.5  
 31    6       435     0       1     808   	367.196
 31    6       436     0       1     807   	385.23 
 31    6       437     0       1     805   	363.716
 31    6       438     0       1     803   	390.18 
 31    6       439     0       1     813   	345.129
 31    6       440     0       1     801   	392.718
 31    6       441     0       1     805   	373.922
 31    6       442     0       1     814   	371.925
 31    6       443     0       1     805   	389.974
 31    6       444     0       1     811   	361.703
 31    6       445     0       1     804   	359.954
 31    6       446     0       1     805   	345.301
 31    6       447     0       1     807   	373.705
 31    6       448     0       1     796   	354.011
 31    6       449     0       1     793   	368.465
 31    6       450     0       1     793   	363.192
 31    6       451     0       1     793   	383.02 
 31    6       452     0       1     799   	352.63 
 31    6       453     0       1     791   	362.432
 31    6       454     0       1     800   	373.315
 31    6       455     0       1     798   	384.614
 31    6       456     0       1     799   	346.949
 31    6       457     0       1     789   	348.967
 31    6       458     0       1     797   	370.406
 31    6       459     0       1     802   	383.335
 31    6       460     0       1     799   	352.556
 31    6       461     0       1     789   	319.662
 31    6       462     0       1     802   	325.774
 31    6       463     0       1     793   	321.538
 31    6       464     0       1     794   	317.244
 31    6       465     0       1     793   	348.017
 31    6       466     0       1     799   	343.242
 31    6       467     0       1     800   	344.567
 31    6       468     0       1     795   	308.025
 31    6       469     0       1     794   	348.866
 31    6       470     0       1     792   	382.441
 31    6       471     0       1     797   	372.071
 31    6       472     0       1     794   	370.604
 31    6       473     0       1     796   	365.564
 31    6       474     0       1     800   	347.074
 31    6       475     0       1     794   	378.776
 31    6       476     0       1     802   	383.475
 31    6       477     0       1     803   	363.952
 31    6       478     0       1     790   	361.836
 31    6       479     0       1     799   	369.516
 31    6       480     0       1     791   	341.493
 31    6       481     0       1     790   	361.379
 31    6       482     0       1     786   	340.878
 31    6       483     0       1     799   	376.901
 31    6       484     0       1     794   	347.659
 31    6       485     0       1     794   	382.625
 31    6       486     0       1     787   	352.869
 31    6       487     0       1     793   	342.68 
 31    6       488     0       1     789   	366.767
 31    6       489     0       1     793   	361.31 
 31    6       490     0       1     792   	327.802
 31    6       491     0       1     787   	200.	  
 31    6       492     0       1     794   	299.079
 31    6       493     0       1     797   	341.511
 31    6       494     0       1     791   	331.108
 31    6       495     0       1     795   	358.043
 31    6       496     0       1     793   	365.496
 31    6       497     0       1     790   	348.328
 31    6       498     0       1     796   	332.305
 31    6       499     0       1     790   	336.228
 31    6       500     0       1     795   	356.162
 31    6       501     0       1     798   	341.619
 31    6       502     0       1     793   	344.347
 31    6       503     0       1     797   	370.032
 31    6       504     0       1     796   	356.885
 31    6       505     0       1     794   	328.868
 31    6       506     0       1     785   	352.01 
 31    6       507     0       1     790   	354.014
 31    6       508     0       1     791   	363.115
 31    6       509     0       1     800   	324.575
 31    6       510     0       1     791   	339.051
 31    6       511     0       1     795   	331.717
 31    6       512     0       1     770   	327.023
 31    6       513     0       1     771   	341.738
 31    6       514     0       1     765   	388.474
 31    6       515     0       1     764   	343.354
 31    6       516     0       1     762   	328.455
 31    6       517     0       1     765   	262.881
 31    6       518     0       1     771   	360.568
 31    6       519     0       1     772   	348.241
 31    6       520     0       1     769   	335.062
 31    6       521     0       1     764   	338.239
 31    6       522     0       1     771   	342.415
 31    6       523     0       1     772   	326.012
 31    6       524     0       1     773   	352.817
 31    6       525     0       1     768   	344.449
 31    6       526     0       1     771   	323.861
 31    6       527     0       1     766   	326.561
 31    6       528     0       1     765   	292.518
 31    6       529     0       1     762   	358.789
 31    6       530     0       1     758   	338.629
 31    6       531     0       1     770   	344.565
 31    6       532     0       1     771   	355.441
 31    6       533     0       1     771   	365.568
 31    6       534     0       1     775   	361.403
 31    6       535     0       1     774   	301.017
 31    6       536     0       1     767   	356.919
 31    6       537     0       1     773   	320.318
#PHI4					    	       
 31    7       0       0       1     785   	420.	  
 31    7       1       0       1     790   	414.036
 31    7       2       0       1     782   	380.201
 31    7       3       0       1     785   	370.694
 31    7       4       0       1     788   	394.025
 31    7       5       0       1     789   	403.713
 31    7       6       0       1     785   	380.455
 31    7       7       0       1     787   	401.54 
 31    7       8       0       1     784   	396.612
 31    7       9       0       1     781   	420.	  
 31    7       10      0       1     788   	382.568
 31    7       11      0       1     789   	383.259
 31    7       12      0       1     792   	395.824
 31    7       13      0       1     785   	389.847
 31    7       14      0       1     782   	412.765
 31    7       15      0       1     781   	390.197
 31    7       16      0       1     788   	370.281
 31    7       17      0       1     787   	417.082
 31    7       18      0       1     782   	410.725
 31    7       19      0       1     784   	338.061
 31    7       20      0       1     784   	442.947
 31    7       21      0       1     781   	436.811
 31    7       22      0       1     789   	262.786
 31    7       23      0       1     781   	460.	  
 31    7       24      0       1     785   	416.24 
 31    7       25      0       1     789   	450.	  
 31    7       26      0       1     780   	252.105
 31    7       27      0       1     783   	450.	  
 31    7       28      0       1     783   	298.822
 31    7       29      0       1     789   	464.94 
 31    7       30      0       1     792   	408.77 
 31    7       31      0       1     788   	430.645
 31    7       32      0       1     776   	460.	  
 31    7       33      0       1     778   	217.002
 31    7       34      0       1     780   	427.799
 31    7       35      0       1     779   	550.	  
 31    7       36      0       1     776   	416.862
 31    7       37      0       1     781   	396.426
 31    7       38      0       1     779   	413.19 
 31    7       39      0       1     777   	391.464
 31    7       40      0       1     781   	460.	  
 31    7       41      0       1     774   	400.747
 31    7       42      0       1     778   	421.47 
 31    7       43      0       1     777   	397.741
 31    7       44      0       1     779   	365.629
 31    7       45      0       1     781   	372.319
 31    7       46      0       1     789   	377.67 
 31    7       47      0       1     785   	394.47 
 31    7       48      0       1     778   	365.969
 31    7       49      0       1     779   	409.856
 31    7       50      0       1     781   	381.064
 31    7       51      0       1     783   	388.925
 31    7       52      0       1     777   	490.	  
 31    7       53      0       1     783   	431.537
 31    7       54      0       1     784   	431.649
 31    7       55      0       1     778   	395.201
 31    7       56      0       1     781   	409.264
 31    7       57      0       1     787   	416.29 
 31    7       58      0       1     781   	366.009
 31    7       59      0       1     777   	391.01 
 31    7       60      0       1     773   	424.609
 31    7       61      0       1     783   	394.089
 31    7       62      0       1     769   	421.585
 31    7       63      0       1     776   	410.	  
 31    7       64      0       1     805   	404.654
 31    7       65      0       1     816   	384.722
 31    7       66      0       1     804   	382.874
 31    7       67      0       1     807   	393.87 
 31    7       68      0       1     816   	402.395
 31    7       69      0       1     810   	400.073
 31    7       70      0       1     809   	392.228
 31    7       71      0       1     814   	385.797
 31    7       72      0       1     809   	400.	  
 31    7       73      0       1     803   	410.	  
 31    7       74      0       1     812   	372.263
 31    7       75      0       1     809   	410.109
 31    7       76      0       1     812   	391.576
 31    7       77      0       1     811   	397.084
 31    7       78      0       1     811   	378.316
 31    7       79      0       1     807   	397.885
 31    7       80      0       1     807   	430.	  
 31    7       81      0       1     804   	402.315
 31    7       82      0       1     809   	405.804
 31    7       83      0       1     804   	396.315
 31    7       84      0       1     807   	389.822
 31    7       85      0       1     816   	402.543
 31    7       86      0       1     808   	412.348
 31    7       87      0       1     808   	393.077
 31    7       88      0       1     815   	437.939
 31    7       89      0       1     810   	150	  
 31    7       90      0       1     802   	414.56 
 31    7       91      0       1     809   	389.255
 31    7       92      0       1     815   	379.337
 31    7       93      0       1     810   	50	  
 31    7       94      0       1     805   	386.33 
 31    7       95      0       1     815   	315.638
 31    7       96      0       1     803   	403.017
 31    7       97      0       1     801   	378.933
 31    7       98      0       1     810   	399.155
 31    7       99      0       1     801   	399.111
 31    7       100     0       1     798   	392.507
 31    7       101     0       1     798   	398.767
 31    7       102     0       1     804   	407.342
 31    7       103     0       1     801   	391.101
 31    7       104     0       1     805   	401.443
 31    7       105     0       1     804   	393.491
 31    7       106     0       1     803   	395.006
 31    7       107     0       1     804   	392.671
 31    7       108     0       1     800   	431.688
 31    7       109     0       1     798   	388.569
 31    7       110     0       1     803   	439.606
 31    7       111     0       1     803   	396.38 
 31    7       112     0       1     804   	433.252
 31    7       113     0       1     796   	427.823
 31    7       114     0       1     793   	397.024
 31    7       115     0       1     803   	388.562
 31    7       116     0       1     798   	430.	  
 31    7       117     0       1     808   	451.391
 31    7       118     0       1     798   	399.074
 31    7       119     0       1     805   	430.305
 31    7       120     0       1     802   	440.	  
 31    7       121     0       1     803   	470.	  
 31    7       122     0       1     799   	418.374
 31    7       123     0       1     795   	420.578
 31    7       124     0       1     800   	419.049
 31    7       125     0       1     802   	426.9  
 31    7       126     0       1     798   	442.034
 31    7       127     0       1     800   	386.638
 31    7       128     0       1     829   	410.039
 31    7       129     0       1     838   	399.896
 31    7       130     0       1     832   	396.631
 31    7       131     0       1     832   	376.666
 31    7       132     0       1     831   	410.651
 31    7       133     0       1     835   	410.	  
 31    7       134     0       1     824   	386.529
 31    7       135     0       1     832   	420.	  
 31    7       136     0       1     833   	427.724
 31    7       137     0       1     830   	397.058
 31    7       138     0       1     825   	387.405
 31    7       139     0       1     835   	373.2  
 31    7       140     0       1     834   	403.992
 31    7       141     0       1     828   	393.353
 31    7       142     0       1     829   	410.	  
 31    7       143     0       1     823   	390.07 
 31    7       144     0       1     834   	397.809
 31    7       145     0       1     832   	392.572
 31    7       146     0       1     824   	420.	  
 31    7       147     0       1     825   	395.533
 31    7       148     0       1     831   	446.156
 31    7       149     0       1     828   	372.282
 31    7       150     0       1     833   	374.06 
 31    7       151     0       1     832   	417.825
 31    7       152     0       1     829   	411.89 
 31    7       153     0       1     834   	375.085
 31    7       154     0       1     829   	400.	  
 31    7       155     0       1     829   	400.	  
 31    7       156     0       1     834   	400.	  
 31    7       157     0       1     829   	383.987
 31    7       158     0       1     824   	390.	  
 31    7       159     0       1     833   	470.	  
 31    7       160     0       1     796   	397.152
 31    7       161     0       1     788   	402.954
 31    7       162     0       1     789   	402.113
 31    7       163     0       1     789   	394.388
 31    7       164     0       1     787   	413.139
 31    7       165     0       1     784   	411.013
 31    7       166     0       1     792   	379.881
 31    7       167     0       1     790   	400.768
 31    7       168     0       1     789   	377.928
 31    7       169     0       1     793   	460.	  
 31    7       170     0       1     789   	388.379
 31    7       171     0       1     789   	391.716
 31    7       172     0       1     788   	377.855
 31    7       173     0       1     788   	405.854
 31    7       174     0       1     789   	413.639
 31    7       175     0       1     796   	449.806
 31    7       176     0       1     788   	372.546
 31    7       177     0       1     786   	402.391
 31    7       178     0       1     787   	411.357
 31    7       179     0       1     782   	383.847
 31    7       180     0       1     788   	392.584
 31    7       181     0       1     790   	389.777
 31    7       182     0       1     784   	387.508
 31    7       183     0       1     788   	358.059
 31    7       184     0       1     788   	419.704
 31    7       185     0       1     790   	396.276
 31    7       186     0       1     790   	380.	  
 31    7       187     0       1     788   	380.	  
 31    7       188     0       1     796   	396.867
 31    7       189     0       1     788   	380.	  
 31    7       190     0       1     788   	298.758
 31    7       191     0       1     788   	310.5  
 31    7       192     0       1     780   	390.003
 31    7       193     0       1     783   	371.255
 31    7       194     0       1     784   	387.901
 31    7       195     0       1     780   	388.684
 31    7       196     0       1     778   	356.587
 31    7       197     0       1     774   	309.805
 31    7       198     0       1     780   	389.229
 31    7       199     0       1     772   	387.078
 31    7       200     0       1     783   	398.635
 31    7       201     0       1     776   	391.999
 31    7       202     0       1     780   	377.611
 31    7       203     0       1     780   	398.602
 31    7       204     0       1     783   	367.576
 31    7       205     0       1     785   	363.06 
 31    7       206     0       1     782   	373.545
 31    7       207     0       1     776   	377.574
 31    7       208     0       1     782   	370.3  
 31    7       209     0       1     776   	365.812
 31    7       210     0       1     781   	381.422
 31    7       211     0       1     777   	376.615
 31    7       212     0       1     781   	373.773
 31    7       213     0       1     782   	377.524
 31    7       214     0       1     780   	404.152
 31    7       215     0       1     778   	383.075
 31    7       216     0       1     774   	381.051
 31    7       217     0       1     781   	400.911
 31    7       218     0       1     775   	395.605
 31    7       219     0       1     775   	386.989
 31    7       220     0       1     786   	391.346
 31    7       221     0       1     782   	393.272
 31    7       222     0       1     784   	381.793
 31    7       223     0       1     774   	376.385
 31    7       224     0       1     825   	349.613
 31    7       225     0       1     814   	350.417
 31    7       226     0       1     817   	344.795
 31    7       227     0       1     822   	348.543
 31    7       228     0       1     817   	355.754
 31    7       229     0       1     814   	355.272
 31    7       230     0       1     815   	331.979
 31    7       231     0       1     814   	349.816
 31    7       232     0       1     817   	369.908
 31    7       233     0       1     823   	353.582
 31    7       234     0       1     822   	311.942
 31    7       235     0       1     813   	347.506
 31    7       236     0       1     810   	355.456
 31    7       237     0       1     820   	374.417
 31    7       238     0       1     813   	375.443
 31    7       239     0       1     816   	282.26 
 31    7       240     0       1     812   	360.314
 31    7       241     0       1     817   	355.515
 31    7       242     0       1     823   	370.824
 31    7       243     0       1     828   	335.306
 31    7       244     0       1     818   	356.604
 31    7       245     0       1     817   	313.727
 31    7       246     0       1     824   	353.675
 31    7       247     0       1     814   	357.587
 31    7       248     0       1     820   	365.65 
 31    7       249     0       1     823   	336.462
 31    7       250     0       1     821   	379.159
 31    7       251     0       1     820   	363.289
 31    7       252     0       1     818   	398.353
 31    7       253     0       1     818   	339.504
 31    7       254     0       1     817   	365.103
 31    7       255     0       1     821   	322.205
 31    7       256     0       1     768   	390.068
 31    7       257     0       1     769   	368.984
 31    7       258     0       1     772   	382.086
 31    7       259     0       1     772   	381.566
 31    7       260     0       1     766   	360.585
 31    7       261     0       1     771   	356.09 
 31    7       262     0       1     768   	369.112
 31    7       263     0       1     768   	267.157
 31    7       264     0       1     773   	343.792
 31    7       265     0       1     779   	359.35 
 31    7       266     0       1     774   	351.404
 31    7       267     0       1     773   	575.872
 31    7       268     0       1     775   	343.59 
 31    7       269     0       1     781   	347.244
 31    7       270     0       1     770   	340.606
 31    7       271     0       1     771   	357.605
 31    7       272     0       1     775   	365.582
 31    7       273     0       1     769   	376.608
 31    7       274     0       1     773   	401.837
 31    7       275     0       1     773   	380.217
 31    7       276     0       1     769   	377.414
 31    7       277     0       1     773   	357.45 
 31    7       278     0       1     773   	404.606
 31    7       279     0       1     767   	391.459
 31    7       280     0       1     765   	369.612
 31    7       281     0       1     772   	371.866
 31    7       282     0       1     766   	397.66 
 31    7       283     0       1     771   	372.072
 31    7       284     0       1     768   	390.001
 31    7       285     0       1     775   	355.252
 31    7       286     0       1     776   	369.006
 31    7       287     0       1     772   	326.255
 31    7       288     0       1     806   	396.376
 31    7       289     0       1     800   	374.149
 31    7       290     0       1     815   	357.238
 31    7       291     0       1     803   	372.382
 31    7       292     0       1     812   	370.622
 31    7       293     0       1     807   	415.138
 31    7       294     0       1     815   	353.207
 31    7       295     0       1     804   	390.503
 31    7       296     0       1     808   	368.611
 31    7       297     0       1     805   	368.963
 31    7       298     0       1     811   	357.054
 31    7       299     0       1     812   	370.	  
 31    7       300     0       1     809   	380.	  
 31    7       301     0       1     813   	398.638
 31    7       302     0       1     809   	362.312
 31    7       303     0       1     812   	365.13 
 31    7       304     0       1     809   	386.479
 31    7       305     0       1     812   	409.261
 31    7       306     0       1     812   	403.809
 31    7       307     0       1     815   	377.179
 31    7       308     0       1     817   	397.602
 31    7       309     0       1     808   	418.09 
 31    7       310     0       1     802   	379.016
 31    7       311     0       1     803   	406.388
 31    7       312     0       1     812   	394.945
 31    7       313     0       1     809   	399.984
 31    7       314     0       1     813   	390.753
 31    7       315     0       1     814   	375.971
 31    7       316     0       1     809   	405.991
 31    7       317     0       1     808   	412.186
 31    7       318     0       1     813   	410.685
 31    7       319     0       1     814   	388.84 
 31    7       320     0       1     817   	414.739
 31    7       321     0       1     810   	420.454
 31    7       322     0       1     812   	415.423
 31    7       323     0       1     810   	401.647
 31    7       324     0       1     813   	403.53 
 31    7       325     0       1     810   	390.159
 31    7       326     0       1     810   	401.517
 31    7       327     0       1     818   	394.69 
 31    7       328     0       1     811   	419.386
 31    7       329     0       1     810   	424.878
 31    7       330     0       1     812   	410.07 
 31    7       331     0       1     816   	431.651
 31    7       332     0       1     815   	386.705
 31    7       333     0       1     815   	418.783
 31    7       334     0       1     811   	390.026
 31    7       335     0       1     814   	408.475
 31    7       336     0       1     812   	404.5  
 31    7       337     0       1     812   	458.518
 31    7       338     0       1     815   	434.674
 31    7       339     0       1     809   	396.327
 31    7       340     0       1     812   	401.713
 31    7       341     0       1     805   	437.905
 31    7       342     0       1     811   	440.097
 31    7       343     0       1     812   	379.242
 31    7       344     0       1     815   	396.417
 31    7       345     0       1     817   	393.778
 31    7       346     0       1     818   	405.908
 31    7       347     0       1     812   	406.531
 31    7       348     0       1     817   	391.173
 31    7       349     0       1     809   	383.881
 31    7       350     0       1     807   	285.966
 31    7       351     0       1     813   	406.703
 31    7       352     0       1     810   	419.271
 31    7       353     0       1     805   	401.269
 31    7       354     0       1     811   	372.42 
 31    7       355     0       1     810   	396.36 
 31    7       356     0       1     806   	389.913
 31    7       357     0       1     804   	406.624
 31    7       358     0       1     805   	410.261
 31    7       359     0       1     811   	424.588
 31    7       360     0       1     808   	405.668
 31    7       361     0       1     809   	395.213
 31    7       362     0       1     804   	385.184
 31    7       363     0       1     809   	416.449
 31    7       364     0       1     812   	385.674
 31    7       365     0       1     810   	408.269
 31    7       366     0       1     810   	377.083
 31    7       367     0       1     814   	421.421
 31    7       368     0       1     806   	376.671
 31    7       369     0       1     808   	377.959
 31    7       370     0       1     813   	394.531
 31    7       371     0       1     809   	358.759
 31    7       372     0       1     810   	419.726
 31    7       373     0       1     804   	394.688
 31    7       374     0       1     805   	387.766
 31    7       375     0       1     806   	409.28 
 31    7       376     0       1     808   	411.077
 31    7       377     0       1     812   	407.207
 31    7       378     0       1     806   	409.983
 31    7       379     0       1     808   	409.551
 31    7       380     0       1     811   	365.194
 31    7       381     0       1     804   	361.645
 31    7       382     0       1     799   	397.746
 31    7       383     0       1     803   	373.437
 31    7       384     0       1     793   	423.438
 31    7       385     0       1     788   	429.419
 31    7       386     0       1     786   	480.	  
 31    7       387     0       1     786   	460.	  
 31    7       388     0       1     790   	437.941
 31    7       389     0       1     790   	409.63 
 31    7       390     0       1     788   	469.111
 31    7       391     0       1     793   	425.315
 31    7       392     0       1     790   	440.929
 31    7       393     0       1     785   	415.598
 31    7       394     0       1     783   	438.969
 31    7       395     0       1     785   	421.698
 31    7       396     0       1     786   	500.	  
 31    7       397     0       1     786   	407.768
 31    7       398     0       1     789   	460.	  
 31    7       399     0       1     790   	425.83 
 31    7       400     0       1     782   	520.	  
 31    7       401     0       1     785   	444.525
 31    7       402     0       1     785   	473.494
 31    7       403     0       1     786   	470.	  
 31    7       404     0       1     789   	460.	  
 31    7       405     0       1     786   	439.922
 31    7       406     0       1     786   	520.	  
 31    7       407     0       1     789   	438.443
 31    7       408     0       1     784   	426.335
 31    7       409     0       1     788   	450.	  
 31    7       410     0       1     786   	470.	  
 31    7       411     0       1     784   	420.	  
 31    7       412     0       1     786   	540.	  
 31    7       413     0       1     790   	406.144
 31    7       414     0       1     785   	444.547
 31    7       415     0       1     785   	418.63 
 31    7       416     0       1     783   	462.872
 31    7       417     0       1     786   	434.111
 31    7       418     0       1     789   	470.	  
 31    7       419     0       1     783   	450.	  
 31    7       420     0       1     789   	408.827
 31    7       421     0       1     792   	416.794
 31    7       422     0       1     788   	425.242
 31    7       423     0       1     787   	456.556
 31    7       424     0       1     787   	460.	  
 31    7       425     0       1     786   	462.642
 31    7       426     0       1     780   	448.063
 31    7       427     0       1     788   	470.417
 31    7       428     0       1     791   	490.	  
 31    7       429     0       1     784   	443.988
 31    7       430     0       1     795   	470.728
 31    7       431     0       1     789   	50	  
 31    7       432     0       1     788   	404.03 
 31    7       433     0       1     787   	433.911
 31    7       434     0       1     787   	480.	  
 31    7       435     0       1     786   	480.	  
 31    7       436     0       1     787   	418.953
 31    7       437     0       1     785   	436.588
 31    7       438     0       1     789   	418.2  
 31    7       439     0       1     790   	411.844
 31    7       440     0       1     787   	450.	  
 31    7       441     0       1     790   	454.049
 31    7       442     0       1     783   	422.844
 31    7       443     0       1     786   	422.118
 31    7       444     0       1     788   	492.011
 31    7       445     0       1     787   	421.944
 31    7       446     0       1     781   	443.769
 31    7       447     0       1     793   	560.	  
 31    7       448     0       1     834   	417.266
 31    7       449     0       1     838   	480.	  
 31    7       450     0       1     838   	490.	  
 31    7       451     0       1     832   	410.	  
 31    7       452     0       1     834   	417.091
 31    7       453     0       1     833   	480.	  
 31    7       454     0       1     839   	440.454
 31    7       455     0       1     835   	438.322
 31    7       456     0       1     838   	445.296
 31    7       457     0       1     844   	445.505
 31    7       458     0       1     838   	421.763
 31    7       459     0       1     839   	431.241
 31    7       460     0       1     829   	449.92 
 31    7       461     0       1     837   	439.072
 31    7       462     0       1     830   	409.569
 31    7       463     0       1     832   	414.825
 31    7       464     0       1     839   	435.081
 31    7       465     0       1     837   	402.282
 31    7       466     0       1     843   	432.332
 31    7       467     0       1     841   	461.606
 31    7       468     0       1     836   	416.335
 31    7       469     0       1     833   	440.832
 31    7       470     0       1     830   	441.95 
 31    7       471     0       1     832   	433.243
 31    7       472     0       1     832   	434.013
 31    7       473     0       1     834   	436.385
 31    7       474     0       1     836   	500.	  
 31    7       475     0       1     836   	450.	  
 31    7       476     0       1     837   	417.188
 31    7       477     0       1     839   	460.	  
 31    7       478     0       1     833   	414.051
 31    7       479     0       1     835   	450.	  
 31    7       480     0       1     810   	423.241
 31    7       481     0       1     800   	447.799
 31    7       482     0       1     806   	395.513
 31    7       483     0       1     807   	500.	  
 31    7       484     0       1     807   	480.	  
 31    7       485     0       1     803   	441.58 
 31    7       486     0       1     803   	500.	  
 31    7       487     0       1     802   	480.	  
 31    7       488     0       1     810   	460.	  
 31    7       489     0       1     803   	460.854
 31    7       490     0       1     806   	444.754
 31    7       491     0       1     809   	470.	  
 31    7       492     0       1     813   	397.17 
 31    7       493     0       1     803   	428.16 
 31    7       494     0       1     809   	406.729
 31    7       495     0       1     805   	420.381
 31    7       496     0       1     807   	400.884
 31    7       497     0       1     803   	437.62 
 31    7       498     0       1     794   	396.548
 31    7       499     0       1     806   	406.843
 31    7       500     0       1     809   	468.907
 31    7       501     0       1     806   	405.106
 31    7       502     0       1     801   	413.437
 31    7       503     0       1     811   	463.824
 31    7       504     0       1     810   	402.176
 31    7       505     0       1     800   	418.115
 31    7       506     0       1     808   	411.598
 31    7       507     0       1     804   	438.398
 31    7       508     0       1     800   	417.735
 31    7       509     0       1     807   	438.042
 31    7       510     0       1     811   	412.634
 31    7       511     0       1     807   	449.083
 31    7       512     0       1     807   	399.024
 31    7       513     0       1     807   	430.451
 31    7       514     0       1     808   	419.136
 31    7       515     0       1     805   	432.932
 31    7       516     0       1     811   	414.55 
 31    7       517     0       1     805   	387.226
 31    7       518     0       1     803   	500.	  
 31    7       519     0       1     802   	423.326
 31    7       520     0       1     804   	413.829
 31    7       521     0       1     807   	427.798
 31    7       522     0       1     803   	441.861
 31    7       523     0       1     806   	416.622
 31    7       524     0       1     809   	400.	  
 31    7       525     0       1     806   	470.	  
 31    7       526     0       1     801   	391.524
 31    7       527     0       1     800   	433.667
 31    7       528     0       1     800   	405.068
 31    7       529     0       1     807   	466.424
 31    7       530     0       1     811   	422.392
 31    7       531     0       1     799   	428.663
 31    7       532     0       1     799   	420.	  
 31    7       533     0       1     806   	432.592
 31    7       534     0       1     804   	447.525
 31    7       535     0       1     806   	423.102
 31    7       536     0       1     805   	410.735
 31    7       537     0       1     800   	441.746
 31    7       538     0       1     805   	410.296
 31    7       539     0       1     806   	481.982
 31    7       540     0       1     802   	416.139
 31    7       541     0       1     808   	407.315
 31    7       542     0       1     805   	411.393
 31    7       543     0       1     809   	408.398
 31    7       544     0       1     817   	418.984
 31    7       545     0       1     819   	427.139
 31    7       546     0       1     830   	389.12 
 31    7       547     0       1     825   	396.833
 31    7       548     0       1     820   	380.97 
 31    7       549     0       1     828   	396.948
 31    7       550     0       1     826   	379.134
 31    7       551     0       1     824   	435.876
 31    7       552     0       1     830   	384.968
 31    7       553     0       1     820   	402.032
 31    7       554     0       1     828   	418.138
 31    7       555     0       1     823   	398.587
 31    7       556     0       1     824   	374.774
 31    7       557     0       1     835   	390.116
 31    7       558     0       1     826   	382.424
 31    7       559     0       1     824   	408.629
 31    7       560     0       1     825   	377.201
 31    7       561     0       1     823   	387.689
 31    7       562     0       1     820   	399.75 
 31    7       563     0       1     828   	410.924
 31    7       564     0       1     828   	401.529
 31    7       565     0       1     827   	382.313
 31    7       566     0       1     821   	393.181
 31    7       567     0       1     827   	383.176
 31    7       568     0       1     823   	374.765
 31    7       569     0       1     826   	404.469
 31    7       570     0       1     820   	372.717
 31    7       571     0       1     824   	429.453
 31    7       572     0       1     822   	449.91 
 31    7       573     0       1     826   	375.15 
 31    7       574     0       1     814   	431.608
 31    7       575     0       1     834   	404.415
 31    7       576     0       1     797   	413.929
 31    7       577     0       1     797   	376.773
 31    7       578     0       1     794   	375.065
 31    7       579     0       1     794   	371.32 
 31    7       580     0       1     798   	391.353
 31    7       581     0       1     802   	380.779
 31    7       582     0       1     789   	358.862
 31    7       583     0       1     796   	405.623
 31    7       584     0       1     805   	415.74 
 31    7       585     0       1     798   	500.	  
 31    7       586     0       1     795   	395.891
 31    7       587     0       1     794   	362.04 
 31    7       588     0       1     802   	373.105
 31    7       589     0       1     799   	388.319
 31    7       590     0       1     795   	374.775
 31    7       591     0       1     797   	400.	  
 31    7       592     0       1     797   	392.408
 31    7       593     0       1     798   	392.056
 31    7       594     0       1     793   	385.915
 31    7       595     0       1     797   	383.286
 31    7       596     0       1     793   	428.127
 31    7       597     0       1     797   	384.357
 31    7       598     0       1     789   	374	  
 31    7       599     0       1     794   	395.611
 31    7       600     0       1     796   	404.707
 31    7       601     0       1     795   	396.945
 31    7       602     0       1     799   	413.443
 31    7       603     0       1     797   	382.056
 31    7       604     0       1     797   	326.402
 31    7       605     0       1     797   	386.941
 31    7       606     0       1     796   	470.	  
 31    7       607     0       1     797   	350.228
 31    7       608     0       1     770   	374.831
 31    7       609     0       1     771   	383.558
 31    7       610     0       1     778   	389.487
 31    7       611     0       1     775   	391.618
 31    7       612     0       1     769   	412.275
 31    7       613     0       1     771   	395.426
 31    7       614     0       1     776   	411.971
 31    7       615     0       1     770   	435.439
 31    7       616     0       1     760   	406.448
 31    7       617     0       1     770   	431.903
 31    7       618     0       1     770   	363.462
 31    7       619     0       1     772   	403.932
 31    7       620     0       1     766   	366.472
 31    7       621     0       1     770   	372.498
 31    7       622     0       1     770   	384.805
 31    7       623     0       1     765   	365.962
 31    7       624     0       1     769   	404.773
 31    7       625     0       1     770   	389.182
 31    7       626     0       1     764   	401.879
 31    7       627     0       1     769   	375.997
 31    7       628     0       1     765   	397.609
 31    7       629     0       1     766   	397.016
 31    7       630     0       1     771   	404.277
 31    7       631     0       1     770   	384.018
 31    7       632     0       1     773   	402.737
 31    7       633     0       1     773   	412.78 
 31    7       634     0       1     773   	394.084
 31    7       635     0       1     765   	389.454
 31    7       636     0       1     776   	411.052
 31    7       637     0       1     770   	399.178
 31    7       638     0       1     766   	409.437
 31    7       639     0       1     767   	374.929
 31    7       640     0       1     810   	355.046
 31    7       641     0       1     804   	370.	  
 31    7       642     0       1     805   	370.	  
 31    7       643     0       1     810   	370.	  
 31    7       644     0       1     808   	383.076
 31    7       645     0       1     802   	350.	  
 31    7       646     0       1     808   	401.783
 31    7       647     0       1     813   	400.	  
 31    7       648     0       1     809   	395.804
 31    7       649     0       1     803   	372.554
 31    7       650     0       1     806   	378.158
 31    7       651     0       1     810   	424.346
 31    7       652     0       1     804   	383.045
 31    7       653     0       1     807   	397.747
 31    7       654     0       1     805   	348.492
 31    7       655     0       1     802   	364.033
 31    7       656     0       1     808   	365.519
 31    7       657     0       1     800   	386.15 
 31    7       658     0       1     808   	435.139
 31    7       659     0       1     806   	379.174
 31    7       660     0       1     802   	372.758
 31    7       661     0       1     804   	364.483
 31    7       662     0       1     806   	414.488
 31    7       663     0       1     805   	374.909
 31    7       664     0       1     805   	391.769
 31    7       665     0       1     804   	389.767
 31    7       666     0       1     805   	394.317
 31    7       667     0       1     805   	377.014
 31    7       668     0       1     813   	372.014
 31    7       669     0       1     807   	362.442
 31    7       670     0       1     806   	393.496
 31    7       671     0       1     799   	344.353
 31    7       672     0       1     804   	371.132
 31    7       673     0       1     796   	367.422
 31    7       674     0       1     805   	374.545
 31    7       675     0       1     801   	364.427
 31    7       676     0       1     803   	377.708
 31    7       677     0       1     799   	398.175
 31    7       678     0       1     797   	368.578
 31    7       679     0       1     794   	417.038
 31    7       680     0       1     794   	407.504
 31    7       681     0       1     799   	400.811
 31    7       682     0       1     803   	373.33 
 31    7       683     0       1     800   	379.88 
 31    7       684     0       1     802   	391.454
 31    7       685     0       1     799   	367.652
 31    7       686     0       1     801   	377.011
 31    7       687     0       1     801   	455.07 
 31    7       688     0       1     791   	399.143
 31    7       689     0       1     799   	399.264
 31    7       690     0       1     801   	379.625
 31    7       691     0       1     800   	395.288
 31    7       692     0       1     803   	363.951
 31    7       693     0       1     802   	380.151
 31    7       694     0       1     797   	356.841
 31    7       695     0       1     799   	387.419
 31    7       696     0       1     801   	363.881
 31    7       697     0       1     799   	333.668
 31    7       698     0       1     797   	393.779
 31    7       699     0       1     800   	354.13 
 31    7       700     0       1     799   	373.845
 31    7       701     0       1     803   	293.714
 31    7       702     0       1     793   	397.258
 31    7       703     0       1     795   	500.	  
 31    7       704     0       1     817   	401.188
 31    7       705     0       1     808   	380.048
 31    7       706     0       1     815   	420.	  
 31    7       707     0       1     810   	380.373
 31    7       708     0       1     804   	385.278
 31    7       709     0       1     806   	390.557
 31    7       710     0       1     809   	380.818
 31    7       711     0       1     812   	364.651
 31    7       712     0       1     809   	400.264
 31    7       713     0       1     806   	399.846
 31    7       714     0       1     807   	407.923
 31    7       715     0       1     808   	382.941
 31    7       716     0       1     813   	367.795
 31    7       717     0       1     810   	361.491
 31    7       718     0       1     811   	387.577
 31    7       719     0       1     812   	411.932
 31    7       720     0       1     809   	410.	  
 31    7       721     0       1     807   	351.7  
 31    7       722     0       1     810   	359.417
 31    7       723     0       1     814   	352.902
 31    7       724     0       1     810   	380.637
 31    7       725     0       1     808   	673.466
 31    7       726     0       1     805   	379.022
 31    7       727     0       1     810   	377.113
 31    7       728     0       1     808   	400.	  
 31    7       729     0       1     814   	359.69 
 31    7       730     0       1     811   	372.484
 31    7       731     0       1     811   	370.223
 31    7       732     0       1     813   	417.738
 31    7       733     0       1     801   	398.085
 31    7       734     0       1     818   	443.939
 31    7       735     0       1     813   	388.182
 31    7       736     0       1     774   	373.276
 31    7       737     0       1     762   	373.677
 31    7       738     0       1     770   	404.247
 31    7       739     0       1     773   	376.83 
 31    7       740     0       1     758   	385.415
 31    7       741     0       1     765   	382.97 
 31    7       742     0       1     767   	372.027
 31    7       743     0       1     764   	419.002
 31    7       744     0       1     770   	388.78 
 31    7       745     0       1     769   	357.833
 31    7       746     0       1     768   	374.454
 31    7       747     0       1     772   	386.599
 31    7       748     0       1     773   	376.048
 31    7       749     0       1     772   	389.174
 31    7       750     0       1     776   	375.971
 31    7       751     0       1     764   	410.419
 31    7       752     0       1     770   	359.179
 31    7       753     0       1     763   	376.94 
 31    7       754     0       1     763   	359.113
 31    7       755     0       1     768   	367.319
 31    7       756     0       1     768   	327.425
 31    7       757     0       1     766   	324.967
 31    7       758     0       1     771   	380.	  
 31    7       759     0       1     763   	375.786
 31    7       760     0       1     770   	375.26 
 31    7       761     0       1     769   	369.049
 31    7       762     0       1     767   	357.86 
 31    7       763     0       1     770   	385.847
 31    7       764     0       1     758   	370.26 
 31    7       765     0       1     764   	369.686
 31    7       766     0       1     768   	373.069
 31    7       767     0       1     766   	500.	  
 31    7       768     0       1     832   	401.974
 31    7       769     0       1     832   	380.491
 31    7       770     0       1     828   	422.642
 31    7       771     0       1     838   	398.677
 31    7       772     0       1     833   	400.208
 31    7       773     0       1     829   	391.319
 31    7       774     0       1     822   	399.357
 31    7       775     0       1     829   	410.148
 31    7       776     0       1     824   	439.352
 31    7       777     0       1     824   	403.898
 31    7       778     0       1     824   	386.716
 31    7       779     0       1     827   	375.141
 31    7       780     0       1     830   	425.074
 31    7       781     0       1     833   	383.866
 31    7       782     0       1     835   	445.265
 31    7       783     0       1     831   	520.	  
 31    7       784     0       1     837   	373.955
 31    7       785     0       1     822   	396.005
 31    7       786     0       1     832   	376.658
 31    7       787     0       1     829   	396.518
 31    7       788     0       1     833   	391.067
 31    7       789     0       1     825   	397.892
 31    7       790     0       1     822   	404.077
 31    7       791     0       1     827   	398.535
 31    7       792     0       1     834   	393.901
 31    7       793     0       1     831   	412.15 
 31    7       794     0       1     824   	363.502
 31    7       795     0       1     830   	386.33 
 31    7       796     0       1     826   	411.8  
 31    7       797     0       1     832   	393.317
 31    7       798     0       1     824   	385.048
 31    7       799     0       1     834   	394.469
 31    7       800     0       1     797   	383.699
 31    7       801     0       1     803   	382.192
 31    7       802     0       1     804   	371.745
 31    7       803     0       1     801   	379.491
 31    7       804     0       1     806   	374.507
 31    7       805     0       1     797   	399.576
 31    7       806     0       1     804   	401.382
 31    7       807     0       1     800   	385.142
 31    7       808     0       1     807   	399.257
 31    7       809     0       1     805   	388.522
 31    7       810     0       1     801   	401.953
 31    7       811     0       1     802   	365.586
 31    7       812     0       1     799   	379.845
 31    7       813     0       1     802   	388.548
 31    7       814     0       1     805   	400.517
 31    7       815     0       1     803   	344.185
 31    7       816     0       1     807   	378.26 
 31    7       817     0       1     804   	376.663
 31    7       818     0       1     805   	397.115
 31    7       819     0       1     809   	370.252
 31    7       820     0       1     810   	371.44 
 31    7       821     0       1     798   	380.255
 31    7       822     0       1     807   	377.248
 31    7       823     0       1     797   	420.139
 31    7       824     0       1     800   	383.053
 31    7       825     0       1     798   	440.221
 31    7       826     0       1     801   	384.068
 31    7       827     0       1     803   	397.994
 31    7       828     0       1     805   	409.236
 31    7       829     0       1     812   	406.398
 31    7       830     0       1     808   	390.068
 31    7       831     0       1     803   	417.289
 31    7       832     0       1     804   	416.506
 31    7       833     0       1     806   	409.395
 31    7       834     0       1     809   	439.666
 31    7       835     0       1     808   	439.766
 31    7       836     0       1     810   	418.94 
 31    7       837     0       1     814   	470.	  
 31    7       838     0       1     805   	402.228
 31    7       839     0       1     805   	409.733
 31    7       840     0       1     809   	414.778
 31    7       841     0       1     806   	404.448
 31    7       842     0       1     807   	430.	  
 31    7       843     0       1     806   	419.871
 31    7       844     0       1     810   	418.13 
 31    7       845     0       1     810   	399.639
 31    7       846     0       1     804   	413.815
 31    7       847     0       1     806   	364.646
 31    7       848     0       1     803   	429.561
 31    7       849     0       1     801   	410.303
 31    7       850     0       1     807   	392.949
 31    7       851     0       1     803   	399.44 
 31    7       852     0       1     807   	411.841
 31    7       853     0       1     813   	426.304
 31    7       854     0       1     817   	436.221
 31    7       855     0       1     812   	416.771
 31    7       856     0       1     807   	437.9  
 31    7       857     0       1     812   	437.608
 31    7       858     0       1     812   	490.	  
 31    7       859     0       1     813   	396.983
 31    7       860     0       1     806   	410.383
 31    7       861     0       1     804   	442.153
 31    7       862     0       1     801   	500.	  
 31    7       863     0       1     812   	460.	  
 31    7       864     0       1     752   	416.089
 31    7       865     0       1     753   	419.961
 31    7       866     0       1     744   	447.772
 31    7       867     0       1     758   	432.998
 31    7       868     0       1     747   	412.067
 31    7       869     0       1     751   	424.24 
 31    7       870     0       1     751   	384.829
 31    7       871     0       1     751   	347.14 
 31    7       872     0       1     752   	394.459
 31    7       873     0       1     752   	412.638
 31    7       874     0       1     751   	390.	  
 31    7       875     0       1     750   	424.325
 31    7       876     0       1     749   	410.	  
 31    7       877     0       1     751   	388.02 
 31    7       878     0       1     751   	400.932
 31    7       879     0       1     756   	413.74 
 31    7       880     0       1     748   	401.083
 31    7       881     0       1     750   	400.315
 31    7       882     0       1     747   	402.762
 31    7       883     0       1     751   	364.528
 31    7       884     0       1     751   	400.	  
 31    7       885     0       1     753   	420.555
 31    7       886     0       1     746   	450.	  
 31    7       887     0       1     744   	417.53 
 31    7       888     0       1     752   	424.516
 31    7       889     0       1     747   	469.407
 31    7       890     0       1     754   	415.612
 31    7       891     0       1     749   	398.932
 31    7       892     0       1     757   	402.396
 31    7       893     0       1     747   	431.091
 31    7       894     0       1     749   	423.933
 31    7       895     0       1     750   	386.432
 31    7       896     0       1     776   	405.036
 31    7       897     0       1     773   	405.662
 31    7       898     0       1     773   	411.698
 31    7       899     0       1     767   	443.484
 31    7       900     0       1     776   	420.	  
 31    7       901     0       1     769   	430.387
 31    7       902     0       1     769   	439.382
 31    7       903     0       1     768   	432.836
 31    7       904     0       1     770   	394.513
 31    7       905     0       1     775   	424.864
 31    7       906     0       1     767   	386.149
 31    7       907     0       1     768   	428.19 
 31    7       908     0       1     771   	386.839
 31    7       909     0       1     769    	50     
#########################################################
# CFT Adc Low calibration                               #
#########################################################
#dE=-(A/B)*log(1.-pe/A)[MeV]              A       B
 31    0     0     0     3     3    0.813724
 31    1     0     0     3     3    1.06271
 31    2     0     0     3     3    0.775976
 31    3     0     0     3     3    1.05132
 31    4     0     0     3     3    0.760225
 31    5     0     0     3     3    1.01516
 31    6     0     0     3     3    0.720745
 31    7     0     0     3     3    0.979324
#########################################################
# BGO Tdc                                               #
#########################################################
32      0      0      1      0      301.309      -0.8333
32      0      1      1      0      300.954      -0.8333
32      0      2      1      0      299.683      -0.8333
32      0      3      1      0      301.694      -0.8333
32      0      4      1      0      302.616      -0.8333
32      0      5      1      0      301.426      -0.8333
32      0      6      1      0      302.183      -0.8333
32      0      7      1      0      299.559      -0.8333
32      0      8      1      0      300.966      -0.8333
32      0      9      1      0      297.879      -0.8333
32      0      10      1      0      303.168      -0.8333
32      0      11      1      0      306.206      -0.8333
32      0      12      1      0      303.581      -0.8333
32      0      13      1      0      302.437      -0.8333
32      0      14      1      0      304.984      -0.8333
32      0      15      1      0      305.302      -0.8333
32      0      16      1      0      295.181      -0.8333
32      0      17      1      0      294.132      -0.8333
32      0      18      1      0      296.863      -0.8333
32      0      19      1      0      296.842      -0.8333
32      0      20      1      0      299.188      -0.8333
32      0      21      1      0      298.019      -0.8333
32      0      22      1      0      300.941      -0.8333
32      0      23      1      0      299.662      -0.8333
#########################################################
# BGO Adc  (UorD = 0 for FADC)                          #
#########################################################
 32	0     0     0     0	16051.6    1.
 32	0     1     0     0	16051.6    1.
 32     0     2     0     0     16051.6    1.
 32     0     3     0     0     16130.5    1.
 32     0     4     0     0     16051.9    1.
 32     0     5     0     0     16095.4    1.
 32     0     6     0     0     15982.7    1.
 32     0     7     0     0     15961.6    1.
 32     0     8     0     0     15931.2    1.
 32     0     9     0     0     15542.4    1.
 32     0     10     0     0     15544.1    1.
 32     0     11     0     0     16300.4    1.
 32     0     12     0     0     16378.3    1.
 32     0     13     0     0     15363.2    1.
 32     0     14     0     0     15830.     1.
 32     0     15     0     0     15670.     1.
 32     0     16     0     0     16074.4    1.
 32     0     17     0     0     16080.6    1.
 32     0     18     0     0     16099.7    1.
 32     0     19     0     0     15545.2    1.
 32     0     20     0     0     15481.5    1.
 32     0     21     0     0     16326.5    1.
 32     0     22     0     0     15626.2    1.
 32     0     23     0     0     16135.1    1.
#########################################################
# BGO Fdc Trigger Timing  (AorT=3)     T0 [ch]       Time/ch [us] #
#########################################################
 32	0	0  	3	0	227		0.030000
 32	0	1  	3	0	227    	   	0.030000
 32	0	2  	3	0	227		0.030000
 32	0	3  	3	0	227  		0.030000
 32	0	4  	3	0	227  		0.030000
 32	0	5  	3	0	227  		0.030000
 32	0	6  	3	0	227		0.030000
 32	0	7  	3	0	227		0.030000
 32	0	8  	3	0	227		0.030000
 32	0	9  	3	0	227		0.030000
 32	0	10 	3	0	227   		0.030000
 32	0	11 	3	0	227   		0.030000
 32	0	12 	3	0	227   		0.030000
 32	0	13 	3	0	227   		0.030000
 32	0	14 	3	0	240   		0.004000
 32	0	15 	3	0	240   		0.004000
 32	0	16 	3	0	227   		0.030000
 32	0	17 	3	0	227   		0.030000
 32	0	18 	3	0	227   		0.030000
 32	0	19 	3	0	227   		0.030000
 32	0	20 	3	0	227   		0.030000
 32	0	21 	3	0	227   		0.030000
 32	0	22 	3	0	227   		0.030000
 32	0	23 	3	0	227   		0.030000
#########################################################
# PiID Tdc                                               #
#########################################################
33      0      0      1      0      588.338      -1
33      0      1      1      0      593.164      -1
33      0      2      1      0      600      -1
33      0      3      1      0      596.753      -1
33      0      4      1      0      593.128      -1
33      0      5      1      0      598.836      -1
33      0      6      1      0      592.543      -1
33      0      7      1      0      598.455      -1
33      0      8      1      0      592.711      -1
33      0      9      1      0      599.076      -1
33      0      10      1      0      592.49      -1
33      0      11      1      0      598.219      -1
33      0      12      1      0      593.304      -1
33      0      13      1      0      597.626      -1
33      0      14      1      0      593.038      -1
33      0      15      1      0      598.261      -1
33      0      16      1      0      592.716      -1
33      0      17      1      0      597.609      -1
33      0      18      1      0      593.857      -1
33      0      19      1      0      594.79      -1
33      0      20      1      0      590.512      -1
33      0      21      1      0      593.876      -1
33      0      22      1      0      591.719      -1
33      0      23      1      0      595.126      -1
33      0      24      1      0      591.371      -1
33      0      25      1      0      595.114      -1
33      0      26      1      0      591.83      -1
33      0      27      1      0      596.409      -1
33      0      28      1      0      593.904      -1
33      0      29      1      0      596.446      -1
33      0      30      1      0      592.847      -1
33      0      31      1      0      595.863      -1
#########################################################
# PiID Adc High                                          #
#########################################################
 33	0	0  	0	0	780   	40
 33	0	1  	0	0	780 	40
 33	0	2  	0	0	780 	40
 33	0	3  	0	0	780 	40
 33	0	4  	0	0	780 	40
 33	0	5  	0	0	780 	40
 33	0	6  	0	0	780 	40
 33	0	7  	0	0	780 	40
 33	0	8  	0	0	780 	40
 33	0	9  	0	0	780 	40
 33	0	10 	0	0	780 	40
 33	0	11 	0	0	780 	40
 33	0	12 	0	0	780 	40
 33	0	13 	0	0	780 	40
 33	0	14 	0	0	780 	40
 33	0	15 	0	0	780 	40
 33	0	16 	0	0	780 	40
 33	0	17 	0	0	780 	40
 33	0	18 	0	0	780 	40
 33	0	19 	0	0	780 	40
 33	0	20 	0	0	780 	40
 33	0	21 	0	0	780 	40
 33	0	22 	0	0	780 	40
 33	0	23 	0	0	780 	40
 33	0	24 	0	0	780 	40
 33	0	25 	0	0	780 	40
 33	0	26 	0	0	780 	40
 33	0	27 	0	0	780 	40
 33	0	28 	0	0	780 	40
 33	0	29 	0	0	780 	40
 33	0	30 	0	0	780 	40
 33	0	31 	0	0	780 	40
#########################################################
# PiID Adc Low                                           #
#########################################################
 33    0       0       0       1     790  250
 33    0       1       0       1     790  250
 33    0       2       0       1     790  250
 33    0       3       0       1     790  250
 33    0       4       0       1     790  250
 33    0       5       0       1     790  250
 33    0       6       0       1     790  250
 33    0       7       0       1     790  250
 33    0       8       0       1     790  250
 33    0       9       0       1     790  250
 33    0       10      0       1     790  250
 33    0       11      0       1     790  250
 33    0       12      0       1     790  250
 33    0       13      0       1     790  250
 33    0       14      0       1     790  250
 33    0       15      0       1     790  250
 33    0       16      0       1     790  250
 33    0       17      0       1     790  250
 33    0       18      0       1     790  250
 33    0       19      0       1     790  250
 33    0       20      0       1     790  250
 33    0       21      0       1     790  250
 33    0       22      0       1     790  250
 33    0       23      0       1     790  250
 33    0       24      0       1     790  250
 33    0       25      0       1     790  250
 33    0       26      0       1     790  250
 33    0       27      0       1     790  250
 33    0       28      0       1     790  250
 33    0       29      0       1     790  250
 33    0       30      0       1     790  250
 33    0       31      0       1     790  250
