##
#  file: HodoPHCParam_Dummy
#  date: 2016.06.15
#  note: first version
#
#
#######################################################################
# CId	PlId	Seg	UorD	Type	nParam	p0	p1	...
#
#	Type=0 no correction will be performed
#	Type=1 ct=t-p[0]/sqrt(a-p[1])+p[2]
#	Type=2 ct=p[0]*a*a + p[1]*a + p[2] for Fiber
#
#######################################################################
#ID 1:RF
#ID 2:TAG-SF
#ID 3:TAG-PL
#######################################################################
# T0                                                                 #
#######################################################################
11	0	0	0	0	3	0.0416466 -0.801462 0.93261
11	0	0	1	0	3	0.0257652 -0.213325 0.167654
#######################################################################
# TOF Up                                                              #
#######################################################################
14      0      0      0      1      3      3.86662      0      3.58441
14      0      1      0      1      3      2.9127      0      3.24076
14      0      2      0      1      3      1.48819      0      2.37149
14      0      3      0      1      3      1.04398      0      1.01764
14      0      4      0      1      3      1.80903      0      1.79669
14      0      5      0      1      3      1.71876      0      1.65213
14      0      6      0      1      3      1.68237      0      1.39603
14      0      7      0      1      3      1.75988      0      1.61983
14      0      8      0      1      3      2.18227      0      1.81169
14      0      9      0      1      3      1.85354      0      1.80306
14      0      10      0      1      3      1.76306      0      1.83899
14      0      11      0      1      3      1.86606      0      1.91385
14      0      12      0      1      3      1.44155      0      0.853036
14      0      13      0      1      3      1.53183      0      1.1522
14      0      14      0      1      3      1.93971      0      1.6196
14      0      15      0      1      3      1.5446      0      1.16147
14      0      16      0      1      3      2.03783      0      1.63285
14      0      17      0      1      3      1.54369      0      1.1387
14      0      18      0      1      3      1.69365      0      1.45147
14      0      19      0      1      3      1.60627      0      1.38501
14      0      20      0      1      3      1.65781      0      1.4865
14      0      21      0      1      3      1.9016      0      1.67754
14      0      22      0      1      3      1.73305      0      1.5497
14      0      23      0      1      3      2.02699      0      1.97553
14      0      24      0      1      3      1.69941      0      1.29924
14      0      25      0      1      3      1.72555      0      1.50033
14      0      26      0      1      3      1.61045      0      1.18831
14      0      27      0      1      3      1.91515      0      1.79901
14      0      28      0      1      3      1.20251      0      0.86362
14      0      29      0      1      3      1.77208      0      1.49021
14      0      30      0      1      3      1.42842      0      0.94201
14      0      31      0      1      3      1.48844      0      0.983509
14      0      32      0      1      3      1.39997      0      0.752589
14      0      33      0      1      3      1.31097      0      0.902743
14      0      34      0      1      3      1.62005      0      1.04624
14      0      35      0      1      3      1.13157      0      0.66672
14      0      36      0      1      3      1.66196      0      1.61956
14      0      37      0      1      3      1.76081      0      1.71986
14      0      38      0      1      3      1.53189      0      1.82264
14      0      39      0      1      3      2.04738      0      1.97259
14      0      40      0      1      3      1.61789      0      1.67693
14      0      41      0      1      3      1.79057      0      1.80285
14      0      42      0      1      3      1.63742      0      1.52073
14      0      43      0      1      3      1.66853      0      1.6825
14      0      44      0      1      3      1.29144      0      1.2722
14      0      45      0      1      3      2.25752      0      2.08212
14      0      46      0      1      3      0.511899      0      1.04197
14      0      47      0      1      3      2.43424      0      2.26312
#######################################################################
# TOF Down                                                            #
#######################################################################
14      0      0      1      1      3      1.64245      0      1.56827
14      0      1      1      1      3      3.46809      0      2.17041
14      0      2      1      1      3      2.35819      0      1.72617
14      0      3      1      1      3      3.44787      0      3.28465
14      0      4      1      1      3      1.87597      0      1.78802
14      0      5      1      1      3      2.25306      0      2.1475
14      0      6      1      1      3      2.41578      0      2.3047
14      0      7      1      1      3      2.30464      0      2.22847
14      0      8      1      1      3      2.53934      0      2.39112
14      0      9      1      1      3      2.50833      0      2.05381
14      0      10      1      1      3      2.32765      0      2.21875
14      0      11      1      1      3      2.25781      0      2.10886
14      0      12      1      1      3      2.0247      0      2.0325
14      0      13      1      1      3      2.40919      0      2.4224
14      0      14      1      1      3      2.01144      0      1.96494
14      0      15      1      1      3      2.1323      0      2.17507
14      0      16      1      1      3      2.03009      0      2.06511
14      0      17      1      1      3      1.87363      0      1.91184
14      0      18      1      1      3      2.03357      0      2.09118
14      0      19      1      1      3      2.24366      0      2.2433
14      0      20      1      1      3      2.02277      0      2.02441
14      0      21      1      1      3      2.12923      0      2.09023
14      0      22      1      1      3      1.86764      0      1.75596
14      0      23      1      1      3      1.66995      0      1.67885
14      0      24      1      1      3      2.13917      0      2.04718
14      0      25      1      1      3      2.14367      0      2.14351
14      0      26      1      1      3      2.20784      0      2.08721
14      0      27      1      1      3      1.98265      0      1.95011
14      0      28      1      1      3      2.46319      0      2.385
14      0      29      1      1      3      2.34605      0      2.37889
14      0      30      1      1      3      2.41139      0      2.43355
14      0      31      1      1      3      2.47555      0      2.43035
14      0      32      1      1      3      2.36857      0      2.3868
14      0      33      1      1      3      2.67695      0      2.68765
14      0      34      1      1      3      1.74553      0      1.6344
14      0      35      1      1      3      2.70004      0      2.61596
14      0      36      1      1      3      2.39691      0      2.36326
14      0      37      1      1      3      2.41616      0      2.39312
14      0      38      1      1      3      2.93907      0      2.83237
14      0      39      1      1      3      2.88142      0      2.51587
14      0      40      1      1      3      2.3243      0      2.26195
14      0      41      1      1      3      2.21162      0      2.17486
14      0      42      1      1      3      2.17098      0      2.11677
14      0      43      1      1      3      2.37869      0      2.33971
14      0      44      1      1      3      2.54983      0      2.55378
14      0      45      1      1      3      2.72628      0      3.39725
14      0      46      1      1      3      0.89367      0      0.724341
14      0      47      1      1      3      2.91141      0      2.65134
#######################################################################
# CFT                                                                 #
#######################################################################
31      0      0      0      1      3      200      0      2.88342
31      0      1      0      1      3      200      0      3.23696
31      0      2      0      1      3      200      0      3.1019
31      0      3      0      1      3      200      0      3.10037
31      0      4      0      1      3      200      0      2.83215
31      0      5      0      1      3      200      0      2.77165
31      0      6      0      1      3      200      0      3.03258
31      0      7      0      1      3      200      0      3.04279
31      0      8      0      1      3      200      0      3.08781
31      0      9      0      1      3      200      0      2.94687
31      0      10      0      1      3      200      0      3.067
31      0      11      0      1      3      200      0      3.00733
31      0      12      0      1      3      200      0      3.21957
31      0      13      0      1      3      200      0      3.05534
31      0      14      0      1      3      200      0      3.03042
31      0      15      0      1      3      200      0      2.90052
31      0      16      0      1      3      200      0      2.71972
31      0      17      0      1      3      200      0      3.01471
31      0      18      0      1      3      200      0      3.06101
31      0      19      0      1      3      200      0      2.96417
31      0      20      0      1      3      200      0      2.88546
31      0      21      0      1      3      200      0      2.84793
31      0      22      0      1      3      200      0      3.01235
31      0      23      0      1      3      200      0      2.85024
31      0      24      0      1      3      200      0      3.10446
31      0      25      0      1      3      200      0      2.89631
31      0      26      0      1      3      200      0      2.9102
31      0      27      0      1      3      200      0      2.85584
31      0      28      0      1      3      200      0      2.98282
31      0      29      0      1      3      200      0      3.02736
31      0      30      0      1      3      200      0      3.00606
31      0      31      0      1      3      200      0      2.89236
31      0      32      0      1      3      200      0      3.03115
31      0      33      0      1      3      200      0      2.88236
31      0      34      0      1      3      200      0      3.22352
31      0      35      0      1      3      200      0      3.12495
31      0      36      0      1      3      200      0      3.05677
31      0      37      0      1      3      200      0      3.09992
31      0      38      0      1      3      200      0      3.15102
31      0      39      0      1      3      200      0      3.00985
31      0      40      0      1      3      200      0      2.94165
31      0      41      0      1      3      200      0      3.04961
31      0      42      0      1      3      200      0      2.98366
31      0      43      0      1      3      200      0      2.8655
31      0      44      0      1      3      200      0      3.00976
31      0      45      0      1      3      200      0      3.07891
31      0      46      0      1      3      200      0      2.97598
31      0      47      0      1      3      200      0      2.76778
31      0      48      0      1      3      200      0      3.16991
31      0      49      0      1      3      200      0      2.8168
31      0      50      0      1      3      200      0      3.1171
31      0      51      0      1      3      200      0      2.85328
31      0      52      0      1      3      200      0      2.65937
31      0      53      0      1      3      200      0      2.69065
31      0      54      0      1      3      200      0      2.89621
31      0      55      0      1      3      200      0      2.666
31      0      56      0      1      3      200      0      2.86248
31      0      57      0      1      3      200      0      2.70121
31      0      58      0      1      3      200      0      2.9585
31      0      59      0      1      3      200      0      2.87801
31      0      60      0      1      3      200      0      2.90456
31      0      61      0      1      3      200      0      2.93752
31      0      62      0      1      3      200      0      2.85424
31      0      63      0      1      3      200      0      2.93047
31      0      64      0      1      3      200      0      2.72857
31      0      65      0      1      3      200      0      3.03172
31      0      66      0      1      3      200      0      2.88182
31      0      67      0      1      3      200      0      3.07858
31      0      68      0      1      3      200      0      2.53282
31      0      69      0      1      3      200      0      2.59224
31      0      70      0      1      3      200      0      3.08077
31      0      71      0      1      3      200      0      3.14858
31      0      72      0      1      3      200      0      3.31428
31      0      73      0      1      3      200      0      2.83454
31      0      74      0      1      3      200      0      3.08163
31      0      75      0      1      3      200      0      2.88903
31      0      76      0      1      3      200      0      2.91869
31      0      77      0      1      3      200      0      2.81622
31      0      78      0      1      3      200      0      2.98795
31      0      79      0      1      3      200      0      3.03896
31      0      80      0      1      3      200      0      3.01079
31      0      81      0      1      3      200      0      3.04895
31      0      82      0      1      3      200      0      2.86531
31      0      83      0      1      3      200      0      2.85456
31      0      84      0      1      3      200      0      2.84119
31      0      85      0      1      3      200      0      2.9051
31      0      86      0      1      3      200      0      3.09966
31      0      87      0      1      3      200      0      2.93133
31      0      88      0      1      3      200      0      3.17465
31      0      89      0      1      3      200      0      3.02966
31      0      90      0      1      3      200      0      2.99085
31      0      91      0      1      3      200      0      3.31216
31      0      92      0      1      3      200      0      2.89154
31      0      93      0      1      3      200      0      2.99908
31      0      94      0      1      3      200      0      3.08076
31      0      95      0      1      3      200      0      2.82262
31      0      96      0      1      3      200      0      3.92798
31      0      97      0      1      3      200      0      3.19783
31      0      98      0      1      3      200      0      3.11205
31      0      99      0      1      3      200      0      3.22675
31      0      100      0      1      3      200      0      3.18787
31      0      101      0      1      3      200      0      3.07832
31      0      102      0      1      3      200      0      2.91767
31      0      103      0      1      3      200      0      3.2094
31      0      104      0      1      3      200      0      3.41696
31      0      105      0      1      3      200      0      3.01285
31      0      106      0      1      3      200      0      2.80497
31      0      107      0      1      3      200      0      3.30365
31      0      108      0      1      3      200      0      2.78394
31      0      109      0      1      3      200      0      3.30191
31      0      110      0      1      3      200      0      3.29343
31      0      111      0      1      3      200      0      3.08641
31      0      112      0      1      3      200      0      2.94877
31      0      113      0      1      3      200      0      3.27242
31      0      114      0      1      3      200      0      3.25989
31      0      115      0      1      3      200      0      3.29445
31      0      116      0      1      3      200      0      3.17174
31      0      117      0      1      3      200      0      3.18297
31      0      118      0      1      3      200      0      3.24659
31      0      119      0      1      3      200      0      2.97795
31      0      120      0      1      3      200      0      3.18265
31      0      121      0      1      3      200      0      3.02871
31      0      122      0      1      3      200      0      2.9361
31      0      123      0      1      3      200      0      3.66643
31      0      124      0      1      3      200      0      3.22647
31      0      125      0      1      3      200      0      3.77572
31      0      126      0      1      3      200      0      2.95191
31      0      127      0      1      3      200      0      3.53203
31      0      128      0      1      3      200      0      4.30939
31      0      129      0      1      3      200      0      3.23316
31      0      130      0      1      3      200      0      2.86347
31      0      131      0      1      3      200      0      3.21794
31      0      132      0      1      3      200      0      2.69509
31      0      133      0      1      3      200      0      2.71364
31      0      134      0      1      3      200      0      2.73083
31      0      135      0      1      3      200      0      2.90095
31      0      136      0      1      3      200      0      2.61655
31      0      137      0      1      3      200      0      2.4943
31      0      138      0      1      3      200      0      2.81814
31      0      139      0      1      3      200      0      3.04048
31      0      140      0      1      3      200      0      2.76932
31      0      141      0      1      3      200      0      2.97366
31      0      142      0      1      3      200      0      3.118
31      0      143      0      1      3      200      0      3.14295
31      0      144      0      1      3      200      0      3.15253
31      0      145      0      1      3      200      0      3.19458
31      0      146      0      1      3      200      0      3.10988
31      0      147      0      1      3      200      0      3.06414
31      0      148      0      1      3      200      0      3.29301
31      0      149      0      1      3      200      0      3.00559
31      0      150      0      1      3      200      0      3.20804
31      0      151      0      1      3      200      0      3.39652
31      0      152      0      1      3      200      0      3.40213
31      0      153      0      1      3      200      0      2.94139
31      0      154      0      1      3      200      0      3.18493
31      0      155      0      1      3      200      0      3.96297
31      0      156      0      1      3      200      0      3.3251
31      0      157      0      1      3      200      0      3.65401
31      0      158      0      1      3      200      0      3.16482
31      0      159      0      1      3      200      0      3.64627
31      0      160      0      1      3      200      0      2.95499
31      0      161      0      1      3      200      0      2.64778
31      0      162      0      1      3      200      0      3.16491
31      0      163      0      1      3      200      0      2.80344
31      0      164      0      1      3      200      0      3.04508
31      0      165      0      1      3      200      0      2.98116
31      0      166      0      1      3      200      0      3.12788
31      0      167      0      1      3      200      0      2.77736
31      0      168      0      1      3      200      0      3.01786
31      0      169      0      1      3      200      0      2.70513
31      0      170      0      1      3      200      0      3.23168
31      0      171      0      1      3      200      0      2.83621
31      0      172      0      1      3      200      0      3.3494
31      0      173      0      1      3      200      0      2.75013
31      0      174      0      1      3      200      0      3.2111
31      0      175      0      1      3      200      0      2.97824
31      0      176      0      1      3      200      0      3.0625
31      0      177      0      1      3      200      0      3.44091
31      0      178      0      1      3      200      0      3.38701
31      0      179      0      1      3      200      0      2.97741
31      0      180      0      1      3      200      0      2.94054
31      0      181      0      1      3      200      0      3.12075
31      0      182      0      1      3      200      0      3.20041
31      0      183      0      1      3      200      0      3.26723
31      0      184      0      1      3      200      0      3.05302
31      0      185      0      1      3      200      0      3.34981
31      0      186      0      1      3      200      0      3.05227
31      0      187      0      1      3      200      0      3.30594
31      0      188      0      1      3      200      0      3.44553
31      0      189      0      1      3      200      0      3.1143
31      0      190      0      1      3      200      0      3.19797
31      0      191      0      1      3      200      0      2.98994
31      0      192      0      1      3      200      0      3.59142
31      0      193      0      1      3      200      0      3.51997
31      0      194      0      1      3      200      0      3.38367
31      0      195      0      1      3      200      0      3.59631
31      0      196      0      1      3      200      0      3.4915
31      0      197      0      1      3      200      0      3.31755
31      0      198      0      1      3      200      0      3.57347
31      0      199      0      1      3      200      0      3.40752
31      0      200      0      1      3      200      0      3.5984
31      0      201      0      1      3      200      0      3.53485
31      0      202      0      1      3      200      0      3.2673
31      0      203      0      1      3      200      0      3.40728
31      0      204      0      1      3      200      0      3.43217
31      0      205      0      1      3      200      0      3.34751
31      0      206      0      1      3      200      0      3.15682
31      0      207      0      1      3      200      0      3.33745
31      0      208      0      1      3      200      0      3.46139
31      0      209      0      1      3      200      0      3.30471
31      0      210      0      1      3      200      0      3.6964
31      0      211      0      1      3      200      0      3.42504
31      0      212      0      1      3      200      0      3.55
31      0      213      0      1      3      200      0      3.59681
31      0      214      0      1      3      200      0      3.62867
31      0      215      0      1      3      200      0      3.48254
31      0      216      0      1      3      200      0      3.72467
31      0      217      0      1      3      200      0      3.40203
31      0      218      0      1      3      200      0      3.4939
31      0      219      0      1      3      200      0      3.33158
31      0      220      0      1      3      200      0      3.63575
31      0      221      0      1      3      200      0      3.69334
31      0      222      0      1      3      200      0      3.6804
31      0      223      0      1      3      200      0      3.46415
31      0      224      0      1      3      200      0      4.30014
31      0      225      0      1      3      200      0      3.82342
31      0      226      0      1      3      200      0      3.98414
31      0      227      0      1      3      200      0      3.85588
31      0      228      0      1      3      200      0      3.67717
31      0      229      0      1      3      200      0      4.12311
31      0      230      0      1      3      200      0      3.80763
31      0      231      0      1      3      200      0      3.77607
31      0      232      0      1      3      200      0      2.92891
31      0      233      0      1      3      200      0      3.61411
31      0      234      0      1      3      200      0      3.46868
31      0      235      0      1      3      200      0      3.74816
31      0      236      0      1      3      200      0      3.31401
31      0      237      0      1      3      200      0      3.90585
31      0      238      0      1      3      200      0      3.57196
31      0      239      0      1      3      200      0      3.77585
31      0      240      0      1      3      200      0      3.71383
31      0      241      0      1      3      200      0      3.75705
31      0      242      0      1      3      200      0      3.7795
31      0      243      0      1      3      200      0      3.55725
31      0      244      0      1      3      200      0      3.95631
31      0      245      0      1      3      200      0      3.57312
31      0      246      0      1      3      200      0      3.72712
31      0      247      0      1      3      200      0      3.55088
31      0      248      0      1      3      200      0      3.80805
31      0      249      0      1      3      200      0      3.7703
31      0      250      0      1      3      200      0      3.79536
31      0      251      0      1      3      200      0      4.40102
31      0      252      0      1      3      200      0      3.82663
31      0      253      0      1      3      200      0      4.26853
31      0      254      0      1      3      200      0      3.96828
31      0      255      0      1      3      200      0      4.87201
31      0      256      0      1      3      200      0      3.51506
31      0      257      0      1      3      200      0      3.63308
31      0      258      0      1      3      200      0      3.45611
31      0      259      0      1      3      200      0      3.62344
31      0      260      0      1      3      200      0      3.63593
31      0      261      0      1      3      200      0      3.57676
31      0      262      0      1      3      200      0      3.64974
31      0      263      0      1      3      200      0      3.57314
31      0      264      0      1      3      200      0      3.70528
31      0      265      0      1      3      200      0      3.60769
31      0      266      0      1      3      200      0      3.73164
31      0      267      0      1      3      200      0      3.75817
31      0      268      0      1      3      200      0      3.5441
31      0      269      0      1      3      200      0      3.5705
31      0      270      0      1      3      200      0      3.64815
31      0      271      0      1      3      200      0      3.65547
31      0      272      0      1      3      200      0      3.74348
31      0      273      0      1      3      200      0      3.77591
31      0      274      0      1      3      200      0      3.64368
31      0      275      0      1      3      200      0      3.59769
31      0      276      0      1      3      200      0      3.49139
31      0      277      0      1      3      200      0      3.54655
31      0      278      0      1      3      200      0      3.65845
31      0      279      0      1      3      200      0      3.71587
31      0      280      0      1      3      200      0      3.57836
31      0      281      0      1      3      200      0      3.71739
31      0      282      0      1      3      200      0      3.61872
31      0      283      0      1      3      200      0      3.63647
31      0      284      0      1      3      200      0      3.52192
31      0      285      0      1      3      200      0      3.68075
31      0      286      0      1      3      200      0      3.86702
31      0      287      0      1      3      200      0      3.92998
31      0      288      0      1      3      200      0      3.46189
31      0      289      0      1      3      200      0      3.24836
31      0      290      0      1      3      200      0      3.74126
31      0      291      0      1      3      200      0      3.27293
31      0      292      0      1      3      200      0      3.40635
31      0      293      0      1      3      200      0      3.35533
31      0      294      0      1      3      200      0      3.74373
31      0      295      0      1      3      200      0      3.24639
31      0      296      0      1      3      200      0      3.62634
31      0      297      0      1      3      200      0      3.40095
31      0      298      0      1      3      200      0      3.36357
31      0      299      0      1      3      200      0      3.62901
31      0      300      0      1      3      200      0      3.53251
31      0      301      0      1      3      200      0      3.61441
31      0      302      0      1      3      200      0      3.60973
31      0      303      0      1      3      200      0      3.58602
31      0      304      0      1      3      200      0      3.50262
31      0      305      0      1      3      200      0      3.6967
31      0      306      0      1      3      200      0      3.70985
31      0      307      0      1      3      200      0      3.64912
31      0      308      0      1      3      200      0      3.67729
31      0      309      0      1      3      200      0      3.84781
31      0      310      0      1      3      200      0      3.61001
31      0      311      0      1      3      200      0      3.70644
31      0      312      0      1      3      200      0      3.8198
31      0      313      0      1      3      200      0      3.83361
31      0      314      0      1      3      200      0      3.50191
31      0      315      0      1      3      200      0      3.83384
31      0      316      0      1      3      200      0      3.73201
31      0      317      0      1      3      200      0      3.51309
31      0      318      0      1      3      200      0      3.53886
31      0      319      0      1      3      200      0      3.57253
31      0      320      0      1      3      200      0      3.70049
31      0      321      0      1      3      200      0      3.58659
31      0      322      0      1      3      200      0      3.69776
31      0      323      0      1      3      200      0      3.60285
31      0      324      0      1      3      200      0      3.83175
31      0      325      0      1      3      200      0      3.48136
31      0      326      0      1      3      200      0      3.54823
31      0      327      0      1      3      200      0      3.41586
31      0      328      0      1      3      200      0      3.60802
31      0      329      0      1      3      200      0      3.59145
31      0      330      0      1      3      200      0      3.6019
31      0      331      0      1      3      200      0      3.73945
31      0      332      0      1      3      200      0      3.41303
31      0      333      0      1      3      200      0      3.70265
31      0      334      0      1      3      200      0      3.73518
31      0      335      0      1      3      200      0      3.68224
31      0      336      0      1      3      200      0      3.68362
31      0      337      0      1      3      200      0      3.46132
31      0      338      0      1      3      200      0      3.55568
31      0      339      0      1      3      200      0      3.60045
31      0      340      0      1      3      200      0      3.49044
31      0      341      0      1      3      200      0      3.65848
31      0      342      0      1      3      200      0      3.49944
31      0      343      0      1      3      200      0      3.41452
31      0      344      0      1      3      200      0      3.34512
31      0      345      0      1      3      200      0      3.52488
31      0      346      0      1      3      200      0      3.50608
31      0      347      0      1      3      200      0      3.36122
31      0      348      0      1      3      200      0      3.30275
31      0      349      0      1      3      200      0      3.37085
31      0      350      0      1      3      200      0      3.64714
31      0      351      0      1      3      200      0      3.34613
31      0      352      0      1      3      200      0      3.63851
31      0      353      0      1      3      200      0      3.42766
31      0      354      0      1      3      200      0      3.43578
31      0      355      0      1      3      200      0      3.40122
31      0      356      0      1      3      200      0      3.63085
31      0      357      0      1      3      200      0      3.52519
31      0      358      0      1      3      200      0      3.61061
31      0      359      0      1      3      200      0      3.53778
31      0      360      0      1      3      200      0      3.62667
31      0      361      0      1      3      200      0      3.61726
31      0      362      0      1      3      200      0      3.55267
31      0      363      0      1      3      200      0      3.609
31      0      364      0      1      3      200      0      3.53565
31      0      365      0      1      3      200      0      3.53382
31      0      366      0      1      3      200      0      3.41704
31      0      367      0      1      3      200      0      3.70544
31      0      368      0      1      3      200      0      3.64183
31      0      369      0      1      3      200      0      3.69814
31      0      370      0      1      3      200      0      3.49341
31      0      371      0      1      3      200      0      3.60721
31      0      372      0      1      3      200      0      3.54549
31      0      373      0      1      3      200      0      3.31606
31      0      374      0      1      3      200      0      3.24808
31      0      375      0      1      3      200      0      3.47224
31      0      376      0      1      3      200      0      3.49363
31      0      377      0      1      3      200      0      3.37607
31      0      378      0      1      3      200      0      3.51995
31      0      379      0      1      3      200      0      3.46051
31      0      380      0      1      3      200      0      3.4431
31      0      381      0      1      3      200      0      3.35819
31      0      382      0      1      3      200      0      3.3208
31      0      383      0      1      3      200      0      3.52678
31      0      384      0      1      3      200      0      3.29899
31      0      385      0      1      3      200      0      3.34608
31      0      386      0      1      3      200      0      3.19481
31      0      387      0      1      3      200      0      3.21652
31      0      388      0      1      3      200      0      3.33605
31      0      389      0      1      3      200      0      3.3418
31      0      390      0      1      3      200      0      3.35956
31      0      391      0      1      3      200      0      3.77825
31      0      392      0      1      3      200      0      3.34598
31      0      393      0      1      3      200      0      3.39545
31      0      394      0      1      3      200      0      3.49742
31      0      395      0      1      3      200      0      3.65755
31      0      396      0      1      3      200      0      3.36171
31      0      397      0      1      3      200      0      3.15192
31      0      398      0      1      3      200      0      3.51721
31      0      399      0      1      3      200      0      3.10184
31      0      400      0      1      3      200      0      2.76268
31      0      401      0      1      3      200      0      2.95241
31      0      402      0      1      3      200      0      3.03911
31      0      403      0      1      3      200      0      3.23868
31      0      404      0      1      3      200      0      3.08393
31      0      405      0      1      3      200      0      3.07298
31      0      406      0      1      3      200      0      3.1089
31      0      407      0      1      3      200      0      2.95835
31      0      408      0      1      3      200      0      3.06008
31      0      409      0      1      3      200      0      3.02259
31      0      410      0      1      3      200      0      3.0498
31      0      411      0      1      3      200      0      3.02643
31      0      412      0      1      3      200      0      3.07109
31      0      413      0      1      3      200      0      3.14895
31      0      414      0      1      3      200      0      3.31831
31      0      415      0      1      3      200      0      3.21052
31      0      416      0      1      3      200      0      3.18345
31      0      417      0      1      3      200      0      3.19869
31      0      418      0      1      3      200      0      3.44247
31      0      419      0      1      3      200      0      3.10669
31      0      420      0      1      3      200      0      3.31641
31      0      421      0      1      3      200      0      3.12918
31      0      422      0      1      3      200      0      3.037
31      0      423      0      1      3      200      0      3.16423
31      0      424      0      1      3      200      0      3.05747
31      0      425      0      1      3      200      0      2.97752
31      1      0      0      1      3      200      0      3.26218
31      1      1      0      1      3      200      0      3.16049
31      1      2      0      1      3      200      0      3.30489
31      1      3      0      1      3      200      0      3.43714
31      1      4      0      1      3      200      0      3.39477
31      1      5      0      1      3      200      0      3.54911
31      1      6      0      1      3      200      0      3.20186
31      1      7      0      1      3      200      0      3.1384
31      1      8      0      1      3      200      0      3.5951
31      1      9      0      1      3      200      0      3.03097
31      1      10      0      1      3      200      0      3.4236
31      1      11      0      1      3      200      0      3.52351
31      1      12      0      1      3      200      0      3.38154
31      1      13      0      1      3      200      0      3.04868
31      1      14      0      1      3      200      0      3.29351
31      1      15      0      1      3      200      0      3.26753
31      1      16      0      1      3      200      0      3.07164
31      1      17      0      1      3      200      0      3.4552
31      1      18      0      1      3      200      0      3.40315
31      1      19      0      1      3      200      0      3.32769
31      1      20      0      1      3      200      0      3.49317
31      1      21      0      1      3      200      0      3.18788
31      1      22      0      1      3      200      0      3.27741
31      1      23      0      1      3      200      0      3.32408
31      1      24      0      1      3      200      0      3.35409
31      1      25      0      1      3      200      0      3.07835
31      1      26      0      1      3      200      0      3.11954
31      1      27      0      1      3      200      0      3.34595
31      1      28      0      1      3      200      0      3.30063
31      1      29      0      1      3      200      0      3.12768
31      1      30      0      1      3      200      0      3.2672
31      1      31      0      1      3      200      0      3.28083
31      1      32      0      1      3      200      0      3.4852
31      1      33      0      1      3      200      0      3.28787
31      1      34      0      1      3      200      0      3.41974
31      1      35      0      1      3      200      0      3.36511
31      1      36      0      1      3      200      0      3.26889
31      1      37      0      1      3      200      0      3.48408
31      1      38      0      1      3      200      0      3.26566
31      1      39      0      1      3      200      0      3.266
31      1      40      0      1      3      200      0      3.18481
31      1      41      0      1      3      200      0      3.42398
31      1      42      0      1      3      200      0      3.30569
31      1      43      0      1      3      200      0      3.37691
31      1      44      0      1      3      200      0      3.26597
31      1      45      0      1      3      200      0      3.22929
31      1      46      0      1      3      200      0      3.26125
31      1      47      0      1      3      200      0      3.34053
31      1      48      0      1      3      200      0      3.23212
31      1      49      0      1      3      200      0      3.55403
31      1      50      0      1      3      200      0      3.51689
31      1      51      0      1      3      200      0      3.40503
31      1      52      0      1      3      200      0      3.41823
31      1      53      0      1      3      200      0      3.31865
31      1      54      0      1      3      200      0      3.42336
31      1      55      0      1      3      200      0      3.65763
31      1      56      0      1      3      200      0      3.54489
31      1      57      0      1      3      200      0      3.48766
31      1      58      0      1      3      200      0      3.49786
31      1      59      0      1      3      200      0      3.22238
31      1      60      0      1      3      200      0      3.63996
31      1      61      0      1      3      200      0      3.26096
31      1      62      0      1      3      200      0      3.5384
31      1      63      0      1      3      200      0      3.45717
31      1      64      0      1      3      200      0      3.42599
31      1      65      0      1      3      200      0      3.34847
31      1      66      0      1      3      200      0      3.26344
31      1      67      0      1      3      200      0      3.36279
31      1      68      0      1      3      200      0      3.26134
31      1      69      0      1      3      200      0      3.29715
31      1      70      0      1      3      200      0      3.48241
31      1      71      0      1      3      200      0      3.45192
31      1      72      0      1      3      200      0      3.48393
31      1      73      0      1      3      200      0      3.25158
31      1      74      0      1      3      200      0      3.50791
31      1      75      0      1      3      200      0      3.33412
31      1      76      0      1      3      200      0      3.48528
31      1      77      0      1      3      200      0      3.31132
31      1      78      0      1      3      200      0      3.4912
31      1      79      0      1      3      200      0      3.29796
31      1      80      0      1      3      200      0      3.24901
31      1      81      0      1      3      200      0      3.51114
31      1      82      0      1      3      200      0      3.68148
31      1      83      0      1      3      200      0      3.67493
31      1      84      0      1      3      200      0      3.62428
31      1      85      0      1      3      200      0      3.22997
31      1      86      0      1      3      200      0      3.47812
31      1      87      0      1      3      200      0      3.4163
31      1      88      0      1      3      200      0      3.2907
31      1      89      0      1      3      200      0      3.47484
31      1      90      0      1      3      200      0      3.56245
31      1      91      0      1      3      200      0      3.39179
31      1      92      0      1      3      200      0      3.30097
31      1      93      0      1      3      200      0      3.254
31      1      94      0      1      3      200      0      3.54987
31      1      95      0      1      3      200      0      3.50153
31      1      96      0      1      3      200      0      3.20727
31      1      97      0      1      3      200      0      3.19621
31      1      98      0      1      3      200      0      3.24279
31      1      99      0      1      3      200      0      3.36374
31      1      100      0      1      3      200      0      3.24465
31      1      101      0      1      3      200      0      3.26705
31      1      102      0      1      3      200      0      3.49514
31      1      103      0      1      3      200      0      3.48021
31      1      104      0      1      3      200      0      3.21839
31      1      105      0      1      3      200      0      3.45849
31      1      106      0      1      3      200      0      3.13774
31      1      107      0      1      3      200      0      3.62223
31      1      108      0      1      3      200      0      3.18416
31      1      109      0      1      3      200      0      3.57707
31      1      110      0      1      3      200      0      3.38698
31      1      111      0      1      3      200      0      3.38648
31      1      112      0      1      3      200      0      3.21244
31      1      113      0      1      3      200      0      3.42626
31      1      114      0      1      3      200      0      3.13814
31      1      115      0      1      3      200      0      3.39661
31      1      116      0      1      3      200      0      3.18241
31      1      117      0      1      3      200      0      3.49143
31      1      118      0      1      3      200      0      3.28495
31      1      119      0      1      3      200      0      3.38026
31      1      120      0      1      3      200      0      3.32104
31      1      121      0      1      3      200      0      3.46143
31      1      122      0      1      3      200      0      3.24069
31      1      123      0      1      3      200      0      3.55291
31      1      124      0      1      3      200      0      3.36412
31      1      125      0      1      3      200      0      3.64153
31      1      126      0      1      3      200      0      3.59431
31      1      127      0      1      3      200      0      3.30456
31      1      128      0      1      3      200      0      3.38237
31      1      129      0      1      3      200      0      3.44476
31      1      130      0      1      3      200      0      3.34804
31      1      131      0      1      3      200      0      3.47363
31      1      132      0      1      3      200      0      3.23261
31      1      133      0      1      3      200      0      3.31585
31      1      134      0      1      3      200      0      3.40988
31      1      135      0      1      3      200      0      3.48773
31      1      136      0      1      3      200      0      3.17879
31      1      137      0      1      3      200      0      3.13743
31      1      138      0      1      3      200      0      3.22579
31      1      139      0      1      3      200      0      3.2848
31      1      140      0      1      3      200      0      3.33687
31      1      141      0      1      3      200      0      3.40859
31      1      142      0      1      3      200      0      3.30149
31      1      143      0      1      3      200      0      3.55019
31      1      144      0      1      3      200      0      3.22745
31      1      145      0      1      3      200      0      3.42081
31      1      146      0      1      3      200      0      3.42
31      1      147      0      1      3      200      0      3.24591
31      1      148      0      1      3      200      0      3.25314
31      1      149      0      1      3      200      0      3.40939
31      1      150      0      1      3      200      0      3.27801
31      1      151      0      1      3      200      0      3.35261
31      1      152      0      1      3      200      0      3.26129
31      1      153      0      1      3      200      0      3.27328
31      1      154      0      1      3      200      0      3.47163
31      1      155      0      1      3      200      0      3.30848
31      1      156      0      1      3      200      0      3.20209
31      1      157      0      1      3      200      0      3.61388
31      1      158      0      1      3      200      0      3.32721
31      1      159      0      1      3      200      0      3.2305
31      1      160      0      1      3      200      0      3.35764
31      1      161      0      1      3      200      0      3.51887
31      1      162      0      1      3      200      0      3.35816
31      1      163      0      1      3      200      0      3.45896
31      1      164      0      1      3      200      0      3.39833
31      1      165      0      1      3      200      0      3.32123
31      1      166      0      1      3      200      0      3.45712
31      1      167      0      1      3      200      0      3.27995
31      1      168      0      1      3      200      0      3.26315
31      1      169      0      1      3      200      0      3.29459
31      1      170      0      1      3      200      0      3.1469
31      1      171      0      1      3      200      0      3.26507
31      1      172      0      1      3      200      0      3.29599
31      1      173      0      1      3      200      0      3.46099
31      1      174      0      1      3      200      0      3.50823
31      1      175      0      1      3      200      0      3.37282
31      1      176      0      1      3      200      0      3.14467
31      1      177      0      1      3      200      0      3.17048
31      1      178      0      1      3      200      0      3.23143
31      1      179      0      1      3      200      0      3.46039
31      1      180      0      1      3      200      0      3.48593
31      1      181      0      1      3      200      0      3.33635
31      1      182      0      1      3      200      0      3.55697
31      1      183      0      1      3      200      0      3.4365
31      1      184      0      1      3      200      0      3.46988
31      1      185      0      1      3      200      0      3.37741
31      1      186      0      1      3      200      0      3.41638
31      1      187      0      1      3      200      0      3.5433
31      1      188      0      1      3      200      0      3.43632
31      1      189      0      1      3      200      0      3.61064
31      1      190      0      1      3      200      0      3.38714
31      1      191      0      1      3      200      0      3.29051
31      1      192      0      1      3      200      0      3.40026
31      1      193      0      1      3      200      0      3.16946
31      1      194      0      1      3      200      0      3.30009
31      1      195      0      1      3      200      0      3.33506
31      1      196      0      1      3      200      0      3.41761
31      1      197      0      1      3      200      0      3.30103
31      1      198      0      1      3      200      0      3.25788
31      1      199      0      1      3      200      0      3.2298
31      1      200      0      1      3      200      0      3.22855
31      1      201      0      1      3      200      0      3.40468
31      1      202      0      1      3      200      0      3.30329
31      1      203      0      1      3      200      0      3.23145
31      1      204      0      1      3      200      0      3.20802
31      1      205      0      1      3      200      0      3.0603
31      1      206      0      1      3      200      0      3.28527
31      1      207      0      1      3      200      0      3.18338
31      1      208      0      1      3      200      0      3.25905
31      1      209      0      1      3      200      0      3.18378
31      1      210      0      1      3      200      0      3.25523
31      1      211      0      1      3      200      0      3.26637
31      1      212      0      1      3      200      0      3.38418
31      1      213      0      1      3      200      0      3.38661
31      1      214      0      1      3      200      0      3.37049
31      1      215      0      1      3      200      0      3.34925
31      1      216      0      1      3      200      0      3.30936
31      1      217      0      1      3      200      0      3.31665
31      1      218      0      1      3      200      0      3.22762
31      1      219      0      1      3      200      0      3.3657
31      1      220      0      1      3      200      0      3.46393
31      1      221      0      1      3      200      0      3.23774
31      1      222      0      1      3      200      0      3.43469
31      1      223      0      1      3      200      0      3.55598
31      1      224      0      1      3      200      0      4.29339
31      1      225      0      1      3      200      0      3.75183
31      1      226      0      1      3      200      0      3.43525
31      1      227      0      1      3      200      0      3.4822
31      1      228      0      1      3      200      0      3.58986
31      1      229      0      1      3      200      0      3.72683
31      1      230      0      1      3      200      0      3.80818
31      1      231      0      1      3      200      0      3.60757
31      1      232      0      1      3      200      0      3.71852
31      1      233      0      1      3      200      0      3.68795
31      1      234      0      1      3      200      0      3.31246
31      1      235      0      1      3      200      0      3.71144
31      1      236      0      1      3      200      0      3.30675
31      1      237      0      1      3      200      0      3.58946
31      1      238      0      1      3      200      0      3.62957
31      1      239      0      1      3      200      0      3.78717
31      1      240      0      1      3      200      0      3.75496
31      1      241      0      1      3      200      0      3.38609
31      1      242      0      1      3      200      0      3.73691
31      1      243      0      1      3      200      0      3.55771
31      1      244      0      1      3      200      0      3.64195
31      1      245      0      1      3      200      0      3.42773
31      1      246      0      1      3      200      0      3.37925
31      1      247      0      1      3      200      0      3.49513
31      1      248      0      1      3      200      0      3.51584
31      1      249      0      1      3      200      0      3.11852
31      1      250      0      1      3      200      0      3.77948
31      1      251      0      1      3      200      0      4.08243
31      1      252      0      1      3      200      0      3.43632
31      1      253      0      1      3      200      0      4.04448
31      1      254      0      1      3      200      0      3.65571
31      1      255      0      1      3      200      0      4.47194
31      1      256      0      1      3      200      0      4.42828
31      1      257      0      1      3      200      0      3.70709
31      1      258      0      1      3      200      0      3.30474
31      1      259      0      1      3      200      0      3.63152
31      1      260      0      1      3      200      0      3.42738
31      1      261      0      1      3      200      0      3.77726
31      1      262      0      1      3      200      0      3.26307
31      1      263      0      1      3      200      0      3.36529
31      1      264      0      1      3      200      0      3.51529
31      1      265      0      1      3      200      0      3.65554
31      1      266      0      1      3      200      0      3.6074
31      1      267      0      1      3      200      0      3.64515
31      1      268      0      1      3      200      0      3.3507
31      1      269      0      1      3      200      0      3.81223
31      1      270      0      1      3      200      0      3.25192
31      1      271      0      1      3      200      0      3.56746
31      1      272      0      1      3      200      0      3.46335
31      1      273      0      1      3      200      0      3.39163
31      1      274      0      1      3      200      0      3.59519
31      1      275      0      1      3      200      0      3.4211
31      1      276      0      1      3      200      0      3.61862
31      1      277      0      1      3      200      0      3.57363
31      1      278      0      1      3      200      0      3.78133
31      1      279      0      1      3      200      0      3.51225
31      1      280      0      1      3      200      0      3.56443
31      1      281      0      1      3      200      0      3.12341
31      1      282      0      1      3      200      0      3.6266
31      1      283      0      1      3      200      0      4.10822
31      1      284      0      1      3      200      0      3.65391
31      1      285      0      1      3      200      0      4.30552
31      1      286      0      1      3      200      0      3.33501
31      1      287      0      1      3      200      0      3.96733
31      1      288      0      1      3      200      0      4.00652
31      1      289      0      1      3      200      0      3.61171
31      1      290      0      1      3      200      0      3.27108
31      1      291      0      1      3      200      0      3.39446
31      1      292      0      1      3      200      0      3.48726
31      1      293      0      1      3      200      0      3.69664
31      1      294      0      1      3      200      0      3.44273
31      1      295      0      1      3      200      0      3.4452
31      1      296      0      1      3      200      0      3.37266
31      1      297      0      1      3      200      0      3.50757
31      1      298      0      1      3      200      0      3.5233
31      1      299      0      1      3      200      0      3.64969
31      1      300      0      1      3      200      0      3.23504
31      1      301      0      1      3      200      0      3.57788
31      1      302      0      1      3      200      0      3.44465
31      1      303      0      1      3      200      0      3.4685
31      1      304      0      1      3      200      0      3.79602
31      1      305      0      1      3      200      0      3.43365
31      1      306      0      1      3      200      0      3.37709
31      1      307      0      1      3      200      0      3.03268
31      1      308      0      1      3      200      0      3.21081
31      1      309      0      1      3      200      0      3.45346
31      1      310      0      1      3      200      0      3.48847
31      1      311      0      1      3      200      0      3.16545
31      1      312      0      1      3      200      0      3.42361
31      1      313      0      1      3      200      0      3.08542
31      1      314      0      1      3      200      0      3.26756
31      1      315      0      1      3      200      0      3.83333
31      1      316      0      1      3      200      0      3.57736
31      1      317      0      1      3      200      0      3.84676
31      1      318      0      1      3      200      0      3.07946
31      1      319      0      1      3      200      0      4.12883
31      1      320      0      1      3      200      0      3.70233
31      1      321      0      1      3      200      0      2.93942
31      1      322      0      1      3      200      0      3.13231
31      1      323      0      1      3      200      0      3.48814
31      1      324      0      1      3      200      0      3.26681
31      1      325      0      1      3      200      0      3.24112
31      1      326      0      1      3      200      0      3.44895
31      1      327      0      1      3      200      0      3.34523
31      1      328      0      1      3      200      0      3.40453
31      1      329      0      1      3      200      0      3.36607
31      1      330      0      1      3      200      0      3.1341
31      1      331      0      1      3      200      0      3.54075
31      1      332      0      1      3      200      0      3.18111
31      1      333      0      1      3      200      0      3.64207
31      1      334      0      1      3      200      0      3.24765
31      1      335      0      1      3      200      0      3.32057
31      1      336      0      1      3      200      0      3.42726
31      1      337      0      1      3      200      0      2.85635
31      1      338      0      1      3      200      0      3.29866
31      1      339      0      1      3      200      0      3.24262
31      1      340      0      1      3      200      0      3.31323
31      1      341      0      1      3      200      0      3.16558
31      1      342      0      1      3      200      0      3.47689
31      1      343      0      1      3      200      0      3.11639
31      1      344      0      1      3      200      0      3.46957
31      1      345      0      1      3      200      0      3.41473
31      1      346      0      1      3      200      0      3.53816
31      1      347      0      1      3      200      0      3.70249
31      1      348      0      1      3      200      0      3.25499
31      1      349      0      1      3      200      0      3.58102
31      1      350      0      1      3      200      0      3.3314
31      1      351      0      1      3      200      0      4.27328
31      1      352      0      1      3      200      0      2.83898
31      1      353      0      1      3      200      0      2.99418
31      1      354      0      1      3      200      0      3.09167
31      1      355      0      1      3      200      0      3.06977
31      1      356      0      1      3      200      0      2.75223
31      1      357      0      1      3      200      0      3.0349
31      1      358      0      1      3      200      0      3.1089
31      1      359      0      1      3      200      0      3.10737
31      1      360      0      1      3      200      0      3.15098
31      1      361      0      1      3      200      0      2.99227
31      1      362      0      1      3      200      0      3.0146
31      1      363      0      1      3      200      0      3.09969
31      1      364      0      1      3      200      0      2.87799
31      1      365      0      1      3      200      0      2.84372
31      1      366      0      1      3      200      0      2.9734
31      1      367      0      1      3      200      0      3.02798
31      1      368      0      1      3      200      0      3.17747
31      1      369      0      1      3      200      0      2.92675
31      1      370      0      1      3      200      0      2.93766
31      1      371      0      1      3      200      0      3.02977
31      1      372      0      1      3      200      0      2.93805
31      1      373      0      1      3      200      0      3.07217
31      1      374      0      1      3      200      0      2.87589
31      1      375      0      1      3      200      0      2.86815
31      1      376      0      1      3      200      0      2.92083
31      1      377      0      1      3      200      0      2.99827
31      1      378      0      1      3      200      0      2.96713
31      1      379      0      1      3      200      0      3.19402
31      1      380      0      1      3      200      0      2.97194
31      1      381      0      1      3      200      0      2.80854
31      1      382      0      1      3      200      0      2.96975
31      1      383      0      1      3      200      0      2.95951
31      1      384      0      1      3      200      0      2.93942
31      1      385      0      1      3      200      0      3.05865
31      1      386      0      1      3      200      0      3.05843
31      1      387      0      1      3      200      0      3.1515
31      1      388      0      1      3      200      0      3.0256
31      1      389      0      1      3      200      0      2.81293
31      1      390      0      1      3      200      0      3.16002
31      1      391      0      1      3      200      0      3.07252
31      1      392      0      1      3      200      0      3.06941
31      1      393      0      1      3      200      0      2.96621
31      1      394      0      1      3      200      0      3.02213
31      1      395      0      1      3      200      0      3.16599
31      1      396      0      1      3      200      0      3.09828
31      1      397      0      1      3      200      0      2.91058
31      1      398      0      1      3      200      0      3.07185
31      1      399      0      1      3      200      0      2.96768
31      1      400      0      1      3      200      0      3.19346
31      1      401      0      1      3      200      0      3.05922
31      1      402      0      1      3      200      0      3.06436
31      1      403      0      1      3      200      0      2.92707
31      1      404      0      1      3      200      0      3.00392
31      1      405      0      1      3      200      0      3.21963
31      1      406      0      1      3      200      0      2.99157
31      1      407      0      1      3      200      0      2.96035
31      1      408      0      1      3      200      0      3.00877
31      1      409      0      1      3      200      0      3.06615
31      1      410      0      1      3      200      0      3.00287
31      1      411      0      1      3      200      0      3.02284
31      1      412      0      1      3      200      0      3.12979
31      1      413      0      1      3      200      0      2.98854
31      1      414      0      1      3      200      0      3.03101
31      1      415      0      1      3      200      0      3.33126
31      1      416      0      1      3      200      0      3.09679
31      1      417      0      1      3      200      0      2.96639
31      1      418      0      1      3      200      0      3.14254
31      1      419      0      1      3      200      0      3.01565
31      1      420      0      1      3      200      0      3.29302
31      1      421      0      1      3      200      0      3.00647
31      1      422      0      1      3      200      0      3.13218
31      1      423      0      1      3      200      0      3.20736
31      1      424      0      1      3      200      0      3.01734
31      1      425      0      1      3      200      0      3.21168
31      1      426      0      1      3      200      0      3.05094
31      1      427      0      1      3      200      0      3.32298
31      1      428      0      1      3      200      0      3.21028
31      1      429      0      1      3      200      0      3.34221
31      1      430      0      1      3      200      0      2.8695
31      1      431      0      1      3      200      0      3.20699
31      1      432      0      1      3      200      0      3.28379
31      1      433      0      1      3      200      0      3.09708
31      1      434      0      1      3      200      0      3.27221
31      1      435      0      1      3      200      0      3.13907
31      1      436      0      1      3      200      0      3.16521
31      1      437      0      1      3      200      0      2.94063
31      1      438      0      1      3      200      0      3.26339
31      1      439      0      1      3      200      0      3.16645
31      1      440      0      1      3      200      0      3.06172
31      1      441      0      1      3      200      0      3.08123
31      1      442      0      1      3      200      0      3.03181
31      1      443      0      1      3      200      0      2.84427
31      1      444      0      1      3      200      0      3.15399
31      1      445      0      1      3      200      0      2.84417
31      1      446      0      1      3      200      0      2.82415
31      1      447      0      1      3      200      0      3.17476
31      1      448      0      1      3      200      0      3.16984
31      1      449      0      1      3      200      0      2.7976
31      1      450      0      1      3      200      0      3.28052
31      1      451      0      1      3      200      0      3.15773
31      1      452      0      1      3      200      0      3.15321
31      1      453      0      1      3      200      0      2.86809
31      1      454      0      1      3      200      0      3.47047
31      1      455      0      1      3      200      0      2.91546
31      1      456      0      1      3      200      0      3.22148
31      1      457      0      1      3      200      0      2.96451
31      1      458      0      1      3      200      0      3.30815
31      1      459      0      1      3      200      0      3.1522
31      1      460      0      1      3      200      0      3.38816
31      1      461      0      1      3      200      0      2.95381
31      1      462      0      1      3      200      0      3.14299
31      1      463      0      1      3      200      0      2.89316
31      1      464      0      1      3      200      0      3.31706
31      1      465      0      1      3      200      0      2.9117
31      1      466      0      1      3      200      0      3.04331
31      1      467      0      1      3      200      0      2.98331
31      1      468      0      1      3      200      0      3.17729
31      1      469      0      1      3      200      0      3.1158
31      1      470      0      1      3      200      0      3.14323
31      1      471      0      1      3      200      0      2.96133
31      1      472      0      1      3      200      0      3.22048
31      1      473      0      1      3      200      0      3.21145
31      1      474      0      1      3      200      0      3.01364
31      1      475      0      1      3      200      0      2.94609
31      1      476      0      1      3      200      0      3.13598
31      1      477      0      1      3      200      0      2.97247
31      1      478      0      1      3      200      0      3.18712
31      1      479      0      1      3      200      0      3.261
31      1      480      0      1      3      200      0      3.02311
31      1      481      0      1      3      200      0      2.84448
31      1      482      0      1      3      200      0      3.0947
31      1      483      0      1      3      200      0      3.28233
31      1      484      0      1      3      200      0      3.05882
31      1      485      0      1      3      200      0      2.92514
31      1      486      0      1      3      200      0      3.06889
31      1      487      0      1      3      200      0      3.08326
31      1      488      0      1      3      200      0      2.88926
31      1      489      0      1      3      200      0      3.19103
31      1      490      0      1      3      200      0      2.97181
31      1      491      0      1      3      200      0      2.93551
31      1      492      0      1      3      200      0      2.89418
31      1      493      0      1      3      200      0      2.96918
31      1      494      0      1      3      200      0      3.04861
31      1      495      0      1      3      200      0      3.06988
31      1      496      0      1      3      200      0      3.1736
31      1      497      0      1      3      200      0      2.98767
31      1      498      0      1      3      200      0      3.10611
31      1      499      0      1      3      200      0      3.13704
31      1      500      0      1      3      200      0      2.89982
31      1      501      0      1      3      200      0      3.29105
31      1      502      0      1      3      200      0      3.0438
31      1      503      0      1      3      200      0      3.05217
31      1      504      0      1      3      200      0      3.04856
31      1      505      0      1      3      200      0      2.89451
31      1      506      0      1      3      200      0      3.23605
31      1      507      0      1      3      200      0      3.15994
31      1      508      0      1      3      200      0      3.05877
31      1      509      0      1      3      200      0      3.10471
31      1      510      0      1      3      200      0      3.13941
31      1      511      0      1      3      200      0      3.02762
31      1      512      0      1      3      200      0      2.96792
31      1      513      0      1      3      200      0      3.20986
31      1      514      0      1      3      200      0      2.86878
31      1      515      0      1      3      200      0      3.18916
31      1      516      0      1      3      200      0      2.91824
31      1      517      0      1      3      200      0      3.27422
31      1      518      0      1      3      200      0      3.10556
31      1      519      0      1      3      200      0      3.29588
31      1      520      0      1      3      200      0      3.11564
31      1      521      0      1      3      200      0      3.23818
31      1      522      0      1      3      200      0      3.10683
31      1      523      0      1      3      200      0      3.23072
31      1      524      0      1      3      200      0      3.08866
31      1      525      0      1      3      200      0      3.19802
31      1      526      0      1      3      200      0      2.97261
31      1      527      0      1      3      200      0      3.25166
31      1      528      0      1      3      200      0      3.04938
31      1      529      0      1      3      200      0      3.11793
31      1      530      0      1      3      200      0      3.05572
31      1      531      0      1      3      200      0      3.35846
31      1      532      0      1      3      200      0      3.08368
31      1      533      0      1      3      200      0      3.17092
31      1      534      0      1      3      200      0      3.09463
31      1      535      0      1      3      200      0      3.05925
31      1      536      0      1      3      200      0      3.19177
31      1      537      0      1      3      200      0      3.18496
31      1      538      0      1      3      200      0      3.12093
31      1      539      0      1      3      200      0      3.28563
31      1      540      0      1      3      200      0      2.86628
31      1      541      0      1      3      200      0      3.2062
31      1      542      0      1      3      200      0      3.30416
31      1      543      0      1      3      200      0      3.14264
31      1      544      0      1      3      200      0      2.93636
31      1      545      0      1      3      200      0      3.11604
31      1      546      0      1      3      200      0      3.21737
31      1      547      0      1      3      200      0      3.11795
31      1      548      0      1      3      200      0      3.21917
31      1      549      0      1      3      200      0      3.12429
31      1      550      0      1      3      200      0      3.26572
31      1      551      0      1      3      200      0      3.02419
31      1      552      0      1      3      200      0      3.13103
31      1      553      0      1      3      200      0      3.19058
31      1      554      0      1      3      200      0      3.07038
31      1      555      0      1      3      200      0      3.00839
31      1      556      0      1      3      200      0      2.99505
31      1      557      0      1      3      200      0      3.15856
31      1      558      0      1      3      200      0      3.07532
31      1      559      0      1      3      200      0      3.06527
31      1      560      0      1      3      200      0      3.11936
31      1      561      0      1      3      200      0      3.09967
31      1      562      0      1      3      200      0      3.28657
31      1      563      0      1      3      200      0      3.04455
31      1      564      0      1      3      200      0      3.08564
31      1      565      0      1      3      200      0      3.03361
31      1      566      0      1      3      200      0      3.03537
31      1      567      0      1      3      200      0      3.08076
31      1      568      0      1      3      200      0      3.03334
31      1      569      0      1      3      200      0      3.09215
31      1      570      0      1      3      200      0      2.92003
31      1      571      0      1      3      200      0      2.92516
31      1      572      0      1      3      200      0      3.24498
31      1      573      0      1      3      200      0      3.25336
31      1      574      0      1      3      200      0      3.08753
31      1      575      0      1      3      200      0      3.26585
31      1      576      0      1      3      200      0      3.18873
31      1      577      0      1      3      200      0      3.1226
31      1      578      0      1      3      200      0      3.17886
31      1      579      0      1      3      200      0      3.19846
31      1      580      0      1      3      200      0      3.40205
31      1      581      0      1      3      200      0      3.20781
31      1      582      0      1      3      200      0      3.25891
31      1      583      0      1      3      200      0      3.12224
31      2      0      0      1      3      200      0      4.39835
31      2      1      0      1      3      200      0      3.8509
31      2      2      0      1      3      200      0      4.27399
31      2      3      0      1      3      200      0      4.00385
31      2      4      0      1      3      200      0      4.46029
31      2      5      0      1      3      200      0      3.61962
31      2      6      0      1      3      200      0      3.42496
31      2      7      0      1      3      200      0      4.12141
31      2      8      0      1      3      200      0      3.67492
31      2      9      0      1      3      200      0      3.96806
31      2      10      0      1      3      200      0      3.74035
31      2      11      0      1      3      200      0      4.04144
31      2      12      0      1      3      200      0      3.65815
31      2      13      0      1      3      200      0      3.8076
31      2      14      0      1      3      200      0      3.74937
31      2      15      0      1      3      200      0      4.2528
31      2      16      0      1      3      200      0      3.82499
31      2      17      0      1      3      200      0      3.71109
31      2      18      0      1      3      200      0      3.70253
31      2      19      0      1      3      200      0      3.51012
31      2      20      0      1      3      200      0      3.55831
31      2      21      0      1      3      200      0      3.50896
31      2      22      0      1      3      200      0      3.61957
31      2      23      0      1      3      200      0      3.39301
31      2      24      0      1      3      200      0      3.72401
31      2      25      0      1      3      200      0      3.56137
31      2      26      0      1      3      200      0      3.6925
31      2      27      0      1      3      200      0      3.67167
31      2      28      0      1      3      200      0      3.92436
31      2      29      0      1      3      200      0      3.44506
31      2      30      0      1      3      200      0      3.57855
31      2      31      0      1      3      200      0      5.35411
31      2      32      0      1      3      200      0      4.06695
31      2      33      0      1      3      200      0      3.81372
31      2      34      0      1      3      200      0      4.38444
31      2      35      0      1      3      200      0      3.96665
31      2      36      0      1      3      200      0      4.3595
31      2      37      0      1      3      200      0      3.71571
31      2      38      0      1      3      200      0      3.24211
31      2      39      0      1      3      200      0      3.77272
31      2      40      0      1      3      200      0      3.08745
31      2      41      0      1      3      200      0      3.77904
31      2      42      0      1      3      200      0      3.68844
31      2      43      0      1      3      200      0      3.79635
31      2      44      0      1      3      200      0      3.69999
31      2      45      0      1      3      200      0      3.75458
31      2      46      0      1      3      200      0      3.50679
31      2      47      0      1      3      200      0      3.79645
31      2      48      0      1      3      200      0      3.79963
31      2      49      0      1      3      200      0      3.60277
31      2      50      0      1      3      200      0      3.80379
31      2      51      0      1      3      200      0      3.22225
31      2      52      0      1      3      200      0      3.74577
31      2      53      0      1      3      200      0      3.13604
31      2      54      0      1      3      200      0      3.77475
31      2      55      0      1      3      200      0      3.40443
31      2      56      0      1      3      200      0      3.79955
31      2      57      0      1      3      200      0      3.69121
31      2      58      0      1      3      200      0      3.88813
31      2      59      0      1      3      200      0      3.66751
31      2      60      0      1      3      200      0      3.66554
31      2      61      0      1      3      200      0      3.6036
31      2      62      0      1      3      200      0      3.88147
31      2      63      0      1      3      200      0      5.12677
31      2      64      0      1      3      200      0      4.35859
31      2      65      0      1      3      200      0      3.91943
31      2      66      0      1      3      200      0      3.92989
31      2      67      0      1      3      200      0      3.38863
31      2      68      0      1      3      200      0      4.38584
31      2      69      0      1      3      200      0      4.10809
31      2      70      0      1      3      200      0      3.74799
31      2      71      0      1      3      200      0      3.68323
31      2      72      0      1      3      200      0      3.72346
31      2      73      0      1      3      200      0      3.97806
31      2      74      0      1      3      200      0      3.63163
31      2      75      0      1      3      200      0      3.80918
31      2      76      0      1      3      200      0      3.68899
31      2      77      0      1      3      200      0      3.9303
31      2      78      0      1      3      200      0      3.80017
31      2      79      0      1      3      200      0      4.26487
31      2      80      0      1      3      200      0      3.95831
31      2      81      0      1      3      200      0      4.15957
31      2      82      0      1      3      200      0      3.99155
31      2      83      0      1      3      200      0      3.90857
31      2      84      0      1      3      200      0      3.9212
31      2      85      0      1      3      200      0      3.65659
31      2      86      0      1      3      200      0      3.7467
31      2      87      0      1      3      200      0      3.59706
31      2      88      0      1      3      200      0      3.64403
31      2      89      0      1      3      200      0      3.66937
31      2      90      0      1      3      200      0      3.8276
31      2      91      0      1      3      200      0      3.69059
31      2      92      0      1      3      200      0      4.06442
31      2      93      0      1      3      200      0      3.55741
31      2      94      0      1      3      200      0      3.91354
31      2      95      0      1      3      200      0      5.05692
31      2      96      0      1      3      200      0      4.3751
31      2      97      0      1      3      200      0      3.7802
31      2      98      0      1      3      200      0      4.33437
31      2      99      0      1      3      200      0      4.04641
31      2      100      0      1      3      200      0      4.57982
31      2      101      0      1      3      200      0      3.86547
31      2      102      0      1      3      200      0      3.61432
31      2      103      0      1      3      200      0      3.9509
31      2      104      0      1      3      200      0      3.75918
31      2      105      0      1      3      200      0      3.84548
31      2      106      0      1      3      200      0      4.13615
31      2      107      0      1      3      200      0      3.74506
31      2      108      0      1      3      200      0      4.10075
31      2      109      0      1      3      200      0      4.20322
31      2      110      0      1      3      200      0      3.80579
31      2      111      0      1      3      200      0      3.89052
31      2      112      0      1      3      200      0      3.91327
31      2      113      0      1      3      200      0      3.48459
31      2      114      0      1      3      200      0      4.29025
31      2      115      0      1      3      200      0      3.72085
31      2      116      0      1      3      200      0      3.88373
31      2      117      0      1      3      200      0      3.83937
31      2      118      0      1      3      200      0      4.14364
31      2      119      0      1      3      200      0      3.83697
31      2      120      0      1      3      200      0      3.9596
31      2      121      0      1      3      200      0      3.67315
31      2      122      0      1      3      200      0      3.89207
31      2      123      0      1      3      200      0      3.57592
31      2      124      0      1      3      200      0      3.71681
31      2      125      0      1      3      200      0      3.62349
31      2      126      0      1      3      200      0      3.87259
31      2      127      0      1      3      200      0      4.98737
31      2      128      0      1      3      200      0      4.76402
31      2      129      0      1      3      200      0      4.10507
31      2      130      0      1      3      200      0      4.34925
31      2      131      0      1      3      200      0      4.00159
31      2      132      0      1      3      200      0      4.6089
31      2      133      0      1      3      200      0      3.98919
31      2      134      0      1      3      200      0      3.47383
31      2      135      0      1      3      200      0      3.93403
31      2      136      0      1      3      200      0      3.59481
31      2      137      0      1      3      200      0      3.76837
31      2      138      0      1      3      200      0      3.69035
31      2      139      0      1      3      200      0      3.8204
31      2      140      0      1      3      200      0      3.63433
31      2      141      0      1      3      200      0      4.05841
31      2      142      0      1      3      200      0      3.30085
31      2      143      0      1      3      200      0      3.9593
31      2      144      0      1      3      200      0      4.09883
31      2      145      0      1      3      200      0      3.90268
31      2      146      0      1      3      200      0      4.10251
31      2      147      0      1      3      200      0      3.4258
31      2      148      0      1      3      200      0      3.86113
31      2      149      0      1      3      200      0      3.68856
31      2      150      0      1      3      200      0      3.92512
31      2      151      0      1      3      200      0      3.57994
31      2      152      0      1      3      200      0      3.58603
31      2      153      0      1      3      200      0      3.75368
31      2      154      0      1      3      200      0      3.67014
31      2      155      0      1      3      200      0      3.54141
31      2      156      0      1      3      200      0      3.75504
31      2      157      0      1      3      200      0      3.51532
31      2      158      0      1      3      200      0      4.5344
31      2      159      0      1      3      200      0      4.23914
31      2      160      0      1      3      200      0      4.83816
31      2      161      0      1      3      200      0      3.66963
31      2      162      0      1      3      200      0      4.0154
31      2      163      0      1      3      200      0      3.82234
31      2      164      0      1      3      200      0      4.26343
31      2      165      0      1      3      200      0      3.70827
31      2      166      0      1      3      200      0      3.53056
31      2      167      0      1      3      200      0      3.63922
31      2      168      0      1      3      200      0      3.33111
31      2      169      0      1      3      200      0      3.62283
31      2      170      0      1      3      200      0      3.5827
31      2      171      0      1      3      200      0      3.9602
31      2      172      0      1      3      200      0      3.38954
31      2      173      0      1      3      200      0      3.7728
31      2      174      0      1      3      200      0      3.36374
31      2      175      0      1      3      200      0      3.85506
31      2      176      0      1      3      200      0      3.56658
31      2      177      0      1      3      200      0      3.80188
31      2      178      0      1      3      200      0      3.46803
31      2      179      0      1      3      200      0      3.09903
31      2      180      0      1      3      200      0      3.58051
31      2      181      0      1      3      200      0      3.62582
31      2      182      0      1      3      200      0      3.64539
31      2      183      0      1      3      200      0      3.4961
31      2      184      0      1      3      200      0      3.78331
31      2      185      0      1      3      200      0      3.54265
31      2      186      0      1      3      200      0      3.45867
31      2      187      0      1      3      200      0      3.39828
31      2      188      0      1      3      200      0      3.87327
31      2      189      0      1      3      200      0      3.65081
31      2      190      0      1      3      200      0      3.70543
31      2      191      0      1      3      200      0      4.35716
31      2      192      0      1      3      200      0      3.59004
31      2      193      0      1      3      200      0      3.49822
31      2      194      0      1      3      200      0      3.98873
31      2      195      0      1      3      200      0      3.36523
31      2      196      0      1      3      200      0      4.19406
31      2      197      0      1      3      200      0      3.31753
31      2      198      0      1      3      200      0      3.75398
31      2      199      0      1      3      200      0      3.55908
31      2      200      0      1      3      200      0      3.37328
31      2      201      0      1      3      200      0      3.29728
31      2      202      0      1      3      200      0      3.22638
31      2      203      0      1      3      200      0      3.20795
31      2      204      0      1      3      200      0      3.27463
31      2      205      0      1      3      200      0      3.50319
31      2      206      0      1      3      200      0      3.04971
31      2      207      0      1      3      200      0      3.46736
31      2      208      0      1      3      200      0      3.26369
31      2      209      0      1      3      200      0      3.06806
31      2      210      0      1      3      200      0      2.73254
31      2      211      0      1      3      200      0      2.88427
31      2      212      0      1      3      200      0      2.94709
31      2      213      0      1      3      200      0      3.3908
31      2      214      0      1      3      200      0      3.29731
31      2      215      0      1      3      200      0      3.15206
31      2      216      0      1      3      200      0      3.28761
31      2      217      0      1      3      200      0      3.15007
31      2      218      0      1      3      200      0      3.38843
31      2      219      0      1      3      200      0      2.93645
31      2      220      0      1      3      200      0      3.06475
31      2      221      0      1      3      200      0      3.27821
31      2      222      0      1      3      200      0      3.26265
31      2      223      0      1      3      200      0      4.45726
31      2      224      0      1      3      200      0      4.17644
31      2      225      0      1      3      200      0      3.30993
31      2      226      0      1      3      200      0      3.77632
31      2      227      0      1      3      200      0      3.32111
31      2      228      0      1      3      200      0      4.00836
31      2      229      0      1      3      200      0      3.36121
31      2      230      0      1      3      200      0      3.25424
31      2      231      0      1      3      200      0      3.56859
31      2      232      0      1      3      200      0      3.08309
31      2      233      0      1      3      200      0      3.24048
31      2      234      0      1      3      200      0      2.99646
31      2      235      0      1      3      200      0      3.28071
31      2      236      0      1      3      200      0      3.00179
31      2      237      0      1      3      200      0      3.43234
31      2      238      0      1      3      200      0      2.9728
31      2      239      0      1      3      200      0      3.52082
31      2      240      0      1      3      200      0      3.20351
31      2      241      0      1      3      200      0      3.20641
31      2      242      0      1      3      200      0      3.51374
31      2      243      0      1      3      200      0      3.27371
31      2      244      0      1      3      200      0      3.52173
31      2      245      0      1      3      200      0      3.18607
31      2      246      0      1      3      200      0      3.37889
31      2      247      0      1      3      200      0      3.17042
31      2      248      0      1      3      200      0      3.55102
31      2      249      0      1      3      200      0      3.18529
31      2      250      0      1      3      200      0      3.44444
31      2      251      0      1      3      200      0      3.38578
31      2      252      0      1      3      200      0      3.27129
31      2      253      0      1      3      200      0      3.58866
31      2      254      0      1      3      200      0      3.29863
31      2      255      0      1      3      200      0      4.08561
31      2      256      0      1      3      200      0      3.82103
31      2      257      0      1      3      200      0      3.35911
31      2      258      0      1      3      200      0      3.87866
31      2      259      0      1      3      200      0      3.28756
31      2      260      0      1      3      200      0      3.72749
31      2      261      0      1      3      200      0      3.27115
31      2      262      0      1      3      200      0      3.30255
31      2      263      0      1      3      200      0      3.50808
31      2      264      0      1      3      200      0      3.29616
31      2      265      0      1      3      200      0      3.45962
31      2      266      0      1      3      200      0      3.29259
31      2      267      0      1      3      200      0      3.41398
31      2      268      0      1      3      200      0      2.9535
31      2      269      0      1      3      200      0      3.45455
31      2      270      0      1      3      200      0      2.70355
31      2      271      0      1      3      200      0      3.21229
31      2      272      0      1      3      200      0      3.22927
31      2      273      0      1      3      200      0      2.98121
31      2      274      0      1      3      200      0      3.56186
31      2      275      0      1      3      200      0      2.84969
31      2      276      0      1      3      200      0      3.29903
31      2      277      0      1      3      200      0      3.11088
31      2      278      0      1      3      200      0      3.28801
31      2      279      0      1      3      200      0      2.78365
31      2      280      0      1      3      200      0      3.03243
31      2      281      0      1      3      200      0      2.86692
31      2      282      0      1      3      200      0      3.20738
31      2      283      0      1      3      200      0      3.07379
31      2      284      0      1      3      200      0      3.28499
31      2      285      0      1      3      200      0      2.79373
31      2      286      0      1      3      200      0      3.07778
31      2      287      0      1      3      200      0      4.19542
31      2      288      0      1      3      200      0      3.82062
31      2      289      0      1      3      200      0      3.28904
31      2      290      0      1      3      200      0      3.50659
31      2      291      0      1      3      200      0      3.05778
31      2      292      0      1      3      200      0      3.2816
31      2      293      0      1      3      200      0      3.28744
31      2      294      0      1      3      200      0      3.0065
31      2      295      0      1      3      200      0      3.16155
31      2      296      0      1      3      200      0      3.0601
31      2      297      0      1      3      200      0      3.08566
31      2      298      0      1      3      200      0      3.04207
31      2      299      0      1      3      200      0      3.18329
31      2      300      0      1      3      200      0      3.09278
31      2      301      0      1      3      200      0      1.72293
31      2      302      0      1      3      200      0      2.17247
31      2      303      0      1      3      200      0      3.16249
31      2      304      0      1      3      200      0      3.23582
31      2      305      0      1      3      200      0      3.27944
31      2      306      0      1      3      200      0      3.14403
31      2      307      0      1      3      200      0      3.23506
31      2      308      0      1      3      200      0      3.31223
31      2      309      0      1      3      200      0      2.934
31      2      310      0      1      3      200      0      3.39478
31      2      311      0      1      3      200      0      2.83456
31      2      312      0      1      3      200      0      3.12772
31      2      313      0      1      3      200      0      3.2642
31      2      314      0      1      3      200      0      3.29755
31      2      315      0      1      3      200      0      3.19718
31      2      316      0      1      3      200      0      3.46868
31      2      317      0      1      3      200      0      2.89026
31      2      318      0      1      3      200      0      2.96741
31      2      319      0      1      3      200      0      3.53649
31      2      320      0      1      3      200      0      3.96112
31      2      321      0      1      3      200      0      3.10513
31      2      322      0      1      3      200      0      3.57852
31      2      323      0      1      3      200      0      3.34333
31      2      324      0      1      3      200      0      3.63219
31      2      325      0      1      3      200      0      3.27486
31      2      326      0      1      3      200      0      2.80875
31      2      327      0      1      3      200      0      3.05782
31      2      328      0      1      3      200      0      2.6873
31      2      329      0      1      3      200      0      3.24431
31      2      330      0      1      3      200      0      3.1233
31      2      331      0      1      3      200      0      3.29231
31      2      332      0      1      3      200      0      3.14798
31      2      333      0      1      3      200      0      3.1665
31      2      334      0      1      3      200      0      3.1866
31      2      335      0      1      3      200      0      3.01826
31      2      336      0      1      3      200      0      3.00398
31      2      337      0      1      3      200      0      3.1871
31      2      338      0      1      3      200      0      3.19549
31      2      339      0      1      3      200      0      2.89878
31      2      340      0      1      3      200      0      3.48382
31      2      341      0      1      3      200      0      2.96737
31      2      342      0      1      3      200      0      3.18316
31      2      343      0      1      3      200      0      3.25142
31      2      344      0      1      3      200      0      2.85056
31      2      345      0      1      3      200      0      3.22236
31      2      346      0      1      3      200      0      3.56884
31      2      347      0      1      3      200      0      3.25303
31      2      348      0      1      3      200      0      3.36939
31      2      349      0      1      3      200      0      3.35647
31      2      350      0      1      3      200      0      3.24304
31      2      351      0      1      3      200      0      4.03198
31      2      352      0      1      3      200      0      4.15721
31      2      353      0      1      3      200      0      3.17189
31      2      354      0      1      3      200      0      3.73038
31      2      355      0      1      3      200      0      3.19242
31      2      356      0      1      3      200      0      3.75368
31      2      357      0      1      3      200      0      3.3548
31      2      358      0      1      3      200      0      3.18897
31      2      359      0      1      3      200      0      2.17931
31      2      360      0      1      3      200      0      2.87066
31      2      361      0      1      3      200      0      3.28561
31      2      362      0      1      3      200      0      3.13499
31      2      363      0      1      3      200      0      2.84176
31      2      364      0      1      3      200      0      3.14685
31      2      365      0      1      3      200      0      3.29554
31      2      366      0      1      3      200      0      3.08829
31      2      367      0      1      3      200      0      3.14853
31      2      368      0      1      3      200      0      3.25998
31      2      369      0      1      3      200      0      2.82565
31      2      370      0      1      3      200      0      3.01839
31      2      371      0      1      3      200      0      3.00994
31      2      372      0      1      3      200      0      3.28368
31      2      373      0      1      3      200      0      3.36535
31      2      374      0      1      3      200      0      3.80019
31      2      375      0      1      3      200      0      2.74336
31      2      376      0      1      3      200      0      3.43861
31      2      377      0      1      3      200      0      3.23114
31      2      378      0      1      3      200      0      3.45085
31      2      379      0      1      3      200      0      3.19229
31      2      380      0      1      3      200      0      3.3483
31      2      381      0      1      3      200      0      3.43141
31      2      382      0      1      3      200      0      3.60386
31      2      383      0      1      3      200      0      4.09361
31      2      384      0      1      3      200      0      3.95421
31      2      385      0      1      3      200      0      3.25595
31      2      386      0      1      3      200      0      4.35992
31      2      387      0      1      3      200      0      3.19269
31      2      388      0      1      3      200      0      4.3618
31      2      389      0      1      3      200      0      3.35419
31      2      390      0      1      3      200      0      3.26749
31      2      391      0      1      3      200      0      3.40245
31      2      392      0      1      3      200      0      3.31538
31      2      393      0      1      3      200      0      3.09005
31      2      394      0      1      3      200      0      3.12425
31      2      395      0      1      3      200      0      3.33457
31      2      396      0      1      3      200      0      3.21764
31      2      397      0      1      3      200      0      3.50122
31      2      398      0      1      3      200      0      3.37297
31      2      399      0      1      3      200      0      3.26435
31      2      400      0      1      3      200      0      2.82893
31      2      401      0      1      3      200      0      3.14664
31      2      402      0      1      3      200      0      3.25956
31      2      403      0      1      3      200      0      2.92963
31      2      404      0      1      3      200      0      2.67386
31      2      405      0      1      3      200      0      3.125
31      2      406      0      1      3      200      0      2.68569
31      2      407      0      1      3      200      0      2.97026
31      2      408      0      1      3      200      0      3.16059
31      2      409      0      1      3      200      0      3.14417
31      2      410      0      1      3      200      0      3.14833
31      2      411      0      1      3      200      0      3.15526
31      2      412      0      1      3      200      0      3.66769
31      2      413      0      1      3      200      0      3.00503
31      2      414      0      1      3      200      0      3.46599
31      2      415      0      1      3      200      0      4.01937
31      2      416      0      1      3      200      0      4.21673
31      2      417      0      1      3      200      0      2.96645
31      2      418      0      1      3      200      0      3.82546
31      2      419      0      1      3      200      0      3.58391
31      2      420      0      1      3      200      0      4.02991
31      2      421      0      1      3      200      0      3.4595
31      2      422      0      1      3      200      0      3.52872
31      2      423      0      1      3      200      0      3.91496
31      2      424      0      1      3      200      0      3.1784
31      2      425      0      1      3      200      0      3.68134
31      2      426      0      1      3      200      0      3.35288
31      2      427      0      1      3      200      0      3.72402
31      2      428      0      1      3      200      0      3.23186
31      2      429      0      1      3      200      0      3.6537
31      2      430      0      1      3      200      0      3.11318
31      2      431      0      1      3      200      0      3.37581
31      2      432      0      1      3      200      0      3.5371
31      2      433      0      1      3      200      0      3.48014
31      2      434      0      1      3      200      0      3.75718
31      2      435      0      1      3      200      0      2.76373
31      2      436      0      1      3      200      0      3.84026
31      2      437      0      1      3      200      0      3.44007
31      2      438      0      1      3      200      0      3.70801
31      2      439      0      1      3      200      0      3.22729
31      2      440      0      1      3      200      0      3.85256
31      2      441      0      1      3      200      0      3.26123
31      2      442      0      1      3      200      0      3.18036
31      2      443      0      1      3      200      0      3.21813
31      2      444      0      1      3      200      0      3.50226
31      2      445      0      1      3      200      0      3.46631
31      2      446      0      1      3      200      0      3.48232
31      2      447      0      1      3      200      0      4.15027
31      2      448      0      1      3      200      0      4.47234
31      2      449      0      1      3      200      0      3.49041
31      2      450      0      1      3      200      0      4.12736
31      2      451      0      1      3      200      0      3.46077
31      2      452      0      1      3      200      0      4.33241
31      2      453      0      1      3      200      0      3.5236
31      2      454      0      1      3      200      0      3.52341
31      2      455      0      1      3      200      0      3.52967
31      2      456      0      1      3      200      0      3.28571
31      2      457      0      1      3      200      0      3.76279
31      2      458      0      1      3      200      0      3.41855
31      2      459      0      1      3      200      0      3.61684
31      2      460      0      1      3      200      0      3.50206
31      2      461      0      1      3      200      0      3.81011
31      2      462      0      1      3      0      0      1.61462
31      2      463      0      1      3      200      0      3.67565
31      2      464      0      1      3      200      0      3.84188
31      2      465      0      1      3      200      0      3.68245
31      2      466      0      1      3      200      0      3.72615
31      2      467      0      1      3      200      0      3.23527
31      2      468      0      1      3      200      0      3.75064
31      2      469      0      1      3      200      0      3.48697
31      2      470      0      1      3      200      0      3.55051
31      2      471      0      1      3      200      0      3.32448
31      3      0      0      1      3      200      0      4.63511
31      3      1      0      1      3      200      0      3.31034
31      3      2      0      1      3      200      0      3.75801
31      3      3      0      1      3      200      0      3.5929
31      3      4      0      1      3      200      0      3.62679
31      3      5      0      1      3      200      0      3.45733
31      3      6      0      1      3      200      0      3.46468
31      3      7      0      1      3      200      0      3.41713
31      3      8      0      1      3      200      0      3.59651
31      3      9      0      1      3      200      0      3.61613
31      3      10      0      1      3      200      0      3.53236
31      3      11      0      1      3      200      0      3.7381
31      3      12      0      1      3      200      0      3.48214
31      3      13      0      1      3      200      0      3.59214
31      3      14      0      1      3      200      0      3.49228
31      3      15      0      1      3      200      0      3.70834
31      3      16      0      1      3      200      0      3.67535
31      3      17      0      1      3      200      0      3.49674
31      3      18      0      1      3      200      0      3.71837
31      3      19      0      1      3      200      0      3.62616
31      3      20      0      1      3      200      0      3.50115
31      3      21      0      1      3      200      0      3.82479
31      3      22      0      1      3      200      0      3.41059
31      3      23      0      1      3      200      0      3.802
31      3      24      0      1      3      200      0      3.62849
31      3      25      0      1      3      200      0      3.57447
31      3      26      0      1      3      200      0      3.43658
31      3      27      0      1      3      200      0      4.32139
31      3      28      0      1      3      200      0      3.74709
31      3      29      0      1      3      200      0      4.03899
31      3      30      0      1      3      200      0      3.40911
31      3      31      0      1      3      200      0      3.8193
31      3      32      0      1      3      200      0      4.21992
31      3      33      0      1      3      200      0      3.74978
31      3      34      0      1      3      200      0      3.97539
31      3      35      0      1      3      200      0      3.54806
31      3      36      0      1      3      200      0      3.50207
31      3      37      0      1      3      200      0      3.49386
31      3      38      0      1      3      200      0      3.78696
31      3      39      0      1      3      200      0      3.83859
31      3      40      0      1      3      200      0      3.52014
31      3      41      0      1      3      200      0      3.73652
31      3      42      0      1      3      200      0      3.66701
31      3      43      0      1      3      200      0      3.64564
31      3      44      0      1      3      200      0      3.66515
31      3      45      0      1      3      200      0      3.70301
31      3      46      0      1      3      200      0      3.52981
31      3      47      0      1      3      200      0      3.58551
31      3      48      0      1      3      200      0      3.76081
31      3      49      0      1      3      200      0      3.68386
31      3      50      0      1      3      200      0      4.02076
31      3      51      0      1      3      200      0      3.63468
31      3      52      0      1      3      200      0      3.73665
31      3      53      0      1      3      200      0      3.50764
31      3      54      0      1      3      200      0      3.71854
31      3      55      0      1      3      200      0      3.40747
31      3      56      0      1      3      200      0      3.76197
31      3      57      0      1      3      200      0      3.81687
31      3      58      0      1      3      200      0      4.02199
31      3      59      0      1      3      200      0      4.10737
31      3      60      0      1      3      200      0      3.67164
31      3      61      0      1      3      200      0      4.14914
31      3      62      0      1      3      200      0      3.78141
31      3      63      0      1      3      200      0      4.6439
31      3      64      0      1      3      0      0      0
31      3      65      0      1      3      200      0      3.70459
31      3      66      0      1      3      200      0      3.74938
31      3      67      0      1      3      200      0      3.90014
31      3      68      0      1      3      200      0      3.65397
31      3      69      0      1      3      200      0      3.78868
31      3      70      0      1      3      200      0      3.40039
31      3      71      0      1      3      200      0      3.92586
31      3      72      0      1      3      200      0      3.54895
31      3      73      0      1      3      200      0      3.87341
31      3      74      0      1      3      200      0      3.68662
31      3      75      0      1      3      200      0      3.97181
31      3      76      0      1      3      200      0      3.50072
31      3      77      0      1      3      200      0      4.06052
31      3      78      0      1      3      200      0      3.86578
31      3      79      0      1      3      200      0      3.76821
31      3      80      0      1      3      200      0      3.85812
31      3      81      0      1      3      200      0      3.79319
31      3      82      0      1      3      200      0      3.97876
31      3      83      0      1      3      200      0      3.20843
31      3      84      0      1      3      200      0      3.77687
31      3      85      0      1      3      200      0      3.79283
31      3      86      0      1      3      200      0      3.88187
31      3      87      0      1      3      200      0      3.54708
31      3      88      0      1      3      200      0      3.88993
31      3      89      0      1      3      200      0      3.82028
31      3      90      0      1      3      200      0      3.86532
31      3      91      0      1      3      200      0      4.31902
31      3      92      0      1      3      200      0      3.7702
31      3      93      0      1      3      200      0      4.37797
31      3      94      0      1      3      200      0      3.8859
31      3      95      0      1      3      200      0      4.77715
31      3      96      0      1      3      200      0      4.80842
31      3      97      0      1      3      200      0      3.73041
31      3      98      0      1      3      200      0      3.6188
31      3      99      0      1      3      200      0      3.9259
31      3      100      0      1      3      200      0      3.58484
31      3      101      0      1      3      200      0      3.84568
31      3      102      0      1      3      200      0      3.72611
31      3      103      0      1      3      200      0      4.17002
31      3      104      0      1      3      200      0      3.92361
31      3      105      0      1      3      200      0      4.01287
31      3      106      0      1      3      200      0      3.83391
31      3      107      0      1      3      200      0      3.93913
31      3      108      0      1      3      200      0      3.88067
31      3      109      0      1      3      200      0      3.87887
31      3      110      0      1      3      200      0      3.90267
31      3      111      0      1      3      200      0      3.91486
31      3      112      0      1      3      200      0      3.79309
31      3      113      0      1      3      200      0      4.20219
31      3      114      0      1      3      200      0      3.92179
31      3      115      0      1      3      200      0      3.83709
31      3      116      0      1      3      200      0      4.00013
31      3      117      0      1      3      200      0      3.67059
31      3      118      0      1      3      200      0      3.7648
31      3      119      0      1      3      200      0      3.82479
31      3      120      0      1      3      200      0      3.81558
31      3      121      0      1      3      200      0      3.54609
31      3      122      0      1      3      200      0      3.81426
31      3      123      0      1      3      200      0      4.36184
31      3      124      0      1      3      200      0      3.59776
31      3      125      0      1      3      200      0      4.28594
31      3      126      0      1      3      200      0      4.01713
31      3      127      0      1      3      200      0      4.16108
31      3      128      0      1      3      200      0      4.61109
31      3      129      0      1      3      200      0      3.78757
31      3      130      0      1      3      200      0      3.56268
31      3      131      0      1      3      200      0      4.04574
31      3      132      0      1      3      200      0      3.66477
31      3      133      0      1      3      200      0      4.22163
31      3      134      0      1      3      200      0      3.94118
31      3      135      0      1      3      200      0      4.12361
31      3      136      0      1      3      200      0      3.85186
31      3      137      0      1      3      200      0      4.12319
31      3      138      0      1      3      200      0      3.86794
31      3      139      0      1      3      200      0      3.91621
31      3      140      0      1      3      200      0      3.48112
31      3      141      0      1      3      200      0      3.88744
31      3      142      0      1      3      200      0      3.93444
31      3      143      0      1      3      200      0      3.87504
31      3      144      0      1      3      200      0      3.75522
31      3      145      0      1      3      200      0      3.70885
31      3      146      0      1      3      200      0      3.91661
31      3      147      0      1      3      200      0      3.67526
31      3      148      0      1      3      200      0      3.90028
31      3      149      0      1      3      200      0      3.73733
31      3      150      0      1      3      200      0      3.76614
31      3      151      0      1      3      200      0      3.6964
31      3      152      0      1      3      200      0      4.04537
31      3      153      0      1      3      200      0      3.73639
31      3      154      0      1      3      200      0      3.86806
31      3      155      0      1      3      200      0      4.38652
31      3      156      0      1      3      200      0      3.88571
31      3      157      0      1      3      200      0      4.42432
31      3      158      0      1      3      200      0      3.86163
31      3      159      0      1      3      200      0      4.75206
31      3      160      0      1      3      200      0      4.52666
31      3      161      0      1      3      200      0      3.84797
31      3      162      0      1      3      200      0      3.61182
31      3      163      0      1      3      200      0      3.91905
31      3      164      0      1      3      200      0      3.73619
31      3      165      0      1      3      200      0      3.95731
31      3      166      0      1      3      200      0      3.53704
31      3      167      0      1      3      200      0      3.92029
31      3      168      0      1      3      200      0      3.77355
31      3      169      0      1      3      200      0      4.00694
31      3      170      0      1      3      200      0      3.63367
31      3      171      0      1      3      200      0      4.03487
31      3      172      0      1      3      200      0      3.83347
31      3      173      0      1      3      200      0      3.88059
31      3      174      0      1      3      200      0      3.76007
31      3      175      0      1      3      200      0      3.76476
31      3      176      0      1      3      200      0      3.9225
31      3      177      0      1      3      200      0      3.42789
31      3      178      0      1      3      200      0      3.88961
31      3      179      0      1      3      200      0      3.69281
31      3      180      0      1      3      200      0      3.95897
31      3      181      0      1      3      200      0      3.63546
31      3      182      0      1      3      200      0      3.8476
31      3      183      0      1      3      200      0      3.47003
31      3      184      0      1      3      200      0      4.02362
31      3      185      0      1      3      200      0      3.66163
31      3      186      0      1      3      200      0      3.9284
31      3      187      0      1      3      200      0      4.38215
31      3      188      0      1      3      200      0      3.98224
31      3      189      0      1      3      200      0      4.80148
31      3      190      0      1      3      200      0      3.90427
31      3      191      0      1      3      200      0      4.18384
31      3      192      0      1      3      200      0      4.69926
31      3      193      0      1      3      200      0      3.70665
31      3      194      0      1      3      200      0      4.29395
31      3      195      0      1      3      200      0      3.70148
31      3      196      0      1      3      200      0      4.30103
31      3      197      0      1      3      200      0      3.85953
31      3      198      0      1      3      200      0      3.93329
31      3      199      0      1      3      200      0      3.99157
31      3      200      0      1      3      200      0      3.78746
31      3      201      0      1      3      200      0      3.97574
31      3      202      0      1      3      200      0      3.70109
31      3      203      0      1      3      200      0      3.95868
31      3      204      0      1      3      200      0      3.6102
31      3      205      0      1      3      200      0      3.71926
31      3      206      0      1      3      200      0      3.67916
31      3      207      0      1      3      200      0      3.8765
31      3      208      0      1      3      200      0      4.05444
31      3      209      0      1      3      200      0      3.97775
31      3      210      0      1      3      200      0      3.81283
31      3      211      0      1      3      200      0      3.62199
31      3      212      0      1      3      200      0      3.78332
31      3      213      0      1      3      200      0      3.6309
31      3      214      0      1      3      200      0      3.98863
31      3      215      0      1      3      200      0      3.7589
31      3      216      0      1      3      200      0      4.01803
31      3      217      0      1      3      200      0      3.62707
31      3      218      0      1      3      200      0      3.8807
31      3      219      0      1      3      200      0      3.71081
31      3      220      0      1      3      200      0      3.93275
31      3      221      0      1      3      200      0      3.56213
31      3      222      0      1      3      200      0      3.90291
31      3      223      0      1      3      200      0      4.5295
31      3      224      0      1      3      200      0      4.16684
31      3      225      0      1      3      200      0      3.70742
31      3      226      0      1      3      200      0      3.64683
31      3      227      0      1      3      200      0      3.73812
31      3      228      0      1      3      200      0      3.57345
31      3      229      0      1      3      200      0      3.7516
31      3      230      0      1      3      200      0      3.65609
31      3      231      0      1      3      200      0      3.81181
31      3      232      0      1      3      200      0      3.49393
31      3      233      0      1      3      200      0      3.87253
31      3      234      0      1      3      200      0      3.52298
31      3      235      0      1      3      200      0      3.95726
31      3      236      0      1      3      200      0      3.46114
31      3      237      0      1      3      200      0      3.84258
31      3      238      0      1      3      200      0      3.7151
31      3      239      0      1      3      200      0      3.62801
31      3      240      0      1      3      200      0      3.70316
31      3      241      0      1      3      200      0      3.60181
31      3      242      0      1      3      200      0      3.91983
31      3      243      0      1      3      200      0      3.69554
31      3      244      0      1      3      200      0      3.80803
31      3      245      0      1      3      200      0      3.39207
31      3      246      0      1      3      200      0      3.85815
31      3      247      0      1      3      200      0      3.54511
31      3      248      0      1      3      200      0      3.89652
31      3      249      0      1      3      200      0      3.53352
31      3      250      0      1      3      200      0      3.89213
31      3      251      0      1      3      200      0      4.26859
31      3      252      0      1      3      200      0      3.82136
31      3      253      0      1      3      200      0      4.16871
31      3      254      0      1      3      200      0      3.62164
31      3      255      0      1      3      200      0      4.4563
31      3      256      0      1      3      200      0      4.07097
31      3      257      0      1      3      200      0      3.45401
31      3      258      0      1      3      200      0      3.77605
31      3      259      0      1      3      200      0      3.76835
31      3      260      0      1      3      200      0      3.5526
31      3      261      0      1      3      200      0      3.62061
31      3      262      0      1      3      200      0      3.37598
31      3      263      0      1      3      200      0      3.64601
31      3      264      0      1      3      200      0      3.49273
31      3      265      0      1      3      200      0      3.82562
31      3      266      0      1      3      200      0      3.41931
31      3      267      0      1      3      200      0      3.92028
31      3      268      0      1      3      200      0      3.48831
31      3      269      0      1      3      200      0      3.72046
31      3      270      0      1      3      200      0      3.74345
31      3      271      0      1      3      200      0      3.92964
31      3      272      0      1      3      200      0      3.84666
31      3      273      0      1      3      200      0      3.38651
31      3      274      0      1      3      200      0      3.85157
31      3      275      0      1      3      200      0      3.40806
31      3      276      0      1      3      200      0      3.66813
31      3      277      0      1      3      200      0      3.38434
31      3      278      0      1      3      200      0      3.83263
31      3      279      0      1      3      200      0      3.18891
31      3      280      0      1      3      200      0      3.8383
31      3      281      0      1      3      200      0      3.60708
31      3      282      0      1      3      200      0      3.65532
31      3      283      0      1      3      200      0      4.20923
31      3      284      0      1      3      200      0      3.60219
31      3      285      0      1      3      200      0      4.15971
31      3      286      0      1      3      200      0      3.58141
31      3      287      0      1      3      200      0      4.33765
31      3      288      0      1      3      200      0      4.35559
31      3      289      0      1      3      200      0      3.65961
31      3      290      0      1      3      200      0      3.43886
31      3      291      0      1      3      200      0      3.55173
31      3      292      0      1      3      200      0      3.39929
31      3      293      0      1      3      200      0      3.78119
31      3      294      0      1      3      200      0      3.61711
31      3      295      0      1      3      200      0      3.7426
31      3      296      0      1      3      200      0      3.40632
31      3      297      0      1      3      200      0      3.71109
31      3      298      0      1      3      200      0      3.4872
31      3      299      0      1      3      200      0      3.74831
31      3      300      0      1      3      200      0      3.21806
31      3      301      0      1      3      200      0      3.81011
31      3      302      0      1      3      200      0      3.73975
31      3      303      0      1      3      200      0      3.5443
31      3      304      0      1      3      200      0      3.63644
31      3      305      0      1      3      200      0      3.23768
31      3      306      0      1      3      200      0      3.62306
31      3      307      0      1      3      200      0      3.42239
31      3      308      0      1      3      200      0      3.64417
31      3      309      0      1      3      200      0      3.13347
31      3      310      0      1      3      200      0      3.68053
31      3      311      0      1      3      200      0      3.22208
31      3      312      0      1      3      200      0      3.68533
31      3      313      0      1      3      200      0      3.43145
31      3      314      0      1      3      200      0      3.4263
31      3      315      0      1      3      200      0      3.9288
31      3      316      0      1      3      200      0      3.56766
31      3      317      0      1      3      200      0      3.88444
31      3      318      0      1      3      200      0      3.42331
31      3      319      0      1      3      200      0      4.39711
31      3      320      0      1      3      200      0      4.17258
31      3      321      0      1      3      200      0      3.38539
31      3      322      0      1      3      200      0      3.61857
31      3      323      0      1      3      200      0      3.69484
31      3      324      0      1      3      200      0      3.33042
31      3      325      0      1      3      200      0      3.44185
31      3      326      0      1      3      200      0      3.53966
31      3      327      0      1      3      200      0      3.65001
31      3      328      0      1      3      200      0      3.2896
31      3      329      0      1      3      200      0      3.47434
31      3      330      0      1      3      200      0      3.42116
31      3      331      0      1      3      200      0      3.47445
31      3      332      0      1      3      200      0      3.54122
31      3      333      0      1      3      200      0      3.52259
31      3      334      0      1      3      200      0      3.22232
31      3      335      0      1      3      200      0      3.34532
31      3      336      0      1      3      200      0      3.59683
31      3      337      0      1      3      200      0      3.41801
31      3      338      0      1      3      200      0      3.80329
31      3      339      0      1      3      200      0      3.14658
31      3      340      0      1      3      200      0      3.96891
31      3      341      0      1      3      200      0      3.14427
31      3      342      0      1      3      200      0      3.5194
31      3      343      0      1      3      200      0      3.17096
31      3      344      0      1      3      200      0      3.47372
31      3      345      0      1      3      200      0      3.293
31      3      346      0      1      3      200      0      3.61153
31      3      347      0      1      3      200      0      4.03788
31      3      348      0      1      3      200      0      3.44417
31      3      349      0      1      3      200      0      4.09889
31      3      350      0      1      3      200      0      3.50769
31      3      351      0      1      3      200      0      4.62084
31      3      352      0      1      3      200      0      4.26385
31      3      353      0      1      3      200      0      3.49502
31      3      354      0      1      3      200      0      3.26584
31      3      355      0      1      3      200      0      3.47335
31      3      356      0      1      3      200      0      3.44709
31      3      357      0      1      3      200      0      3.5814
31      3      358      0      1      3      200      0      3.09512
31      3      359      0      1      3      200      0      3.37225
31      3      360      0      1      3      200      0      3.01424
31      3      361      0      1      3      200      0      3.47716
31      3      362      0      1      3      200      0      3.33188
31      3      363      0      1      3      200      0      3.37598
31      3      364      0      1      3      200      0      3.30792
31      3      365      0      1      3      200      0      3.3575
31      3      366      0      1      3      200      0      3.34855
31      3      367      0      1      3      200      0      3.25078
31      3      368      0      1      3      200      0      3.57214
31      3      369      0      1      3      200      0      2.99784
31      3      370      0      1      3      200      0      3.42276
31      3      371      0      1      3      200      0      3.36499
31      3      372      0      1      3      200      0      3.23435
31      3      373      0      1      3      200      0      3.5519
31      3      374      0      1      3      200      0      3.27148
31      3      375      0      1      3      200      0      3.36811
31      3      376      0      1      3      200      0      3.2333
31      3      377      0      1      3      200      0      3.14498
31      3      378      0      1      3      200      0      3.53847
31      3      379      0      1      3      200      0      3.93148
31      3      380      0      1      3      200      0      3.44262
31      3      381      0      1      3      200      0      3.92627
31      3      382      0      1      3      200      0      3.46652
31      3      383      0      1      3      200      0      3.75895
31      3      384      0      1      3      0      0      0
31      3      385      0      1      3      200      0      3.08626
31      3      386      0      1      3      0      0      0
31      3      387      0      1      3      200      0      3.16837
31      3      388      0      1      3      200      0      2.84771
31      3      389      0      1      3      200      0      2.91305
31      3      390      0      1      3      200      0      3.24536
31      3      391      0      1      3      200      0      3.07649
31      3      392      0      1      3      200      0      3.23362
31      3      393      0      1      3      200      0      3.04383
31      3      394      0      1      3      200      0      3.12141
31      3      395      0      1      3      200      0      3.15459
31      3      396      0      1      3      200      0      3.0314
31      3      397      0      1      3      200      0      3.25795
31      3      398      0      1      3      200      0      3.22022
31      3      399      0      1      3      200      0      2.8558
31      3      400      0      1      3      200      0      2.84368
31      3      401      0      1      3      200      0      3.13176
31      3      402      0      1      3      200      0      3.1182
31      3      403      0      1      3      200      0      3.05107
31      3      404      0      1      3      200      0      3.28279
31      3      405      0      1      3      200      0      3.22966
31      3      406      0      1      3      200      0      3.28337
31      3      407      0      1      3      200      0      3.09381
31      3      408      0      1      3      200      0      3.08564
31      3      409      0      1      3      200      0      3.12356
31      3      410      0      1      3      200      0      3.07481
31      3      411      0      1      3      200      0      3.31443
31      3      412      0      1      3      200      0      3.18301
31      3      413      0      1      3      200      0      2.98704
31      3      414      0      1      3      200      0      3.2106
31      3      415      0      1      3      200      0      3.24738
31      3      416      0      1      3      200      0      3.81208
31      3      417      0      1      3      200      0      3.05941
31      3      418      0      1      3      200      0      3.36952
31      3      419      0      1      3      200      0      3.35745
31      3      420      0      1      3      200      0      3.23336
31      3      421      0      1      3      200      0      3.29941
31      3      422      0      1      3      200      0      3.30218
31      3      423      0      1      3      200      0      3.40971
31      3      424      0      1      3      200      0      3.28768
31      3      425      0      1      3      200      0      3.51081
31      3      426      0      1      3      200      0      3.26025
31      3      427      0      1      3      200      0      3.55168
31      3      428      0      1      3      200      0      3.00636
31      3      429      0      1      3      200      0      3.68012
31      3      430      0      1      3      200      0      3.50159
31      3      431      0      1      3      200      0      3.21135
31      3      432      0      1      3      200      0      3.46076
31      3      433      0      1      3      200      0      3.25379
31      3      434      0      1      3      200      0      3.33409
31      3      435      0      1      3      200      0      3.11381
31      3      436      0      1      3      200      0      3.22266
31      3      437      0      1      3      200      0      3.18987
31      3      438      0      1      3      200      0      3.57266
31      3      439      0      1      3      200      0      3.09146
31      3      440      0      1      3      200      0      3.61807
31      3      441      0      1      3      200      0      3.02365
31      3      442      0      1      3      200      0      3.403
31      3      443      0      1      3      200      0      3.66973
31      3      444      0      1      3      200      0      3.50202
31      3      445      0      1      3      200      0      4.17204
31      3      446      0      1      3      200      0      3.37955
31      3      447      0      1      3      200      0      4.38795
31      3      448      0      1      3      200      0      3.67917
31      3      449      0      1      3      200      0      3.38328
31      3      450      0      1      3      200      0      3.30142
31      3      451      0      1      3      200      0      3.37927
31      3      452      0      1      3      200      0      3.31583
31      3      453      0      1      3      200      0      3.44096
31      3      454      0      1      3      200      0      3.46524
31      3      455      0      1      3      200      0      3.25962
31      3      456      0      1      3      200      0      3.02055
31      3      457      0      1      3      200      0      3.56896
31      3      458      0      1      3      200      0      3.00813
31      3      459      0      1      3      200      0      3.50115
31      3      460      0      1      3      200      0      3.17257
31      3      461      0      1      3      200      0      3.54783
31      3      462      0      1      3      200      0      3.64178
31      3      463      0      1      3      200      0      3.50115
31      3      464      0      1      3      200      0      3.40697
31      3      465      0      1      3      200      0      3.21488
31      3      466      0      1      3      200      0      3.7253
31      3      467      0      1      3      200      0      3.46486
31      3      468      0      1      3      200      0      3.47188
31      3      469      0      1      3      200      0      3.49063
31      3      470      0      1      3      200      0      3.61483
31      3      471      0      1      3      200      0      3.70089
31      3      472      0      1      3      200      0      3.60505
31      3      473      0      1      3      200      0      3.26209
31      3      474      0      1      3      200      0      3.32359
31      3      475      0      1      3      200      0      4.06311
31      3      476      0      1      3      200      0      3.42704
31      3      477      0      1      3      200      0      3.76637
31      3      478      0      1      3      200      0      3.51236
31      3      479      0      1      3      200      0      4.32791
31      3      480      0      1      3      200      0      4.57904
31      3      481      0      1      3      200      0      3.29641
31      3      482      0      1      3      200      0      3.3154
31      3      483      0      1      3      200      0      3.63449
31      3      484      0      1      3      200      0      3.26551
31      3      485      0      1      3      200      0      3.65085
31      3      486      0      1      3      200      0      2.94974
31      3      487      0      1      3      200      0      3.42105
31      3      488      0      1      3      200      0      3.12886
31      3      489      0      1      3      200      0      3.66625
31      3      490      0      1      3      200      0      3.24307
31      3      491      0      1      3      200      0      3.56054
31      3      492      0      1      3      200      0      3.13516
31      3      493      0      1      3      200      0      3.32733
31      3      494      0      1      3      200      0      3.47516
31      3      495      0      1      3      200      0      3.81029
31      3      496      0      1      3      200      0      3.61481
31      3      497      0      1      3      200      0      3.28635
31      3      498      0      1      3      200      0      3.38901
31      3      499      0      1      3      200      0      3.1925
31      3      500      0      1      3      200      0      3.36945
31      3      501      0      1      3      200      0      3.56435
31      3      502      0      1      3      200      0      3.72095
31      3      503      0      1      3      200      0      3.59217
31      3      504      0      1      3      200      0      3.58432
31      3      505      0      1      3      200      0      3.30602
31      3      506      0      1      3      200      0      3.5255
31      3      507      0      1      3      200      0      4.03786
31      3      508      0      1      3      200      0      3.53621
31      3      509      0      1      3      200      0      4.13696
31      3      510      0      1      3      200      0      3.33354
31      3      511      0      1      3      200      0      4.02324
31      3      512      0      1      3      200      0      4.26745
31      3      513      0      1      3      200      0      3.37992
31      3      514      0      1      3      200      0      3.20861
31      3      515      0      1      3      200      0      3.4666
31      3      516      0      1      3      200      0      3.19078
31      3      517      0      1      3      200      0      3.62382
31      3      518      0      1      3      200      0      3.38349
31      3      519      0      1      3      200      0      3.65257
31      3      520      0      1      3      200      0      3.59974
31      3      521      0      1      3      200      0      3.69322
31      3      522      0      1      3      200      0      3.6756
31      3      523      0      1      3      200      0      3.43261
31      3      524      0      1      3      200      0      3.51205
31      3      525      0      1      3      200      0      3.67723
31      3      526      0      1      3      200      0      3.63844
31      3      527      0      1      3      200      0      3.41435
31      3      528      0      1      3      200      0      3.51574
31      3      529      0      1      3      200      0      3.39773
31      3      530      0      1      3      200      0      3.60438
31      3      531      0      1      3      200      0      3.69648
31      3      532      0      1      3      200      0      3.19994
31      3      533      0      1      3      200      0      3.48099
31      3      534      0      1      3      200      0      3.54118
31      3      535      0      1      3      200      0      3.28772
31      3      536      0      1      3      200      0      3.56166
31      3      537      0      1      3      200      0      3.14334
31      3      538      0      1      3      200      0      3.58158
31      3      539      0      1      3      200      0      4.12191
31      3      540      0      1      3      200      0      3.52964
31      3      541      0      1      3      200      0      4.60679
31      3      542      0      1      3      200      0      3.28258
31      3      543      0      1      3      200      0      3.9412
31      3      544      0      1      3      200      0      3.74221
31      3      545      0      1      3      200      0      3.27518
31      3      546      0      1      3      200      0      3.2974
31      3      547      0      1      3      200      0      3.49143
31      3      548      0      1      3      200      0      3.37166
31      3      549      0      1      3      200      0      3.56419
31      3      550      0      1      3      200      0      3.20239
31      3      551      0      1      3      200      0      3.59261
31      3      552      0      1      3      200      0      3.33468
31      3      553      0      1      3      200      0      3.60348
31      3      554      0      1      3      200      0      3.46931
31      3      555      0      1      3      200      0      3.54335
31      3      556      0      1      3      200      0      3.18883
31      3      557      0      1      3      200      0      3.7208
31      3      558      0      1      3      200      0      3.64682
31      3      559      0      1      3      200      0      3.57901
31      3      560      0      1      3      200      0      3.63992
31      3      561      0      1      3      200      0      3.3445
31      3      562      0      1      3      200      0      3.48623
31      3      563      0      1      3      200      0      3.31135
31      3      564      0      1      3      200      0      3.53048
31      3      565      0      1      3      200      0      3.35967
31      3      566      0      1      3      200      0      3.64662
31      3      567      0      1      3      200      0      3.1813
31      3      568      0      1      3      200      0      3.46893
31      3      569      0      1      3      200      0      3.59396
31      3      570      0      1      3      200      0      3.63604
31      3      571      0      1      3      200      0      3.82385
31      3      572      0      1      3      200      0      3.61089
31      3      573      0      1      3      200      0      4.00167
31      3      574      0      1      3      200      0      3.63647
31      3      575      0      1      3      200      0      4.3753
31      3      576      0      1      3      200      0      4.01238
31      3      577      0      1      3      200      0      3.51434
31      3      578      0      1      3      200      0      3.31501
31      3      579      0      1      3      200      0      3.86382
31      3      580      0      1      3      200      0      3.22519
31      3      581      0      1      3      200      0      3.59342
31      3      582      0      1      3      200      0      3.32682
31      3      583      0      1      3      200      0      3.70674
31      3      584      0      1      3      200      0      3.43841
31      3      585      0      1      3      200      0      3.68808
31      3      586      0      1      3      200      0      3.36289
31      3      587      0      1      3      200      0      3.849
31      3      588      0      1      3      200      0      3.02202
31      3      589      0      1      3      200      0      3.74304
31      3      590      0      1      3      200      0      3.3638
31      3      591      0      1      3      200      0      3.59907
31      3      592      0      1      3      200      0      3.75222
31      3      593      0      1      3      200      0      3.0433
31      3      594      0      1      3      200      0      3.62557
31      3      595      0      1      3      200      0      3.21755
31      3      596      0      1      3      200      0      3.38683
31      3      597      0      1      3      200      0      3.23119
31      3      598      0      1      3      200      0      3.3975
31      3      599      0      1      3      200      0      3.30707
31      3      600      0      1      3      200      0      3.39849
31      3      601      0      1      3      200      0      3.59654
31      3      602      0      1      3      200      0      3.44257
31      3      603      0      1      3      200      0      3.93637
31      3      604      0      1      3      200      0      3.34557
31      3      605      0      1      3      200      0      4.03886
31      3      606      0      1      3      200      0      3.43109
31      3      607      0      1      3      200      0      4.28045
31      3      608      0      1      3      200      0      4.50972
31      3      609      0      1      3      200      0      3.19579
31      3      610      0      1      3      200      0      3.27871
31      3      611      0      1      3      200      0      3.57253
31      3      612      0      1      3      200      0      3.26563
31      3      613      0      1      3      200      0      3.28326
31      3      614      0      1      3      200      0      3.3462
31      3      615      0      1      3      200      0      3.49887
31      3      616      0      1      3      200      0      3.65486
31      3      617      0      1      3      200      0      3.59785
31      3      618      0      1      3      200      0      3.42241
31      3      619      0      1      3      200      0      3.56455
31      3      620      0      1      3      200      0      3.23937
31      3      621      0      1      3      200      0      3.57959
31      3      622      0      1      3      200      0      3.47423
31      3      623      0      1      3      200      0      3.58334
31      3      624      0      1      3      200      0      3.77976
31      3      625      0      1      3      200      0      3.71427
31      3      626      0      1      3      200      0      3.53418
31      3      627      0      1      3      200      0      3.9057
31      3      628      0      1      3      200      0      3.48713
31      3      629      0      1      3      200      0      3.56043
31      3      630      0      1      3      200      0      3.43947
31      3      631      0      1      3      200      0      3.32214
31      3      632      0      1      3      200      0      3.57668
31      3      633      0      1      3      200      0      3.24804
31      3      634      0      1      3      200      0      3.606
31      3      635      0      1      3      200      0      3.91538
31      3      636      0      1      3      200      0      3.37596
31      3      637      0      1      3      200      0      3.707
31      3      638      0      1      3      200      0      3.33521
31      3      639      0      1      3      200      0      4.0844
31      3      640      0      1      3      200      0      4.52596
31      3      641      0      1      3      200      0      3.36435
31      3      642      0      1      3      200      0      3.43317
31      3      643      0      1      3      200      0      3.46532
31      3      644      0      1      3      200      0      3.36968
31      3      645      0      1      3      200      0      3.48283
31      3      646      0      1      3      200      0      3.28331
31      3      647      0      1      3      200      0      3.57636
31      3      648      0      1      3      200      0      3.53815
31      3      649      0      1      3      200      0      3.56503
31      3      650      0      1      3      200      0      3.18156
31      3      651      0      1      3      200      0      3.56709
31      3      652      0      1      3      200      0      3.26898
31      3      653      0      1      3      200      0      3.71566
31      3      654      0      1      3      200      0      3.92859
31      3      655      0      1      3      200      0      3.57237
31      3      656      0      1      3      200      0      3.65865
31      3      657      0      1      3      200      0      3.40854
31      3      658      0      1      3      200      0      3.58053
31      3      659      0      1      3      200      0      3.49284
31      3      660      0      1      3      200      0      3.50315
31      3      661      0      1      3      200      0      3.61784
31      3      662      0      1      3      200      0      3.67611
31      3      663      0      1      3      200      0      3.75549
31      3      664      0      1      3      200      0      3.45717
31      3      665      0      1      3      200      0      3.48586
31      3      666      0      1      3      200      0      3.50538
31      3      667      0      1      3      200      0      4.09226
31      3      668      0      1      3      200      0      3.60138
31      3      669      0      1      3      200      0      4.00068
31      3      670      0      1      3      200      0      3.65222
31      3      671      0      1      3      200      0      3.83835
31      3      672      0      1      3      200      0      3.86624
31      3      673      0      1      3      200      0      3.48467
31      3      674      0      1      3      200      0      3.62838
31      3      675      0      1      3      200      0      3.41319
31      3      676      0      1      3      200      0      3.71085
31      3      677      0      1      3      200      0      3.55259
31      3      678      0      1      3      200      0      3.64202
31      3      679      0      1      3      200      0      3.55378
31      3      680      0      1      3      200      0      3.37161
31      3      681      0      1      3      200      0      3.49988
31      3      682      0      1      3      200      0      3.56863
31      3      683      0      1      3      200      0      3.52962
31      3      684      0      1      3      200      0      3.2761
31      3      685      0      1      3      200      0      3.61799
31      3      686      0      1      3      200      0      3.66447
31      3      687      0      1      3      200      0      3.84312
31      3      688      0      1      3      200      0      3.85314
31      3      689      0      1      3      200      0      3.36718
31      3      690      0      1      3      200      0      3.66705
31      3      691      0      1      3      200      0      3.18869
31      4      0      0      1      3      200      0      3.31065
31      4      1      0      1      3      200      0      3.05948
31      4      2      0      1      3      200      0      3.35034
31      4      3      0      1      3      200      0      3.44993
31      4      4      0      1      3      200      0      3.14285
31      4      5      0      1      3      200      0      3.13494
31      4      6      0      1      3      200      0      3.20646
31      4      7      0      1      3      200      0      3.26961
31      4      8      0      1      3      200      0      2.97172
31      4      9      0      1      3      200      0      2.90721
31      4      10      0      1      3      200      0      3.00843
31      4      11      0      1      3      200      0      3.01784
31      4      12      0      1      3      200      0      3.05623
31      4      13      0      1      3      200      0      3.10119
31      4      14      0      1      3      200      0      3.12978
31      4      15      0      1      3      200      0      3.09753
31      4      16      0      1      3      200      0      3.0486
31      4      17      0      1      3      200      0      3.07495
31      4      18      0      1      3      200      0      3.30215
31      4      19      0      1      3      200      0      3.12507
31      4      20      0      1      3      200      0      3.08562
31      4      21      0      1      3      200      0      3.20151
31      4      22      0      1      3      200      0      3.25233
31      4      23      0      1      3      200      0      3.1912
31      4      24      0      1      3      200      0      3.02725
31      4      25      0      1      3      200      0      2.98631
31      4      26      0      1      3      200      0      3.06291
31      4      27      0      1      3      200      0      3.35725
31      4      28      0      1      3      200      0      3.258
31      4      29      0      1      3      200      0      3.18932
31      4      30      0      1      3      200      0      3.13918
31      4      31      0      1      3      200      0      3.11708
31      4      32      0      1      3      200      0      3.08286
31      4      33      0      1      3      200      0      2.95035
31      4      34      0      1      3      200      0      3.3015
31      4      35      0      1      3      200      0      3.07683
31      4      36      0      1      3      200      0      3.20289
31      4      37      0      1      3      200      0      3.31529
31      4      38      0      1      3      200      0      3.15709
31      4      39      0      1      3      200      0      3.20899
31      4      40      0      1      3      200      0      2.96574
31      4      41      0      1      3      200      0      2.93968
31      4      42      0      1      3      200      0      2.99582
31      4      43      0      1      3      200      0      2.92558
31      4      44      0      1      3      200      0      3.01145
31      4      45      0      1      3      200      0      3.13678
31      4      46      0      1      3      200      0      2.80552
31      4      47      0      1      3      200      0      2.87872
31      4      48      0      1      3      200      0      3.14184
31      4      49      0      1      3      200      0      2.85963
31      4      50      0      1      3      200      0      3.13956
31      4      51      0      1      3      200      0      2.96652
31      4      52      0      1      3      200      0      2.90583
31      4      53      0      1      3      200      0      2.88872
31      4      54      0      1      3      200      0      2.97426
31      4      55      0      1      3      200      0      3.02493
31      4      56      0      1      3      200      0      2.77933
31      4      57      0      1      3      200      0      2.9801
31      4      58      0      1      3      200      0      2.93107
31      4      59      0      1      3      200      0      2.79683
31      4      60      0      1      3      200      0      2.87321
31      4      61      0      1      3      200      0      2.94346
31      4      62      0      1      3      200      0      2.99991
31      4      63      0      1      3      200      0      3.08081
31      4      64      0      1      3      200      0      3.11886
31      4      65      0      1      3      200      0      3.0804
31      4      66      0      1      3      200      0      3.11857
31      4      67      0      1      3      200      0      3.04752
31      4      68      0      1      3      200      0      2.96894
31      4      69      0      1      3      200      0      3.38162
31      4      70      0      1      3      200      0      3.1347
31      4      71      0      1      3      200      0      2.91944
31      4      72      0      1      3      200      0      2.80306
31      4      73      0      1      3      200      0      2.97514
31      4      74      0      1      3      200      0      3.22158
31      4      75      0      1      3      200      0      3.42139
31      4      76      0      1      3      200      0      3.10185
31      4      77      0      1      3      200      0      2.9825
31      4      78      0      1      3      200      0      2.93539
31      4      79      0      1      3      200      0      2.90362
31      4      80      0      1      3      200      0      2.86099
31      4      81      0      1      3      200      0      3.13047
31      4      82      0      1      3      200      0      2.93647
31      4      83      0      1      3      200      0      3.1195
31      4      84      0      1      3      200      0      3.05451
31      4      85      0      1      3      200      0      2.93976
31      4      86      0      1      3      200      0      2.99784
31      4      87      0      1      3      200      0      3.08024
31      4      88      0      1      3      200      0      3.04655
31      4      89      0      1      3      200      0      3.01308
31      4      90      0      1      3      200      0      2.68567
31      4      91      0      1      3      200      0      3.05423
31      4      92      0      1      3      200      0      2.9249
31      4      93      0      1      3      200      0      2.86655
31      4      94      0      1      3      200      0      2.96241
31      4      95      0      1      3      200      0      2.83396
31      4      96      0      1      3      200      0      2.79922
31      4      97      0      1      3      200      0      2.92086
31      4      98      0      1      3      200      0      3.34698
31      4      99      0      1      3      200      0      2.98719
31      4      100      0      1      3      200      0      3.2917
31      4      101      0      1      3      200      0      3.34053
31      4      102      0      1      3      200      0      3.26182
31      4      103      0      1      3      200      0      3.19467
31      4      104      0      1      3      200      0      3.19128
31      4      105      0      1      3      200      0      3.22767
31      4      106      0      1      3      200      0      2.88185
31      4      107      0      1      3      200      0      3.30232
31      4      108      0      1      3      200      0      3.00384
31      4      109      0      1      3      200      0      3.09851
31      4      110      0      1      3      200      0      3.04495
31      4      111      0      1      3      200      0      3.17121
31      4      112      0      1      3      200      0      2.62669
31      4      113      0      1      3      200      0      2.99747
31      4      114      0      1      3      200      0      2.91331
31      4      115      0      1      3      200      0      2.67663
31      4      116      0      1      3      200      0      2.75462
31      4      117      0      1      3      200      0      2.94299
31      4      118      0      1      3      200      0      2.92372
31      4      119      0      1      3      200      0      2.90211
31      4      120      0      1      3      200      0      2.93359
31      4      121      0      1      3      200      0      2.93175
31      4      122      0      1      3      200      0      2.81605
31      4      123      0      1      3      200      0      2.74264
31      4      124      0      1      3      200      0      2.8934
31      4      125      0      1      3      200      0      2.92447
31      4      126      0      1      3      200      0      3.10722
31      4      127      0      1      3      200      0      2.70742
31      4      128      0      1      3      200      0      2.96572
31      4      129      0      1      3      200      0      2.85989
31      4      130      0      1      3      200      0      3.15433
31      4      131      0      1      3      200      0      3.26851
31      4      132      0      1      3      200      0      3.17343
31      4      133      0      1      3      200      0      3.20922
31      4      134      0      1      3      200      0      3.29842
31      4      135      0      1      3      200      0      2.95378
31      4      136      0      1      3      200      0      2.88269
31      4      137      0      1      3      200      0      2.71625
31      4      138      0      1      3      200      0      3.09228
31      4      139      0      1      3      200      0      2.85878
31      4      140      0      1      3      200      0      2.78569
31      4      141      0      1      3      200      0      2.97565
31      4      142      0      1      3      200      0      2.92692
31      4      143      0      1      3      200      0      2.73619
31      4      144      0      1      3      200      0      2.69754
31      4      145      0      1      3      200      0      2.77932
31      4      146      0      1      3      200      0      2.8291
31      4      147      0      1      3      200      0      2.93401
31      4      148      0      1      3      200      0      2.91515
31      4      149      0      1      3      200      0      3.07504
31      4      150      0      1      3      200      0      2.92179
31      4      151      0      1      3      200      0      2.96027
31      4      152      0      1      3      200      0      3.04675
31      4      153      0      1      3      200      0      3.03254
31      4      154      0      1      3      200      0      3.07231
31      4      155      0      1      3      200      0      2.89799
31      4      156      0      1      3      200      0      3.00889
31      4      157      0      1      3      200      0      3.04674
31      4      158      0      1      3      200      0      2.78292
31      4      159      0      1      3      200      0      2.85185
31      4      160      0      1      3      200      0      2.99715
31      4      161      0      1      3      200      0      3.03401
31      4      162      0      1      3      200      0      3.28403
31      4      163      0      1      3      200      0      3.16409
31      4      164      0      1      3      200      0      3.08334
31      4      165      0      1      3      200      0      3.04291
31      4      166      0      1      3      200      0      3.19682
31      4      167      0      1      3      200      0      3.13516
31      4      168      0      1      3      200      0      3.08771
31      4      169      0      1      3      200      0      3.20367
31      4      170      0      1      3      200      0      2.73849
31      4      171      0      1      3      200      0      2.89681
31      4      172      0      1      3      200      0      3.09064
31      4      173      0      1      3      200      0      2.98665
31      4      174      0      1      3      200      0      2.79066
31      4      175      0      1      3      200      0      2.79178
31      4      176      0      1      3      200      0      2.90295
31      4      177      0      1      3      200      0      3.11439
31      4      178      0      1      3      200      0      2.98104
31      4      179      0      1      3      200      0      2.96408
31      4      180      0      1      3      200      0      3.055
31      4      181      0      1      3      200      0      3.00487
31      4      182      0      1      3      200      0      2.79689
31      4      183      0      1      3      200      0      2.96598
31      4      184      0      1      3      200      0      3.0037
31      4      185      0      1      3      200      0      2.91957
31      4      186      0      1      3      200      0      2.90931
31      4      187      0      1      3      200      0      2.83006
31      4      188      0      1      3      200      0      2.71587
31      4      189      0      1      3      200      0      2.99982
31      4      190      0      1      3      200      0      2.88772
31      4      191      0      1      3      200      0      2.68537
31      4      192      0      1      3      200      0      2.74324
31      4      193      0      1      3      200      0      2.95599
31      4      194      0      1      3      200      0      3.24296
31      4      195      0      1      3      200      0      3.20947
31      4      196      0      1      3      200      0      3.22311
31      4      197      0      1      3      200      0      2.94564
31      4      198      0      1      3      200      0      3.18242
31      4      199      0      1      3      200      0      3.05087
31      4      200      0      1      3      200      0      2.9207
31      4      201      0      1      3      200      0      2.88596
31      4      202      0      1      3      200      0      2.83806
31      4      203      0      1      3      200      0      2.82229
31      4      204      0      1      3      200      0      2.95316
31      4      205      0      1      3      200      0      3.06982
31      4      206      0      1      3      200      0      2.95077
31      4      207      0      1      3      200      0      2.77247
31      4      208      0      1      3      200      0      3.12778
31      4      209      0      1      3      200      0      2.92655
31      4      210      0      1      3      200      0      2.87112
31      4      211      0      1      3      200      0      3.01626
31      4      212      0      1      3      200      0      2.88741
31      4      213      0      1      3      200      0      3.1323
31      4      214      0      1      3      200      0      2.74837
31      4      215      0      1      3      200      0      3.06471
31      4      216      0      1      3      200      0      3.10909
31      4      217      0      1      3      200      0      2.84743
31      4      218      0      1      3      200      0      3.00382
31      4      219      0      1      3      200      0      2.96636
31      4      220      0      1      3      200      0      3.03103
31      4      221      0      1      3      200      0      3.05161
31      4      222      0      1      3      200      0      2.38553
31      4      223      0      1      3      200      0      2.82538
31      4      224      0      1      3      200      0      2.90401
31      4      225      0      1      3      200      0      2.91145
31      4      226      0      1      3      200      0      2.99967
31      4      227      0      1      3      200      0      2.86139
31      4      228      0      1      3      200      0      2.97268
31      4      229      0      1      3      200      0      3.01243
31      4      230      0      1      3      200      0      2.83602
31      4      231      0      1      3      200      0      3.28914
31      4      232      0      1      3      200      0      3.23539
31      4      233      0      1      3      200      0      3.10911
31      4      234      0      1      3      200      0      3.34046
31      4      235      0      1      3      200      0      3.42135
31      4      236      0      1      3      200      0      3.1726
31      4      237      0      1      3      200      0      3.18077
31      4      238      0      1      3      200      0      3.11784
31      4      239      0      1      3      200      0      3.42846
31      4      240      0      1      3      200      0      3.39828
31      4      241      0      1      3      200      0      3.20961
31      4      242      0      1      3      200      0      3.12517
31      4      243      0      1      3      200      0      3.3466
31      4      244      0      1      3      200      0      3.22793
31      4      245      0      1      3      200      0      3.23235
31      4      246      0      1      3      200      0      3.38642
31      4      247      0      1      3      200      0      3.10604
31      4      248      0      1      3      200      0      3.39033
31      4      249      0      1      3      200      0      3.27189
31      4      250      0      1      3      200      0      3.31073
31      4      251      0      1      3      200      0      3.30965
31      4      252      0      1      3      200      0      3.27869
31      4      253      0      1      3      200      0      3.27683
31      4      254      0      1      3      200      0      3.20358
31      4      255      0      1      3      200      0      3.11992
31      4      256      0      1      3      200      0      3.30126
31      4      257      0      1      3      200      0      3.16186
31      4      258      0      1      3      200      0      3.38632
31      4      259      0      1      3      200      0      3.22167
31      4      260      0      1      3      200      0      3.79835
31      4      261      0      1      3      200      0      3.53906
31      4      262      0      1      3      200      0      3.22911
31      4      263      0      1      3      200      0      3.27445
31      4      264      0      1      3      200      0      3.14402
31      4      265      0      1      3      200      0      3.46864
31      4      266      0      1      3      200      0      3.42124
31      4      267      0      1      3      200      0      3.24294
31      4      268      0      1      3      200      0      3.12271
31      4      269      0      1      3      200      0      3.0909
31      4      270      0      1      3      200      0      3.15297
31      4      271      0      1      3      200      0      3.2986
31      4      272      0      1      3      200      0      3.47689
31      4      273      0      1      3      200      0      3.54894
31      4      274      0      1      3      200      0      3.38228
31      4      275      0      1      3      200      0      3.09935
31      4      276      0      1      3      200      0      3.30373
31      4      277      0      1      3      200      0      3.11976
31      4      278      0      1      3      200      0      3.13391
31      4      279      0      1      3      200      0      3.37815
31      4      280      0      1      3      200      0      3.28855
31      4      281      0      1      3      200      0      3.10384
31      4      282      0      1      3      200      0      3.34995
31      4      283      0      1      3      200      0      3.37799
31      4      284      0      1      3      200      0      3.1497
31      4      285      0      1      3      200      0      3.34213
31      4      286      0      1      3      200      0      2.96338
31      4      287      0      1      3      200      0      3.16763
31      4      288      0      1      3      200      0      3.16779
31      4      289      0      1      3      200      0      3.17715
31      4      290      0      1      3      200      0      3.73835
31      4      291      0      1      3      200      0      3.5978
31      4      292      0      1      3      200      0      3.54146
31      4      293      0      1      3      200      0      3.42375
31      4      294      0      1      3      200      0      3.56443
31      4      295      0      1      3      200      0      3.44952
31      4      296      0      1      3      200      0      3.3694
31      4      297      0      1      3      200      0      3.34948
31      4      298      0      1      3      200      0      3.20944
31      4      299      0      1      3      200      0      3.50819
31      4      300      0      1      3      200      0      3.34517
31      4      301      0      1      3      200      0      3.57958
31      4      302      0      1      3      200      0      3.46797
31      4      303      0      1      3      200      0      3.71567
31      4      304      0      1      3      200      0      3.63194
31      4      305      0      1      3      200      0      3.33874
31      4      306      0      1      3      200      0      3.44415
31      4      307      0      1      3      200      0      3.33076
31      4      308      0      1      3      200      0      3.57712
31      4      309      0      1      3      200      0      3.55544
31      4      310      0      1      3      200      0      3.43635
31      4      311      0      1      3      200      0      3.63495
31      4      312      0      1      3      200      0      3.47013
31      4      313      0      1      3      200      0      3.41057
31      4      314      0      1      3      200      0      3.53936
31      4      315      0      1      3      200      0      3.43904
31      4      316      0      1      3      200      0      3.4331
31      4      317      0      1      3      200      0      3.43371
31      4      318      0      1      3      200      0      3.52465
31      4      319      0      1      3      200      0      3.55462
31      4      320      0      1      3      200      0      3.7354
31      4      321      0      1      3      200      0      3.28748
31      4      322      0      1      3      200      0      3.57392
31      4      323      0      1      3      200      0      3.71319
31      4      324      0      1      3      200      0      3.79185
31      4      325      0      1      3      200      0      3.39392
31      4      326      0      1      3      200      0      3.601
31      4      327      0      1      3      200      0      3.89681
31      4      328      0      1      3      200      0      3.45207
31      4      329      0      1      3      200      0      3.3934
31      4      330      0      1      3      200      0      3.3144
31      4      331      0      1      3      200      0      3.40739
31      4      332      0      1      3      200      0      3.42582
31      4      333      0      1      3      200      0      3.56235
31      4      334      0      1      3      200      0      3.36945
31      4      335      0      1      3      200      0      3.45986
31      4      336      0      1      3      200      0      3.52726
31      4      337      0      1      3      200      0      3.56063
31      4      338      0      1      3      200      0      3.4749
31      4      339      0      1      3      200      0      3.49215
31      4      340      0      1      3      200      0      3.53469
31      4      341      0      1      3      200      0      3.34062
31      4      342      0      1      3      200      0      3.58304
31      4      343      0      1      3      200      0      3.51445
31      4      344      0      1      3      200      0      3.54617
31      4      345      0      1      3      200      0      3.36824
31      4      346      0      1      3      200      0      3.58235
31      4      347      0      1      3      200      0      3.52806
31      4      348      0      1      3      200      0      3.46946
31      4      349      0      1      3      200      0      3.5506
31      4      350      0      1      3      200      0      3.39791
31      4      351      0      1      3      200      0      3.63714
31      4      352      0      1      3      200      0      3.75947
31      4      353      0      1      3      200      0      3.20388
31      4      354      0      1      3      200      0      3.48433
31      4      355      0      1      3      200      0      3.62972
31      4      356      0      1      3      200      0      3.52999
31      4      357      0      1      3      200      0      3.81251
31      4      358      0      1      3      200      0      3.626
31      4      359      0      1      3      200      0      3.41518
31      4      360      0      1      3      200      0      3.42434
31      4      361      0      1      3      200      0      3.35585
31      4      362      0      1      3      200      0      3.52788
31      4      363      0      1      3      200      0      3.84598
31      4      364      0      1      3      200      0      3.27504
31      4      365      0      1      3      200      0      3.35324
31      4      366      0      1      3      200      0      3.57082
31      4      367      0      1      3      200      0      3.44116
31      4      368      0      1      3      200      0      3.50746
31      4      369      0      1      3      200      0      3.57283
31      4      370      0      1      3      200      0      3.34803
31      4      371      0      1      3      200      0      3.58068
31      4      372      0      1      3      200      0      3.62604
31      4      373      0      1      3      200      0      3.55678
31      4      374      0      1      3      200      0      3.4619
31      4      375      0      1      3      200      0      3.52062
31      4      376      0      1      3      200      0      3.44321
31      4      377      0      1      3      200      0      3.40777
31      4      378      0      1      3      200      0      3.4192
31      4      379      0      1      3      200      0      3.42551
31      4      380      0      1      3      200      0      3.27297
31      4      381      0      1      3      200      0      3.7286
31      4      382      0      1      3      200      0      3.3598
31      4      383      0      1      3      200      0      3.555
31      4      384      0      1      3      200      0      3.48802
31      4      385      0      1      3      200      0      3.43695
31      4      386      0      1      3      200      0      3.88084
31      4      387      0      1      3      200      0      3.53942
31      4      388      0      1      3      200      0      4.35672
31      4      389      0      1      3      200      0      4.00323
31      4      390      0      1      3      200      0      3.74899
31      4      391      0      1      3      200      0      3.77457
31      4      392      0      1      3      200      0      3.28998
31      4      393      0      1      3      200      0      3.5338
31      4      394      0      1      3      200      0      3.77039
31      4      395      0      1      3      200      0      3.77198
31      4      396      0      1      3      200      0      3.58586
31      4      397      0      1      3      200      0      3.52799
31      4      398      0      1      3      200      0      3.94348
31      4      399      0      1      3      200      0      3.77217
31      4      400      0      1      3      200      0      3.54127
31      4      401      0      1      3      200      0      3.39159
31      4      402      0      1      3      200      0      3.39617
31      4      403      0      1      3      200      0      3.43134
31      4      404      0      1      3      200      0      3.24829
31      4      405      0      1      3      200      0      3.61583
31      4      406      0      1      3      200      0      3.77494
31      4      407      0      1      3      200      0      3.45608
31      4      408      0      1      3      200      0      3.42829
31      4      409      0      1      3      200      0      3.39456
31      4      410      0      1      3      200      0      3.26594
31      4      411      0      1      3      200      0      3.69289
31      4      412      0      1      3      200      0      3.41177
31      4      413      0      1      3      200      0      3.34766
31      4      414      0      1      3      200      0      3.65862
31      4      415      0      1      3      200      0      3.50312
31      4      416      0      1      3      200      0      4.04933
31      4      417      0      1      3      200      0      3.55179
31      4      418      0      1      3      200      0      3.61654
31      4      419      0      1      3      200      0      3.63725
31      4      420      0      1      3      200      0      3.81887
31      4      421      0      1      3      200      0      3.63475
31      4      422      0      1      3      200      0      3.84357
31      4      423      0      1      3      200      0      3.6282
31      4      424      0      1      3      200      0      3.66794
31      4      425      0      1      3      200      0      3.45353
31      4      426      0      1      3      200      0      3.42636
31      4      427      0      1      3      200      0      3.51745
31      4      428      0      1      3      200      0      3.71147
31      4      429      0      1      3      200      0      3.61391
31      4      430      0      1      3      200      0      3.5717
31      4      431      0      1      3      200      0      3.63676
31      4      432      0      1      3      200      0      3.84439
31      4      433      0      1      3      200      0      3.77602
31      4      434      0      1      3      200      0      3.34737
31      4      435      0      1      3      200      0      3.48176
31      4      436      0      1      3      200      0      3.74523
31      4      437      0      1      3      200      0      3.46284
31      4      438      0      1      3      200      0      3.47373
31      4      439      0      1      3      200      0      3.40733
31      4      440      0      1      3      200      0      3.55673
31      4      441      0      1      3      200      0      3.51531
31      4      442      0      1      3      200      0      3.57236
31      4      443      0      1      3      200      0      3.26709
31      4      444      0      1      3      200      0      3.45916
31      4      445      0      1      3      200      0      3.34022
31      4      446      0      1      3      200      0      3.50247
31      4      447      0      1      3      200      0      3.58349
31      4      448      0      1      3      200      0      3.57863
31      4      449      0      1      3      200      0      3.79852
31      4      450      0      1      3      200      0      3.71085
31      4      451      0      1      3      200      0      3.98789
31      4      452      0      1      3      200      0      3.82739
31      4      453      0      1      3      200      0      3.5806
31      4      454      0      1      3      200      0      3.79777
31      4      455      0      1      3      200      0      3.93071
31      4      456      0      1      3      200      0      3.6208
31      4      457      0      1      3      200      0      3.56387
31      4      458      0      1      3      200      0      3.85312
31      4      459      0      1      3      200      0      3.87818
31      4      460      0      1      3      200      0      3.62481
31      4      461      0      1      3      200      0      3.44118
31      4      462      0      1      3      200      0      3.22411
31      4      463      0      1      3      200      0      3.73816
31      4      464      0      1      3      200      0      3.42103
31      4      465      0      1      3      200      0      3.56611
31      4      466      0      1      3      200      0      3.20351
31      4      467      0      1      3      200      0      3.89261
31      4      468      0      1      3      200      0      3.345
31      4      469      0      1      3      200      0      3.5318
31      4      470      0      1      3      200      0      3.42077
31      4      471      0      1      3      200      0      3.50747
31      4      472      0      1      3      200      0      3.18036
31      4      473      0      1      3      200      0      3.34486
31      4      474      0      1      3      200      0      3.30889
31      4      475      0      1      3      200      0      3.35068
31      4      476      0      1      3      200      0      3.44105
31      4      477      0      1      3      200      0      3.56095
31      4      478      0      1      3      200      0      3.82097
31      4      479      0      1      3      200      0      3.68201
31      4      480      0      1      3      200      0      3.63547
31      4      481      0      1      3      200      0      2.95874
31      4      482      0      1      3      200      0      3.95947
31      4      483      0      1      3      200      0      3.49764
31      4      484      0      1      3      200      0      3.3125
31      4      485      0      1      3      200      0      3.46544
31      4      486      0      1      3      200      0      3.46671
31      4      487      0      1      3      200      0      3.99097
31      4      488      0      1      3      200      0      3.25352
31      4      489      0      1      3      200      0      3.27368
31      4      490      0      1      3      200      0      3.30669
31      4      491      0      1      3      200      0      3.4124
31      4      492      0      1      3      200      0      3.35016
31      4      493      0      1      3      200      0      3.35004
31      4      494      0      1      3      200      0      2.95235
31      4      495      0      1      3      200      0      2.97068
31      4      496      0      1      3      200      0      3.23109
31      4      497      0      1      3      200      0      3.19751
31      4      498      0      1      3      200      0      3.39396
31      4      499      0      1      3      200      0      3.14976
31      4      500      0      1      3      200      0      3.27365
31      4      501      0      1      3      200      0      3.14469
31      4      502      0      1      3      200      0      3.00595
31      4      503      0      1      3      200      0      3.19254
31      4      504      0      1      3      200      0      3.17192
31      4      505      0      1      3      200      0      3.226
31      4      506      0      1      3      200      0      3.37591
31      4      507      0      1      3      200      0      3.10011
31      4      508      0      1      3      200      0      3.24367
31      4      509      0      1      3      200      0      3.32553
31      5      0      0      1      3      200      0      3.22483
31      5      1      0      1      3      200      0      3.23394
31      5      2      0      1      3      200      0      3.36151
31      5      3      0      1      3      200      0      3.63719
31      5      4      0      1      3      200      0      3.38249
31      5      5      0      1      3      200      0      3.41772
31      5      6      0      1      3      200      0      3.56094
31      5      7      0      1      3      200      0      3.37151
31      5      8      0      1      3      200      0      3.24302
31      5      9      0      1      3      200      0      3.45362
31      5      10      0      1      3      200      0      3.21943
31      5      11      0      1      3      200      0      3.23053
31      5      12      0      1      3      200      0      3.38254
31      5      13      0      1      3      200      0      3.21916
31      5      14      0      1      3      200      0      3.08414
31      5      15      0      1      3      200      0      3.21574
31      5      16      0      1      3      200      0      3.53243
31      5      17      0      1      3      200      0      3.35626
31      5      18      0      1      3      200      0      3.03117
31      5      19      0      1      3      200      0      3.02359
31      5      20      0      1      3      200      0      3.28526
31      5      21      0      1      3      200      0      3.26164
31      5      22      0      1      3      200      0      3.26696
31      5      23      0      1      3      200      0      3.30682
31      5      24      0      1      3      200      0      3.20893
31      5      25      0      1      3      200      0      3.29754
31      5      26      0      1      3      200      0      3.28674
31      5      27      0      1      3      200      0      3.21157
31      5      28      0      1      3      200      0      3.25751
31      5      29      0      1      3      200      0      3.14138
31      5      30      0      1      3      200      0      2.9409
31      5      31      0      1      3      200      0      3.28682
31      5      32      0      1      3      200      0      3.19466
31      5      33      0      1      3      200      0      3.27243
31      5      34      0      1      3      200      0      3.62375
31      5      35      0      1      3      200      0      3.53618
31      5      36      0      1      3      200      0      3.42391
31      5      37      0      1      3      200      0      3.43166
31      5      38      0      1      3      200      0      3.65288
31      5      39      0      1      3      200      0      3.33384
31      5      40      0      1      3      200      0      3.54254
31      5      41      0      1      3      200      0      3.64367
31      5      42      0      1      3      200      0      3.53406
31      5      43      0      1      3      200      0      3.52716
31      5      44      0      1      3      200      0      3.33633
31      5      45      0      1      3      200      0      3.62528
31      5      46      0      1      3      200      0      3.42379
31      5      47      0      1      3      200      0      3.52858
31      5      48      0      1      3      200      0      3.32989
31      5      49      0      1      3      200      0      3.20065
31      5      50      0      1      3      200      0      3.33849
31      5      51      0      1      3      200      0      3.37838
31      5      52      0      1      3      200      0      3.53188
31      5      53      0      1      3      200      0      3.48877
31      5      54      0      1      3      200      0      3.53301
31      5      55      0      1      3      200      0      3.37969
31      5      56      0      1      3      200      0      3.5166
31      5      57      0      1      3      200      0      3.30352
31      5      58      0      1      3      200      0      3.32858
31      5      59      0      1      3      200      0      3.25598
31      5      60      0      1      3      200      0      3.62335
31      5      61      0      1      3      200      0      3.63255
31      5      62      0      1      3      200      0      3.31045
31      5      63      0      1      3      200      0      3.34564
31      5      64      0      1      3      200      0      3.56894
31      5      65      0      1      3      200      0      3.28496
31      5      66      0      1      3      200      0      3.42287
31      5      67      0      1      3      200      0      3.23873
31      5      68      0      1      3      200      0      3.38949
31      5      69      0      1      3      200      0      3.16016
31      5      70      0      1      3      200      0      3.3463
31      5      71      0      1      3      200      0      3.35554
31      5      72      0      1      3      200      0      3.44091
31      5      73      0      1      3      200      0      3.4942
31      5      74      0      1      3      200      0      3.31686
31      5      75      0      1      3      200      0      3.35465
31      5      76      0      1      3      200      0      3.63241
31      5      77      0      1      3      200      0      3.37643
31      5      78      0      1      3      200      0      3.50501
31      5      79      0      1      3      200      0      3.32562
31      5      80      0      1      3      200      0      3.26154
31      5      81      0      1      3      200      0      3.41337
31      5      82      0      1      3      200      0      3.25236
31      5      83      0      1      3      200      0      3.52103
31      5      84      0      1      3      200      0      3.43492
31      5      85      0      1      3      200      0      3.2654
31      5      86      0      1      3      200      0      3.19161
31      5      87      0      1      3      200      0      3.57305
31      5      88      0      1      3      200      0      3.4673
31      5      89      0      1      3      200      0      3.63906
31      5      90      0      1      3      200      0      3.5887
31      5      91      0      1      3      200      0      3.62577
31      5      92      0      1      3      200      0      3.88075
31      5      93      0      1      3      200      0      3.75127
31      5      94      0      1      3      200      0      3.37281
31      5      95      0      1      3      200      0      3.44596
31      5      96      0      1      3      200      0      3.25215
31      5      97      0      1      3      200      0      3.27078
31      5      98      0      1      3      200      0      3.54361
31      5      99      0      1      3      200      0      3.61214
31      5      100      0      1      3      200      0      3.50256
31      5      101      0      1      3      200      0      3.63639
31      5      102      0      1      3      200      0      3.59119
31      5      103      0      1      3      200      0      3.48343
31      5      104      0      1      3      200      0      3.51049
31      5      105      0      1      3      200      0      3.44192
31      5      106      0      1      3      200      0      3.26086
31      5      107      0      1      3      200      0      3.32436
31      5      108      0      1      3      200      0      3.32354
31      5      109      0      1      3      200      0      3.36593
31      5      110      0      1      3      200      0      3.40181
31      5      111      0      1      3      200      0      3.47768
31      5      112      0      1      3      200      0      3.31811
31      5      113      0      1      3      200      0      3.25912
31      5      114      0      1      3      200      0      3.35289
31      5      115      0      1      3      200      0      3.26251
31      5      116      0      1      3      200      0      3.30683
31      5      117      0      1      3      200      0      3.60385
31      5      118      0      1      3      200      0      3.34912
31      5      119      0      1      3      200      0      3.39668
31      5      120      0      1      3      200      0      3.56499
31      5      121      0      1      3      200      0      3.63281
31      5      122      0      1      3      200      0      3.31133
31      5      123      0      1      3      200      0      3.2314
31      5      124      0      1      3      200      0      3.52548
31      5      125      0      1      3      200      0      3.53233
31      5      126      0      1      3      200      0      3.24655
31      5      127      0      1      3      200      0      3.41668
31      5      128      0      1      3      200      0      3.45325
31      5      129      0      1      3      200      0      3.31936
31      5      130      0      1      3      200      0      3.50737
31      5      131      0      1      3      200      0      3.6825
31      5      132      0      1      3      200      0      3.77687
31      5      133      0      1      3      200      0      3.52826
31      5      134      0      1      3      200      0      3.5726
31      5      135      0      1      3      200      0      3.4374
31      5      136      0      1      3      200      0      3.36531
31      5      137      0      1      3      200      0      3.42122
31      5      138      0      1      3      200      0      3.34238
31      5      139      0      1      3      200      0      3.45372
31      5      140      0      1      3      200      0      3.46715
31      5      141      0      1      3      200      0      3.54212
31      5      142      0      1      3      200      0      3.19013
31      5      143      0      1      3      200      0      3.56239
31      5      144      0      1      3      200      0      3.70276
31      5      145      0      1      3      200      0      3.4659
31      5      146      0      1      3      200      0      3.67473
31      5      147      0      1      3      200      0      3.3233
31      5      148      0      1      3      200      0      3.55968
31      5      149      0      1      3      200      0      3.56015
31      5      150      0      1      3      200      0      3.69799
31      5      151      0      1      3      200      0      3.54227
31      5      152      0      1      3      200      0      3.4087
31      5      153      0      1      3      200      0      3.50406
31      5      154      0      1      3      200      0      3.142
31      5      155      0      1      3      200      0      3.57066
31      5      156      0      1      3      200      0      3.70354
31      5      157      0      1      3      200      0      3.38152
31      5      158      0      1      3      200      0      3.49094
31      5      159      0      1      3      200      0      3.57031
31      5      160      0      1      3      200      0      3.67568
31      5      161      0      1      3      200      0      3.32466
31      5      162      0      1      3      200      0      3.77065
31      5      163      0      1      3      200      0      3.5718
31      5      164      0      1      3      200      0      3.43667
31      5      165      0      1      3      200      0      3.58783
31      5      166      0      1      3      200      0      3.71805
31      5      167      0      1      3      200      0      3.61727
31      5      168      0      1      3      200      0      3.46663
31      5      169      0      1      3      200      0      3.46991
31      5      170      0      1      3      200      0      3.40652
31      5      171      0      1      3      200      0      3.36063
31      5      172      0      1      3      200      0      3.48027
31      5      173      0      1      3      200      0      3.51227
31      5      174      0      1      3      200      0      3.63842
31      5      175      0      1      3      200      0      3.19713
31      5      176      0      1      3      200      0      3.61081
31      5      177      0      1      3      200      0      3.5102
31      5      178      0      1      3      200      0      3.52162
31      5      179      0      1      3      200      0      3.24651
31      5      180      0      1      3      200      0      3.47718
31      5      181      0      1      3      200      0      3.47049
31      5      182      0      1      3      200      0      3.54816
31      5      183      0      1      3      200      0      3.61197
31      5      184      0      1      3      200      0      3.49164
31      5      185      0      1      3      200      0      3.47903
31      5      186      0      1      3      200      0      3.39913
31      5      187      0      1      3      200      0      3.4645
31      5      188      0      1      3      200      0      3.63266
31      5      189      0      1      3      200      0      3.60905
31      5      190      0      1      3      200      0      3.30831
31      5      191      0      1      3      200      0      3.35561
31      5      192      0      1      3      200      0      3.35283
31      5      193      0      1      3      200      0      3.57163
31      5      194      0      1      3      200      0      3.6012
31      5      195      0      1      3      200      0      3.78524
31      5      196      0      1      3      200      0      3.63175
31      5      197      0      1      3      200      0      3.52193
31      5      198      0      1      3      200      0      3.47561
31      5      199      0      1      3      200      0      3.65973
31      5      200      0      1      3      200      0      3.59769
31      5      201      0      1      3      200      0      3.48019
31      5      202      0      1      3      200      0      3.1492
31      5      203      0      1      3      200      0      3.46249
31      5      204      0      1      3      200      0      3.38757
31      5      205      0      1      3      200      0      3.60418
31      5      206      0      1      3      200      0      3.70175
31      5      207      0      1      3      200      0      3.23789
31      5      208      0      1      3      200      0      3.58274
31      5      209      0      1      3      200      0      3.55704
31      5      210      0      1      3      200      0      3.41011
31      5      211      0      1      3      200      0      3.53025
31      5      212      0      1      3      200      0      3.47457
31      5      213      0      1      3      200      0      3.31824
31      5      214      0      1      3      200      0      3.38283
31      5      215      0      1      3      200      0      3.14415
31      5      216      0      1      3      200      0      3.49225
31      5      217      0      1      3      200      0      3.53023
31      5      218      0      1      3      200      0      3.29426
31      5      219      0      1      3      200      0      3.28006
31      5      220      0      1      3      200      0      3.48155
31      5      221      0      1      3      200      0      3.57513
31      5      222      0      1      3      200      0      3.41613
31      5      223      0      1      3      200      0      3.50838
31      5      224      0      1      3      200      0      3.54498
31      5      225      0      1      3      200      0      3.57988
31      5      226      0      1      3      200      0      3.49315
31      5      227      0      1      3      200      0      3.82236
31      5      228      0      1      3      200      0      3.45141
31      5      229      0      1      3      200      0      3.58199
31      5      230      0      1      3      200      0      3.43296
31      5      231      0      1      3      200      0      3.76053
31      5      232      0      1      3      200      0      3.53115
31      5      233      0      1      3      200      0      3.38209
31      5      234      0      1      3      200      0      3.40554
31      5      235      0      1      3      200      0      3.36562
31      5      236      0      1      3      200      0      3.48378
31      5      237      0      1      3      200      0      3.40518
31      5      238      0      1      3      200      0      3.31235
31      5      239      0      1      3      200      0      3.2912
31      5      240      0      1      3      200      0      3.46092
31      5      241      0      1      3      200      0      3.48884
31      5      242      0      1      3      200      0      3.23212
31      5      243      0      1      3      200      0      3.35697
31      5      244      0      1      3      200      0      3.49802
31      5      245      0      1      3      200      0      3.48848
31      5      246      0      1      3      200      0      3.24862
31      5      247      0      1      3      200      0      3.34314
31      5      248      0      1      3      200      0      3.33801
31      5      249      0      1      3      200      0      3.515
31      5      250      0      1      3      200      0      3.18381
31      5      251      0      1      3      200      0      3.45046
31      5      252      0      1      3      200      0      3.40372
31      5      253      0      1      3      200      0      3.3983
31      5      254      0      1      3      200      0      3.19526
31      5      255      0      1      3      200      0      3.5648
31      5      256      0      1      3      200      0      3.43828
31      5      257      0      1      3      200      0      3.65415
31      5      258      0      1      3      200      0      3.78778
31      5      259      0      1      3      200      0      3.58652
31      5      260      0      1      3      200      0      3.41546
31      5      261      0      1      3      200      0      3.48741
31      5      262      0      1      3      200      0      3.69993
31      5      263      0      1      3      200      0      3.68256
31      5      264      0      1      3      200      0      3.54108
31      5      265      0      1      3      200      0      3.37251
31      5      266      0      1      3      200      0      3.31485
31      5      267      0      1      3      200      0      3.15562
31      5      268      0      1      3      200      0      3.53821
31      5      269      0      1      3      200      0      3.31439
31      5      270      0      1      3      200      0      3.27118
31      5      271      0      1      3      200      0      3.39483
31      5      272      0      1      3      200      0      3.30963
31      5      273      0      1      3      200      0      3.21922
31      5      274      0      1      3      200      0      3.40693
31      5      275      0      1      3      200      0      3.36204
31      5      276      0      1      3      200      0      3.46128
31      5      277      0      1      3      200      0      3.29317
31      5      278      0      1      3      200      0      3.20535
31      5      279      0      1      3      200      0      3.36002
31      5      280      0      1      3      200      0      3.37223
31      5      281      0      1      3      200      0      3.38995
31      5      282      0      1      3      200      0      3.27062
31      5      283      0      1      3      200      0      3.37812
31      5      284      0      1      3      200      0      3.22351
31      5      285      0      1      3      200      0      3.185
31      5      286      0      1      3      200      0      3.23528
31      5      287      0      1      3      200      0      3.3431
31      5      288      0      1      3      200      0      3.22457
31      5      289      0      1      3      200      0      3.2176
31      5      290      0      1      3      200      0      3.77117
31      5      291      0      1      3      200      0      3.72373
31      5      292      0      1      3      200      0      3.41887
31      5      293      0      1      3      200      0      3.30219
31      5      294      0      1      3      200      0      3.57854
31      5      295      0      1      3      200      0      3.50993
31      5      296      0      1      3      200      0      3.37224
31      5      297      0      1      3      200      0      3.31413
31      5      298      0      1      3      200      0      3.0885
31      5      299      0      1      3      200      0      3.2575
31      5      300      0      1      3      200      0      3.37186
31      5      301      0      1      3      200      0      3.50742
31      5      302      0      1      3      200      0      3.04052
31      5      303      0      1      3      200      0      3.16727
31      5      304      0      1      3      200      0      3.2647
31      5      305      0      1      3      200      0      3.6697
31      5      306      0      1      3      200      0      3.20815
31      5      307      0      1      3      200      0      3.13167
31      5      308      0      1      3      200      0      3.11934
31      5      309      0      1      3      200      0      3.36575
31      5      310      0      1      3      200      0      3.20073
31      5      311      0      1      3      200      0      3.18218
31      5      312      0      1      3      200      0      3.39899
31      5      313      0      1      3      200      0      3.48388
31      5      314      0      1      3      200      0      3.2012
31      5      315      0      1      3      200      0      3.34429
31      5      316      0      1      3      200      0      3.15154
31      5      317      0      1      3      200      0      3.56153
31      5      318      0      1      3      200      0      3.32942
31      5      319      0      1      3      200      0      3.24243
31      5      320      0      1      3      200      0      3.0464
31      5      321      0      1      3      200      0      3.19859
31      5      322      0      1      3      200      0      3.62277
31      5      323      0      1      3      200      0      3.65984
31      5      324      0      1      3      200      0      3.39997
31      5      325      0      1      3      200      0      3.40026
31      5      326      0      1      3      200      0      3.32282
31      5      327      0      1      3      200      0      3.64366
31      5      328      0      1      3      200      0      3.28991
31      5      329      0      1      3      200      0      3.44433
31      5      330      0      1      3      200      0      3.44497
31      5      331      0      1      3      200      0      3.18281
31      5      332      0      1      3      200      0      3.15117
31      5      333      0      1      3      200      0      3.38585
31      5      334      0      1      3      200      0      3.37958
31      5      335      0      1      3      200      0      3.41123
31      5      336      0      1      3      200      0      3.3127
31      5      337      0      1      3      200      0      3.39866
31      5      338      0      1      3      200      0      3.39538
31      5      339      0      1      3      200      0      3.14107
31      5      340      0      1      3      200      0      3.29594
31      5      341      0      1      3      200      0      3.29747
31      5      342      0      1      3      200      0      3.33934
31      5      343      0      1      3      200      0      3.02664
31      5      344      0      1      3      200      0      3.26332
31      5      345      0      1      3      200      0      3.35774
31      5      346      0      1      3      200      0      3.20658
31      5      347      0      1      3      200      0      3.371
31      5      348      0      1      3      200      0      3.36481
31      5      349      0      1      3      200      0      3.21362
31      5      350      0      1      3      200      0      3.43518
31      5      351      0      1      3      200      0      3.34782
31      5      352      0      1      3      200      0      3.17244
31      5      353      0      1      3      200      0      3.07837
31      5      354      0      1      3      200      0      3.25955
31      5      355      0      1      3      200      0      3.45038
31      5      356      0      1      3      200      0      3.27877
31      5      357      0      1      3      200      0      3.55447
31      5      358      0      1      3      200      0      3.06374
31      5      359      0      1      3      200      0      3.27084
31      5      360      0      1      3      200      0      3.19588
31      5      361      0      1      3      200      0      3.31592
31      5      362      0      1      3      200      0      2.98884
31      5      363      0      1      3      200      0      3.01939
31      5      364      0      1      3      200      0      3.26186
31      5      365      0      1      3      200      0      3.00697
31      5      366      0      1      3      200      0      3.00855
31      5      367      0      1      3      200      0      3.17849
31      5      368      0      1      3      200      0      3.02478
31      5      369      0      1      3      200      0      2.87106
31      5      370      0      1      3      200      0      2.89173
31      5      371      0      1      3      200      0      3.02127
31      5      372      0      1      3      200      0      2.98038
31      5      373      0      1      3      200      0      2.7628
31      5      374      0      1      3      200      0      2.99712
31      5      375      0      1      3      200      0      2.90879
31      5      376      0      1      3      200      0      2.94624
31      5      377      0      1      3      200      0      3.06297
31      5      378      0      1      3      200      0      3.22917
31      5      379      0      1      3      200      0      2.87805
31      5      380      0      1      3      200      0      3.3534
31      5      381      0      1      3      200      0      2.90521
31      5      382      0      1      3      200      0      2.97083
31      5      383      0      1      3      200      0      2.95983
31      5      384      0      1      3      200      0      3.06333
31      5      385      0      1      3      200      0      2.91845
31      5      386      0      1      3      200      0      3.28542
31      5      387      0      1      3      200      0      3.18917
31      5      388      0      1      3      200      0      3.1599
31      5      389      0      1      3      200      0      3.11457
31      5      390      0      1      3      200      0      3.32864
31      5      391      0      1      3      200      0      3.0007
31      5      392      0      1      3      200      0      3.02509
31      5      393      0      1      3      200      0      3.01431
31      5      394      0      1      3      200      0      2.92235
31      5      395      0      1      3      200      0      2.69459
31      5      396      0      1      3      200      0      3.0755
31      5      397      0      1      3      200      0      2.83443
31      5      398      0      1      3      200      0      2.97316
31      5      399      0      1      3      200      0      2.65509
31      5      400      0      1      3      200      0      2.91214
31      5      401      0      1      3      200      0      3.03575
31      5      402      0      1      3      200      0      3.00816
31      5      403      0      1      3      200      0      2.93147
31      5      404      0      1      3      200      0      3.09452
31      5      405      0      1      3      200      0      2.91837
31      5      406      0      1      3      200      0      2.94347
31      5      407      0      1      3      200      0      2.79117
31      5      408      0      1      3      200      0      2.78155
31      5      409      0      1      3      200      0      2.75499
31      5      410      0      1      3      200      0      2.6635
31      5      411      0      1      3      200      0      2.84354
31      5      412      0      1      3      200      0      2.94441
31      5      413      0      1      3      200      0      2.7582
31      5      414      0      1      3      200      0      2.78896
31      5      415      0      1      3      200      0      2.7013
31      5      416      0      1      3      200      0      2.73063
31      5      417      0      1      3      200      0      2.75044
31      5      418      0      1      3      200      0      2.91035
31      5      419      0      1      3      200      0      3.30801
31      5      420      0      1      3      200      0      3.14588
31      5      421      0      1      3      200      0      3.18768
31      5      422      0      1      3      200      0      3.12319
31      5      423      0      1      3      200      0      2.97779
31      5      424      0      1      3      200      0      2.81277
31      5      425      0      1      3      200      0      2.95345
31      5      426      0      1      3      200      0      2.85886
31      5      427      0      1      3      200      0      2.78129
31      5      428      0      1      3      200      0      2.87831
31      5      429      0      1      3      200      0      3.06452
31      5      430      0      1      3      200      0      2.8019
31      5      431      0      1      3      200      0      2.84399
31      5      432      0      1      3      200      0      3.03414
31      5      433      0      1      3      200      0      2.82441
31      5      434      0      1      3      200      0      2.94596
31      5      435      0      1      3      200      0      2.94519
31      5      436      0      1      3      200      0      2.90252
31      5      437      0      1      3      200      0      2.99741
31      5      438      0      1      3      200      0      2.73506
31      5      439      0      1      3      200      0      2.96451
31      5      440      0      1      3      200      0      3.05547
31      5      441      0      1      3      200      0      3.06428
31      5      442      0      1      3      200      0      2.71261
31      5      443      0      1      3      200      0      2.80445
31      5      444      0      1      3      200      0      2.88042
31      5      445      0      1      3      200      0      3.08121
31      5      446      0      1      3      200      0      3.04471
31      5      447      0      1      3      200      0      2.96335
31      5      448      0      1      3      200      0      2.89563
31      5      449      0      1      3      200      0      3.13884
31      5      450      0      1      3      200      0      3.06338
31      5      451      0      1      3      200      0      3.12804
31      5      452      0      1      3      200      0      3.33752
31      5      453      0      1      3      200      0      3.06813
31      5      454      0      1      3      200      0      3.22133
31      5      455      0      1      3      200      0      3.15695
31      5      456      0      1      3      200      0      2.96239
31      5      457      0      1      3      200      0      3.03976
31      5      458      0      1      3      200      0      2.84371
31      5      459      0      1      3      200      0      2.81946
31      5      460      0      1      3      200      0      2.96617
31      5      461      0      1      3      200      0      2.95018
31      5      462      0      1      3      200      0      2.88713
31      5      463      0      1      3      200      0      2.78873
31      5      464      0      1      3      200      0      3.00016
31      5      465      0      1      3      200      0      2.76317
31      5      466      0      1      3      200      0      2.93796
31      5      467      0      1      3      200      0      2.97346
31      5      468      0      1      3      200      0      2.6988
31      5      469      0      1      3      200      0      2.94609
31      5      470      0      1      3      200      0      2.76948
31      5      471      0      1      3      200      0      2.76095
31      5      472      0      1      3      200      0      3.11259
31      5      473      0      1      3      200      0      2.83581
31      5      474      0      1      3      200      0      2.94046
31      5      475      0      1      3      200      0      3.01919
31      5      476      0      1      3      200      0      2.71324
31      5      477      0      1      3      200      0      2.95545
31      5      478      0      1      3      200      0      2.7234
31      5      479      0      1      3      200      0      2.71731
31      5      480      0      1      3      200      0      2.82159
31      5      481      0      1      3      200      0      2.71154
31      5      482      0      1      3      200      0      2.87795
31      5      483      0      1      3      200      0      2.8829
31      5      484      0      1      3      200      0      3.33485
31      5      485      0      1      3      200      0      3.23437
31      5      486      0      1      3      200      0      3.23275
31      5      487      0      1      3      200      0      3.0106
31      5      488      0      1      3      200      0      3.0236
31      5      489      0      1      3      200      0      2.89297
31      5      490      0      1      3      200      0      2.85352
31      5      491      0      1      3      200      0      2.85242
31      5      492      0      1      3      200      0      2.89719
31      5      493      0      1      3      200      0      3.05899
31      5      494      0      1      3      200      0      2.90109
31      5      495      0      1      3      200      0      3.04924
31      5      496      0      1      3      200      0      2.75022
31      5      497      0      1      3      200      0      2.87685
31      5      498      0      1      3      200      0      2.91172
31      5      499      0      1      3      200      0      2.85997
31      5      500      0      1      3      200      0      2.98736
31      5      501      0      1      3      200      0      2.83372
31      5      502      0      1      3      200      0      2.99472
31      5      503      0      1      3      200      0      2.82093
31      5      504      0      1      3      200      0      2.98516
31      5      505      0      1      3      200      0      2.90619
31      5      506      0      1      3      200      0      2.97201
31      5      507      0      1      3      200      0      2.79546
31      5      508      0      1      3      200      0      2.98215
31      5      509      0      1      3      200      0      2.95324
31      5      510      0      1      3      200      0      2.8701
31      5      511      0      1      3      200      0      2.92056
31      5      512      0      1      3      200      0      2.88307
31      5      513      0      1      3      200      0      2.97788
31      5      514      0      1      3      200      0      3.21381
31      5      515      0      1      3      200      0      3.04395
31      5      516      0      1      3      200      0      3.27497
31      5      517      0      1      3      200      0      3.41737
31      5      518      0      1      3      200      0      3.12469
31      5      519      0      1      3      200      0      3.12687
31      5      520      0      1      3      200      0      2.99258
31      5      521      0      1      3      200      0      2.91203
31      5      522      0      1      3      200      0      3.05399
31      5      523      0      1      3      200      0      3.10917
31      5      524      0      1      3      200      0      3.08039
31      5      525      0      1      3      200      0      2.92353
31      5      526      0      1      3      200      0      3.09582
31      5      527      0      1      3      200      0      2.97148
31      5      528      0      1      3      200      0      2.87127
31      5      529      0      1      3      200      0      3.01784
31      5      530      0      1      3      200      0      3.2247
31      5      531      0      1      3      200      0      2.70523
31      5      532      0      1      3      200      0      2.99872
31      5      533      0      1      3      200      0      2.98749
31      5      534      0      1      3      200      0      3.12261
31      5      535      0      1      3      200      0      2.8974
31      5      536      0      1      3      200      0      2.83579
31      5      537      0      1      3      200      0      2.77626
31      5      538      0      1      3      200      0      2.85321
31      5      539      0      1      3      200      0      2.87136
31      5      540      0      1      3      200      0      3.06685
31      5      541      0      1      3      200      0      2.80626
31      5      542      0      1      3      200      0      3.08465
31      5      543      0      1      3      200      0      2.8824
31      5      544      0      1      3      200      0      3.01268
31      5      545      0      1      3      200      0      3.1466
31      5      546      0      1      3      200      0      3.25331
31      5      547      0      1      3      200      0      3.19996
31      5      548      0      1      3      200      0      3.09896
31      5      549      0      1      3      200      0      3.26778
31      5      550      0      1      3      200      0      3.1558
31      5      551      0      1      3      200      0      3.34505
31      5      552      0      1      3      200      0      2.92144
31      5      553      0      1      3      200      0      2.96505
31      5      554      0      1      3      200      0      2.96571
31      5      555      0      1      3      200      0      2.88733
31      5      556      0      1      3      200      0      2.93213
31      5      557      0      1      3      200      0      2.98607
31      5      558      0      1      3      200      0      3.06153
31      5      559      0      1      3      200      0      3.21099
31      5      560      0      1      3      200      0      2.81561
31      5      561      0      1      3      200      0      3.10446
31      5      562      0      1      3      200      0      3.19988
31      5      563      0      1      3      200      0      3.01259
31      5      564      0      1      3      200      0      3.10989
31      5      565      0      1      3      200      0      3.2088
31      5      566      0      1      3      200      0      3.0247
31      5      567      0      1      3      200      0      3.07717
31      5      568      0      1      3      200      0      3.18635
31      5      569      0      1      3      200      0      2.91853
31      5      570      0      1      3      200      0      3.09792
31      5      571      0      1      3      200      0      2.85848
31      5      572      0      1      3      200      0      3.25042
31      5      573      0      1      3      200      0      2.98025
31      5      574      0      1      3      200      0      2.92198
31      5      575      0      1      3      200      0      3.06091
31      5      576      0      1      3      200      0      2.91494
31      5      577      0      1      3      200      0      2.97432
31      5      578      0      1      3      200      0      3.10781
31      5      579      0      1      3      200      0      3.15867
31      5      580      0      1      3      200      0      3.18276
31      5      581      0      1      3      200      0      2.86452
31      5      582      0      1      3      200      0      3.14306
31      5      583      0      1      3      200      0      3.33796
31      5      584      0      1      3      200      0      2.81711
31      5      585      0      1      3      200      0      3.25737
31      5      586      0      1      3      200      0      3.27713
31      5      587      0      1      3      200      0      3.37643
31      5      588      0      1      3      200      0      3.35076
31      5      589      0      1      3      200      0      3.12073
31      5      590      0      1      3      200      0      3.27094
31      5      591      0      1      3      200      0      3.45749
31      5      592      0      1      3      200      0      2.94758
31      5      593      0      1      3      200      0      3.10493
31      5      594      0      1      3      200      0      2.8873
31      5      595      0      1      3      200      0      3.00833
31      5      596      0      1      3      200      0      2.98537
31      5      597      0      1      3      200      0      3.03666
31      5      598      0      1      3      200      0      3.14821
31      5      599      0      1      3      200      0      3.05251
31      5      600      0      1      3      200      0      2.81401
31      5      601      0      1      3      200      0      2.94812
31      5      602      0      1      3      200      0      3.06024
31      5      603      0      1      3      200      0      2.90438
31      5      604      0      1      3      200      0      3.19942
31      5      605      0      1      3      200      0      2.87315
31      5      606      0      1      3      200      0      2.74542
31      5      607      0      1      3      200      0      3.18278
31      5      608      0      1      3      200      0      3.05368
31      5      609      0      1      3      200      0      2.75562
31      5      610      0      1      3      200      0      3.15004
31      5      611      0      1      3      200      0      3.00973
31      5      612      0      1      3      200      0      3.11467
31      5      613      0      1      3      200      0      3.10144
31      5      614      0      1      3      200      0      3.2721
31      5      615      0      1      3      200      0      3.12267
31      5      616      0      1      3      200      0      2.82129
31      5      617      0      1      3      200      0      3.28864
31      5      618      0      1      3      200      0      3.09495
31      5      619      0      1      3      200      0      2.9698
31      5      620      0      1      3      200      0      2.83986
31      5      621      0      1      3      200      0      3.1825
31      5      622      0      1      3      200      0      2.83576
31      5      623      0      1      3      200      0      2.94379
31      5      624      0      1      3      200      0      3.06557
31      5      625      0      1      3      200      0      3.11819
31      5      626      0      1      3      200      0      3.03031
31      5      627      0      1      3      200      0      3.20258
31      5      628      0      1      3      200      0      3.11998
31      5      629      0      1      3      200      0      3.09474
31      5      630      0      1      3      200      0      3.07227
31      5      631      0      1      3      200      0      2.90587
31      5      632      0      1      3      200      0      2.98507
31      5      633      0      1      3      200      0      3.13915
31      5      634      0      1      3      200      0      2.94616
31      5      635      0      1      3      200      0      2.82757
31      5      636      0      1      3      200      0      3.12569
31      5      637      0      1      3      200      0      3.27119
31      5      638      0      1      3      200      0      3.10788
31      5      639      0      1      3      200      0      3.07512
31      5      640      0      1      3      200      0      3.10213
31      5      641      0      1      3      200      0      2.88831
31      5      642      0      1      3      200      0      3.17786
31      5      643      0      1      3      200      0      3.26076
31      5      644      0      1      3      200      0      3.32042
31      5      645      0      1      3      200      0      3.2816
31      5      646      0      1      3      200      0      3.281
31      5      647      0      1      3      200      0      3.25442
31      5      648      0      1      3      200      0      3.01234
31      5      649      0      1      3      200      0      3.21439
31      5      650      0      1      3      200      0      3.01773
31      5      651      0      1      3      200      0      2.94881
31      5      652      0      1      3      200      0      3.18647
31      5      653      0      1      3      200      0      3.00711
31      5      654      0      1      3      200      0      3.01113
31      5      655      0      1      3      200      0      3.06442
31      5      656      0      1      3      200      0      3.04935
31      5      657      0      1      3      200      0      3.04738
31      5      658      0      1      3      200      0      2.97672
31      5      659      0      1      3      200      0      3.02765
31      5      660      0      1      3      200      0      3.14687
31      5      661      0      1      3      200      0      3.19143
31      5      662      0      1      3      200      0      2.93411
31      5      663      0      1      3      200      0      2.99276
31      5      664      0      1      3      200      0      3.06051
31      5      665      0      1      3      200      0      3.09436
31      5      666      0      1      3      200      0      2.9591
31      5      667      0      1      3      200      0      3.11306
31      5      668      0      1      3      200      0      3.03001
31      5      669      0      1      3      200      0      3.18346
31      5      670      0      1      3      200      0      3.06524
31      5      671      0      1      3      200      0      3.22939
31      5      672      0      1      3      200      0      2.97799
31      5      673      0      1      3      200      0      2.69086
31      5      674      0      1      3      200      0      3.15115
31      5      675      0      1      3      200      0      3.00863
31      5      676      0      1      3      200      0      3.10387
31      5      677      0      1      3      200      0      3.21164
31      5      678      0      1      3      200      0      3.04981
31      5      679      0      1      3      200      0      3.02522
31      5      680      0      1      3      200      0      3.1079
31      5      681      0      1      3      200      0      2.99603
31      5      682      0      1      3      200      0      2.84929
31      5      683      0      1      3      200      0      2.92703
31      5      684      0      1      3      200      0      3.48207
31      5      685      0      1      3      200      0      2.6763
31      5      686      0      1      3      200      0      2.54467
31      5      687      0      1      3      200      0      2.9241
31      5      688      0      1      3      200      0      2.97644
31      5      689      0      1      3      200      0      3.08379
31      5      690      0      1      3      200      0      3.27458
31      5      691      0      1      3      200      0      2.84515
31      5      692      0      1      3      200      0      2.87555
31      5      693      0      1      3      200      0      3.01555
31      5      694      0      1      3      200      0      2.91507
31      5      695      0      1      3      200      0      2.9679
31      5      696      0      1      3      200      0      2.99273
31      5      697      0      1      3      200      0      3.02885
31      5      698      0      1      3      200      0      2.8838
31      5      699      0      1      3      200      0      2.91144
31      5      700      0      1      3      200      0      3.0644
31      5      701      0      1      3      200      0      2.99442
31      5      702      0      1      3      200      0      3.05011
31      5      703      0      1      3      200      0      2.78494
31      5      704      0      1      3      200      0      3.19599
31      5      705      0      1      3      200      0      2.98956
31      5      706      0      1      3      200      0      3.35923
31      5      707      0      1      3      200      0      3.59574
31      5      708      0      1      3      200      0      3.16033
31      5      709      0      1      3      200      0      3.20463
31      5      710      0      1      3      200      0      3.29824
31      5      711      0      1      3      200      0      3.26071
31      5      712      0      1      3      200      0      3.19068
31      5      713      0      1      3      200      0      3.19568
31      5      714      0      1      3      200      0      3.02836
31      5      715      0      1      3      200      0      2.98481
31      5      716      0      1      3      200      0      3.31841
31      5      717      0      1      3      200      0      2.98463
31      5      718      0      1      3      200      0      2.99939
31      5      719      0      1      3      200      0      2.92491
31      5      720      0      1      3      200      0      2.97656
31      5      721      0      1      3      200      0      3.19439
31      5      722      0      1      3      200      0      2.95414
31      5      723      0      1      3      200      0      3.00471
31      5      724      0      1      3      200      0      3.18968
31      5      725      0      1      3      200      0      3.09477
31      5      726      0      1      3      200      0      3.0786
31      5      727      0      1      3      200      0      3.17847
31      5      728      0      1      3      200      0      2.9855
31      5      729      0      1      3      200      0      3.03168
31      5      730      0      1      3      200      0      3.05286
31      5      731      0      1      3      200      0      3.0393
31      5      732      0      1      3      200      0      3.13535
31      5      733      0      1      3      200      0      3.04526
31      5      734      0      1      3      200      0      3.26133
31      5      735      0      1      3      200      0      3.07293
31      5      736      0      1      3      200      0      3.13392
31      5      737      0      1      3      200      0      3.14225
31      5      738      0      1      3      200      0      3.16453
31      5      739      0      1      3      0      0      0
31      5      740      0      1      3      200      0      3.15205
31      5      741      0      1      3      200      0      3.26769
31      5      742      0      1      3      200      0      3.04288
31      5      743      0      1      3      200      0      3.1587
31      5      744      0      1      3      200      0      2.99434
31      5      745      0      1      3      200      0      2.98567
31      5      746      0      1      3      200      0      3.02623
31      5      747      0      1      3      200      0      2.96406
31      5      748      0      1      3      200      0      3.18278
31      5      749      0      1      3      200      0      3.18269
31      5      750      0      1      3      200      0      3.07463
31      5      751      0      1      3      200      0      3.19304
31      5      752      0      1      3      200      0      2.96917
31      5      753      0      1      3      200      0      3.29265
31      5      754      0      1      3      200      0      3.20357
31      5      755      0      1      3      200      0      2.9667
31      5      756      0      1      3      200      0      3.0486
31      5      757      0      1      3      200      0      3.0698
31      5      758      0      1      3      200      0      3.08316
31      5      759      0      1      3      200      0      3.10117
31      5      760      0      1      3      200      0      3.08673
31      5      761      0      1      3      200      0      3.10649
31      5      762      0      1      3      200      0      3.09982
31      5      763      0      1      3      200      0      3.0748
31      5      764      0      1      3      200      0      3.22284
31      5      765      0      1      3      200      0      2.81998
31      5      766      0      1      3      200      0      3.01875
31      5      767      0      1      3      200      0      3.08755
31      5      768      0      1      3      200      0      3.10865
31      5      769      0      1      3      200      0      2.90182
31      5      770      0      1      3      200      0      3.18253
31      5      771      0      1      3      200      0      3.21782
31      5      772      0      1      3      200      0      3.34078
31      5      773      0      1      3      200      0      3.4209
31      5      774      0      1      3      200      0      3.26386
31      5      775      0      1      3      200      0      3.09964
31      5      776      0      1      3      200      0      3.01811
31      5      777      0      1      3      200      0      3.16755
31      5      778      0      1      3      200      0      3.04885
31      5      779      0      1      3      200      0      3.20732
31      5      780      0      1      3      200      0      2.98958
31      5      781      0      1      3      200      0      3.12057
31      5      782      0      1      3      200      0      3.03447
31      5      783      0      1      3      200      0      3.03838
31      5      784      0      1      3      200      0      3.10073
31      5      785      0      1      3      200      0      3.04877
31      5      786      0      1      3      200      0      3.03325
31      5      787      0      1      3      200      0      2.87434
31      5      788      0      1      3      200      0      3.05884
31      5      789      0      1      3      200      0      3.08773
31      5      790      0      1      3      200      0      3.062
31      5      791      0      1      3      200      0      3.17917
31      5      792      0      1      3      200      0      2.93789
31      5      793      0      1      3      200      0      3.08343
31      5      794      0      1      3      200      0      3.34338
31      5      795      0      1      3      200      0      3.18268
31      5      796      0      1      3      200      0      3.17833
31      5      797      0      1      3      200      0      3.03895
31      5      798      0      1      3      200      0      2.90676
31      5      799      0      1      3      200      0      3.11248
31      6      0      0      1      3      0      0      0
31      6      1      0      1      3      200      0      3.28067
31      6      2      0      1      3      200      0      3.43743
31      6      3      0      1      3      200      0      3.41499
31      6      4      0      1      3      200      0      3.18706
31      6      5      0      1      3      200      0      3.11659
31      6      6      0      1      3      200      0      3.12996
31      6      7      0      1      3      200      0      3.10711
31      6      8      0      1      3      200      0      3.23983
31      6      9      0      1      3      200      0      3.1457
31      6      10      0      1      3      200      0      3.53332
31      6      11      0      1      3      200      0      3.14297
31      6      12      0      1      3      200      0      3.22311
31      6      13      0      1      3      200      0      3.46487
31      6      14      0      1      3      200      0      3.47994
31      6      15      0      1      3      200      0      3.28186
31      6      16      0      1      3      200      0      3.36003
31      6      17      0      1      3      200      0      3.31695
31      6      18      0      1      3      200      0      3.37038
31      6      19      0      1      3      200      0      3.36967
31      6      20      0      1      3      200      0      3.25676
31      6      21      0      1      3      200      0      3.46345
31      6      22      0      1      3      200      0      3.36095
31      6      23      0      1      3      200      0      3.37763
31      6      24      0      1      3      200      0      3.18594
31      6      25      0      1      3      200      0      3.64723
31      6      26      0      1      3      200      0      3.48833
31      6      27      0      1      3      200      0      3.6083
31      6      28      0      1      3      200      0      3.3861
31      6      29      0      1      3      200      0      3.42773
31      6      30      0      1      3      200      0      3.55629
31      6      31      0      1      3      200      0      3.44631
31      6      32      0      1      3      200      0      4.05548
31      6      33      0      1      3      200      0      3.76621
31      6      34      0      1      3      200      0      4.48779
31      6      35      0      1      3      200      0      3.74353
31      6      36      0      1      3      200      0      4.45996
31      6      37      0      1      3      200      0      4.03507
31      6      38      0      1      3      200      0      3.69024
31      6      39      0      1      3      200      0      3.75059
31      6      40      0      1      3      200      0      3.76193
31      6      41      0      1      3      200      0      3.49629
31      6      42      0      1      3      200      0      3.66503
31      6      43      0      1      3      200      0      3.73546
31      6      44      0      1      3      200      0      3.53331
31      6      45      0      1      3      200      0      3.65617
31      6      46      0      1      3      200      0      3.51949
31      6      47      0      1      3      200      0      4.15324
31      6      48      0      1      3      200      0      3.4511
31      6      49      0      1      3      200      0      3.72407
31      6      50      0      1      3      200      0      3.89708
31      6      51      0      1      3      200      0      3.17934
31      6      52      0      1      3      200      0      3.7557
31      6      53      0      1      3      200      0      3.64976
31      6      54      0      1      3      200      0      3.61593
31      6      55      0      1      3      200      0      3.3627
31      6      56      0      1      3      200      0      3.78439
31      6      57      0      1      3      200      0      3.65725
31      6      58      0      1      3      200      0      3.57539
31      6      59      0      1      3      200      0      3.56739
31      6      60      0      1      3      200      0      2.17321
31      6      61      0      1      3      200      0      3.85253
31      6      62      0      1      3      200      0      3.88182
31      6      63      0      1      3      200      0      5.04139
31      6      64      0      1      3      200      0      3.5366
31      6      65      0      1      3      200      0      3.48127
31      6      66      0      1      3      200      0      3.71944
31      6      67      0      1      3      200      0      3.7717
31      6      68      0      1      3      200      0      3.75547
31      6      69      0      1      3      200      0      3.67367
31      6      70      0      1      3      200      0      3.45017
31      6      71      0      1      3      200      0      3.45888
31      6      72      0      1      3      200      0      3.59661
31      6      73      0      1      3      200      0      3.88112
31      6      74      0      1      3      200      0      3.5605
31      6      75      0      1      3      200      0      3.65069
31      6      76      0      1      3      200      0      3.70507
31      6      77      0      1      3      200      0      3.79793
31      6      78      0      1      3      200      0      3.8002
31      6      79      0      1      3      200      0      3.74937
31      6      80      0      1      3      200      0      3.64808
31      6      81      0      1      3      200      0      3.70456
31      6      82      0      1      3      200      0      3.424
31      6      83      0      1      3      200      0      3.87518
31      6      84      0      1      3      200      0      3.37205
31      6      85      0      1      3      200      0      3.51204
31      6      86      0      1      3      200      0      3.57134
31      6      87      0      1      3      200      0      3.45466
31      6      88      0      1      3      200      0      3.61705
31      6      89      0      1      3      200      0      3.51096
31      6      90      0      1      3      200      0      3.71729
31      6      91      0      1      3      200      0      3.52612
31      6      92      0      1      3      200      0      3.90078
31      6      93      0      1      3      200      0      3.5817
31      6      94      0      1      3      200      0      3.53424
31      6      95      0      1      3      200      0      3.77739
31      6      96      0      1      3      200      0      4.30886
31      6      97      0      1      3      200      0      3.98177
31      6      98      0      1      3      200      0      4.51748
31      6      99      0      1      3      200      0      4.00342
31      6      100      0      1      3      200      0      4.41917
31      6      101      0      1      3      200      0      3.90966
31      6      102      0      1      3      200      0      3.5391
31      6      103      0      1      3      200      0      3.98524
31      6      104      0      1      3      200      0      3.74293
31      6      105      0      1      3      200      0      3.67789
31      6      106      0      1      3      200      0      3.63481
31      6      107      0      1      3      200      0      3.83912
31      6      108      0      1      3      200      0      3.81198
31      6      109      0      1      3      200      0      4.01348
31      6      110      0      1      3      200      0      3.81688
31      6      111      0      1      3      200      0      3.93064
31      6      112      0      1      3      200      0      3.84059
31      6      113      0      1      3      200      0      3.84196
31      6      114      0      1      3      200      0      4.07649
31      6      115      0      1      3      200      0      3.77171
31      6      116      0      1      3      200      0      3.76502
31      6      117      0      1      3      200      0      3.5605
31      6      118      0      1      3      200      0      3.78277
31      6      119      0      1      3      200      0      3.67819
31      6      120      0      1      3      200      0      3.68806
31      6      121      0      1      3      200      0      3.55189
31      6      122      0      1      3      200      0      3.86433
31      6      123      0      1      3      200      0      3.68393
31      6      124      0      1      3      200      0      3.8964
31      6      125      0      1      3      200      0      3.71003
31      6      126      0      1      3      200      0      4.05252
31      6      127      0      1      3      200      0      5.44019
31      6      128      0      1      3      200      0      4.35467
31      6      129      0      1      3      200      0      3.83826
31      6      130      0      1      3      200      0      4.43424
31      6      131      0      1      3      200      0      3.84752
31      6      132      0      1      3      200      0      4.45457
31      6      133      0      1      3      200      0      3.85753
31      6      134      0      1      3      200      0      4.02925
31      6      135      0      1      3      200      0      3.93403
31      6      136      0      1      3      200      0      4.00091
31      6      137      0      1      3      200      0      4.1376
31      6      138      0      1      3      200      0      4.03609
31      6      139      0      1      3      200      0      3.96734
31      6      140      0      1      3      200      0      3.53805
31      6      141      0      1      3      200      0      3.91277
31      6      142      0      1      3      200      0      3.6888
31      6      143      0      1      3      200      0      3.94648
31      6      144      0      1      3      200      0      3.58773
31      6      145      0      1      3      200      0      3.7284
31      6      146      0      1      3      200      0      3.95185
31      6      147      0      1      3      200      0      3.73047
31      6      148      0      1      3      200      0      3.71145
31      6      149      0      1      3      200      0      3.68285
31      6      150      0      1      3      200      0      3.97567
31      6      151      0      1      3      200      0      3.7836
31      6      152      0      1      3      200      0      4.06319
31      6      153      0      1      3      200      0      3.66768
31      6      154      0      1      3      200      0      3.94634
31      6      155      0      1      3      200      0      3.62047
31      6      156      0      1      3      200      0      3.94547
31      6      157      0      1      3      200      0      3.83136
31      6      158      0      1      3      200      0      3.87659
31      6      159      0      1      3      200      0      5.23427
31      6      160      0      1      3      200      0      3.59223
31      6      161      0      1      3      200      0      3.55389
31      6      162      0      1      3      200      0      3.68427
31      6      163      0      1      3      200      0      3.65201
31      6      164      0      1      3      200      0      3.89067
31      6      165      0      1      3      200      0      3.66962
31      6      166      0      1      3      200      0      3.58347
31      6      167      0      1      3      200      0      3.66818
31      6      168      0      1      3      200      0      3.59555
31      6      169      0      1      3      200      0      3.67441
31      6      170      0      1      3      200      0      3.79532
31      6      171      0      1      3      200      0      3.49102
31      6      172      0      1      3      200      0      4.32243
31      6      173      0      1      3      200      0      3.75393
31      6      174      0      1      3      200      0      3.82935
31      6      175      0      1      3      200      0      3.9259
31      6      176      0      1      3      200      0      3.93002
31      6      177      0      1      3      200      0      3.97874
31      6      178      0      1      3      200      0      3.78798
31      6      179      0      1      3      200      0      4.0399
31      6      180      0      1      3      200      0      3.81282
31      6      181      0      1      3      200      0      3.81933
31      6      182      0      1      3      200      0      3.72914
31      6      183      0      1      3      200      0      3.80416
31      6      184      0      1      3      200      0      3.53096
31      6      185      0      1      3      200      0      3.47363
31      6      186      0      1      3      200      0      3.73626
31      6      187      0      1      3      200      0      3.66919
31      6      188      0      1      3      200      0      3.57534
31      6      189      0      1      3      200      0      3.70889
31      6      190      0      1      3      200      0      3.34715
31      6      191      0      1      3      200      0      3.36263
31      6      192      0      1      3      200      0      3.88378
31      6      193      0      1      3      200      0      3.60663
31      6      194      0      1      3      200      0      3.61756
31      6      195      0      1      3      200      0      3.61855
31      6      196      0      1      3      200      0      3.3141
31      6      197      0      1      3      200      0      3.4165
31      6      198      0      1      3      200      0      3.5749
31      6      199      0      1      3      200      0      3.33299
31      6      200      0      1      3      200      0      3.5939
31      6      201      0      1      3      200      0      3.59447
31      6      202      0      1      3      200      0      3.78172
31      6      203      0      1      3      200      0      3.4741
31      6      204      0      1      3      200      0      3.4536
31      6      205      0      1      3      200      0      3.52347
31      6      206      0      1      3      200      0      3.60163
31      6      207      0      1      3      200      0      3.35337
31      6      208      0      1      3      200      0      3.59121
31      6      209      0      1      3      200      0      3.6134
31      6      210      0      1      3      200      0      3.42171
31      6      211      0      1      3      200      0      3.49768
31      6      212      0      1      3      200      0      3.48731
31      6      213      0      1      3      200      0      3.25657
31      6      214      0      1      3      200      0      3.59834
31      6      215      0      1      3      200      0      3.53058
31      6      216      0      1      3      200      0      3.73712
31      6      217      0      1      3      200      0      3.61597
31      6      218      0      1      3      200      0      4.01402
31      6      219      0      1      3      200      0      3.74755
31      6      220      0      1      3      200      0      4.0019
31      6      221      0      1      3      200      0      3.57565
31      6      222      0      1      3      200      0      3.6934
31      6      223      0      1      3      200      0      4.26904
31      6      224      0      1      3      200      0      2.6367
31      6      225      0      1      3      200      0      3.35929
31      6      226      0      1      3      200      0      3.36254
31      6      227      0      1      3      200      0      3.44942
31      6      228      0      1      3      200      0      3.45091
31      6      229      0      1      3      200      0      3.48142
31      6      230      0      1      3      200      0      3.13475
31      6      231      0      1      3      200      0      3.40962
31      6      232      0      1      3      200      0      3.50869
31      6      233      0      1      3      200      0      3.44633
31      6      234      0      1      3      200      0      3.38093
31      6      235      0      1      3      200      0      3.51422
31      6      236      0      1      3      200      0      3.25927
31      6      237      0      1      3      200      0      3.49327
31      6      238      0      1      3      200      0      3.00798
31      6      239      0      1      3      200      0      2.63294
31      6      240      0      1      3      200      0      3.28534
31      6      241      0      1      3      200      0      3.23051
31      6      242      0      1      3      200      0      3.18263
31      6      243      0      1      3      200      0      3.14031
31      6      244      0      1      3      200      0      3.13946
31      6      245      0      1      3      200      0      3.0798
31      6      246      0      1      3      200      0      3.27229
31      6      247      0      1      3      200      0      3.30235
31      6      248      0      1      3      200      0      3.15434
31      6      249      0      1      3      200      0      2.99763
31      6      250      0      1      3      200      0      3.22072
31      6      251      0      1      3      200      0      3.01168
31      6      252      0      1      3      200      0      -0.066267
31      6      253      0      1      3      200      0      3.17404
31      6      254      0      1      3      200      0      3.31986
31      6      255      0      1      3      200      0      3.18091
31      6      256      0      1      3      0      0      0
31      6      257      0      1      3      200      0      3.09054
31      6      258      0      1      3      200      0      3.33386
31      6      259      0      1      3      200      0      3.14022
31      6      260      0      1      3      200      0      3.52695
31      6      261      0      1      3      200      0      3.14843
31      6      262      0      1      3      200      0      3.36687
31      6      263      0      1      3      200      0      3.21289
31      6      264      0      1      3      200      0      3.25117
31      6      265      0      1      3      200      0      3.35256
31      6      266      0      1      3      200      0      3.36575
31      6      267      0      1      3      200      0      3.30974
31      6      268      0      1      3      200      0      3.25998
31      6      269      0      1      3      200      0      3.22948
31      6      270      0      1      3      200      0      2.97215
31      6      271      0      1      3      200      0      2.97088
31      6      272      0      1      3      200      0      2.91682
31      6      273      0      1      3      200      0      3.14004
31      6      274      0      1      3      200      0      3.30481
31      6      275      0      1      3      200      0      3.26101
31      6      276      0      1      3      200      0      3.15715
31      6      277      0      1      3      200      0      3.16336
31      6      278      0      1      3      200      0      3.4351
31      6      279      0      1      3      200      0      3.19829
31      6      280      0      1      3      200      0      3.19506
31      6      281      0      1      3      200      0      3.16169
31      6      282      0      1      3      200      0      3.07849
31      6      283      0      1      3      200      0      3.08678
31      6      284      0      1      3      200      0      3.25864
31      6      285      0      1      3      200      0      3.3788
31      6      286      0      1      3      200      0      3.15568
31      6      287      0      1      3      200      0      3.1837
31      6      288      0      1      3      200      0      3.02545
31      6      289      0      1      3      200      0      3.21734
31      6      290      0      1      3      200      0      3.25626
31      6      291      0      1      3      200      0      3.17803
31      6      292      0      1      3      200      0      3.32417
31      6      293      0      1      3      200      0      3.3012
31      6      294      0      1      3      200      0      3.27175
31      6      295      0      1      3      200      0      3.41172
31      6      296      0      1      3      200      0      3.08446
31      6      297      0      1      3      200      0      3.0544
31      6      298      0      1      3      200      0      3.12978
31      6      299      0      1      3      200      0      3.31503
31      6      300      0      1      3      200      0      2.90349
31      6      301      0      1      3      200      0      3.12845
31      6      302      0      1      3      200      0      3.20152
31      6      303      0      1      3      200      0      3.07119
31      6      304      0      1      3      200      0      3.02394
31      6      305      0      1      3      200      0      3.08659
31      6      306      0      1      3      200      0      2.98724
31      6      307      0      1      3      200      0      3.13381
31      6      308      0      1      3      200      0      3.03906
31      6      309      0      1      3      200      0      3.17657
31      6      310      0      1      3      200      0      3.07011
31      6      311      0      1      3      200      0      3.27438
31      6      312      0      1      3      200      0      3.12248
31      6      313      0      1      3      200      0      3.28794
31      6      314      0      1      3      200      0      3.00479
31      6      315      0      1      3      200      0      3.09144
31      6      316      0      1      3      200      0      3.1846
31      6      317      0      1      3      200      0      3.37924
31      6      318      0      1      3      200      0      3.0418
31      6      319      0      1      3      200      0      3.21754
31      6      320      0      1      3      200      0      3.12032
31      6      321      0      1      3      200      0      3.39254
31      6      322      0      1      3      200      0      3.11553
31      6      323      0      1      3      200      0      3.17498
31      6      324      0      1      3      200      0      2.84207
31      6      325      0      1      3      200      0      2.9912
31      6      326      0      1      3      200      0      3.08653
31      6      327      0      1      3      200      0      3.0566
31      6      328      0      1      3      200      0      3.37031
31      6      329      0      1      3      200      0      3.43244
31      6      330      0      1      3      200      0      3.37712
31      6      331      0      1      3      200      0      2.92305
31      6      332      0      1      3      200      0      3.16362
31      6      333      0      1      3      200      0      3.04207
31      6      334      0      1      3      200      0      3.14852
31      6      335      0      1      3      200      0      3.11273
31      6      336      0      1      3      200      0      2.90313
31      6      337      0      1      3      200      0      3.2098
31      6      338      0      1      3      200      0      2.87244
31      6      339      0      1      3      200      0      2.85003
31      6      340      0      1      3      200      0      2.93995
31      6      341      0      1      3      200      0      3.16524
31      6      342      0      1      3      200      0      3.29641
31      6      343      0      1      3      200      0      2.9857
31      6      344      0      1      3      200      0      2.90861
31      6      345      0      1      3      200      0      3.1014
31      6      346      0      1      3      200      0      2.88396
31      6      347      0      1      3      200      0      2.9408
31      6      348      0      1      3      200      0      3.26479
31      6      349      0      1      3      200      0      3.25037
31      6      350      0      1      3      200      0      3.343
31      6      351      0      1      3      200      0      2.87969
31      6      352      0      1      3      200      0      2.9738
31      6      353      0      1      3      200      0      2.93898
31      6      354      0      1      3      200      0      3.07552
31      6      355      0      1      3      200      0      3.20817
31      6      356      0      1      3      200      0      3.37573
31      6      357      0      1      3      200      0      2.49882
31      6      358      0      1      3      200      0      3.13925
31      6      359      0      1      3      200      0      3.21173
31      6      360      0      1      3      200      0      3.05365
31      6      361      0      1      3      200      0      3.30408
31      6      362      0      1      3      200      0      3.25547
31      6      363      0      1      3      200      0      3.12754
31      6      364      0      1      3      200      0      2.88995
31      6      365      0      1      3      200      0      2.84828
31      6      366      0      1      3      200      0      3.27925
31      6      367      0      1      3      200      0      2.9214
31      6      368      0      1      3      200      0      2.94698
31      6      369      0      1      3      200      0      3.45132
31      6      370      0      1      3      200      0      3.06984
31      6      371      0      1      3      200      0      3.48313
31      6      372      0      1      3      200      0      3.12786
31      6      373      0      1      3      200      0      3.1674
31      6      374      0      1      3      200      0      1.87819
31      6      375      0      1      3      200      0      3.01852
31      6      376      0      1      3      200      0      1.28583
31      6      377      0      1      3      200      0      3.01717
31      6      378      0      1      3      200      0      2.89794
31      6      379      0      1      3      200      0      2.68399
31      6      380      0      1      3      200      0      3.13948
31      6      381      0      1      3      200      0      3.39814
31      6      382      0      1      3      0      0      0
31      6      383      0      1      3      200      0      3.08653
31      6      384      0      1      3      200      0      3.30256
31      6      385      0      1      3      200      0      3.03628
31      6      386      0      1      3      200      0      3.06505
31      6      387      0      1      3      200      0      3.63233
31      6      388      0      1      3      200      0      3.15587
31      6      389      0      1      3      200      0      3.26821
31      6      390      0      1      3      200      0      3.23617
31      6      391      0      1      3      200      0      3.1402
31      6      392      0      1      3      200      0      3.21257
31      6      393      0      1      3      200      0      3.23129
31      6      394      0      1      3      200      0      3.18112
31      6      395      0      1      3      200      0      3.07947
31      6      396      0      1      3      200      0      3.07284
31      6      397      0      1      3      200      0      3.20436
31      6      398      0      1      3      200      0      3.07948
31      6      399      0      1      3      200      0      3.1135
31      6      400      0      1      3      200      0      3.05459
31      6      401      0      1      3      200      0      3.01974
31      6      402      0      1      3      200      0      3.19491
31      6      403      0      1      3      200      0      2.98825
31      6      404      0      1      3      200      0      2.87202
31      6      405      0      1      3      200      0      3.17815
31      6      406      0      1      3      200      0      3.01986
31      6      407      0      1      3      200      0      3.12129
31      6      408      0      1      3      200      0      3.17122
31      6      409      0      1      3      200      0      3.32975
31      6      410      0      1      3      200      0      3.31565
31      6      411      0      1      3      200      0      2.85783
31      6      412      0      1      3      200      0      3.03717
31      6      413      0      1      3      200      0      3.32407
31      6      414      0      1      3      200      0      3.1857
31      6      415      0      1      3      200      0      3.11915
31      6      416      0      1      3      200      0      3.43869
31      6      417      0      1      3      200      0      3.31108
31      6      418      0      1      3      200      0      3.2533
31      6      419      0      1      3      200      0      3.38232
31      6      420      0      1      3      200      0      3.31251
31      6      421      0      1      3      200      0      3.39834
31      6      422      0      1      3      200      0      3.46152
31      6      423      0      1      3      200      0      3.43352
31      6      424      0      1      3      200      0      3.31157
31      6      425      0      1      3      200      0      3.54544
31      6      426      0      1      3      200      0      3.05778
31      6      427      0      1      3      200      0      3.34425
31      6      428      0      1      3      200      0      3.4577
31      6      429      0      1      3      200      0      3.21421
31      6      430      0      1      3      200      0      3.38512
31      6      431      0      1      3      200      0      3.05805
31      6      432      0      1      3      200      0      3.18588
31      6      433      0      1      3      200      0      3.29829
31      6      434      0      1      3      200      0      3.35757
31      6      435      0      1      3      200      0      3.31948
31      6      436      0      1      3      200      0      3.26632
31      6      437      0      1      3      200      0      3.16082
31      6      438      0      1      3      200      0      3.31421
31      6      439      0      1      3      200      0      3.20213
31      6      440      0      1      3      200      0      3.47856
31      6      441      0      1      3      200      0      3.21472
31      6      442      0      1      3      200      0      3.46684
31      6      443      0      1      3      200      0      3.29022
31      6      444      0      1      3      200      0      3.47078
31      6      445      0      1      3      200      0      3.5156
31      6      446      0      1      3      200      0      3.25789
31      6      447      0      1      3      200      0      3.40022
31      6      448      0      1      3      200      0      3.34273
31      6      449      0      1      3      200      0      3.26321
31      6      450      0      1      3      200      0      3.1872
31      6      451      0      1      3      200      0      3.38518
31      6      452      0      1      3      200      0      3.57636
31      6      453      0      1      3      200      0      3.29112
31      6      454      0      1      3      200      0      3.34605
31      6      455      0      1      3      200      0      3.54368
31      6      456      0      1      3      200      0      3.48438
31      6      457      0      1      3      200      0      3.46415
31      6      458      0      1      3      200      0      3.29412
31      6      459      0      1      3      200      0      3.05549
31      6      460      0      1      3      200      0      2.92656
31      6      461      0      1      3      200      0      3.40657
31      6      462      0      1      3      200      0      3.06372
31      6      463      0      1      3      200      0      3.35838
31      6      464      0      1      3      200      0      3.18737
31      6      465      0      1      3      200      0      3.37621
31      6      466      0      1      3      200      0      3.01166
31      6      467      0      1      3      200      0      3.39162
31      6      468      0      1      3      200      0      2.96523
31      6      469      0      1      3      200      0      2.99446
31      6      470      0      1      3      200      0      3.30015
31      6      471      0      1      3      200      0      3.14734
31      6      472      0      1      3      200      0      3.29853
31      6      473      0      1      3      200      0      3.33313
31      6      474      0      1      3      200      0      3.51753
31      6      475      0      1      3      200      0      3.28698
31      6      476      0      1      3      200      0      3.23675
31      6      477      0      1      3      200      0      3.47356
31      6      478      0      1      3      200      0      3.07455
31      6      479      0      1      3      200      0      3.28259
31      6      480      0      1      3      200      0      3.34183
31      6      481      0      1      3      200      0      3.38472
31      6      482      0      1      3      200      0      3.44091
31      6      483      0      1      3      200      0      3.15454
31      6      484      0      1      3      200      0      3.41729
31      6      485      0      1      3      200      0      3.47292
31      6      486      0      1      3      200      0      3.33353
31      6      487      0      1      3      200      0      3.37085
31      6      488      0      1      3      200      0      3.48412
31      6      489      0      1      3      200      0      3.44755
31      6      490      0      1      3      200      0      3.19949
31      6      491      0      1      3      200      0      1.93468
31      6      492      0      1      3      200      0      2.6381
31      6      493      0      1      3      200      0      3.34308
31      6      494      0      1      3      200      0      3.26141
31      6      495      0      1      3      200      0      3.30501
31      6      496      0      1      3      200      0      3.12144
31      6      497      0      1      3      200      0      3.1603
31      6      498      0      1      3      200      0      3.42605
31      6      499      0      1      3      200      0      3.27774
31      6      500      0      1      3      200      0      3.56779
31      6      501      0      1      3      200      0      3.39134
31      6      502      0      1      3      200      0      3.57945
31      6      503      0      1      3      200      0      3.75683
31      6      504      0      1      3      200      0      3.28522
31      6      505      0      1      3      200      0      3.405
31      6      506      0      1      3      200      0      3.67629
31      6      507      0      1      3      200      0      3.26122
31      6      508      0      1      3      200      0      3.23253
31      6      509      0      1      3      200      0      3.07961
31      6      510      0      1      3      200      0      3.64595
31      6      511      0      1      3      200      0      3.53736
31      6      512      0      1      3      200      0      3.16512
31      6      513      0      1      3      200      0      3.15818
31      6      514      0      1      3      200      0      3.1478
31      6      515      0      1      3      200      0      3.23858
31      6      516      0      1      3      200      0      3.2285
31      6      517      0      1      3      200      0      3.10594
31      6      518      0      1      3      200      0      3.58776
31      6      519      0      1      3      200      0      3.30673
31      6      520      0      1      3      200      0      3.3173
31      6      521      0      1      3      200      0      3.15836
31      6      522      0      1      3      200      0      3.38535
31      6      523      0      1      3      200      0      3.30416
31      6      524      0      1      3      200      0      3.22009
31      6      525      0      1      3      200      0      3.34134
31      6      526      0      1      3      200      0      3.17476
31      6      527      0      1      3      200      0      3.25775
31      6      528      0      1      3      200      0      3.3201
31      6      529      0      1      3      200      0      3.28318
31      6      530      0      1      3      200      0      3.14028
31      6      531      0      1      3      200      0      3.0922
31      6      532      0      1      3      200      0      3.49857
31      6      533      0      1      3      200      0      3.29568
31      6      534      0      1      3      200      0      3.21157
31      6      535      0      1      3      200      0      3.83228
31      6      536      0      1      3      200      0      3.34361
31      6      537      0      1      3      200      0      3.52073
31      7      0      0      1      3      200      0      2.8554
31      7      1      0      1      3      200      0      2.98785
31      7      2      0      1      3      200      0      3.31891
31      7      3      0      1      3      200      0      3.15525
31      7      4      0      1      3      200      0      3.20034
31      7      5      0      1      3      200      0      2.99692
31      7      6      0      1      3      200      0      3.15231
31      7      7      0      1      3      200      0      3.1542
31      7      8      0      1      3      200      0      3.225
31      7      9      0      1      3      200      0      3.27678
31      7      10      0      1      3      200      0      3.37406
31      7      11      0      1      3      200      0      3.32243
31      7      12      0      1      3      200      0      3.38634
31      7      13      0      1      3      200      0      3.20897
31      7      14      0      1      3      200      0      3.25031
31      7      15      0      1      3      200      0      3.39684
31      7      16      0      1      3      200      0      3.33671
31      7      17      0      1      3      200      0      3.18648
31      7      18      0      1      3      200      0      3.33031
31      7      19      0      1      3      200      0      3.21332
31      7      20      0      1      3      200      0      3.20466
31      7      21      0      1      3      200      0      3.10631
31      7      22      0      1      3      200      0      2.95132
31      7      23      0      1      3      200      0      2.85405
31      7      24      0      1      3      200      0      2.925
31      7      25      0      1      3      200      0      3.10307
31      7      26      0      1      3      200      0      2.68058
31      7      27      0      1      3      200      0      2.95868
31      7      28      0      1      3      200      0      2.89776
31      7      29      0      1      3      200      0      3.24115
31      7      30      0      1      3      200      0      3.10065
31      7      31      0      1      3      200      0      2.98569
31      7      32      0      1      3      200      0      3.089
31      7      33      0      1      3      200      0      2.54624
31      7      34      0      1      3      200      0      3.34822
31      7      35      0      1      3      200      0      2.88166
31      7      36      0      1      3      200      0      3.5067
31      7      37      0      1      3      200      0      3.37649
31      7      38      0      1      3      200      0      3.42185
31      7      39      0      1      3      200      0      3.39774
31      7      40      0      1      3      200      0      2.88638
31      7      41      0      1      3      200      0      3.36411
31      7      42      0      1      3      200      0      3.02375
31      7      43      0      1      3      200      0      3.3965
31      7      44      0      1      3      200      0      3.24459
31      7      45      0      1      3      200      0      3.29658
31      7      46      0      1      3      200      0      3.28569
31      7      47      0      1      3      200      0      3.20147
31      7      48      0      1      3      200      0      3.44946
31      7      49      0      1      3      200      0      3.42895
31      7      50      0      1      3      200      0      3.35458
31      7      51      0      1      3      200      0      3.59998
31      7      52      0      1      3      200      0      2.95405
31      7      53      0      1      3      200      0      3.03156
31      7      54      0      1      3      200      0      3.33151
31      7      55      0      1      3      200      0      3.3342
31      7      56      0      1      3      200      0      3.14349
31      7      57      0      1      3      200      0      3.27877
31      7      58      0      1      3      200      0      3.40129
31      7      59      0      1      3      200      0      3.40262
31      7      60      0      1      3      200      0      2.73269
31      7      61      0      1      3      200      0      3.40049
31      7      62      0      1      3      200      0      3.2507
31      7      63      0      1      3      200      0      3.11615
31      7      64      0      1      3      200      0      3.19842
31      7      65      0      1      3      200      0      3.23001
31      7      66      0      1      3      200      0      3.3295
31      7      67      0      1      3      200      0      3.44562
31      7      68      0      1      3      200      0      3.24542
31      7      69      0      1      3      200      0      3.25306
31      7      70      0      1      3      200      0      3.41722
31      7      71      0      1      3      200      0      3.37233
31      7      72      0      1      3      200      0      3.32651
31      7      73      0      1      3      200      0      3.49388
31      7      74      0      1      3      200      0      3.30154
31      7      75      0      1      3      200      0      3.50699
31      7      76      0      1      3      200      0      3.30791
31      7      77      0      1      3      200      0      3.4958
31      7      78      0      1      3      200      0      3.46583
31      7      79      0      1      3      200      0      3.39481
31      7      80      0      1      3      200      0      3.36157
31      7      81      0      1      3      200      0      3.47396
31      7      82      0      1      3      200      0      3.42985
31      7      83      0      1      3      200      0      3.27244
31      7      84      0      1      3      200      0      3.50075
31      7      85      0      1      3      200      0      3.20771
31      7      86      0      1      3      200      0      3.24634
31      7      87      0      1      3      200      0      3.328
31      7      88      0      1      3      200      0      3.36452
31      7      89      0      1      3      200      0      3.46625
31      7      90      0      1      3      200      0      3.58712
31      7      91      0      1      3      200      0      3.63416
31      7      92      0      1      3      200      0      3.63391
31      7      93      0      1      3      0      0      0
31      7      94      0      1      3      200      0      3.22915
31      7      95      0      1      3      200      0      3.11884
31      7      96      0      1      3      200      0      3.3056
31      7      97      0      1      3      200      0      3.30461
31      7      98      0      1      3      200      0      3.50518
31      7      99      0      1      3      200      0      3.64957
31      7      100      0      1      3      200      0      3.72473
31      7      101      0      1      3      200      0      3.69389
31      7      102      0      1      3      200      0      3.39581
31      7      103      0      1      3      200      0      3.49789
31      7      104      0      1      3      200      0      3.25207
31      7      105      0      1      3      200      0      3.36948
31      7      106      0      1      3      200      0      3.33956
31      7      107      0      1      3      200      0      3.4696
31      7      108      0      1      3      200      0      3.21163
31      7      109      0      1      3      200      0      3.23481
31      7      110      0      1      3      200      0      3.21052
31      7      111      0      1      3      200      0      3.54968
31      7      112      0      1      3      200      0      3.33147
31      7      113      0      1      3      200      0      3.19828
31      7      114      0      1      3      200      0      3.42473
31      7      115      0      1      3      200      0      3.42838
31      7      116      0      1      3      200      0      3.41802
31      7      117      0      1      3      200      0      3.30202
31      7      118      0      1      3      200      0      3.48539
31      7      119      0      1      3      200      0      3.42312
31      7      120      0      1      3      200      0      3.27963
31      7      121      0      1      3      200      0      3.38813
31      7      122      0      1      3      200      0      3.12443
31      7      123      0      1      3      200      0      3.30028
31      7      124      0      1      3      200      0      3.4053
31      7      125      0      1      3      200      0      3.24636
31      7      126      0      1      3      200      0      3.40989
31      7      127      0      1      3      200      0      3.14889
31      7      128      0      1      3      200      0      5.13975
31      7      129      0      1      3      200      0      3.78298
31      7      130      0      1      3      200      0      3.89116
31      7      131      0      1      3      200      0      4.11793
31      7      132      0      1      3      200      0      3.44566
31      7      133      0      1      3      200      0      3.8366
31      7      134      0      1      3      200      0      3.57123
31      7      135      0      1      3      200      0      3.84642
31      7      136      0      1      3      200      0      3.57486
31      7      137      0      1      3      200      0      3.88228
31      7      138      0      1      3      200      0      3.73972
31      7      139      0      1      3      200      0      3.83482
31      7      140      0      1      3      200      0      3.55559
31      7      141      0      1      3      200      0      3.63192
31      7      142      0      1      3      200      0      3.76875
31      7      143      0      1      3      200      0      3.77557
31      7      144      0      1      3      200      0      3.87133
31      7      145      0      1      3      200      0      3.47457
31      7      146      0      1      3      200      0      3.74341
31      7      147      0      1      3      200      0      3.38532
31      7      148      0      1      3      200      0      3.98831
31      7      149      0      1      3      200      0      3.64728
31      7      150      0      1      3      200      0      4.00449
31      7      151      0      1      3      200      0      3.71342
31      7      152      0      1      3      200      0      3.91273
31      7      153      0      1      3      200      0      3.63528
31      7      154      0      1      3      200      0      3.83761
31      7      155      0      1      3      200      0      4.44689
31      7      156      0      1      3      200      0      3.92424
31      7      157      0      1      3      200      0      4.22487
31      7      158      0      1      3      200      0      3.86596
31      7      159      0      1      3      200      0      4.11854
31      7      160      0      1      3      200      0      4.65205
31      7      161      0      1      3      200      0      3.65907
31      7      162      0      1      3      200      0      3.77903
31      7      163      0      1      3      200      0      3.99013
31      7      164      0      1      3      200      0      3.78025
31      7      165      0      1      3      200      0      3.8195
31      7      166      0      1      3      200      0      3.59836
31      7      167      0      1      3      200      0      4.05777
31      7      168      0      1      3      200      0      3.57684
31      7      169      0      1      3      200      0      3.9449
31      7      170      0      1      3      200      0      3.66047
31      7      171      0      1      3      200      0      3.9778
31      7      172      0      1      3      200      0      3.48331
31      7      173      0      1      3      200      0      3.77353
31      7      174      0      1      3      200      0      3.90998
31      7      175      0      1      3      200      0      3.91969
31      7      176      0      1      3      200      0      4.13147
31      7      177      0      1      3      200      0      3.44591
31      7      178      0      1      3      200      0      3.70071
31      7      179      0      1      3      200      0      3.69985
31      7      180      0      1      3      200      0      3.68376
31      7      181      0      1      3      200      0      3.49305
31      7      182      0      1      3      200      0      3.74471
31      7      183      0      1      3      200      0      3.54333
31      7      184      0      1      3      200      0      3.68375
31      7      185      0      1      3      200      0      3.64527
31      7      186      0      1      3      200      0      3.95279
31      7      187      0      1      3      200      0      4.07272
31      7      188      0      1      3      200      0      3.70702
31      7      189      0      1      3      200      0      4.13917
31      7      190      0      1      3      200      0      3.82098
31      7      191      0      1      3      200      0      4.93551
31      7      192      0      1      3      200      0      5.15451
31      7      193      0      1      3      200      0      3.82723
31      7      194      0      1      3      200      0      3.44219
31      7      195      0      1      3      200      0      3.76734
31      7      196      0      1      3      200      0      3.44894
31      7      197      0      1      3      200      0      3.95009
31      7      198      0      1      3      200      0      3.70898
31      7      199      0      1      3      200      0      3.71833
31      7      200      0      1      3      200      0      3.85601
31      7      201      0      1      3      200      0      3.97361
31      7      202      0      1      3      200      0      3.70135
31      7      203      0      1      3      200      0      3.69629
31      7      204      0      1      3      200      0      3.61542
31      7      205      0      1      3      200      0      3.96795
31      7      206      0      1      3      200      0      3.81918
31      7      207      0      1      3      200      0      3.80541
31      7      208      0      1      3      200      0      3.76344
31      7      209      0      1      3      200      0      3.67432
31      7      210      0      1      3      200      0      3.99487
31      7      211      0      1      3      200      0      3.83316
31      7      212      0      1      3      200      0      3.89773
31      7      213      0      1      3      200      0      3.84843
31      7      214      0      1      3      200      0      3.97993
31      7      215      0      1      3      200      0      3.86251
31      7      216      0      1      3      200      0      3.57448
31      7      217      0      1      3      200      0      3.65336
31      7      218      0      1      3      200      0      3.79496
31      7      219      0      1      3      200      0      4.26903
31      7      220      0      1      3      200      0      3.73335
31      7      221      0      1      3      200      0      4.44227
31      7      222      0      1      3      200      0      3.8912
31      7      223      0      1      3      200      0      4.17502
31      7      224      0      1      3      200      0      4.86068
31      7      225      0      1      3      200      0      3.81949
31      7      226      0      1      3      200      0      3.88849
31      7      227      0      1      3      200      0      3.78377
31      7      228      0      1      3      200      0      3.4865
31      7      229      0      1      3      200      0      3.64726
31      7      230      0      1      3      200      0      3.66342
31      7      231      0      1      3      200      0      3.90823
31      7      232      0      1      3      200      0      3.76105
31      7      233      0      1      3      200      0      3.7779
31      7      234      0      1      3      200      0      3.67614
31      7      235      0      1      3      200      0      3.79267
31      7      236      0      1      3      200      0      3.56811
31      7      237      0      1      3      200      0      3.87301
31      7      238      0      1      3      200      0      3.76292
31      7      239      0      1      3      200      0      3.83044
31      7      240      0      1      3      200      0      3.84365
31      7      241      0      1      3      200      0      3.50421
31      7      242      0      1      3      200      0      3.58862
31      7      243      0      1      3      200      0      3.7026
31      7      244      0      1      3      200      0      3.76394
31      7      245      0      1      3      200      0      4.30486
31      7      246      0      1      3      200      0      3.75788
31      7      247      0      1      3      200      0      3.54124
31      7      248      0      1      3      200      0      3.70225
31      7      249      0      1      3      200      0      3.9072
31      7      250      0      1      3      200      0      3.53927
31      7      251      0      1      3      200      0      4.46932
31      7      252      0      1      3      200      0      3.77367
31      7      253      0      1      3      200      0      4.35728
31      7      254      0      1      3      200      0      3.9118
31      7      255      0      1      3      200      0      4.23877
31      7      256      0      1      3      200      0      4.3773
31      7      257      0      1      3      200      0      3.79427
31      7      258      0      1      3      200      0      3.68238
31      7      259      0      1      3      200      0      3.83194
31      7      260      0      1      3      200      0      3.74208
31      7      261      0      1      3      200      0      3.79248
31      7      262      0      1      3      200      0      3.83573
31      7      263      0      1      3      200      0      3.69657
31      7      264      0      1      3      200      0      3.50871
31      7      265      0      1      3      200      0      3.66997
31      7      266      0      1      3      200      0      3.57283
31      7      267      0      1      3      200      0      4.01138
31      7      268      0      1      3      200      0      3.56628
31      7      269      0      1      3      200      0      3.84863
31      7      270      0      1      3      200      0      3.82546
31      7      271      0      1      3      200      0      3.59485
31      7      272      0      1      3      200      0      3.7748
31      7      273      0      1      3      200      0      3.36537
31      7      274      0      1      3      200      0      3.84743
31      7      275      0      1      3      200      0      3.67727
31      7      276      0      1      3      200      0      3.91063
31      7      277      0      1      3      200      0      3.67959
31      7      278      0      1      3      200      0      3.86033
31      7      279      0      1      3      200      0      3.47121
31      7      280      0      1      3      200      0      3.89871
31      7      281      0      1      3      200      0      3.82578
31      7      282      0      1      3      200      0      3.74972
31      7      283      0      1      3      200      0      4.28553
31      7      284      0      1      3      200      0      4.04466
31      7      285      0      1      3      200      0      4.43446
31      7      286      0      1      3      200      0      3.76498
31      7      287      0      1      3      200      0      4.68812
31      7      288      0      1      3      200      0      4.126
31      7      289      0      1      3      200      0      3.90643
31      7      290      0      1      3      200      0      4.50346
31      7      291      0      1      3      200      0      3.68308
31      7      292      0      1      3      200      0      4.48
31      7      293      0      1      3      200      0      3.82275
31      7      294      0      1      3      200      0      3.72113
31      7      295      0      1      3      200      0      3.48231
31      7      296      0      1      3      200      0      3.69202
31      7      297      0      1      3      200      0      3.85262
31      7      298      0      1      3      200      0      3.59863
31      7      299      0      1      3      200      0      3.7594
31      7      300      0      1      3      200      0      3.66884
31      7      301      0      1      3      200      0      3.78598
31      7      302      0      1      3      200      0      3.8134
31      7      303      0      1      3      200      0      3.75064
31      7      304      0      1      3      200      0      3.83486
31      7      305      0      1      3      200      0      3.64264
31      7      306      0      1      3      200      0      3.99567
31      7      307      0      1      3      200      0      3.56777
31      7      308      0      1      3      200      0      3.61967
31      7      309      0      1      3      200      0      3.67126
31      7      310      0      1      3      200      0      3.87348
31      7      311      0      1      3      200      0      3.77584
31      7      312      0      1      3      200      0      3.82542
31      7      313      0      1      3      200      0      3.84616
31      7      314      0      1      3      200      0      3.66964
31      7      315      0      1      3      200      0      3.93897
31      7      316      0      1      3      200      0      3.61635
31      7      317      0      1      3      200      0      3.82896
31      7      318      0      1      3      200      0      3.55841
31      7      319      0      1      3      200      0      5.08604
31      7      320      0      1      3      200      0      4.86569
31      7      321      0      1      3      200      0      3.8684
31      7      322      0      1      3      200      0      3.79855
31      7      323      0      1      3      200      0      4.10645
31      7      324      0      1      3      200      0      3.64617
31      7      325      0      1      3      200      0      3.65885
31      7      326      0      1      3      200      0      3.40925
31      7      327      0      1      3      200      0      3.85815
31      7      328      0      1      3      200      0      3.58017
31      7      329      0      1      3      200      0      3.54965
31      7      330      0      1      3      200      0      3.58844
31      7      331      0      1      3      200      0      3.85349
31      7      332      0      1      3      200      0      3.47607
31      7      333      0      1      3      200      0      3.72889
31      7      334      0      1      3      200      0      3.60329
31      7      335      0      1      3      200      0      3.71566
31      7      336      0      1      3      200      0      3.62025
31      7      337      0      1      3      200      0      3.65004
31      7      338      0      1      3      200      0      3.51924
31      7      339      0      1      3      200      0      3.68345
31      7      340      0      1      3      200      0      3.65614
31      7      341      0      1      3      200      0      3.69153
31      7      342      0      1      3      200      0      3.76726
31      7      343      0      1      3      200      0      3.55412
31      7      344      0      1      3      200      0      3.64317
31      7      345      0      1      3      200      0      3.59152
31      7      346      0      1      3      200      0      3.52439
31      7      347      0      1      3      200      0      4.0426
31      7      348      0      1      3      200      0      3.79214
31      7      349      0      1      3      200      0      4.49408
31      7      350      0      1      3      200      0      4.05054
31      7      351      0      1      3      200      0      4.21259
31      7      352      0      1      3      200      0      4.25056
31      7      353      0      1      3      200      0      3.63717
31      7      354      0      1      3      200      0      3.59929
31      7      355      0      1      3      200      0      3.70467
31      7      356      0      1      3      200      0      3.50889
31      7      357      0      1      3      200      0      3.55034
31      7      358      0      1      3      200      0      3.37004
31      7      359      0      1      3      200      0      3.71877
31      7      360      0      1      3      200      0      3.39308
31      7      361      0      1      3      200      0      3.53902
31      7      362      0      1      3      200      0      3.33179
31      7      363      0      1      3      200      0      3.87167
31      7      364      0      1      3      200      0      3.53893
31      7      365      0      1      3      200      0      3.93226
31      7      366      0      1      3      200      0      3.79966
31      7      367      0      1      3      200      0      3.60389
31      7      368      0      1      3      200      0      3.69478
31      7      369      0      1      3      200      0      3.35079
31      7      370      0      1      3      200      0      3.96153
31      7      371      0      1      3      200      0      3.49146
31      7      372      0      1      3      200      0      3.69767
31      7      373      0      1      3      200      0      3.46564
31      7      374      0      1      3      200      0      3.90226
31      7      375      0      1      3      200      0      3.3807
31      7      376      0      1      3      200      0      3.77601
31      7      377      0      1      3      200      0      3.50688
31      7      378      0      1      3      200      0      3.70296
31      7      379      0      1      3      200      0      3.98163
31      7      380      0      1      3      200      0      3.51577
31      7      381      0      1      3      200      0      4.0283
31      7      382      0      1      3      200      0      3.77639
31      7      383      0      1      3      200      0      4.49004
31      7      384      0      1      3      200      0      3.47501
31      7      385      0      1      3      200      0      3.55506
31      7      386      0      1      3      200      0      3.48805
31      7      387      0      1      3      200      0      3.6926
31      7      388      0      1      3      200      0      3.28682
31      7      389      0      1      3      200      0      3.63119
31      7      390      0      1      3      200      0      3.42039
31      7      391      0      1      3      200      0      3.53417
31      7      392      0      1      3      200      0      3.25322
31      7      393      0      1      3      200      0      3.28999
31      7      394      0      1      3      200      0      3.41685
31      7      395      0      1      3      200      0      3.34545
31      7      396      0      1      3      200      0      3.29311
31      7      397      0      1      3      200      0      3.23193
31      7      398      0      1      3      200      0      3.10436
31      7      399      0      1      3      200      0      3.3999
31      7      400      0      1      3      200      0      3.23426
31      7      401      0      1      3      200      0      3.4969
31      7      402      0      1      3      200      0      3.51523
31      7      403      0      1      3      200      0      3.49576
31      7      404      0      1      3      200      0      3.60349
31      7      405      0      1      3      200      0      3.50109
31      7      406      0      1      3      200      0      3.49444
31      7      407      0      1      3      200      0      3.74794
31      7      408      0      1      3      200      0      3.52329
31      7      409      0      1      3      200      0      3.62163
31      7      410      0      1      3      200      0      3.31011
31      7      411      0      1      3      200      0      3.49646
31      7      412      0      1      3      200      0      3.28475
31      7      413      0      1      3      200      0      3.30181
31      7      414      0      1      3      200      0      3.38652
31      7      415      0      1      3      200      0      3.34939
31      7      416      0      1      3      200      0      3.27002
31      7      417      0      1      3      200      0      3.45827
31      7      418      0      1      3      200      0      3.33223
31      7      419      0      1      3      200      0      3.30366
31      7      420      0      1      3      200      0      3.3041
31      7      421      0      1      3      200      0      2.82295
31      7      422      0      1      3      200      0      3.10967
31      7      423      0      1      3      200      0      3.20216
31      7      424      0      1      3      200      0      3.25688
31      7      425      0      1      3      200      0      3.08874
31      7      426      0      1      3      200      0      3.11356
31      7      427      0      1      3      200      0      3.24783
31      7      428      0      1      3      200      0      3.10959
31      7      429      0      1      3      200      0      3.09832
31      7      430      0      1      3      200      0      3.10884
31      7      431      0      1      3      0      0      0
31      7      432      0      1      3      200      0      3.22293
31      7      433      0      1      3      200      0      3.0901
31      7      434      0      1      3      200      0      3.34766
31      7      435      0      1      3      200      0      3.23433
31      7      436      0      1      3      200      0      3.17205
31      7      437      0      1      3      200      0      3.45688
31      7      438      0      1      3      200      0      3.26803
31      7      439      0      1      3      200      0      3.4999
31      7      440      0      1      3      200      0      3.29447
31      7      441      0      1      3      200      0      3.37802
31      7      442      0      1      3      200      0      3.02904
31      7      443      0      1      3      200      0      3.52285
31      7      444      0      1      3      200      0      3.41784
31      7      445      0      1      3      200      0      3.4802
31      7      446      0      1      3      200      0      3.57888
31      7      447      0      1      3      200      0      3.09891
31      7      448      0      1      3      200      0      3.30719
31      7      449      0      1      3      200      0      3.03274
31      7      450      0      1      3      200      0      3.02664
31      7      451      0      1      3      200      0      3.0007
31      7      452      0      1      3      200      0      3.07951
31      7      453      0      1      3      200      0      3.08811
31      7      454      0      1      3      200      0      3.14924
31      7      455      0      1      3      200      0      3.07499
31      7      456      0      1      3      200      0      2.91001
31      7      457      0      1      3      200      0      3.04428
31      7      458      0      1      3      200      0      3.0097
31      7      459      0      1      3      200      0      3.01118
31      7      460      0      1      3      200      0      3.00548
31      7      461      0      1      3      200      0      3.27527
31      7      462      0      1      3      200      0      3.21568
31      7      463      0      1      3      200      0      3.16435
31      7      464      0      1      3      200      0      3.04363
31      7      465      0      1      3      200      0      3.01357
31      7      466      0      1      3      200      0      3.3753
31      7      467      0      1      3      200      0      3.14731
31      7      468      0      1      3      200      0      3.26756
31      7      469      0      1      3      200      0      3.1725
31      7      470      0      1      3      200      0      3.24567
31      7      471      0      1      3      200      0      3.15381
31      7      472      0      1      3      200      0      2.86201
31      7      473      0      1      3      200      0      2.91852
31      7      474      0      1      3      200      0      2.97661
31      7      475      0      1      3      200      0      2.96599
31      7      476      0      1      3      200      0      3.09067
31      7      477      0      1      3      200      0      3.01914
31      7      478      0      1      3      200      0      3.06927
31      7      479      0      1      3      200      0      2.83886
31      7      480      0      1      3      200      0      2.78019
31      7      481      0      1      3      200      0      3.00378
31      7      482      0      1      3      200      0      2.95733
31      7      483      0      1      3      200      0      2.9087
31      7      484      0      1      3      200      0      2.86455
31      7      485      0      1      3      200      0      2.96229
31      7      486      0      1      3      200      0      2.95725
31      7      487      0      1      3      200      0      2.83085
31      7      488      0      1      3      200      0      2.77475
31      7      489      0      1      3      200      0      3.07258
31      7      490      0      1      3      200      0      3.04059
31      7      491      0      1      3      200      0      3.2879
31      7      492      0      1      3      200      0      3.18515
31      7      493      0      1      3      200      0      2.94309
31      7      494      0      1      3      200      0      3.15511
31      7      495      0      1      3      200      0      3.05833
31      7      496      0      1      3      200      0      3.07885
31      7      497      0      1      3      200      0      3.28928
31      7      498      0      1      3      200      0      3.1226
31      7      499      0      1      3      200      0      3.33327
31      7      500      0      1      3      200      0      2.99415
31      7      501      0      1      3      200      0      2.9828
31      7      502      0      1      3      200      0      3.10285
31      7      503      0      1      3      200      0      3.2101
31      7      504      0      1      3      200      0      3.16954
31      7      505      0      1      3      200      0      2.88636
31      7      506      0      1      3      200      0      3.13872
31      7      507      0      1      3      200      0      3.00351
31      7      508      0      1      3      200      0      3.08799
31      7      509      0      1      3      200      0      3.05773
31      7      510      0      1      3      200      0      3.28452
31      7      511      0      1      3      200      0      3.06926
31      7      512      0      1      3      200      0      3.22367
31      7      513      0      1      3      200      0      3.04233
31      7      514      0      1      3      200      0      3.44963
31      7      515      0      1      3      200      0      3.15899
31      7      516      0      1      3      200      0      3.45106
31      7      517      0      1      3      200      0      3.41518
31      7      518      0      1      3      200      0      3.07
31      7      519      0      1      3      200      0      3.22331
31      7      520      0      1      3      200      0      3.21496
31      7      521      0      1      3      200      0      3.24591
31      7      522      0      1      3      200      0      3.12094
31      7      523      0      1      3      200      0      3.23896
31      7      524      0      1      3      200      0      3.00274
31      7      525      0      1      3      200      0      2.93318
31      7      526      0      1      3      200      0      2.80009
31      7      527      0      1      3      200      0      2.81679
31      7      528      0      1      3      200      0      3.16817
31      7      529      0      1      3      200      0      2.98971
31      7      530      0      1      3      200      0      3.13768
31      7      531      0      1      3      200      0      3.16586
31      7      532      0      1      3      200      0      2.98638
31      7      533      0      1      3      200      0      3.1997
31      7      534      0      1      3      200      0      3.04272
31      7      535      0      1      3      200      0      3.27724
31      7      536      0      1      3      200      0      3.21928
31      7      537      0      1      3      200      0      3.01949
31      7      538      0      1      3      200      0      2.98717
31      7      539      0      1      3      200      0      2.86144
31      7      540      0      1      3      200      0      3.28717
31      7      541      0      1      3      200      0      3.39477
31      7      542      0      1      3      200      0      3.19334
31      7      543      0      1      3      200      0      3.1935
31      7      544      0      1      3      200      0      2.96917
31      7      545      0      1      3      200      0      2.99738
31      7      546      0      1      3      200      0      3.11567
31      7      547      0      1      3      200      0      3.19376
31      7      548      0      1      3      200      0      3.12224
31      7      549      0      1      3      200      0      2.84269
31      7      550      0      1      3      200      0      3.24668
31      7      551      0      1      3      200      0      3.13739
31      7      552      0      1      3      200      0      3.2749
31      7      553      0      1      3      200      0      3.41079
31      7      554      0      1      3      200      0      3.21185
31      7      555      0      1      3      200      0      3.34952
31      7      556      0      1      3      200      0      3.37674
31      7      557      0      1      3      200      0      3.31794
31      7      558      0      1      3      200      0      3.16417
31      7      559      0      1      3      200      0      3.15448
31      7      560      0      1      3      200      0      3.26547
31      7      561      0      1      3      200      0      3.25206
31      7      562      0      1      3      200      0      3.25394
31      7      563      0      1      3      200      0      3.11047
31      7      564      0      1      3      200      0      3.34448
31      7      565      0      1      3      200      0      3.1781
31      7      566      0      1      3      200      0      3.44227
31      7      567      0      1      3      200      0      3.43006
31      7      568      0      1      3      200      0      3.31743
31      7      569      0      1      3      200      0      3.25349
31      7      570      0      1      3      200      0      3.34339
31      7      571      0      1      3      200      0      3.24333
31      7      572      0      1      3      200      0      3.50964
31      7      573      0      1      3      200      0      3.23298
31      7      574      0      1      3      200      0      3.14124
31      7      575      0      1      3      200      0      3.0524
31      7      576      0      1      3      200      0      3.01123
31      7      577      0      1      3      200      0      3.28819
31      7      578      0      1      3      200      0      3.03054
31      7      579      0      1      3      200      0      3.07951
31      7      580      0      1      3      200      0      3.02895
31      7      581      0      1      3      200      0      3.05164
31      7      582      0      1      3      200      0      3.31502
31      7      583      0      1      3      200      0      3.24772
31      7      584      0      1      3      200      0      3.10313
31      7      585      0      1      3      200      0      3.15054
31      7      586      0      1      3      200      0      3.06337
31      7      587      0      1      3      200      0      3.27763
31      7      588      0      1      3      200      0      3.09789
31      7      589      0      1      3      200      0      3.35043
31      7      590      0      1      3      200      0      2.93044
31      7      591      0      1      3      200      0      3.25259
31      7      592      0      1      3      200      0      3.27297
31      7      593      0      1      3      200      0      2.99086
31      7      594      0      1      3      200      0      3.30208
31      7      595      0      1      3      200      0      3.29564
31      7      596      0      1      3      200      0      3.3652
31      7      597      0      1      3      200      0      3.36126
31      7      598      0      1      3      200      0      3.16332
31      7      599      0      1      3      200      0      3.21032
31      7      600      0      1      3      200      0      3.36618
31      7      601      0      1      3      200      0      3.29311
31      7      602      0      1      3      200      0      3.04184
31      7      603      0      1      3      200      0      3.0229
31      7      604      0      1      3      200      0      3.2169
31      7      605      0      1      3      200      0      3.24261
31      7      606      0      1      3      200      0      3.00201
31      7      607      0      1      3      200      0      3.14246
31      7      608      0      1      3      200      0      3.18698
31      7      609      0      1      3      200      0      3.16567
31      7      610      0      1      3      200      0      3.21278
31      7      611      0      1      3      200      0      3.15515
31      7      612      0      1      3      200      0      3.10047
31      7      613      0      1      3      200      0      3.27426
31      7      614      0      1      3      200      0      3.2112
31      7      615      0      1      3      200      0      3.15499
31      7      616      0      1      3      200      0      3.1875
31      7      617      0      1      3      200      0      2.95167
31      7      618      0      1      3      200      0      3.15865
31      7      619      0      1      3      200      0      3.04323
31      7      620      0      1      3      200      0      3.25006
31      7      621      0      1      3      200      0      3.10797
31      7      622      0      1      3      200      0      3.27486
31      7      623      0      1      3      200      0      3.17609
31      7      624      0      1      3      200      0      3.3833
31      7      625      0      1      3      200      0      3.16794
31      7      626      0      1      3      200      0      3.0607
31      7      627      0      1      3      200      0      3.35472
31      7      628      0      1      3      200      0      3.00937
31      7      629      0      1      3      200      0      3.48478
31      7      630      0      1      3      200      0      3.28489
31      7      631      0      1      3      200      0      3.38169
31      7      632      0      1      3      200      0      3.35539
31      7      633      0      1      3      200      0      3.30035
31      7      634      0      1      3      200      0      3.27174
31      7      635      0      1      3      200      0      3.15231
31      7      636      0      1      3      200      0      3.28327
31      7      637      0      1      3      200      0      3.28565
31      7      638      0      1      3      200      0      3.1269
31      7      639      0      1      3      200      0      3.26233
31      7      640      0      1      3      200      0      3.11209
31      7      641      0      1      3      200      0      3.17529
31      7      642      0      1      3      200      0      3.11837
31      7      643      0      1      3      200      0      3.18265
31      7      644      0      1      3      200      0      3.1791
31      7      645      0      1      3      200      0      3.25863
31      7      646      0      1      3      200      0      3.00709
31      7      647      0      1      3      200      0      3.16603
31      7      648      0      1      3      200      0      3.31614
31      7      649      0      1      3      200      0      3.14214
31      7      650      0      1      3      200      0      3.36187
31      7      651      0      1      3      200      0      3.21273
31      7      652      0      1      3      200      0      3.07178
31      7      653      0      1      3      200      0      3.17023
31      7      654      0      1      3      200      0      3.11769
31      7      655      0      1      3      200      0      3.03779
31      7      656      0      1      3      200      0      3.02443
31      7      657      0      1      3      200      0      3.26256
31      7      658      0      1      3      200      0      3.01592
31      7      659      0      1      3      200      0      3.08675
31      7      660      0      1      3      200      0      2.9796
31      7      661      0      1      3      200      0      3.36652
31      7      662      0      1      3      200      0      3.09551
31      7      663      0      1      3      200      0      3.16716
31      7      664      0      1      3      200      0      3.07861
31      7      665      0      1      3      200      0      3.35139
31      7      666      0      1      3      200      0      3.17403
31      7      667      0      1      3      200      0      3.56079
31      7      668      0      1      3      200      0      3.19576
31      7      669      0      1      3      200      0      3.12341
31      7      670      0      1      3      200      0      3.22489
31      7      671      0      1      3      200      0      3.16559
31      7      672      0      1      3      200      0      3.17258
31      7      673      0      1      3      200      0      2.98215
31      7      674      0      1      3      200      0      3.2136
31      7      675      0      1      3      200      0      3.28853
31      7      676      0      1      3      200      0      3.03672
31      7      677      0      1      3      200      0      3.01032
31      7      678      0      1      3      200      0      3.21003
31      7      679      0      1      3      200      0      2.88952
31      7      680      0      1      3      200      0      3.11137
31      7      681      0      1      3      200      0      3.16427
31      7      682      0      1      3      200      0      3.40197
31      7      683      0      1      3      200      0      2.95764
31      7      684      0      1      3      200      0      3.04553
31      7      685      0      1      3      200      0      3.13001
31      7      686      0      1      3      200      0      3.32209
31      7      687      0      1      3      200      0      3.27478
31      7      688      0      1      3      200      0      2.87489
31      7      689      0      1      3      200      0      3.11485
31      7      690      0      1      3      200      0      3.2281
31      7      691      0      1      3      200      0      3.4678
31      7      692      0      1      3      200      0      3.35328
31      7      693      0      1      3      200      0      3.48593
31      7      694      0      1      3      200      0      3.27195
31      7      695      0      1      3      200      0      3.29957
31      7      696      0      1      3      200      0      3.3668
31      7      697      0      1      3      200      0      3.44063
31      7      698      0      1      3      200      0      3.0706
31      7      699      0      1      3      200      0      3.37531
31      7      700      0      1      3      200      0      3.41666
31      7      701      0      1      3      200      0      3.38513
31      7      702      0      1      3      200      0      3.29659
31      7      703      0      1      3      200      0      3.18256
31      7      704      0      1      3      200      0      3.36408
31      7      705      0      1      3      200      0      3.29765
31      7      706      0      1      3      200      0      3.3743
31      7      707      0      1      3      200      0      3.3229
31      7      708      0      1      3      200      0      3.30897
31      7      709      0      1      3      200      0      3.01714
31      7      710      0      1      3      200      0      3.25553
31      7      711      0      1      3      200      0      3.20451
31      7      712      0      1      3      200      0      3.45203
31      7      713      0      1      3      200      0      3.21524
31      7      714      0      1      3      200      0      2.96227
31      7      715      0      1      3      200      0      3.11723
31      7      716      0      1      3      200      0      3.18355
31      7      717      0      1      3      200      0      3.25506
31      7      718      0      1      3      200      0      3.04655
31      7      719      0      1      3      200      0      3.15707
31      7      720      0      1      3      200      0      2.96884
31      7      721      0      1      3      200      0      3.27395
31      7      722      0      1      3      200      0      2.99624
31      7      723      0      1      3      200      0      3.21561
31      7      724      0      1      3      200      0      3.18641
31      7      725      0      1      3      200      0      3.09251
31      7      726      0      1      3      200      0      3.3445
31      7      727      0      1      3      200      0      3.29785
31      7      728      0      1      3      200      0      3.31531
31      7      729      0      1      3      200      0      3.35129
31      7      730      0      1      3      200      0      3.48344
31      7      731      0      1      3      200      0      3.40474
31      7      732      0      1      3      200      0      3.30622
31      7      733      0      1      3      200      0      3.43049
31      7      734      0      1      3      200      0      3.34705
31      7      735      0      1      3      200      0      3.36883
31      7      736      0      1      3      200      0      3.2406
31      7      737      0      1      3      200      0      3.13598
31      7      738      0      1      3      200      0      3.44353
31      7      739      0      1      3      200      0      3.37947
31      7      740      0      1      3      200      0      3.28813
31      7      741      0      1      3      200      0      3.20524
31      7      742      0      1      3      200      0      3.31751
31      7      743      0      1      3      200      0      3.24839
31      7      744      0      1      3      200      0      3.18864
31      7      745      0      1      3      200      0      3.32755
31      7      746      0      1      3      200      0      3.19221
31      7      747      0      1      3      200      0      3.30473
31      7      748      0      1      3      200      0      3.1384
31      7      749      0      1      3      200      0      2.95131
31      7      750      0      1      3      200      0      3.09344
31      7      751      0      1      3      200      0      3.22562
31      7      752      0      1      3      200      0      3.06661
31      7      753      0      1      3      200      0      3.16879
31      7      754      0      1      3      200      0      3.04231
31      7      755      0      1      3      200      0      3.13587
31      7      756      0      1      3      200      0      3.28304
31      7      757      0      1      3      200      0      3.14948
31      7      758      0      1      3      200      0      3.29781
31      7      759      0      1      3      200      0      3.13114
31      7      760      0      1      3      200      0      3.29977
31      7      761      0      1      3      200      0      3.35056
31      7      762      0      1      3      200      0      3.2298
31      7      763      0      1      3      200      0      3.48678
31      7      764      0      1      3      200      0      3.38222
31      7      765      0      1      3      200      0      3.28401
31      7      766      0      1      3      200      0      3.26133
31      7      767      0      1      3      200      0      3.0935
31      7      768      0      1      3      200      0      3.24866
31      7      769      0      1      3      200      0      3.1688
31      7      770      0      1      3      200      0      3.2102
31      7      771      0      1      3      200      0      3.33563
31      7      772      0      1      3      200      0      3.2742
31      7      773      0      1      3      200      0      3.43836
31      7      774      0      1      3      200      0      3.47418
31      7      775      0      1      3      200      0      3.45651
31      7      776      0      1      3      200      0      3.34554
31      7      777      0      1      3      200      0      3.49064
31      7      778      0      1      3      200      0      3.08205
31      7      779      0      1      3      200      0      3.18618
31      7      780      0      1      3      200      0      3.17863
31      7      781      0      1      3      200      0      3.19445
31      7      782      0      1      3      200      0      3.32233
31      7      783      0      1      3      200      0      3.08337
31      7      784      0      1      3      200      0      3.10861
31      7      785      0      1      3      200      0      3.03702
31      7      786      0      1      3      200      0      3.26946
31      7      787      0      1      3      200      0      3.19749
31      7      788      0      1      3      200      0      3.30388
31      7      789      0      1      3      200      0      3.31673
31      7      790      0      1      3      200      0      3.32725
31      7      791      0      1      3      200      0      3.39066
31      7      792      0      1      3      200      0      3.32706
31      7      793      0      1      3      200      0      3.00124
31      7      794      0      1      3      200      0      3.44851
31      7      795      0      1      3      200      0      3.2329
31      7      796      0      1      3      200      0      3.49946
31      7      797      0      1      3      200      0      3.59381
31      7      798      0      1      3      200      0      3.26498
31      7      799      0      1      3      200      0      3.37414
31      7      800      0      1      3      200      0      3.25863
31      7      801      0      1      3      200      0      3.21949
31      7      802      0      1      3      200      0      3.18376
31      7      803      0      1      3      200      0      3.60122
31      7      804      0      1      3      200      0      3.22699
31      7      805      0      1      3      200      0      3.2596
31      7      806      0      1      3      200      0      3.57521
31      7      807      0      1      3      200      0      3.56919
31      7      808      0      1      3      200      0      3.39235
31      7      809      0      1      3      200      0      3.50472
31      7      810      0      1      3      200      0      3.40784
31      7      811      0      1      3      200      0      3.28269
31      7      812      0      1      3      200      0      3.08606
31      7      813      0      1      3      200      0      3.34834
31      7      814      0      1      3      200      0      3.2236
31      7      815      0      1      3      200      0      3.39278
31      7      816      0      1      3      200      0      3.26829
31      7      817      0      1      3      200      0      3.19606
31      7      818      0      1      3      200      0      2.99354
31      7      819      0      1      3      200      0      3.18834
31      7      820      0      1      3      200      0      2.93936
31      7      821      0      1      3      200      0      3.14357
31      7      822      0      1      3      200      0      3.39504
31      7      823      0      1      3      200      0      3.65836
31      7      824      0      1      3      200      0      3.58446
31      7      825      0      1      3      200      0      3.61309
31      7      826      0      1      3      200      0      3.52031
31      7      827      0      1      3      200      0      3.46583
31      7      828      0      1      3      200      0      3.38631
31      7      829      0      1      3      200      0      3.39969
31      7      830      0      1      3      200      0      3.62294
31      7      831      0      1      3      200      0      3.15297
31      7      832      0      1      3      200      0      3.43814
31      7      833      0      1      3      200      0      3.28066
31      7      834      0      1      3      200      0      3.45402
31      7      835      0      1      3      200      0      3.12266
31      7      836      0      1      3      200      0      3.32439
31      7      837      0      1      3      200      0      3.20143
31      7      838      0      1      3      200      0      3.66229
31      7      839      0      1      3      200      0      3.57141
31      7      840      0      1      3      200      0      3.24719
31      7      841      0      1      3      200      0      3.38717
31      7      842      0      1      3      200      0      2.81889
31      7      843      0      1      3      200      0      3.32924
31      7      844      0      1      3      200      0      3.15671
31      7      845      0      1      3      200      0      3.19335
31      7      846      0      1      3      200      0      3.17981
31      7      847      0      1      3      200      0      3.16565
31      7      848      0      1      3      200      0      3.12244
31      7      849      0      1      3      200      0      3.41956
31      7      850      0      1      3      200      0      3.39225
31      7      851      0      1      3      200      0      3.35752
31      7      852      0      1      3      200      0      3.27675
31      7      853      0      1      3      200      0      3.4373
31      7      854      0      1      3      200      0      3.66519
31      7      855      0      1      3      200      0      3.303
31      7      856      0      1      3      200      0      3.59815
31      7      857      0      1      3      200      0      3.3411
31      7      858      0      1      3      200      0      3.55889
31      7      859      0      1      3      200      0      3.20213
31      7      860      0      1      3      200      0      3.51896
31      7      861      0      1      3      200      0      3.49095
31      7      862      0      1      3      200      0      3.19773
31      7      863      0      1      3      200      0      3.39739
31      7      864      0      1      3      200      0      3.45388
31      7      865      0      1      3      200      0      3.11344
31      7      866      0      1      3      200      0      3.2822
31      7      867      0      1      3      200      0      3.36727
31      7      868      0      1      3      200      0      3.3642
31      7      869      0      1      3      200      0      3.37216
31      7      870      0      1      3      200      0      3.34397
31      7      871      0      1      3      200      0      3.37677
31      7      872      0      1      3      200      0      3.25712
31      7      873      0      1      3      200      0      3.45131
31      7      874      0      1      3      200      0      3.22076
31      7      875      0      1      3      200      0      3.285
31      7      876      0      1      3      200      0      3.26359
31      7      877      0      1      3      200      0      3.4377
31      7      878      0      1      3      200      0      3.18334
31      7      879      0      1      3      200      0      2.9623
31      7      880      0      1      3      200      0      3.22881
31      7      881      0      1      3      200      0      3.41248
31      7      882      0      1      3      200      0      3.11525
31      7      883      0      1      3      200      0      3.13879
31      7      884      0      1      3      200      0      3.38738
31      7      885      0      1      3      200      0      3.13092
31      7      886      0      1      3      200      0      3.3155
31      7      887      0      1      3      200      0      3.29506
31      7      888      0      1      3      200      0      3.41684
31      7      889      0      1      3      200      0      3.19309
31      7      890      0      1      3      200      0      3.55683
31      7      891      0      1      3      200      0      3.39241
31      7      892      0      1      3      200      0      3.50949
31      7      893      0      1      3      200      0      3.34469
31      7      894      0      1      3      200      0      3.31278
31      7      895      0      1      3      200      0      3.33773
31      7      896      0      1      3      200      0      3.38551
31      7      897      0      1      3      200      0      3.33034
31      7      898      0      1      3      200      0      3.37292
31      7      899      0      1      3      200      0      3.43143
31      7      900      0      1      3      200      0      3.50661
31      7      901      0      1      3      200      0      3.6497
31      7      902      0      1      3      200      0      3.2509
31      7      903      0      1      3      200      0      3.27808
31      7      904      0      1      3      200      0      3.50655
31      7      905      0      1      3      200      0      3.29387
31      7      906      0      1      3      200      0      3.27555
31      7      907      0      1      3      200      0      3.05506
31      7      908      0      1      3      200      0      3.15925
31      7      909      0      1      3      0      0      0
