##
#  file: HodoPHCParam_Dummy
#  date: 2016.06.15
#  note: first version
#
#
#######################################################################
# CId	PlId	Seg	UorD	Type	nParam	p0	p1	...
#
#	Type=0 no correction will be performed
#	Type=1 ct=t-p[0]/sqrt(a-p[1])+p[2]
#	Type=2 ct=p[0]*a*a + p[1]*a + p[2] for Fiber
#
#######################################################################
#ID 1:RF
#ID 2:TAG-SF
#ID 3:TAG-PL
#######################################################################
# T0                                                                 #
#######################################################################
11	0	0	0	0	3	0.0416466 -0.801462 0.93261
11	0	0	1	0	3	0.0257652 -0.213325 0.167654
#######################################################################
# TOF Up                                                              #
#######################################################################
14      0      0      0      1      3      2.2145      0      1.87873
14      0      1      0      1      3      0      0      0
14      0      2      0      1      3      0      0      0
14      0      3      0      1      3      0      0      0
14      0      4      0      1      3      0      0      0
14      0      5      0      1      3      0.827795      0      0.743038
14      0      6      0      1      3      0.191467      0      -0.0258505
14      0      7      0      1      3      -0.13727      0      -0.286844
14      0      8      0      1      3      -0.0755838      0      -0.325231
14      0      9      0      1      3      -1.36046      0      -1.17585
14      0      10      0      1      3      1.45326      0      1.50467
14      0      11      0      1      3      1.91061      0      1.90011
14      0      12      0      1      3      1.46389      0      0.962479
14      0      13      0      1      3      1.17888      0      0.846166
14      0      14      0      1      3      1.63617      0      1.25842
14      0      15      0      1      3      1.46428      0      1.11235
14      0      16      0      1      3      2.01879      0      1.64528
14      0      17      0      1      3      1.17436      0      0.792281
14      0      18      0      1      3      1.66386      0      1.39426
14      0      19      0      1      3      1.57399      0      1.33818
14      0      20      0      1      3      1.52416      0      1.34161
14      0      21      0      1      3      1.82704      0      1.55785
14      0      22      0      1      3      1.56646      0      1.34585
14      0      23      0      1      3      1.89014      0      1.7983
14      0      24      0      1      3      1.60931      0      1.21333
14      0      25      0      1      3      1.55885      0      1.2543
14      0      26      0      1      3      1.66233      0      1.25774
14      0      27      0      1      3      1.42834      0      1.29038
14      0      28      0      1      3      1.17752      0      0.774441
14      0      29      0      1      3      1.86662      0      1.53469
14      0      30      0      1      3      1.52227      0      0.98023
14      0      31      0      1      3      1.0829      0      0.570831
14      0      32      0      1      3      1.40412      0      0.745501
14      0      33      0      1      3      1.31555      0      0.9037
14      0      34      0      1      3      1.82168      0      1.25068
14      0      35      0      1      3      0.78711      0      0.267108
14      0      36      0      1      3      1.60655      0      1.5898
14      0      37      0      1      3      1.63711      0      1.57642
14      0      38      0      1      3      1.78448      0      1.78502
14      0      39      0      1      3      1.6063      0      1.56371
14      0      40      0      1      3      1.52008      0      1.53098
14      0      41      0      1      3      1.60914      0      1.60841
14      0      42      0      1      3      1.29815      0      1.1979
14      0      43      0      1      3      1.49889      0      1.48053
14      0      44      0      1      3      1.67715      0      1.52593
14      0      45      0      1      3      0      0      0
14      0      46      0      1      3      0      0      0
14      0      47      0      1      3      0      0      0
#######################################################################
# TOF Down                                                            #
#######################################################################
14      0      0      1      1      3      0      0      0
14      0      1      1      1      3      0      0      0
14      0      2      1      1      3      0      0      0
14      0      3      1      1      3      0      0      0
14      0      4      1      1      3      0      0      0
14      0      5      1      1      3      0.425042      0      0.391111
14      0      6      1      1      3      0.632241      0      0.575648
14      0      7      1      1      3      0.585744      0      0.58871
14      0      8      1      1      3      0.802179      0      0.829455
14      0      9      1      1      3      0.681709      0      0.474855
14      0      10      1      1      3      2.19858      0      2.11709
14      0      11      1      1      3      2.21936      0      2.10557
14      0      12      1      1      3      1.94226      0      1.91497
14      0      13      1      1      3      2.32553      0      2.37089
14      0      14      1      1      3      1.58423      0      1.57653
14      0      15      1      1      3      2.1458      0      2.14488
14      0      16      1      1      3      1.83427      0      1.88499
14      0      17      1      1      3      1.68668      0      1.72991
14      0      18      1      1      3      1.88177      0      1.94707
14      0      19      1      1      3      2.14526      0      2.15307
14      0      20      1      1      3      1.96206      0      1.99874
14      0      21      1      1      3      1.98694      0      1.94872
14      0      22      1      1      3      1.80385      0      1.67208
14      0      23      1      1      3      1.60681      0      1.62313
14      0      24      1      1      3      2.12237      0      2.04798
14      0      25      1      1      3      2.12417      0      2.12806
14      0      26      1      1      3      2.10169      0      1.98915
14      0      27      1      1      3      2.01815      0      1.98136
14      0      28      1      1      3      2.3235      0      2.26498
14      0      29      1      1      3      2.27124      0      2.30157
14      0      30      1      1      3      2.28845      0      2.30745
14      0      31      1      1      3      2.26734      0      2.24238
14      0      32      1      1      3      2.38094      0      2.42199
14      0      33      1      1      3      2.58917      0      2.61519
14      0      34      1      1      3      1.40679      0      1.27872
14      0      35      1      1      3      2.74412      0      2.68992
14      0      36      1      1      3      2.35597      0      2.31666
14      0      37      1      1      3      2.22049      0      2.21247
14      0      38      1      1      3      1.38146      0      1.33436
14      0      39      1      1      3      2.54386      0      2.29213
14      0      40      1      1      3      2.13567      0      2.08399
14      0      41      1      1      3      2.07594      0      2.05348
14      0      42      1      1      3      2.94954      0      2.91028
14      0      43      1      1      3      2.06339      0      2.0294
14      0      44      1      1      3      2.3072      0      2.28297
14      0      45      1      1      3      0      0      0
14      0      46      1      1      3      0      0      0
14      0      47      1      1      3      0      0      0
#######################################################################
# CFT                                                                 #
#######################################################################
31      0      0      0      1      3      200      0      14.6087
31      0      1      0      1      3      200      0      14.221
31      0      2      0      1      3      200      0      14.8644
31      0      3      0      1      3      200      0      14.2058
31      0      4      0      1      3      200      0      14.8959
31      0      5      0      1      3      200      0      13.8283
31      0      6      0      1      3      200      0      15.9951
31      0      7      0      1      3      200      0      14.1431
31      0      8      0      1      3      200      0      13.9921
31      0      9      0      1      3      200      0      13.265
31      0      10      0      1      3      200      0      14.152
31      0      11      0      1      3      200      0      12.8991
31      0      12      0      1      3      200      0      14.8899
31      0      13      0      1      3      200      0      14.4745
31      0      14      0      1      3      200      0      13.6722
31      0      15      0      1      3      200      0      13.8636
31      0      16      0      1      3      200      0      13.3718
31      0      17      0      1      3      200      0      14.1943
31      0      18      0      1      3      200      0      13.7744
31      0      19      0      1      3      200      0      13.9397
31      0      20      0      1      3      200      0      12.6845
31      0      21      0      1      3      200      0      13.5344
31      0      22      0      1      3      200      0      14.4191
31      0      23      0      1      3      200      0      14.2596
31      0      24      0      1      3      200      0      14.2062
31      0      25      0      1      3      200      0      13.3135
31      0      26      0      1      3      200      0      14.6203
31      0      27      0      1      3      200      0      14.1633
31      0      28      0      1      3      200      0      13.8835
31      0      29      0      1      3      200      0      14.4295
31      0      30      0      1      3      200      0      13.1742
31      0      31      0      1      3      200      0      13.8839
31      0      32      0      1      3      200      0      7.32022
31      0      33      0      1      3      200      0      7.10447
31      0      34      0      1      3      200      0      5.78526
31      0      35      0      1      3      200      0      7.46808
31      0      36      0      1      3      200      0      6.19003
31      0      37      0      1      3      200      0      7.61504
31      0      38      0      1      3      200      0      4.58113
31      0      39      0      1      3      200      0      5.86523
31      0      40      0      1      3      200      0      7.03827
31      0      41      0      1      3      200      0      7.06658
31      0      42      0      1      3      200      0      4.89175
31      0      43      0      1      3      200      0      7.34632
31      0      44      0      1      3      200      0      7.24194
31      0      45      0      1      3      200      0      7.92496
31      0      46      0      1      3      200      0      10.6386
31      0      47      0      1      3      200      0      7.7618
31      0      48      0      1      3      200      0      7.3092
31      0      49      0      1      3      200      0      5.49661
31      0      50      0      1      3      200      0      8.58802
31      0      51      0      1      3      200      0      6.03924
31      0      52      0      1      3      200      0      10.5265
31      0      53      0      1      3      200      0      4.27217
31      0      54      0      1      3      200      0      6.60661
31      0      55      0      1      3      200      0      4.35711
31      0      56      0      1      3      200      0      7.02754
31      0      57      0      1      3      200      0      7.10847
31      0      58      0      1      3      200      0      5.72982
31      0      59      0      1      3      200      0      6.13257
31      0      60      0      1      3      200      0      7.7149
31      0      61      0      1      3      200      0      6.47072
31      0      62      0      1      3      200      0      7.51234
31      0      63      0      1      3      200      0      7.70081
31      0      64      0      1      3      200      0      6.91816
31      0      65      0      1      3      200      0      7.64375
31      0      66      0      1      3      200      0      7.30494
31      0      67      0      1      3      200      0      8.04075
31      0      68      0      1      3      200      0      6.99784
31      0      69      0      1      3      200      0      6.71811
31      0      70      0      1      3      200      0      8.48807
31      0      71      0      1      3      200      0      8.4528
31      0      72      0      1      3      200      0      7.48071
31      0      73      0      1      3      200      0      7.89979
31      0      74      0      1      3      200      0      9.25041
31      0      75      0      1      3      200      0      7.99977
31      0      76      0      1      3      200      0      7.68931
31      0      77      0      1      3      200      0      7.33263
31      0      78      0      1      3      200      0      7.16423
31      0      79      0      1      3      200      0      6.92883
31      0      80      0      1      3      200      0      6.84783
31      0      81      0      1      3      200      0      6.65809
31      0      82      0      1      3      200      0      6.99338
31      0      83      0      1      3      200      0      5.86258
31      0      84      0      1      3      200      0      7.40842
31      0      85      0      1      3      200      0      6.10452
31      0      86      0      1      3      200      0      6.68218
31      0      87      0      1      3      200      0      6.63229
31      0      88      0      1      3      200      0      7.68114
31      0      89      0      1      3      200      0      7.14051
31      0      90      0      1      3      200      0      7.38138
31      0      91      0      1      3      200      0      6.67392
31      0      92      0      1      3      200      0      7.33462
31      0      93      0      1      3      200      0      6.935
31      0      94      0      1      3      200      0      6.51197
31      0      95      0      1      3      200      0      7.02706
31      0      96      0      1      3      200      0      6.24263
31      0      97      0      1      3      200      0      6.50818
31      0      98      0      1      3      200      0      7.29647
31      0      99      0      1      3      200      0      6.77158
31      0      100      0      1      3      200      0      5.61271
31      0      101      0      1      3      200      0      6.09188
31      0      102      0      1      3      200      0      7.67038
31      0      103      0      1      3      200      0      7.44458
31      0      104      0      1      3      200      0      6.27315
31      0      105      0      1      3      200      0      5.94211
31      0      106      0      1      3      200      0      5.98007
31      0      107      0      1      3      200      0      5.66916
31      0      108      0      1      3      200      0      5.61435
31      0      109      0      1      3      200      0      6.6218
31      0      110      0      1      3      200      0      5.95693
31      0      111      0      1      3      200      0      5.00307
31      0      112      0      1      3      200      0      5.05657
31      0      113      0      1      3      200      0      6.97358
31      0      114      0      1      3      200      0      6.45253
31      0      115      0      1      3      200      0      7.09959
31      0      116      0      1      3      200      0      5.39715
31      0      117      0      1      3      200      0      7.08886
31      0      118      0      1      3      200      0      5.14322
31      0      119      0      1      3      200      0      6.17837
31      0      120      0      1      3      200      0      6.16395
31      0      121      0      1      3      200      0      6.77116
31      0      122      0      1      3      200      0      6.32835
31      0      123      0      1      3      200      0      3.41999
31      0      124      0      1      3      200      0      6.97092
31      0      125      0      1      3      200      0      5.96295
31      0      126      0      1      3      200      0      5.89515
31      0      127      0      1      3      200      0      6.77762
31      0      128      0      1      3      200      0      5.83789
31      0      129      0      1      3      200      0      6.34967
31      0      130      0      1      3      200      0      6.86026
31      0      131      0      1      3      200      0      6.26024
31      0      132      0      1      3      200      0      6.48593
31      0      133      0      1      3      200      0      5.93368
31      0      134      0      1      3      200      0      6.40594
31      0      135      0      1      3      200      0      5.95672
31      0      136      0      1      3      200      0      6.36055
31      0      137      0      1      3      200      0      7.7034
31      0      138      0      1      3      200      0      6.87174
31      0      139      0      1      3      200      0      7.22738
31      0      140      0      1      3      200      0      6.53767
31      0      141      0      1      3      200      0      7.95995
31      0      142      0      1      3      200      0      6.04953
31      0      143      0      1      3      200      0      7.30938
31      0      144      0      1      3      200      0      5.84939
31      0      145      0      1      3      200      0      6.0373
31      0      146      0      1      3      200      0      6.43896
31      0      147      0      1      3      200      0      6.26463
31      0      148      0      1      3      200      0      5.74219
31      0      149      0      1      3      200      0      6.48696
31      0      150      0      1      3      200      0      4.36414
31      0      151      0      1      3      200      0      3.22427
31      0      152      0      1      3      200      0      6.18322
31      0      153      0      1      3      200      0      7.15761
31      0      154      0      1      3      200      0      6.49964
31      0      155      0      1      3      200      0      6.75044
31      0      156      0      1      3      200      0      7.11587
31      0      157      0      1      3      200      0      6.57002
31      0      158      0      1      3      200      0      5.57165
31      0      159      0      1      3      200      0      6.6001
31      0      160      0      1      3      200      0      5.89575
31      0      161      0      1      3      200      0      6.74306
31      0      162      0      1      3      200      0      6.70823
31      0      163      0      1      3      200      0      7.56116
31      0      164      0      1      3      200      0      6.59215
31      0      165      0      1      3      200      0      6.79834
31      0      166      0      1      3      200      0      6.81287
31      0      167      0      1      3      200      0      8.34317
31      0      168      0      1      3      200      0      7.43312
31      0      169      0      1      3      200      0      6.57495
31      0      170      0      1      3      200      0      5.88153
31      0      171      0      1      3      200      0      7.01399
31      0      172      0      1      3      200      0      6.96378
31      0      173      0      1      3      200      0      5.68085
31      0      174      0      1      3      200      0      6.23363
31      0      175      0      1      3      200      0      6.75942
31      0      176      0      1      3      200      0      6.06565
31      0      177      0      1      3      200      0      6.71378
31      0      178      0      1      3      200      0      7.5324
31      0      179      0      1      3      200      0      6.49219
31      0      180      0      1      3      200      0      6.46331
31      0      181      0      1      3      200      0      6.58023
31      0      182      0      1      3      200      0      6.78627
31      0      183      0      1      3      200      0      6.37071
31      0      184      0      1      3      200      0      6.5489
31      0      185      0      1      3      200      0      6.95872
31      0      186      0      1      3      200      0      6.77496
31      0      187      0      1      3      200      0      6.54378
31      0      188      0      1      3      200      0      6.79016
31      0      189      0      1      3      200      0      6.86134
31      0      190      0      1      3      200      0      6.35092
31      0      191      0      1      3      200      0      5.43417
31      0      192      0      1      3      200      0      6.27684
31      0      193      0      1      3      200      0      7.33839
31      0      194      0      1      3      200      0      7.47134
31      0      195      0      1      3      200      0      7.07171
31      0      196      0      1      3      200      0      7.07383
31      0      197      0      1      3      200      0      6.81978
31      0      198      0      1      3      200      0      10.2064
31      0      199      0      1      3      200      0      6.54727
31      0      200      0      1      3      200      0      8.3364
31      0      201      0      1      3      200      0      7.20315
31      0      202      0      1      3      200      0      7.26851
31      0      203      0      1      3      200      0      7.34361
31      0      204      0      1      3      200      0      6.99701
31      0      205      0      1      3      200      0      6.89299
31      0      206      0      1      3      200      0      7.2595
31      0      207      0      1      3      200      0      6.17098
31      0      208      0      1      3      200      0      7.12821
31      0      209      0      1      3      200      0      7.71164
31      0      210      0      1      3      200      0      7.47091
31      0      211      0      1      3      200      0      7.40035
31      0      212      0      1      3      200      0      7.21599
31      0      213      0      1      3      200      0      7.32499
31      0      214      0      1      3      200      0      7.49025
31      0      215      0      1      3      200      0      7.49538
31      0      216      0      1      3      200      0      7.75879
31      0      217      0      1      3      200      0      7.87743
31      0      218      0      1      3      200      0      7.96626
31      0      219      0      1      3      200      0      7.4793
31      0      220      0      1      3      200      0      7.37549
31      0      221      0      1      3      200      0      7.68915
31      0      222      0      1      3      200      0      7.32452
31      0      223      0      1      3      200      0      8.52543
31      0      224      0      1      3      200      0      8.41025
31      0      225      0      1      3      200      0      7.70164
31      0      226      0      1      3      200      0      8.92198
31      0      227      0      1      3      200      0      7.47329
31      0      228      0      1      3      200      0      5.42354
31      0      229      0      1      3      200      0      8.48742
31      0      230      0      1      3      200      0      7.61877
31      0      231      0      1      3      200      0      7.00013
31      0      232      0      1      3      200      0      6.22327
31      0      233      0      1      3      200      0      6.84178
31      0      234      0      1      3      200      0      11.8222
31      0      235      0      1      3      200      0      7.87645
31      0      236      0      1      3      200      0      7.69971
31      0      237      0      1      3      200      0      5.4769
31      0      238      0      1      3      200      0      6.32879
31      0      239      0      1      3      200      0      5.40563
31      0      240      0      1      3      200      0      7.02858
31      0      241      0      1      3      200      0      7.48652
31      0      242      0      1      3      200      0      8.04424
31      0      243      0      1      3      200      0      8.58759
31      0      244      0      1      3      200      0      7.23972
31      0      245      0      1      3      200      0      7.62943
31      0      246      0      1      3      200      0      7.87753
31      0      247      0      1      3      200      0      7.79039
31      0      248      0      1      3      200      0      7.98415
31      0      249      0      1      3      200      0      8.23669
31      0      250      0      1      3      200      0      6.57032
31      0      251      0      1      3      200      0      7.77612
31      0      252      0      1      3      200      0      7.77524
31      0      253      0      1      3      200      0      8.59636
31      0      254      0      1      3      200      0      9.09928
31      0      255      0      1      3      200      0      5.89939
31      0      256      0      1      3      200      0      9.60534
31      0      257      0      1      3      200      0      9.61354
31      0      258      0      1      3      200      0      8.31192
31      0      259      0      1      3      200      0      8.37957
31      0      260      0      1      3      200      0      9.77038
31      0      261      0      1      3      200      0      9.50865
31      0      262      0      1      3      200      0      9.53191
31      0      263      0      1      3      200      0      8.11555
31      0      264      0      1      3      200      0      7.70622
31      0      265      0      1      3      200      0      8.82148
31      0      266      0      1      3      200      0      7.58795
31      0      267      0      1      3      200      0      7.55313
31      0      268      0      1      3      200      0      9.1889
31      0      269      0      1      3      200      0      9.10547
31      0      270      0      1      3      200      0      5.94397
31      0      271      0      1      3      200      0      9.64017
31      0      272      0      1      3      200      0      8.18264
31      0      273      0      1      3      200      0      8.71125
31      0      274      0      1      3      200      0      8.60391
31      0      275      0      1      3      200      0      6.01912
31      0      276      0      1      3      200      0      6.6802
31      0      277      0      1      3      200      0      8.21081
31      0      278      0      1      3      200      0      8.97208
31      0      279      0      1      3      200      0      9.04727
31      0      280      0      1      3      200      0      8.54588
31      0      281      0      1      3      200      0      9.42211
31      0      282      0      1      3      200      0      8.97785
31      0      283      0      1      3      200      0      9.18213
31      0      284      0      1      3      200      0      8.5554
31      0      285      0      1      3      200      0      8.84468
31      0      286      0      1      3      200      0      9.63832
31      0      287      0      1      3      200      0      10.8402
31      0      288      0      1      3      200      0      8.40228
31      0      289      0      1      3      200      0      9.02913
31      0      290      0      1      3      200      0      8.56679
31      0      291      0      1      3      200      0      8.6016
31      0      292      0      1      3      200      0      8.5239
31      0      293      0      1      3      200      0      9.41044
31      0      294      0      1      3      200      0      8.95524
31      0      295      0      1      3      200      0      9.48598
31      0      296      0      1      3      200      0      7.4484
31      0      297      0      1      3      200      0      9.07603
31      0      298      0      1      3      200      0      10.103
31      0      299      0      1      3      200      0      8.88753
31      0      300      0      1      3      200      0      9.7877
31      0      301      0      1      3      200      0      9.13838
31      0      302      0      1      3      200      0      9.48657
31      0      303      0      1      3      200      0      8.43135
31      0      304      0      1      3      200      0      9.23954
31      0      305      0      1      3      200      0      9.22244
31      0      306      0      1      3      200      0      8.64211
31      0      307      0      1      3      200      0      9.54007
31      0      308      0      1      3      200      0      9.04891
31      0      309      0      1      3      200      0      8.96843
31      0      310      0      1      3      200      0      9.10589
31      0      311      0      1      3      200      0      10.8246
31      0      312      0      1      3      200      0      9.27413
31      0      313      0      1      3      200      0      9.10773
31      0      314      0      1      3      200      0      8.84352
31      0      315      0      1      3      200      0      8.42962
31      0      316      0      1      3      200      0      9.79162
31      0      317      0      1      3      200      0      8.22697
31      0      318      0      1      3      200      0      7.14589
31      0      319      0      1      3      200      0      10.3104
31      0      320      0      1      3      200      0      8.88889
31      0      321      0      1      3      200      0      10.0186
31      0      322      0      1      3      200      0      10.1681
31      0      323      0      1      3      200      0      11.2278
31      0      324      0      1      3      200      0      9.10351
31      0      325      0      1      3      200      0      9.03082
31      0      326      0      1      3      200      0      10.5539
31      0      327      0      1      3      200      0      1.50552
31      0      328      0      1      3      200      0      8.60043
31      0      329      0      1      3      200      0      7.42493
31      0      330      0      1      3      200      0      9.1742
31      0      331      0      1      3      200      0      7.90336
31      0      332      0      1      3      200      0      9.09671
31      0      333      0      1      3      200      0      8.71497
31      0      334      0      1      3      200      0      8.29091
31      0      335      0      1      3      200      0      8.87739
31      0      336      0      1      3      200      0      8.21791
31      0      337      0      1      3      200      0      7.79621
31      0      338      0      1      3      200      0      9.21861
31      0      339      0      1      3      200      0      8.59699
31      0      340      0      1      3      200      0      12.3057
31      0      341      0      1      3      200      0      8.44412
31      0      342      0      1      3      200      0      8.04659
31      0      343      0      1      3      200      0      9.10857
31      0      344      0      1      3      200      0      8.41851
31      0      345      0      1      3      200      0      8.10755
31      0      346      0      1      3      200      0      10.3641
31      0      347      0      1      3      200      0      8.63469
31      0      348      0      1      3      200      0      10.0239
31      0      349      0      1      3      200      0      6.25476
31      0      350      0      1      3      200      0      10.1655
31      0      351      0      1      3      200      0      10.4448
31      0      352      0      1      3      200      0      14.6084
31      0      353      0      1      3      200      0      14.394
31      0      354      0      1      3      200      0      13.5598
31      0      355      0      1      3      200      0      15.0152
31      0      356      0      1      3      200      0      15.0376
31      0      357      0      1      3      200      0      13.4552
31      0      358      0      1      3      200      0      15.3709
31      0      359      0      1      3      200      0      15.779
31      0      360      0      1      3      200      0      14.5796
31      0      361      0      1      3      200      0      15.3534
31      0      362      0      1      3      200      0      14.4842
31      0      363      0      1      3      200      0      13.5461
31      0      364      0      1      3      200      0      14.2549
31      0      365      0      1      3      200      0      15.9011
31      0      366      0      1      3      200      0      14.7423
31      0      367      0      1      3      200      0      14.2435
31      0      368      0      1      3      200      0      14.3801
31      0      369      0      1      3      200      0      14.9262
31      0      370      0      1      3      200      0      15.5868
31      0      371      0      1      3      200      0      14.7956
31      0      372      0      1      3      200      0      14.6068
31      0      373      0      1      3      200      0      14.6014
31      0      374      0      1      3      200      0      15.2784
31      0      375      0      1      3      200      0      19.2226
31      0      376      0      1      3      200      0      13.6334
31      0      377      0      1      3      200      0      13.8699
31      0      378      0      1      3      200      0      19.437
31      0      379      0      1      3      200      0      11.6605
31      0      380      0      1      3      200      0      14.7176
31      0      381      0      1      3      200      0      15.147
31      0      382      0      1      3      200      0      15.5139
31      0      383      0      1      3      200      0      14.6968
31      0      384      0      1      3      200      0      14.2834
31      0      385      0      1      3      200      0      13.4595
31      0      386      0      1      3      200      0      14.6847
31      0      387      0      1      3      200      0      13.2915
31      0      388      0      1      3      200      0      15.531
31      0      389      0      1      3      200      0      13.2661
31      0      390      0      1      3      200      0      13.6709
31      0      391      0      1      3      200      0      14.0668
31      0      392      0      1      3      200      0      13.6416
31      0      393      0      1      3      200      0      13.9039
31      0      394      0      1      3      200      0      13.9346
31      0      395      0      1      3      200      0      13.2739
31      0      396      0      1      3      200      0      14.642
31      0      397      0      1      3      200      0      13.3425
31      0      398      0      1      3      200      0      13.5727
31      0      399      0      1      3      200      0      13.7465
31      0      400      0      1      3      200      0      13.2316
31      0      401      0      1      3      200      0      13.7918
31      0      402      0      1      3      200      0      14.4287
31      0      403      0      1      3      200      0      14.3169
31      0      404      0      1      3      200      0      14.4827
31      0      405      0      1      3      200      0      12.7682
31      0      406      0      1      3      200      0      14.1564
31      0      407      0      1      3      200      0      12.3896
31      0      408      0      1      3      200      0      13.5287
31      0      409      0      1      3      200      0      12.6862
31      0      410      0      1      3      200      0      13.2821
31      0      411      0      1      3      200      0      14.473
31      0      412      0      1      3      200      0      14.3599
31      0      413      0      1      3      200      0      13.6927
31      0      414      0      1      3      200      0      13.135
31      0      415      0      1      3      200      0      11.6908
31      0      416      0      1      3      200      0      12.8861
31      0      417      0      1      3      0      0      11.5993
31      0      418      0      1      3      200      0      12.993
31      0      419      0      1      3      200      0      13.6207
31      0      420      0      1      3      200      0      13.6414
31      0      421      0      1      3      200      0      13.8
31      0      422      0      1      3      200      0      13.4078
31      0      423      0      1      3      200      0      17.8745
31      0      424      0      1      3      200      0      13.9891
31      0      425      0      1      3      200      0      13.3038
31      1      0      0      1      3      200      0      12.465
31      1      1      0      1      3      200      0      13.1435
31      1      2      0      1      3      200      0      12.1634
31      1      3      0      1      3      200      0      13.844
31      1      4      0      1      3      200      0      12.9531
31      1      5      0      1      3      200      0      13.9518
31      1      6      0      1      3      200      0      12.1192
31      1      7      0      1      3      200      0      13.1393
31      1      8      0      1      3      200      0      11.9125
31      1      9      0      1      3      200      0      12.9982
31      1      10      0      1      3      200      0      12.2332
31      1      11      0      1      3      200      0      12.7587
31      1      12      0      1      3      200      0      12.5562
31      1      13      0      1      3      200      0      13.0252
31      1      14      0      1      3      200      0      12.3823
31      1      15      0      1      3      200      0      12.6136
31      1      16      0      1      3      200      0      11.819
31      1      17      0      1      3      200      0      12.4629
31      1      18      0      1      3      200      0      12.4332
31      1      19      0      1      3      200      0      12.748
31      1      20      0      1      3      200      0      12.9854
31      1      21      0      1      3      200      0      12.8009
31      1      22      0      1      3      200      0      12.5396
31      1      23      0      1      3      200      0      13.5829
31      1      24      0      1      3      200      0      12.2142
31      1      25      0      1      3      200      0      12.5496
31      1      26      0      1      3      200      0      12.2657
31      1      27      0      1      3      200      0      14.4056
31      1      28      0      1      3      200      0      13.0788
31      1      29      0      1      3      200      0      12.7029
31      1      30      0      1      3      200      0      11.8645
31      1      31      0      1      3      200      0      12.8289
31      1      32      0      1      3      200      0      14.5005
31      1      33      0      1      3      200      0      15.4312
31      1      34      0      1      3      200      0      15.4652
31      1      35      0      1      3      200      0      14.9062
31      1      36      0      1      3      200      0      14.1297
31      1      37      0      1      3      200      0      13.9397
31      1      38      0      1      3      200      0      14.9939
31      1      39      0      1      3      200      0      15.1304
31      1      40      0      1      3      200      0      14.6226
31      1      41      0      1      3      200      0      15.4539
31      1      42      0      1      3      200      0      14.4246
31      1      43      0      1      3      200      0      14.0472
31      1      44      0      1      3      200      0      14.985
31      1      45      0      1      3      200      0      15.0977
31      1      46      0      1      3      200      0      14.82
31      1      47      0      1      3      200      0      13.4461
31      1      48      0      1      3      200      0      13.8224
31      1      49      0      1      3      200      0      15.5981
31      1      50      0      1      3      200      0      15.3758
31      1      51      0      1      3      200      0      14.4533
31      1      52      0      1      3      200      0      13.957
31      1      53      0      1      3      200      0      15.9145
31      1      54      0      1      3      200      0      14.8026
31      1      55      0      1      3      200      0      14.3422
31      1      56      0      1      3      200      0      14.5385
31      1      57      0      1      3      200      0      15.6285
31      1      58      0      1      3      200      0      13.8279
31      1      59      0      1      3      200      0      14.3546
31      1      60      0      1      3      200      0      15.5205
31      1      61      0      1      3      200      0      14.7092
31      1      62      0      1      3      200      0      16.7959
31      1      63      0      1      3      200      0      15.5291
31      1      64      0      1      3      200      0      9.27545
31      1      65      0      1      3      200      0      9.56351
31      1      66      0      1      3      200      0      8.56951
31      1      67      0      1      3      200      0      8.83103
31      1      68      0      1      3      200      0      8.90545
31      1      69      0      1      3      200      0      9.00778
31      1      70      0      1      3      200      0      8.74207
31      1      71      0      1      3      200      0      9.23233
31      1      72      0      1      3      200      0      9.16385
31      1      73      0      1      3      200      0      8.16087
31      1      74      0      1      3      200      0      8.73849
31      1      75      0      1      3      200      0      9.64911
31      1      76      0      1      3      200      0      8.32773
31      1      77      0      1      3      200      0      9.44987
31      1      78      0      1      3      200      0      8.79323
31      1      79      0      1      3      200      0      9.01004
31      1      80      0      1      3      200      0      9.10842
31      1      81      0      1      3      200      0      9.46213
31      1      82      0      1      3      200      0      8.81768
31      1      83      0      1      3      200      0      9.41958
31      1      84      0      1      3      200      0      9.25051
31      1      85      0      1      3      200      0      8.76209
31      1      86      0      1      3      200      0      8.75624
31      1      87      0      1      3      200      0      9.17874
31      1      88      0      1      3      200      0      9.8593
31      1      89      0      1      3      200      0      9.25139
31      1      90      0      1      3      200      0      8.55804
31      1      91      0      1      3      200      0      9.42353
31      1      92      0      1      3      200      0      9.8833
31      1      93      0      1      3      200      0      9.09509
31      1      94      0      1      3      200      0      8.62477
31      1      95      0      1      3      200      0      8.43493
31      1      96      0      1      3      200      0      9.54133
31      1      97      0      1      3      200      0      9.25433
31      1      98      0      1      3      200      0      9.12729
31      1      99      0      1      3      200      0      9.13344
31      1      100      0      1      3      200      0      9.93296
31      1      101      0      1      3      200      0      9.39139
31      1      102      0      1      3      200      0      8.82477
31      1      103      0      1      3      200      0      10.3451
31      1      104      0      1      3      200      0      8.59137
31      1      105      0      1      3      200      0      10.8387
31      1      106      0      1      3      200      0      9.95428
31      1      107      0      1      3      200      0      10.7639
31      1      108      0      1      3      200      0      9.2812
31      1      109      0      1      3      200      0      9.16886
31      1      110      0      1      3      200      0      7.77092
31      1      111      0      1      3      200      0      8.82965
31      1      112      0      1      3      200      0      9.22742
31      1      113      0      1      3      200      0      9.64821
31      1      114      0      1      3      200      0      9.18083
31      1      115      0      1      3      200      0      9.08878
31      1      116      0      1      3      200      0      9.30334
31      1      117      0      1      3      200      0      10.0684
31      1      118      0      1      3      200      0      8.3727
31      1      119      0      1      3      200      0      9.77439
31      1      120      0      1      3      200      0      9.33283
31      1      121      0      1      3      200      0      10.0269
31      1      122      0      1      3      200      0      9.39063
31      1      123      0      1      3      200      0      9.48168
31      1      124      0      1      3      200      0      9.86456
31      1      125      0      1      3      200      0      10.07
31      1      126      0      1      3      200      0      9.77125
31      1      127      0      1      3      200      0      8.99327
31      1      128      0      1      3      200      0      8.6605
31      1      129      0      1      3      200      0      8.3615
31      1      130      0      1      3      200      0      8.46644
31      1      131      0      1      3      200      0      9.34324
31      1      132      0      1      3      200      0      8.78616
31      1      133      0      1      3      200      0      5.90788
31      1      134      0      1      3      200      0      8.8488
31      1      135      0      1      3      200      0      8.85328
31      1      136      0      1      3      200      0      8.84407
31      1      137      0      1      3      200      0      10.3264
31      1      138      0      1      3      200      0      8.77098
31      1      139      0      1      3      200      0      8.42834
31      1      140      0      1      3      200      0      8.24188
31      1      141      0      1      3      200      0      8.9125
31      1      142      0      1      3      200      0      9.55753
31      1      143      0      1      3      200      0      9.36517
31      1      144      0      1      3      200      0      9.98161
31      1      145      0      1      3      200      0      8.65381
31      1      146      0      1      3      200      0      9.18614
31      1      147      0      1      3      200      0      6.94296
31      1      148      0      1      3      200      0      9.72839
31      1      149      0      1      3      200      0      9.15124
31      1      150      0      1      3      200      0      9.85265
31      1      151      0      1      3      200      0      9.2887
31      1      152      0      1      3      200      0      9.21474
31      1      153      0      1      3      200      0      8.26831
31      1      154      0      1      3      200      0      9.64152
31      1      155      0      1      3      200      0      8.81756
31      1      156      0      1      3      200      0      8.66634
31      1      157      0      1      3      200      0      9.11587
31      1      158      0      1      3      200      0      9.2679
31      1      159      0      1      3      200      0      9.87134
31      1      160      0      1      3      200      0      9.26349
31      1      161      0      1      3      200      0      8.17415
31      1      162      0      1      3      200      0      8.95299
31      1      163      0      1      3      200      0      9.69817
31      1      164      0      1      3      200      0      8.79836
31      1      165      0      1      3      200      0      8.82524
31      1      166      0      1      3      200      0      8.73777
31      1      167      0      1      3      200      0      8.63189
31      1      168      0      1      3      200      0      8.15393
31      1      169      0      1      3      200      0      9.2801
31      1      170      0      1      3      200      0      11.0725
31      1      171      0      1      3      200      0      8.55494
31      1      172      0      1      3      200      0      8.86546
31      1      173      0      1      3      200      0      8.92025
31      1      174      0      1      3      200      0      9.02916
31      1      175      0      1      3      200      0      8.58647
31      1      176      0      1      3      200      0      8.50819
31      1      177      0      1      3      200      0      9.14214
31      1      178      0      1      3      200      0      8.91483
31      1      179      0      1      3      200      0      8.99225
31      1      180      0      1      3      200      0      9.33293
31      1      181      0      1      3      200      0      8.5397
31      1      182      0      1      3      200      0      9.06109
31      1      183      0      1      3      200      0      7.81481
31      1      184      0      1      3      200      0      9.80323
31      1      185      0      1      3      200      0      8.84729
31      1      186      0      1      3      200      0      9.33096
31      1      187      0      1      3      200      0      9.26027
31      1      188      0      1      3      200      0      8.87243
31      1      189      0      1      3      200      0      8.76736
31      1      190      0      1      3      200      0      8.28097
31      1      191      0      1      3      200      0      8.73101
31      1      192      0      1      3      200      0      8.29247
31      1      193      0      1      3      200      0      8.28681
31      1      194      0      1      3      200      0      8.50019
31      1      195      0      1      3      200      0      8.25769
31      1      196      0      1      3      200      0      7.63443
31      1      197      0      1      3      200      0      9.35223
31      1      198      0      1      3      200      0      8.02442
31      1      199      0      1      3      200      0      9.0954
31      1      200      0      1      3      200      0      9.51652
31      1      201      0      1      3      200      0      8.81107
31      1      202      0      1      3      200      0      8.90463
31      1      203      0      1      3      200      0      8.94819
31      1      204      0      1      3      200      0      9.35089
31      1      205      0      1      3      200      0      9.49479
31      1      206      0      1      3      200      0      9.51092
31      1      207      0      1      3      200      0      9.52903
31      1      208      0      1      3      200      0      8.98667
31      1      209      0      1      3      200      0      9.5208
31      1      210      0      1      3      200      0      8.54653
31      1      211      0      1      3      200      0      8.31598
31      1      212      0      1      3      200      0      9.54035
31      1      213      0      1      3      200      0      9.74314
31      1      214      0      1      3      200      0      9.40294
31      1      215      0      1      3      200      0      8.81393
31      1      216      0      1      3      200      0      8.93806
31      1      217      0      1      3      200      0      8.80699
31      1      218      0      1      3      200      0      6.78061
31      1      219      0      1      3      200      0      8.10216
31      1      220      0      1      3      200      0      8.7784
31      1      221      0      1      3      200      0      8.3652
31      1      222      0      1      3      200      0      8.75898
31      1      223      0      1      3      200      0      8.15471
31      1      224      0      1      3      200      0      8.09308
31      1      225      0      1      3      200      0      8.12158
31      1      226      0      1      3      200      0      9.66467
31      1      227      0      1      3      200      0      8.22482
31      1      228      0      1      3      200      0      9.50128
31      1      229      0      1      3      200      0      8.55551
31      1      230      0      1      3      200      0      9.95781
31      1      231      0      1      3      200      0      7.9596
31      1      232      0      1      3      200      0      9.61028
31      1      233      0      1      3      200      0      8.36295
31      1      234      0      1      3      200      0      8.27845
31      1      235      0      1      3      200      0      8.76349
31      1      236      0      1      3      200      0      7.71275
31      1      237      0      1      3      200      0      7.90442
31      1      238      0      1      3      200      0      7.98752
31      1      239      0      1      3      200      0      6.98668
31      1      240      0      1      3      200      0      7.8056
31      1      241      0      1      3      200      0      7.85173
31      1      242      0      1      3      200      0      7.90085
31      1      243      0      1      3      200      0      9.82822
31      1      244      0      1      3      200      0      8.01957
31      1      245      0      1      3      200      0      8.13432
31      1      246      0      1      3      200      0      7.96915
31      1      247      0      1      3      200      0      4.36684
31      1      248      0      1      3      200      0      7.74761
31      1      249      0      1      3      200      0      7.21666
31      1      250      0      1      3      200      0      8.1442
31      1      251      0      1      3      200      0      7.49359
31      1      252      0      1      3      200      0      7.95345
31      1      253      0      1      3      200      0      7.11337
31      1      254      0      1      3      200      0      7.06583
31      1      255      0      1      3      200      0      7.4881
31      1      256      0      1      3      200      0      9.08085
31      1      257      0      1      3      200      0      8.11842
31      1      258      0      1      3      200      0      7.97235
31      1      259      0      1      3      200      0      6.86435
31      1      260      0      1      3      200      0      8.8109
31      1      261      0      1      3      200      0      6.1798
31      1      262      0      1      3      200      0      9.46652
31      1      263      0      1      3      200      0      6.87567
31      1      264      0      1      3      200      0      7.69061
31      1      265      0      1      3      200      0      7.21244
31      1      266      0      1      3      200      0      7.52166
31      1      267      0      1      3      200      0      7.81875
31      1      268      0      1      3      200      0      8.37591
31      1      269      0      1      3      200      0      6.09845
31      1      270      0      1      3      200      0      7.72742
31      1      271      0      1      3      200      0      7.63849
31      1      272      0      1      3      200      0      7.57934
31      1      273      0      1      3      200      0      7.58742
31      1      274      0      1      3      200      0      7.65252
31      1      275      0      1      3      200      0      7.99111
31      1      276      0      1      3      200      0      8.8051
31      1      277      0      1      3      200      0      8.05113
31      1      278      0      1      3      200      0      7.96233
31      1      279      0      1      3      200      0      7.26232
31      1      280      0      1      3      200      0      7.38057
31      1      281      0      1      3      200      0      7.89744
31      1      282      0      1      3      200      0      8.13652
31      1      283      0      1      3      200      0      7.20555
31      1      284      0      1      3      200      0      8.19342
31      1      285      0      1      3      200      0      7.3407
31      1      286      0      1      3      200      0      7.46951
31      1      287      0      1      3      200      0      6.84206
31      1      288      0      1      3      200      0      6.68205
31      1      289      0      1      3      200      0      7.04594
31      1      290      0      1      3      200      0      7.75169
31      1      291      0      1      3      200      0      7.34813
31      1      292      0      1      3      200      0      8.55684
31      1      293      0      1      3      200      0      7.33872
31      1      294      0      1      3      200      0      7.46063
31      1      295      0      1      3      200      0      7.59993
31      1      296      0      1      3      200      0      7.69557
31      1      297      0      1      3      200      0      7.13411
31      1      298      0      1      3      200      0      8.03012
31      1      299      0      1      3      200      0      7.47107
31      1      300      0      1      3      200      0      7.64765
31      1      301      0      1      3      200      0      7.04274
31      1      302      0      1      3      200      0      7.66729
31      1      303      0      1      3      200      0      7.81705
31      1      304      0      1      3      200      0      7.01947
31      1      305      0      1      3      200      0      7.32556
31      1      306      0      1      3      200      0      7.55
31      1      307      0      1      3      200      0      7.64122
31      1      308      0      1      3      200      0      7.41912
31      1      309      0      1      3      200      0      8.08735
31      1      310      0      1      3      200      0      6.89882
31      1      311      0      1      3      200      0      7.66553
31      1      312      0      1      3      200      0      7.50775
31      1      313      0      1      3      200      0      7.74067
31      1      314      0      1      3      200      0      7.35204
31      1      315      0      1      3      200      0      6.78635
31      1      316      0      1      3      200      0      7.23164
31      1      317      0      1      3      200      0      7.22911
31      1      318      0      1      3      200      0      7.51801
31      1      319      0      1      3      200      0      6.48422
31      1      320      0      1      3      200      0      6.72987
31      1      321      0      1      3      200      0      7.30017
31      1      322      0      1      3      200      0      7.84592
31      1      323      0      1      3      200      0      7.55046
31      1      324      0      1      3      200      0      7.60785
31      1      325      0      1      3      200      0      8.10104
31      1      326      0      1      3      200      0      8.10426
31      1      327      0      1      3      200      0      7.57054
31      1      328      0      1      3      200      0      7.54936
31      1      329      0      1      3      200      0      7.88042
31      1      330      0      1      3      200      0      7.36357
31      1      331      0      1      3      200      0      7.9577
31      1      332      0      1      3      200      0      6.69059
31      1      333      0      1      3      200      0      7.71225
31      1      334      0      1      3      200      0      7.37862
31      1      335      0      1      3      200      0      6.62659
31      1      336      0      1      3      200      0      8.58615
31      1      337      0      1      3      200      0      7.95335
31      1      338      0      1      3      200      0      7.46487
31      1      339      0      1      3      200      0      7.73863
31      1      340      0      1      3      200      0      7.91664
31      1      341      0      1      3      200      0      8.5549
31      1      342      0      1      3      200      0      7.34853
31      1      343      0      1      3      200      0      7.59705
31      1      344      0      1      3      200      0      6.94426
31      1      345      0      1      3      200      0      7.61317
31      1      346      0      1      3      200      0      7.3537
31      1      347      0      1      3      200      0      7.30745
31      1      348      0      1      3      200      0      6.79873
31      1      349      0      1      3      200      0      7.62297
31      1      350      0      1      3      200      0      6.91364
31      1      351      0      1      3      200      0      7.04738
31      1      352      0      1      3      200      0      7.95633
31      1      353      0      1      3      200      0      8.45419
31      1      354      0      1      3      200      0      7.92927
31      1      355      0      1      3      200      0      7.9043
31      1      356      0      1      3      200      0      7.93739
31      1      357      0      1      3      200      0      7.84587
31      1      358      0      1      3      200      0      7.604
31      1      359      0      1      3      200      0      7.1928
31      1      360      0      1      3      200      0      7.78307
31      1      361      0      1      3      200      0      7.53821
31      1      362      0      1      3      200      0      6.56608
31      1      363      0      1      3      200      0      7.43848
31      1      364      0      1      3      200      0      7.72839
31      1      365      0      1      3      200      0      6.73625
31      1      366      0      1      3      200      0      7.30463
31      1      367      0      1      3      200      0      7.67227
31      1      368      0      1      3      200      0      7.60529
31      1      369      0      1      3      200      0      7.1447
31      1      370      0      1      3      200      0      7.79272
31      1      371      0      1      3      200      0      7.74272
31      1      372      0      1      3      200      0      6.84607
31      1      373      0      1      3      200      0      7.7118
31      1      374      0      1      3      200      0      7.23157
31      1      375      0      1      3      200      0      7.08306
31      1      376      0      1      3      200      0      7.26389
31      1      377      0      1      3      200      0      7.77606
31      1      378      0      1      3      200      0      8.00896
31      1      379      0      1      3      200      0      7.30468
31      1      380      0      1      3      200      0      7.40114
31      1      381      0      1      3      200      0      8.30277
31      1      382      0      1      3      200      0      8.11473
31      1      383      0      1      3      200      0      7.98836
31      1      384      0      1      3      200      0      7.49503
31      1      385      0      1      3      200      0      7.42826
31      1      386      0      1      3      200      0      7.1965
31      1      387      0      1      3      200      0      7.17768
31      1      388      0      1      3      200      0      7.52762
31      1      389      0      1      3      200      0      7.02568
31      1      390      0      1      3      200      0      7.48033
31      1      391      0      1      3      200      0      7.8432
31      1      392      0      1      3      200      0      7.39591
31      1      393      0      1      3      200      0      7.55728
31      1      394      0      1      3      200      0      7.91283
31      1      395      0      1      3      200      0      7.90627
31      1      396      0      1      3      200      0      7.59107
31      1      397      0      1      3      200      0      7.44377
31      1      398      0      1      3      200      0      7.65021
31      1      399      0      1      3      200      0      7.41279
31      1      400      0      1      3      200      0      6.8447
31      1      401      0      1      3      200      0      6.96428
31      1      402      0      1      3      200      0      7.00591
31      1      403      0      1      3      200      0      7.8054
31      1      404      0      1      3      200      0      7.2518
31      1      405      0      1      3      200      0      8.21913
31      1      406      0      1      3      200      0      7.26977
31      1      407      0      1      3      200      0      7.69641
31      1      408      0      1      3      200      0      7.14858
31      1      409      0      1      3      200      0      7.3389
31      1      410      0      1      3      200      0      6.85082
31      1      411      0      1      3      200      0      7.87255
31      1      412      0      1      3      200      0      7.32143
31      1      413      0      1      3      200      0      7.17906
31      1      414      0      1      3      200      0      7.87329
31      1      415      0      1      3      200      0      7.45297
31      1      416      0      1      3      200      0      7.39453
31      1      417      0      1      3      200      0      7.60311
31      1      418      0      1      3      200      0      7.54957
31      1      419      0      1      3      200      0      7.6646
31      1      420      0      1      3      200      0      7.62757
31      1      421      0      1      3      200      0      7.25561
31      1      422      0      1      3      200      0      7.22108
31      1      423      0      1      3      200      0      7.45837
31      1      424      0      1      3      200      0      7.37867
31      1      425      0      1      3      200      0      7.47012
31      1      426      0      1      3      200      0      6.69983
31      1      427      0      1      3      200      0      7.62601
31      1      428      0      1      3      200      0      8.06966
31      1      429      0      1      3      200      0      7.56604
31      1      430      0      1      3      200      0      7.85902
31      1      431      0      1      3      200      0      7.74158
31      1      432      0      1      3      200      0      7.56889
31      1      433      0      1      3      200      0      7.85738
31      1      434      0      1      3      200      0      8.30042
31      1      435      0      1      3      200      0      7.77863
31      1      436      0      1      3      200      0      7.65389
31      1      437      0      1      3      200      0      8.10194
31      1      438      0      1      3      200      0      8.45594
31      1      439      0      1      3      200      0      7.58994
31      1      440      0      1      3      200      0      7.61821
31      1      441      0      1      3      200      0      7.75579
31      1      442      0      1      3      200      0      7.18776
31      1      443      0      1      3      200      0      8.09933
31      1      444      0      1      3      200      0      7.13546
31      1      445      0      1      3      200      0      7.31713
31      1      446      0      1      3      200      0      7.60977
31      1      447      0      1      3      200      0      8.08583
31      1      448      0      1      3      200      0      7.34619
31      1      449      0      1      3      200      0      6.5424
31      1      450      0      1      3      200      0      7.3347
31      1      451      0      1      3      200      0      7.02272
31      1      452      0      1      3      200      0      7.19589
31      1      453      0      1      3      200      0      7.17058
31      1      454      0      1      3      200      0      7.1595
31      1      455      0      1      3      200      0      7.53564
31      1      456      0      1      3      200      0      7.33129
31      1      457      0      1      3      200      0      7.47374
31      1      458      0      1      3      200      0      6.06253
31      1      459      0      1      3      200      0      7.25462
31      1      460      0      1      3      200      0      6.32059
31      1      461      0      1      3      200      0      7.01361
31      1      462      0      1      3      200      0      6.64184
31      1      463      0      1      3      200      0      7.1402
31      1      464      0      1      3      200      0      7.18519
31      1      465      0      1      3      200      0      7.00252
31      1      466      0      1      3      200      0      7.58773
31      1      467      0      1      3      200      0      7.33376
31      1      468      0      1      3      200      0      6.97906
31      1      469      0      1      3      200      0      7.08645
31      1      470      0      1      3      200      0      7.10058
31      1      471      0      1      3      200      0      6.90963
31      1      472      0      1      3      200      0      6.92089
31      1      473      0      1      3      200      0      7.71219
31      1      474      0      1      3      200      0      6.80175
31      1      475      0      1      3      200      0      6.85528
31      1      476      0      1      3      200      0      7.72556
31      1      477      0      1      3      200      0      7.18549
31      1      478      0      1      3      200      0      7.54999
31      1      479      0      1      3      200      0      7.6835
31      1      480      0      1      3      200      0      7.25843
31      1      481      0      1      3      200      0      7.64494
31      1      482      0      1      3      200      0      7.33189
31      1      483      0      1      3      200      0      7.72235
31      1      484      0      1      3      200      0      7.43863
31      1      485      0      1      3      200      0      6.95925
31      1      486      0      1      3      200      0      7.00521
31      1      487      0      1      3      200      0      7.20089
31      1      488      0      1      3      200      0      7.20192
31      1      489      0      1      3      200      0      7.3824
31      1      490      0      1      3      200      0      6.41348
31      1      491      0      1      3      200      0      6.71703
31      1      492      0      1      3      200      0      6.87178
31      1      493      0      1      3      200      0      7.08969
31      1      494      0      1      3      200      0      6.85513
31      1      495      0      1      3      200      0      7.53797
31      1      496      0      1      3      200      0      7.00665
31      1      497      0      1      3      200      0      7.17057
31      1      498      0      1      3      200      0      7.01597
31      1      499      0      1      3      200      0      7.20481
31      1      500      0      1      3      200      0      7.71271
31      1      501      0      1      3      200      0      7.14306
31      1      502      0      1      3      200      0      6.80896
31      1      503      0      1      3      200      0      7.62469
31      1      504      0      1      3      200      0      7.1591
31      1      505      0      1      3      200      0      6.72731
31      1      506      0      1      3      200      0      7.08633
31      1      507      0      1      3      200      0      7.26677
31      1      508      0      1      3      200      0      7.1033
31      1      509      0      1      3      200      0      7.8661
31      1      510      0      1      3      200      0      7.20013
31      1      511      0      1      3      200      0      7.39308
31      1      512      0      1      3      200      0      15.2938
31      1      513      0      1      3      200      0      14.6497
31      1      514      0      1      3      200      0      16.1827
31      1      515      0      1      3      200      0      15.1301
31      1      516      0      1      3      200      0      14.9414
31      1      517      0      1      3      200      0      14.7535
31      1      518      0      1      3      200      0      15.5861
31      1      519      0      1      3      200      0      13.7123
31      1      520      0      1      3      200      0      16.2492
31      1      521      0      1      3      200      0      14.1951
31      1      522      0      1      3      200      0      15.2582
31      1      523      0      1      3      200      0      14.9739
31      1      524      0      1      3      200      0      15.5486
31      1      525      0      1      3      200      0      14.7435
31      1      526      0      1      3      200      0      15.2771
31      1      527      0      1      3      200      0      14.6851
31      1      528      0      1      3      200      0      15.1912
31      1      529      0      1      3      200      0      14.6573
31      1      530      0      1      3      200      0      14.9912
31      1      531      0      1      3      200      0      15.7889
31      1      532      0      1      3      200      0      15.4033
31      1      533      0      1      3      200      0      15.3444
31      1      534      0      1      3      200      0      15.8616
31      1      535      0      1      3      200      0      15.1868
31      1      536      0      1      3      200      0      15.9542
31      1      537      0      1      3      200      0      13.8515
31      1      538      0      1      3      200      0      16.241
31      1      539      0      1      3      200      0      15.3205
31      1      540      0      1      3      200      0      16.3855
31      1      541      0      1      3      200      0      15.9436
31      1      542      0      1      3      200      0      15.7307
31      1      543      0      1      3      200      0      14.7734
31      1      544      0      1      3      200      0      13.9841
31      1      545      0      1      3      200      0      13.6776
31      1      546      0      1      3      200      0      13.8698
31      1      547      0      1      3      200      0      13.0434
31      1      548      0      1      3      200      0      13.7807
31      1      549      0      1      3      200      0      13.5639
31      1      550      0      1      3      200      0      13.6015
31      1      551      0      1      3      200      0      12.8222
31      1      552      0      1      3      200      0      12.9512
31      1      553      0      1      3      200      0      13.3335
31      1      554      0      1      3      200      0      13.226
31      1      555      0      1      3      200      0      13.3714
31      1      556      0      1      3      200      0      13.8377
31      1      557      0      1      3      200      0      12.844
31      1      558      0      1      3      200      0      13.5449
31      1      559      0      1      3      200      0      14.0132
31      1      560      0      1      3      200      0      13.51
31      1      561      0      1      3      200      0      14.0927
31      1      562      0      1      3      200      0      14.5314
31      1      563      0      1      3      200      0      14.2323
31      1      564      0      1      3      200      0      13.9902
31      1      565      0      1      3      200      0      13.543
31      1      566      0      1      3      200      0      14.7714
31      1      567      0      1      3      200      0      13.7526
31      1      568      0      1      3      200      0      14.0391
31      1      569      0      1      3      200      0      14.3963
31      1      570      0      1      3      200      0      14.2797
31      1      571      0      1      3      200      0      14.4278
31      1      572      0      1      3      200      0      13.2292
31      1      573      0      1      3      200      0      13.3245
31      1      574      0      1      3      200      0      13.6467
31      1      575      0      1      3      200      0      14.2447
31      1      576      0      1      3      200      0      13.7331
31      1      577      0      1      3      200      0      13.199
31      1      578      0      1      3      200      0      14.2216
31      1      579      0      1      3      200      0      13.2457
31      1      580      0      1      3      200      0      14.2015
31      1      581      0      1      3      200      0      14.2432
31      1      582      0      1      3      200      0      13.9805
31      1      583      0      1      3      200      0      13.8236
31      2      0      0      1      3      200      0      13.9185
31      2      1      0      1      3      200      0      12.7287
31      2      2      0      1      3      200      0      11.791
31      2      3      0      1      3      200      0      13.8043
31      2      4      0      1      3      200      0      11.815
31      2      5      0      1      3      200      0      14.5955
31      2      6      0      1      3      200      0      14.622
31      2      7      0      1      3      200      0      13.5004
31      2      8      0      1      3      200      0      15.6933
31      2      9      0      1      3      200      0      13.1692
31      2      10      0      1      3      200      0      14.6722
31      2      11      0      1      3      200      0      14.4554
31      2      12      0      1      3      200      0      15.8365
31      2      13      0      1      3      200      0      14.476
31      2      14      0      1      3      200      0      15.0118
31      2      15      0      1      3      200      0      0.81186
31      2      16      0      1      3      200      0      11.9385
31      2      17      0      1      3      200      0      13.2481
31      2      18      0      1      3      200      0      14.8124
31      2      19      0      1      3      200      0      13.7965
31      2      20      0      1      3      200      0      13.3328
31      2      21      0      1      3      200      0      13.969
31      2      22      0      1      3      200      0      13.0442
31      2      23      0      1      3      200      0      15.5598
31      2      24      0      1      3      200      0      15.2737
31      2      25      0      1      3      200      0      14.9232
31      2      26      0      1      3      200      0      13.4155
31      2      27      0      1      3      200      0      14.2572
31      2      28      0      1      3      200      0      14.8427
31      2      29      0      1      3      200      0      14.239
31      2      30      0      1      3      200      0      11.5957
31      2      31      0      1      3      200      0      14.7191
31      2      32      0      1      3      200      0      8.09555
31      2      33      0      1      3      200      0      7.21495
31      2      34      0      1      3      200      0      8.72721
31      2      35      0      1      3      200      0      7.35921
31      2      36      0      1      3      200      0      6.78125
31      2      37      0      1      3      200      0      8.28411
31      2      38      0      1      3      200      0      8.15453
31      2      39      0      1      3      200      0      8.84359
31      2      40      0      1      3      200      0      6.04877
31      2      41      0      1      3      200      0      8.32531
31      2      42      0      1      3      200      0      7.54022
31      2      43      0      1      3      200      0      7.95779
31      2      44      0      1      3      200      0      8.49619
31      2      45      0      1      3      200      0      8.16501
31      2      46      0      1      3      200      0      7.91062
31      2      47      0      1      3      200      0      8.37779
31      2      48      0      1      3      200      0      8.75399
31      2      49      0      1      3      200      0      8.76675
31      2      50      0      1      3      200      0      4.75307
31      2      51      0      1      3      200      0      9.57826
31      2      52      0      1      3      200      0      6.02982
31      2      53      0      1      3      200      0      11.3219
31      2      54      0      1      3      200      0      8.10842
31      2      55      0      1      3      200      0      8.01855
31      2      56      0      1      3      200      0      7.15678
31      2      57      0      1      3      200      0      7.68871
31      2      58      0      1      3      200      0      7.37111
31      2      59      0      1      3      200      0      9.16875
31      2      60      0      1      3      200      0      5.63182
31      2      61      0      1      3      200      0      8.10845
31      2      62      0      1      3      200      0      5.72342
31      2      63      0      1      3      200      0      9.05923
31      2      64      0      1      3      200      0      5.93551
31      2      65      0      1      3      200      0      7.10784
31      2      66      0      1      3      200      0      7.41346
31      2      67      0      1      3      200      0      9.67897
31      2      68      0      1      3      200      0      10.0118
31      2      69      0      1      3      200      0      8.51084
31      2      70      0      1      3      200      0      9.07331
31      2      71      0      1      3      200      0      1.41454
31      2      72      0      1      3      200      0      8.71507
31      2      73      0      1      3      200      0      8.49848
31      2      74      0      1      3      200      0      8.35083
31      2      75      0      1      3      200      0      6.63918
31      2      76      0      1      3      200      0      9.77391
31      2      77      0      1      3      200      0      6.92629
31      2      78      0      1      3      200      0      6.69563
31      2      79      0      1      3      200      0      8.13006
31      2      80      0      1      3      200      0      7.14642
31      2      81      0      1      3      200      0      8.12633
31      2      82      0      1      3      200      0      7.29225
31      2      83      0      1      3      200      0      8.05884
31      2      84      0      1      3      200      0      7.91803
31      2      85      0      1      3      200      0      8.11628
31      2      86      0      1      3      200      0      6.48883
31      2      87      0      1      3      200      0      6.64766
31      2      88      0      1      3      200      0      8.16407
31      2      89      0      1      3      200      0      8.53523
31      2      90      0      1      3      200      0      7.79418
31      2      91      0      1      3      200      0      7.87314
31      2      92      0      1      3      200      0      6.18694
31      2      93      0      1      3      200      0      8.26258
31      2      94      0      1      3      200      0      7.29041
31      2      95      0      1      3      200      0      8.48056
31      2      96      0      1      3      200      0      7.04352
31      2      97      0      1      3      200      0      7.45456
31      2      98      0      1      3      200      0      6.47245
31      2      99      0      1      3      200      0      8.5615
31      2      100      0      1      3      200      0      6.37214
31      2      101      0      1      3      200      0      6.91938
31      2      102      0      1      3      200      0      1.41025
31      2      103      0      1      3      200      0      7.50059
31      2      104      0      1      3      200      0      8.00133
31      2      105      0      1      3      200      0      8.64379
31      2      106      0      1      3      200      0      6.83808
31      2      107      0      1      3      200      0      7.13554
31      2      108      0      1      3      200      0      9.63896
31      2      109      0      1      3      200      0      8.40818
31      2      110      0      1      3      200      0      7.47197
31      2      111      0      1      3      200      0      4.49722
31      2      112      0      1      3      200      0      8.29158
31      2      113      0      1      3      200      0      6.83823
31      2      114      0      1      3      200      0      6.02903
31      2      115      0      1      3      200      0      6.97137
31      2      116      0      1      3      200      0      7.73269
31      2      117      0      1      3      200      0      7.83369
31      2      118      0      1      3      200      0      7.52302
31      2      119      0      1      3      200      0      7.1608
31      2      120      0      1      3      200      0      7.82071
31      2      121      0      1      3      200      0      7.48324
31      2      122      0      1      3      200      0      8.48348
31      2      123      0      1      3      200      0      9.89719
31      2      124      0      1      3      200      0      7.40898
31      2      125      0      1      3      200      0      10.6434
31      2      126      0      1      3      200      0      8.68684
31      2      127      0      1      3      200      0      4.87082
31      2      128      0      1      3      200      0      7.64734
31      2      129      0      1      3      200      0      7.65589
31      2      130      0      1      3      200      0      8.61963
31      2      131      0      1      3      200      0      6.16757
31      2      132      0      1      3      200      0      8.19459
31      2      133      0      1      3      200      0      7.98968
31      2      134      0      1      3      200      0      8.01874
31      2      135      0      1      3      200      0      8.10322
31      2      136      0      1      3      200      0      8.7737
31      2      137      0      1      3      200      0      9.49957
31      2      138      0      1      3      200      0      5.76329
31      2      139      0      1      3      200      0      7.71527
31      2      140      0      1      3      200      0      10.6233
31      2      141      0      1      3      200      0      7.52022
31      2      142      0      1      3      200      0      6.98271
31      2      143      0      1      3      200      0      7.52947
31      2      144      0      1      3      200      0      6.8572
31      2      145      0      1      3      200      0      8.14231
31      2      146      0      1      3      200      0      6.31063
31      2      147      0      1      3      200      0      6.86942
31      2      148      0      1      3      200      0      4.80046
31      2      149      0      1      3      200      0      4.70505
31      2      150      0      1      3      200      0      8.07102
31      2      151      0      1      3      200      0      8.79908
31      2      152      0      1      3      200      0      8.87421
31      2      153      0      1      3      200      0      8.49553
31      2      154      0      1      3      200      0      6.11788
31      2      155      0      1      3      200      0      8.51995
31      2      156      0      1      3      200      0      7.33226
31      2      157      0      1      3      200      0      8.72308
31      2      158      0      1      3      0      0      -6.08262
31      2      159      0      1      3      200      0      7.71832
31      2      160      0      1      3      200      0      6.86764
31      2      161      0      1      3      200      0      7.80349
31      2      162      0      1      3      200      0      8.00248
31      2      163      0      1      3      200      0      7.59791
31      2      164      0      1      3      200      0      8.43482
31      2      165      0      1      3      200      0      8.0012
31      2      166      0      1      3      200      0      4.28179
31      2      167      0      1      3      200      0      7.17743
31      2      168      0      1      3      200      0      8.52514
31      2      169      0      1      3      200      0      7.78531
31      2      170      0      1      3      200      0      9.7628
31      2      171      0      1      3      200      0      4.53172
31      2      172      0      1      3      200      0      7.75427
31      2      173      0      1      3      200      0      9.79828
31      2      174      0      1      3      200      0      7.78886
31      2      175      0      1      3      200      0      8.67778
31      2      176      0      1      3      200      0      6.4581
31      2      177      0      1      3      200      0      7.40209
31      2      178      0      1      3      200      0      7.86345
31      2      179      0      1      3      200      0      6.22888
31      2      180      0      1      3      200      0      8.07352
31      2      181      0      1      3      200      0      9.26125
31      2      182      0      1      3      200      0      6.82455
31      2      183      0      1      3      200      0      8.02582
31      2      184      0      1      3      200      0      7.16064
31      2      185      0      1      3      200      0      7.06486
31      2      186      0      1      3      200      0      12.1974
31      2      187      0      1      3      200      0      6.52015
31      2      188      0      1      3      200      0      5.58242
31      2      189      0      1      3      200      0      7.07228
31      2      190      0      1      3      200      0      8.94378
31      2      191      0      1      3      200      0      6.52303
31      2      192      0      1      3      200      0      12.8128
31      2      193      0      1      3      200      0      7.61391
31      2      194      0      1      3      200      0      6.32191
31      2      195      0      1      3      200      0      6.19048
31      2      196      0      1      3      200      0      8.40135
31      2      197      0      1      3      200      0      7.35141
31      2      198      0      1      3      200      0      6.06899
31      2      199      0      1      3      200      0      4.92384
31      2      200      0      1      3      200      0      7.253
31      2      201      0      1      3      200      0      6.33814
31      2      202      0      1      3      200      0      7.81465
31      2      203      0      1      3      200      0      6.34459
31      2      204      0      1      3      200      0      7.18324
31      2      205      0      1      3      200      0      6.39697
31      2      206      0      1      3      200      0      7.1871
31      2      207      0      1      3      200      0      8.10884
31      2      208      0      1      3      200      0      5.71973
31      2      209      0      1      3      200      0      7.54599
31      2      210      0      1      3      200      0      4.47994
31      2      211      0      1      3      200      0      6.11997
31      2      212      0      1      3      200      0      6.67656
31      2      213      0      1      3      200      0      9.19454
31      2      214      0      1      3      200      0      7.53623
31      2      215      0      1      3      200      0      7.42032
31      2      216      0      1      3      200      0      5.72749
31      2      217      0      1      3      200      0      7.5853
31      2      218      0      1      3      200      0      7.43983
31      2      219      0      1      3      200      0      8.10929
31      2      220      0      1      3      200      0      3.63183
31      2      221      0      1      3      200      0      8.82746
31      2      222      0      1      3      200      0      8.68026
31      2      223      0      1      3      200      0      6.57099
31      2      224      0      1      3      200      0      6.93573
31      2      225      0      1      3      200      0      5.4888
31      2      226      0      1      3      200      0      6.11997
31      2      227      0      1      3      200      0      9.57639
31      2      228      0      1      3      200      0      4.93258
31      2      229      0      1      3      200      0      6.78869
31      2      230      0      1      3      200      0      6.32204
31      2      231      0      1      3      200      0      6.463
31      2      232      0      1      3      200      0      7.59517
31      2      233      0      1      3      200      0      6.35695
31      2      234      0      1      3      200      0      7.15242
31      2      235      0      1      3      200      0      6.86155
31      2      236      0      1      3      200      0      8.06389
31      2      237      0      1      3      200      0      5.879
31      2      238      0      1      3      200      0      7.43029
31      2      239      0      1      3      200      0      8.74895
31      2      240      0      1      3      200      0      6.49273
31      2      241      0      1      3      200      0      4.90191
31      2      242      0      1      3      200      0      6.81299
31      2      243      0      1      3      200      0      11.9307
31      2      244      0      1      3      200      0      7.04183
31      2      245      0      1      3      200      0      7.15019
31      2      246      0      1      3      200      0      6.95477
31      2      247      0      1      3      200      0      5.95111
31      2      248      0      1      3      200      0      7.31657
31      2      249      0      1      3      200      0      8.87639
31      2      250      0      1      3      200      0      5.41307
31      2      251      0      1      3      200      0      6.73375
31      2      252      0      1      3      200      0      6.34105
31      2      253      0      1      3      200      0      9.91493
31      2      254      0      1      3      200      0      6.6026
31      2      255      0      1      3      200      0      7.45169
31      2      256      0      1      3      200      0      3.69457
31      2      257      0      1      3      200      0      5.78957
31      2      258      0      1      3      200      0      5.42517
31      2      259      0      1      3      200      0      5.39597
31      2      260      0      1      3      200      0      4.46428
31      2      261      0      1      3      200      0      5.67441
31      2      262      0      1      3      200      0      5.98117
31      2      263      0      1      3      200      0      6.35057
31      2      264      0      1      3      200      0      6.36346
31      2      265      0      1      3      200      0      5.58558
31      2      266      0      1      3      200      0      6.92035
31      2      267      0      1      3      200      0      6.71292
31      2      268      0      1      3      200      0      7.09096
31      2      269      0      1      3      200      0      7.5392
31      2      270      0      1      3      200      0      8.03649
31      2      271      0      1      3      200      0      4.45148
31      2      272      0      1      3      200      0      4.67015
31      2      273      0      1      3      200      0      4.33056
31      2      274      0      1      3      200      0      4.23168
31      2      275      0      1      3      200      0      6.53747
31      2      276      0      1      3      200      0      5.65858
31      2      277      0      1      3      200      0      6.40952
31      2      278      0      1      3      200      0      6.78578
31      2      279      0      1      3      200      0      7.64106
31      2      280      0      1      3      200      0      5.31599
31      2      281      0      1      3      200      0      5.16099
31      2      282      0      1      3      200      0      4.7808
31      2      283      0      1      3      200      0      6.38845
31      2      284      0      1      3      200      0      5.86743
31      2      285      0      1      3      200      0      6.78114
31      2      286      0      1      3      200      0      5.89114
31      2      287      0      1      3      200      0      3.44423
31      2      288      0      1      3      200      0      4.52784
31      2      289      0      1      3      200      0      5.89106
31      2      290      0      1      3      200      0      5.71062
31      2      291      0      1      3      200      0      4.30692
31      2      292      0      1      3      200      0      5.97541
31      2      293      0      1      3      200      0      5.73156
31      2      294      0      1      3      200      0      7.09549
31      2      295      0      1      3      200      0      5.48474
31      2      296      0      1      3      200      0      6.12644
31      2      297      0      1      3      200      0      6.59425
31      2      298      0      1      3      200      0      6.65939
31      2      299      0      1      3      200      0      6.7829
31      2      300      0      1      3      200      0      5.80099
31      2      301      0      1      3      200      0      6.10018
31      2      302      0      1      3      200      0      5.86025
31      2      303      0      1      3      200      0      5.70518
31      2      304      0      1      3      200      0      5.69657
31      2      305      0      1      3      200      0      6.41683
31      2      306      0      1      3      200      0      6.17807
31      2      307      0      1      3      200      0      7.59736
31      2      308      0      1      3      200      0      6.36696
31      2      309      0      1      3      200      0      6.49481
31      2      310      0      1      3      200      0      6.83342
31      2      311      0      1      3      200      0      5.38446
31      2      312      0      1      3      200      0      5.22377
31      2      313      0      1      3      200      0      6.29807
31      2      314      0      1      3      200      0      6.55066
31      2      315      0      1      3      200      0      5.60521
31      2      316      0      1      3      200      0      5.03105
31      2      317      0      1      3      200      0      5.72355
31      2      318      0      1      3      200      0      5.85012
31      2      319      0      1      3      200      0      6.33918
31      2      320      0      1      3      200      0      4.52105
31      2      321      0      1      3      200      0      4.2524
31      2      322      0      1      3      200      0      5.48139
31      2      323      0      1      3      200      0      5.71869
31      2      324      0      1      3      200      0      5.04378
31      2      325      0      1      3      200      0      4.84793
31      2      326      0      1      3      200      0      5.50292
31      2      327      0      1      3      200      0      5.44078
31      2      328      0      1      3      200      0      6.63399
31      2      329      0      1      3      200      0      5.62397
31      2      330      0      1      3      200      0      5.46442
31      2      331      0      1      3      200      0      4.90268
31      2      332      0      1      3      200      0      5.82681
31      2      333      0      1      3      200      0      4.66798
31      2      334      0      1      3      200      0      6.66599
31      2      335      0      1      3      200      0      5.78681
31      2      336      0      1      3      200      0      5.07896
31      2      337      0      1      3      200      0      4.58727
31      2      338      0      1      3      200      0      4.94792
31      2      339      0      1      3      200      0      3.55468
31      2      340      0      1      3      200      0      6.16267
31      2      341      0      1      3      200      0      5.6655
31      2      342      0      1      3      200      0      4.00289
31      2      343      0      1      3      200      0      5.79435
31      2      344      0      1      3      200      0      5.39244
31      2      345      0      1      3      200      0      6.17782
31      2      346      0      1      3      200      0      6.11786
31      2      347      0      1      3      200      0      5.9931
31      2      348      0      1      3      200      0      6.04601
31      2      349      0      1      3      200      0      5.79717
31      2      350      0      1      3      200      0      5.66416
31      2      351      0      1      3      200      0      6.27514
31      2      352      0      1      3      200      0      5.15778
31      2      353      0      1      3      200      0      6.68985
31      2      354      0      1      3      200      0      5.77608
31      2      355      0      1      3      200      0      6.19623
31      2      356      0      1      3      200      0      6.0928
31      2      357      0      1      3      200      0      5.88691
31      2      358      0      1      3      200      0      6.85131
31      2      359      0      1      3      200      0      5.6781
31      2      360      0      1      3      200      0      0.29626
31      2      361      0      1      3      200      0      7.21735
31      2      362      0      1      3      200      0      8.04903
31      2      363      0      1      3      200      0      6.14093
31      2      364      0      1      3      200      0      6.79227
31      2      365      0      1      3      200      0      7.43929
31      2      366      0      1      3      200      0      6.21604
31      2      367      0      1      3      200      0      6.91292
31      2      368      0      1      3      200      0      5.88419
31      2      369      0      1      3      200      0      5.88792
31      2      370      0      1      3      200      0      7.14741
31      2      371      0      1      3      200      0      7.44522
31      2      372      0      1      3      200      0      6.28145
31      2      373      0      1      3      200      0      5.90671
31      2      374      0      1      3      200      0      6.77803
31      2      375      0      1      3      200      0      6.5378
31      2      376      0      1      3      200      0      7.5823
31      2      377      0      1      3      200      0      6.62446
31      2      378      0      1      3      200      0      6.21781
31      2      379      0      1      3      200      0      5.99245
31      2      380      0      1      3      200      0      4.86459
31      2      381      0      1      3      200      0      7.04337
31      2      382      0      1      3      200      0      5.90109
31      2      383      0      1      3      200      0      6.45302
31      2      384      0      1      3      200      0      11.6528
31      2      385      0      1      3      200      0      12.578
31      2      386      0      1      3      200      0      13.3871
31      2      387      0      1      3      200      0      12.6335
31      2      388      0      1      3      200      0      12.1764
31      2      389      0      1      3      200      0      13.0971
31      2      390      0      1      3      200      0      13.388
31      2      391      0      1      3      200      0      16.1196
31      2      392      0      1      3      200      0      12.603
31      2      393      0      1      3      200      0      12.535
31      2      394      0      1      3      200      0      12.7677
31      2      395      0      1      3      200      0      12.8064
31      2      396      0      1      3      200      0      13.6465
31      2      397      0      1      3      200      0      13.8765
31      2      398      0      1      3      200      0      13.1847
31      2      399      0      1      3      200      0      12.8997
31      2      400      0      1      3      200      0      11.3689
31      2      401      0      1      3      200      0      12.7728
31      2      402      0      1      3      200      0      12.497
31      2      403      0      1      3      200      0      13.6153
31      2      404      0      1      3      200      0      12.2558
31      2      405      0      1      3      200      0      18.2195
31      2      406      0      1      3      200      0      13.6447
31      2      407      0      1      3      200      0      12.7334
31      2      408      0      1      3      200      0      13.262
31      2      409      0      1      3      200      0      14.9952
31      2      410      0      1      3      200      0      14.7328
31      2      411      0      1      3      200      0      13.2591
31      2      412      0      1      3      200      0      14.2286
31      2      413      0      1      3      200      0      10.3116
31      2      414      0      1      3      200      0      10.8601
31      2      415      0      1      3      200      0      13.4211
31      2      416      0      1      3      200      0      11.3275
31      2      417      0      1      3      200      0      12.256
31      2      418      0      1      3      200      0      11.9483
31      2      419      0      1      3      200      0      12.5458
31      2      420      0      1      3      200      0      13.4815
31      2      421      0      1      3      200      0      13.3911
31      2      422      0      1      3      200      0      13.0463
31      2      423      0      1      3      200      0      6.69795
31      2      424      0      1      3      200      0      13.9822
31      2      425      0      1      3      200      0      12.4107
31      2      426      0      1      3      200      0      13.7667
31      2      427      0      1      3      200      0      11.8868
31      2      428      0      1      3      200      0      13.6372
31      2      429      0      1      3      200      0      14.2632
31      2      430      0      1      3      200      0      13.3601
31      2      431      0      1      3      200      0      12.831
31      2      432      0      1      3      200      0      13.4059
31      2      433      0      1      3      200      0      12.7448
31      2      434      0      1      3      200      0      12.1742
31      2      435      0      1      3      200      0      12.1993
31      2      436      0      1      3      200      0      12.141
31      2      437      0      1      3      200      0      12.7475
31      2      438      0      1      3      200      0      13.6358
31      2      439      0      1      3      200      0      5.49122
31      2      440      0      1      3      200      0      12.8747
31      2      441      0      1      3      200      0      13.1069
31      2      442      0      1      3      200      0      12.4578
31      2      443      0      1      3      200      0      12.5547
31      2      444      0      1      3      200      0      12.1515
31      2      445      0      1      3      200      0      12.663
31      2      446      0      1      3      200      0      12.6739
31      2      447      0      1      3      200      0      13.2773
31      2      448      0      1      3      200      0      11.7369
31      2      449      0      1      3      200      0      12.5285
31      2      450      0      1      3      200      0      13.8288
31      2      451      0      1      3      200      0      13.498
31      2      452      0      1      3      200      0      14.4371
31      2      453      0      1      3      200      0      14.2594
31      2      454      0      1      3      200      0      14.8737
31      2      455      0      1      3      200      0      13.3023
31      2      456      0      1      3      200      0      18.6919
31      2      457      0      1      3      200      0      14.177
31      2      458      0      1      3      200      0      13.7503
31      2      459      0      1      3      200      0      14.089
31      2      460      0      1      3      200      0      13.6976
31      2      461      0      1      3      200      0      13.2952
31      2      462      0      1      3      0      0      37.7596
31      2      463      0      1      3      200      0      12.7101
31      2      464      0      1      3      200      0      12.5953
31      2      465      0      1      3      200      0      13.7715
31      2      466      0      1      3      200      0      14.281
31      2      467      0      1      3      200      0      14.443
31      2      468      0      1      3      200      0      13.8737
31      2      469      0      1      3      200      0      15.4661
31      2      470      0      1      3      200      0      13.6081
31      2      471      0      1      3      200      0      14.3952
31      3      0      0      1      3      200      0      12.6559
31      3      1      0      1      3      200      0      12.8348
31      3      2      0      1      3      200      0      12.9026
31      3      3      0      1      3      200      0      12.9164
31      3      4      0      1      3      200      0      14.0048
31      3      5      0      1      3      200      0      14.0764
31      3      6      0      1      3      200      0      13.5177
31      3      7      0      1      3      200      0      13.0072
31      3      8      0      1      3      200      0      14.9139
31      3      9      0      1      3      200      0      13.5152
31      3      10      0      1      3      200      0      13.9688
31      3      11      0      1      3      200      0      13.0672
31      3      12      0      1      3      200      0      14.4195
31      3      13      0      1      3      200      0      14.3901
31      3      14      0      1      3      200      0      13.8292
31      3      15      0      1      3      200      0      12.2321
31      3      16      0      1      3      200      0      14.4041
31      3      17      0      1      3      200      0      14.1648
31      3      18      0      1      3      200      0      13.7754
31      3      19      0      1      3      200      0      14.7345
31      3      20      0      1      3      200      0      13.9838
31      3      21      0      1      3      200      0      12.3632
31      3      22      0      1      3      200      0      13.6975
31      3      23      0      1      3      200      0      13.0933
31      3      24      0      1      3      200      0      13.58
31      3      25      0      1      3      200      0      13.0777
31      3      26      0      1      3      200      0      14.1552
31      3      27      0      1      3      200      0      14.3661
31      3      28      0      1      3      200      0      12.6122
31      3      29      0      1      3      200      0      13.4966
31      3      30      0      1      3      200      0      12.8935
31      3      31      0      1      3      200      0      12.9925
31      3      32      0      1      3      200      0      13.0625
31      3      33      0      1      3      200      0      12.1593
31      3      34      0      1      3      200      0      14.2925
31      3      35      0      1      3      200      0      13.3451
31      3      36      0      1      3      200      0      12.7815
31      3      37      0      1      3      200      0      13.8937
31      3      38      0      1      3      200      0      14.3238
31      3      39      0      1      3      200      0      14.0003
31      3      40      0      1      3      200      0      14.0536
31      3      41      0      1      3      200      0      17.3011
31      3      42      0      1      3      200      0      13.2425
31      3      43      0      1      3      200      0      14.2079
31      3      44      0      1      3      200      0      14.7487
31      3      45      0      1      3      200      0      14.7307
31      3      46      0      1      3      200      0      13.148
31      3      47      0      1      3      200      0      14.3239
31      3      48      0      1      3      200      0      12.1267
31      3      49      0      1      3      200      0      13.3319
31      3      50      0      1      3      200      0      14.385
31      3      51      0      1      3      200      0      18.195
31      3      52      0      1      3      200      0      13.8609
31      3      53      0      1      3      200      0      15.2001
31      3      54      0      1      3      200      0      12.4604
31      3      55      0      1      3      200      0      13.7656
31      3      56      0      1      3      200      0      13.5665
31      3      57      0      1      3      200      0      14.1338
31      3      58      0      1      3      200      0      13.5388
31      3      59      0      1      3      200      0      13.9179
31      3      60      0      1      3      200      0      12.6907
31      3      61      0      1      3      200      0      13.9855
31      3      62      0      1      3      200      0      14.0929
31      3      63      0      1      3      200      0      12.5185
31      3      64      0      1      3      0      0      0
31      3      65      0      1      3      200      0      13.9546
31      3      66      0      1      3      200      0      15.4359
31      3      67      0      1      3      200      0      14.7764
31      3      68      0      1      3      200      0      15.2047
31      3      69      0      1      3      200      0      13.3197
31      3      70      0      1      3      200      0      13.7452
31      3      71      0      1      3      200      0      14.1897
31      3      72      0      1      3      200      0      15.1969
31      3      73      0      1      3      200      0      14.2925
31      3      74      0      1      3      200      0      14.4009
31      3      75      0      1      3      200      0      14.7016
31      3      76      0      1      3      200      0      15.4276
31      3      77      0      1      3      200      0      12.5013
31      3      78      0      1      3      200      0      16.206
31      3      79      0      1      3      200      0      14.832
31      3      80      0      1      3      200      0      14.0892
31      3      81      0      1      3      200      0      14.9921
31      3      82      0      1      3      200      0      13.5605
31      3      83      0      1      3      200      0      14.9264
31      3      84      0      1      3      200      0      13.2439
31      3      85      0      1      3      200      0      16.1275
31      3      86      0      1      3      200      0      15.1854
31      3      87      0      1      3      200      0      16.0205
31      3      88      0      1      3      200      0      14.9315
31      3      89      0      1      3      200      0      14.5332
31      3      90      0      1      3      200      0      14.2063
31      3      91      0      1      3      200      0      12.4357
31      3      92      0      1      3      200      0      12.2725
31      3      93      0      1      3      200      0      13.3607
31      3      94      0      1      3      200      0      12.6956
31      3      95      0      1      3      200      0      13.9607
31      3      96      0      1      3      200      0      6.56811
31      3      97      0      1      3      200      0      8.40472
31      3      98      0      1      3      200      0      9.14234
31      3      99      0      1      3      200      0      7.81458
31      3      100      0      1      3      200      0      9.81735
31      3      101      0      1      3      200      0      7.39948
31      3      102      0      1      3      200      0      8.63556
31      3      103      0      1      3      200      0      7.36422
31      3      104      0      1      3      200      0      8.79137
31      3      105      0      1      3      200      0      8.06424
31      3      106      0      1      3      200      0      6.8288
31      3      107      0      1      3      200      0      8.11653
31      3      108      0      1      3      200      0      12.1692
31      3      109      0      1      3      200      0      8.51686
31      3      110      0      1      3      200      0      7.30539
31      3      111      0      1      3      200      0      6.97323
31      3      112      0      1      3      200      0      11.0312
31      3      113      0      1      3      200      0      7.25911
31      3      114      0      1      3      200      0      9.83403
31      3      115      0      1      3      200      0      8.23549
31      3      116      0      1      3      200      0      7.28649
31      3      117      0      1      3      200      0      7.90967
31      3      118      0      1      3      200      0      9.77006
31      3      119      0      1      3      200      0      6.99327
31      3      120      0      1      3      200      0      9.36836
31      3      121      0      1      3      200      0      7.63674
31      3      122      0      1      3      200      0      8.39317
31      3      123      0      1      3      200      0      7.42646
31      3      124      0      1      3      200      0      6.73874
31      3      125      0      1      3      200      0      7.27225
31      3      126      0      1      3      200      0      6.61952
31      3      127      0      1      3      200      0      12.2158
31      3      128      0      1      3      200      0      7.97578
31      3      129      0      1      3      200      0      6.00689
31      3      130      0      1      3      200      0      7.51007
31      3      131      0      1      3      200      0      6.76413
31      3      132      0      1      3      200      0      10.6263
31      3      133      0      1      3      200      0      7.28314
31      3      134      0      1      3      200      0      5.16015
31      3      135      0      1      3      200      0      7.32326
31      3      136      0      1      3      200      0      9.03093
31      3      137      0      1      3      200      0      7.48617
31      3      138      0      1      3      200      0      10.3922
31      3      139      0      1      3      200      0      7.03684
31      3      140      0      1      3      200      0      4.69684
31      3      141      0      1      3      200      0      10.7649
31      3      142      0      1      3      200      0      7.77171
31      3      143      0      1      3      200      0      7.00552
31      3      144      0      1      3      200      0      8.20095
31      3      145      0      1      3      200      0      7.87078
31      3      146      0      1      3      200      0      7.96968
31      3      147      0      1      3      200      0      9.00721
31      3      148      0      1      3      200      0      7.89362
31      3      149      0      1      3      200      0      7.59956
31      3      150      0      1      3      200      0      9.64454
31      3      151      0      1      3      200      0      7.95148
31      3      152      0      1      3      200      0      7.41866
31      3      153      0      1      3      200      0      9.26958
31      3      154      0      1      3      200      0      13.8734
31      3      155      0      1      3      200      0      9.38374
31      3      156      0      1      3      200      0      6.69904
31      3      157      0      1      3      200      0      8.19176
31      3      158      0      1      3      200      0      7.49994
31      3      159      0      1      3      200      0      6.44373
31      3      160      0      1      3      200      0      6.75504
31      3      161      0      1      3      200      0      7.11846
31      3      162      0      1      3      200      0      6.74712
31      3      163      0      1      3      200      0      7.11285
31      3      164      0      1      3      200      0      8.75453
31      3      165      0      1      3      200      0      15.4613
31      3      166      0      1      3      200      0      9.01287
31      3      167      0      1      3      200      0      7.08672
31      3      168      0      1      3      200      0      7.82523
31      3      169      0      1      3      200      0      8.95278
31      3      170      0      1      3      200      0      8.99242
31      3      171      0      1      3      200      0      8.79715
31      3      172      0      1      3      200      0      8.38466
31      3      173      0      1      3      200      0      9.14523
31      3      174      0      1      3      200      0      7.82582
31      3      175      0      1      3      200      0      7.11422
31      3      176      0      1      3      200      0      9.18483
31      3      177      0      1      3      200      0      9.38017
31      3      178      0      1      3      200      0      8.46425
31      3      179      0      1      3      200      0      9.6607
31      3      180      0      1      3      200      0      8.16174
31      3      181      0      1      3      200      0      10.6777
31      3      182      0      1      3      200      0      6.8085
31      3      183      0      1      3      200      0      9.23662
31      3      184      0      1      3      200      0      7.36951
31      3      185      0      1      3      200      0      14.1938
31      3      186      0      1      3      200      0      6.90859
31      3      187      0      1      3      200      0      7.40384
31      3      188      0      1      3      200      0      8.03226
31      3      189      0      1      3      200      0      8.33656
31      3      190      0      1      3      200      0      8.46105
31      3      191      0      1      3      200      0      8.28223
31      3      192      0      1      3      200      0      7.48131
31      3      193      0      1      3      200      0      7.97377
31      3      194      0      1      3      200      0      6.09951
31      3      195      0      1      3      200      0      6.74002
31      3      196      0      1      3      200      0      7.75913
31      3      197      0      1      3      200      0      8.00276
31      3      198      0      1      3      200      0      8.94393
31      3      199      0      1      3      200      0      5.18089
31      3      200      0      1      3      200      0      7.42024
31      3      201      0      1      3      200      0      7.55023
31      3      202      0      1      3      200      0      9.43201
31      3      203      0      1      3      200      0      8.16931
31      3      204      0      1      3      200      0      9.21987
31      3      205      0      1      3      200      0      7.80878
31      3      206      0      1      3      200      0      9.35728
31      3      207      0      1      3      200      0      9.26289
31      3      208      0      1      3      200      0      6.72726
31      3      209      0      1      3      200      0      7.51785
31      3      210      0      1      3      200      0      7.51266
31      3      211      0      1      3      200      0      7.68908
31      3      212      0      1      3      200      0      7.95559
31      3      213      0      1      3      200      0      10.4856
31      3      214      0      1      3      200      0      9.1072
31      3      215      0      1      3      200      0      7.50586
31      3      216      0      1      3      200      0      7.10006
31      3      217      0      1      3      200      0      7.6022
31      3      218      0      1      3      200      0      9.99267
31      3      219      0      1      3      200      0      8.17875
31      3      220      0      1      3      200      0      7.21717
31      3      221      0      1      3      200      0      7.00205
31      3      222      0      1      3      200      0      7.38998
31      3      223      0      1      3      200      0      7.99164
31      3      224      0      1      3      200      0      7.95091
31      3      225      0      1      3      200      0      7.60168
31      3      226      0      1      3      200      0      8.97485
31      3      227      0      1      3      200      0      6.20264
31      3      228      0      1      3      200      0      7.89365
31      3      229      0      1      3      200      0      7.95058
31      3      230      0      1      3      200      0      8.94139
31      3      231      0      1      3      200      0      9.08101
31      3      232      0      1      3      200      0      9.83343
31      3      233      0      1      3      200      0      6.64879
31      3      234      0      1      3      200      0      7.80824
31      3      235      0      1      3      200      0      8.58106
31      3      236      0      1      3      200      0      6.60599
31      3      237      0      1      3      200      0      8.5014
31      3      238      0      1      3      200      0      7.05823
31      3      239      0      1      3      200      0      8.66097
31      3      240      0      1      3      200      0      12.8445
31      3      241      0      1      3      200      0      7.90721
31      3      242      0      1      3      200      0      9.68518
31      3      243      0      1      3      200      0      7.95902
31      3      244      0      1      3      200      0      8.33247
31      3      245      0      1      3      200      0      8.86486
31      3      246      0      1      3      200      0      6.42687
31      3      247      0      1      3      200      0      7.89012
31      3      248      0      1      3      200      0      10.0961
31      3      249      0      1      3      200      0      8.46128
31      3      250      0      1      3      200      0      6.39128
31      3      251      0      1      3      200      0      8.0045
31      3      252      0      1      3      200      0      8.07182
31      3      253      0      1      3      200      0      6.97649
31      3      254      0      1      3      200      0      8.4557
31      3      255      0      1      3      200      0      7.31562
31      3      256      0      1      3      200      0      8.91829
31      3      257      0      1      3      200      0      7.17021
31      3      258      0      1      3      200      0      7.44972
31      3      259      0      1      3      200      0      8.03922
31      3      260      0      1      3      200      0      8.18797
31      3      261      0      1      3      200      0      7.45542
31      3      262      0      1      3      200      0      4.7582
31      3      263      0      1      3      200      0      8.26229
31      3      264      0      1      3      200      0      9.28265
31      3      265      0      1      3      200      0      7.08304
31      3      266      0      1      3      200      0      8.80868
31      3      267      0      1      3      200      0      12.7612
31      3      268      0      1      3      200      0      8.93298
31      3      269      0      1      3      200      0      7.97519
31      3      270      0      1      3      200      0      7.51
31      3      271      0      1      3      200      0      6.12299
31      3      272      0      1      3      200      0      7.65394
31      3      273      0      1      3      200      0      7.63098
31      3      274      0      1      3      200      0      9.05965
31      3      275      0      1      3      200      0      9.52119
31      3      276      0      1      3      200      0      8.90725
31      3      277      0      1      3      200      0      9.37674
31      3      278      0      1      3      200      0      8.33055
31      3      279      0      1      3      200      0      7.95956
31      3      280      0      1      3      200      0      6.50006
31      3      281      0      1      3      200      0      7.18742
31      3      282      0      1      3      200      0      7.58254
31      3      283      0      1      3      200      0      8.21496
31      3      284      0      1      3      200      0      7.83897
31      3      285      0      1      3      200      0      7.02691
31      3      286      0      1      3      200      0      7.59408
31      3      287      0      1      3      200      0      6.5108
31      3      288      0      1      3      200      0      6.95529
31      3      289      0      1      3      200      0      7.16563
31      3      290      0      1      3      200      0      7.59088
31      3      291      0      1      3      200      0      7.71483
31      3      292      0      1      3      200      0      8.24773
31      3      293      0      1      3      200      0      7.39168
31      3      294      0      1      3      200      0      8.43495
31      3      295      0      1      3      200      0      6.51793
31      3      296      0      1      3      200      0      6.34776
31      3      297      0      1      3      200      0      4.26345
31      3      298      0      1      3      200      0      8.3148
31      3      299      0      1      3      200      0      7.70735
31      3      300      0      1      3      200      0      7.63957
31      3      301      0      1      3      200      0      7.94253
31      3      302      0      1      3      200      0      6.95524
31      3      303      0      1      3      200      0      9.13585
31      3      304      0      1      3      200      0      6.82098
31      3      305      0      1      3      200      0      7.39458
31      3      306      0      1      3      200      0      6.83946
31      3      307      0      1      3      200      0      7.69845
31      3      308      0      1      3      200      0      6.13615
31      3      309      0      1      3      200      0      8.68744
31      3      310      0      1      3      200      0      7.03364
31      3      311      0      1      3      200      0      7.13683
31      3      312      0      1      3      200      0      6.35707
31      3      313      0      1      3      200      0      6.86826
31      3      314      0      1      3      200      0      7.15496
31      3      315      0      1      3      200      0      6.54714
31      3      316      0      1      3      200      0      6.30376
31      3      317      0      1      3      200      0      7.16279
31      3      318      0      1      3      200      0      6.8682
31      3      319      0      1      3      200      0      6.29414
31      3      320      0      1      3      200      0      5.30752
31      3      321      0      1      3      200      0      6.89606
31      3      322      0      1      3      200      0      7.10988
31      3      323      0      1      3      200      0      7.02176
31      3      324      0      1      3      200      0      8.08093
31      3      325      0      1      3      200      0      7.93337
31      3      326      0      1      3      200      0      7.83009
31      3      327      0      1      3      200      0      7.7216
31      3      328      0      1      3      200      0      7.51567
31      3      329      0      1      3      200      0      6.97983
31      3      330      0      1      3      200      0      6.78583
31      3      331      0      1      3      200      0      8.37311
31      3      332      0      1      3      200      0      8.78152
31      3      333      0      1      3      200      0      7.5152
31      3      334      0      1      3      200      0      6.3791
31      3      335      0      1      3      200      0      7.36598
31      3      336      0      1      3      200      0      7.70441
31      3      337      0      1      3      200      0      7.64875
31      3      338      0      1      3      200      0      7.15329
31      3      339      0      1      3      200      0      8.14162
31      3      340      0      1      3      200      0      7.38071
31      3      341      0      1      3      200      0      7.95177
31      3      342      0      1      3      200      0      8.08231
31      3      343      0      1      3      200      0      7.81479
31      3      344      0      1      3      200      0      7.96507
31      3      345      0      1      3      200      0      7.86553
31      3      346      0      1      3      200      0      7.49332
31      3      347      0      1      3      200      0      7.2239
31      3      348      0      1      3      200      0      7.67765
31      3      349      0      1      3      200      0      7.91052
31      3      350      0      1      3      200      0      7.03526
31      3      351      0      1      3      200      0      6.80281
31      3      352      0      1      3      200      0      6.57202
31      3      353      0      1      3      200      0      7.30778
31      3      354      0      1      3      200      0      7.54749
31      3      355      0      1      3      200      0      7.66902
31      3      356      0      1      3      200      0      9.52284
31      3      357      0      1      3      200      0      7.29773
31      3      358      0      1      3      200      0      7.88708
31      3      359      0      1      3      200      0      7.2998
31      3      360      0      1      3      200      0      8.14565
31      3      361      0      1      3      200      0      8.24944
31      3      362      0      1      3      200      0      7.86142
31      3      363      0      1      3      200      0      7.36133
31      3      364      0      1      3      200      0      7.4187
31      3      365      0      1      3      200      0      6.25434
31      3      366      0      1      3      200      0      7.84243
31      3      367      0      1      3      200      0      7.66034
31      3      368      0      1      3      200      0      7.18975
31      3      369      0      1      3      200      0      7.38321
31      3      370      0      1      3      200      0      7.31596
31      3      371      0      1      3      200      0      7.87873
31      3      372      0      1      3      200      0      8.09251
31      3      373      0      1      3      200      0      7.69896
31      3      374      0      1      3      200      0      7.20867
31      3      375      0      1      3      200      0      7.87641
31      3      376      0      1      3      200      0      7.51201
31      3      377      0      1      3      200      0      7.46033
31      3      378      0      1      3      200      0      7.12051
31      3      379      0      1      3      200      0      7.68744
31      3      380      0      1      3      200      0      6.63708
31      3      381      0      1      3      200      0      7.66399
31      3      382      0      1      3      200      0      7.6405
31      3      383      0      1      3      200      0      7.51175
31      3      384      0      1      3      200      0      9.51049
31      3      385      0      1      3      200      0      7.00246
31      3      386      0      1      3      0      0      0
31      3      387      0      1      3      200      0      7.13107
31      3      388      0      1      3      200      0      7.69866
31      3      389      0      1      3      200      0      6.9769
31      3      390      0      1      3      200      0      7.24465
31      3      391      0      1      3      200      0      7.40033
31      3      392      0      1      3      200      0      7.43907
31      3      393      0      1      3      200      0      7.10568
31      3      394      0      1      3      200      0      7.2676
31      3      395      0      1      3      200      0      7.2471
31      3      396      0      1      3      200      0      7.30688
31      3      397      0      1      3      200      0      7.17241
31      3      398      0      1      3      200      0      7.77223
31      3      399      0      1      3      200      0      7.6559
31      3      400      0      1      3      200      0      7.36301
31      3      401      0      1      3      200      0      7.55708
31      3      402      0      1      3      200      0      7.08306
31      3      403      0      1      3      200      0      6.7384
31      3      404      0      1      3      200      0      7.15163
31      3      405      0      1      3      200      0      7.01577
31      3      406      0      1      3      200      0      7.37011
31      3      407      0      1      3      200      0      6.88039
31      3      408      0      1      3      200      0      7.01591
31      3      409      0      1      3      200      0      7.63982
31      3      410      0      1      3      200      0      7.12721
31      3      411      0      1      3      200      0      7.49856
31      3      412      0      1      3      200      0      7.10045
31      3      413      0      1      3      200      0      7.29184
31      3      414      0      1      3      200      0      6.84879
31      3      415      0      1      3      200      0      7.25676
31      3      416      0      1      3      200      0      6.90569
31      3      417      0      1      3      200      0      6.53087
31      3      418      0      1      3      200      0      6.89817
31      3      419      0      1      3      200      0      6.97948
31      3      420      0      1      3      200      0      8.09084
31      3      421      0      1      3      200      0      7.14546
31      3      422      0      1      3      200      0      8.14486
31      3      423      0      1      3      200      0      7.65768
31      3      424      0      1      3      200      0      7.70585
31      3      425      0      1      3      200      0      6.8146
31      3      426      0      1      3      200      0      7.33496
31      3      427      0      1      3      200      0      7.55102
31      3      428      0      1      3      200      0      7.61212
31      3      429      0      1      3      200      0      6.96933
31      3      430      0      1      3      200      0      7.44404
31      3      431      0      1      3      200      0      7.66707
31      3      432      0      1      3      200      0      7.54173
31      3      433      0      1      3      200      0      7.86721
31      3      434      0      1      3      200      0      7.58682
31      3      435      0      1      3      200      0      8.6266
31      3      436      0      1      3      200      0      6.93171
31      3      437      0      1      3      200      0      7.77107
31      3      438      0      1      3      200      0      7.5843
31      3      439      0      1      3      200      0      7.1855
31      3      440      0      1      3      200      0      7.21247
31      3      441      0      1      3      200      0      7.12819
31      3      442      0      1      3      200      0      7.22956
31      3      443      0      1      3      200      0      6.78035
31      3      444      0      1      3      200      0      7.06392
31      3      445      0      1      3      200      0      7.5674
31      3      446      0      1      3      200      0      6.43701
31      3      447      0      1      3      200      0      6.65144
31      3      448      0      1      3      200      0      6.58331
31      3      449      0      1      3      200      0      6.94168
31      3      450      0      1      3      200      0      6.5067
31      3      451      0      1      3      200      0      6.62954
31      3      452      0      1      3      200      0      7.18166
31      3      453      0      1      3      200      0      6.83075
31      3      454      0      1      3      200      0      6.78297
31      3      455      0      1      3      200      0      6.47629
31      3      456      0      1      3      200      0      7.28213
31      3      457      0      1      3      200      0      7.14043
31      3      458      0      1      3      200      0      7.04213
31      3      459      0      1      3      200      0      6.33404
31      3      460      0      1      3      200      0      6.6986
31      3      461      0      1      3      200      0      6.35566
31      3      462      0      1      3      200      0      6.26653
31      3      463      0      1      3      200      0      6.56581
31      3      464      0      1      3      200      0      6.42024
31      3      465      0      1      3      200      0      6.9204
31      3      466      0      1      3      200      0      6.52709
31      3      467      0      1      3      200      0      7.70921
31      3      468      0      1      3      200      0      6.7831
31      3      469      0      1      3      200      0      7.24563
31      3      470      0      1      3      200      0      6.48813
31      3      471      0      1      3      200      0      7.05206
31      3      472      0      1      3      200      0      6.56072
31      3      473      0      1      3      200      0      7.06894
31      3      474      0      1      3      200      0      6.80802
31      3      475      0      1      3      200      0      6.04859
31      3      476      0      1      3      200      0      6.29718
31      3      477      0      1      3      200      0      7.32139
31      3      478      0      1      3      200      0      6.61378
31      3      479      0      1      3      200      0      6.31105
31      3      480      0      1      3      200      0      5.79791
31      3      481      0      1      3      200      0      6.35536
31      3      482      0      1      3      200      0      6.25702
31      3      483      0      1      3      200      0      6.56137
31      3      484      0      1      3      200      0      7.83048
31      3      485      0      1      3      200      0      6.24353
31      3      486      0      1      3      200      0      7.31746
31      3      487      0      1      3      200      0      6.33365
31      3      488      0      1      3      200      0      7.2002
31      3      489      0      1      3      200      0      6.68342
31      3      490      0      1      3      200      0      7.51931
31      3      491      0      1      3      200      0      6.23714
31      3      492      0      1      3      200      0      7.1419
31      3      493      0      1      3      200      0      6.79015
31      3      494      0      1      3      200      0      6.63179
31      3      495      0      1      3      200      0      6.88609
31      3      496      0      1      3      200      0      6.51893
31      3      497      0      1      3      200      0      6.58979
31      3      498      0      1      3      200      0      6.3144
31      3      499      0      1      3      200      0      7.22512
31      3      500      0      1      3      200      0      6.15508
31      3      501      0      1      3      200      0      6.80822
31      3      502      0      1      3      200      0      6.72028
31      3      503      0      1      3      200      0      7.0771
31      3      504      0      1      3      200      0      6.71292
31      3      505      0      1      3      200      0      6.94651
31      3      506      0      1      3      200      0      7.18775
31      3      507      0      1      3      200      0      6.10468
31      3      508      0      1      3      200      0      6.90602
31      3      509      0      1      3      200      0      7.16458
31      3      510      0      1      3      200      0      6.57882
31      3      511      0      1      3      200      0      6.77153
31      3      512      0      1      3      200      0      5.91043
31      3      513      0      1      3      200      0      6.95755
31      3      514      0      1      3      200      0      7.13748
31      3      515      0      1      3      200      0      6.87506
31      3      516      0      1      3      200      0      7.79339
31      3      517      0      1      3      200      0      6.71784
31      3      518      0      1      3      200      0      6.92574
31      3      519      0      1      3      200      0      6.71846
31      3      520      0      1      3      200      0      7.33991
31      3      521      0      1      3      200      0      6.58301
31      3      522      0      1      3      200      0      6.86703
31      3      523      0      1      3      200      0      7.4461
31      3      524      0      1      3      200      0      7.56744
31      3      525      0      1      3      200      0      6.93093
31      3      526      0      1      3      200      0      7.22646
31      3      527      0      1      3      200      0      7.57743
31      3      528      0      1      3      200      0      7.29044
31      3      529      0      1      3      200      0      7.36103
31      3      530      0      1      3      200      0      7.32001
31      3      531      0      1      3      200      0      7.31296
31      3      532      0      1      3      200      0      6.56684
31      3      533      0      1      3      200      0      6.57892
31      3      534      0      1      3      200      0      7.40217
31      3      535      0      1      3      200      0      7.29838
31      3      536      0      1      3      200      0      6.42209
31      3      537      0      1      3      200      0      7.2668
31      3      538      0      1      3      200      0      7.0628
31      3      539      0      1      3      200      0      5.60099
31      3      540      0      1      3      200      0      6.68118
31      3      541      0      1      3      200      0      6.13223
31      3      542      0      1      3      200      0      6.3318
31      3      543      0      1      3      200      0      6.07816
31      3      544      0      1      3      200      0      6.15318
31      3      545      0      1      3      200      0      7.01352
31      3      546      0      1      3      200      0      7.08329
31      3      547      0      1      3      200      0      6.47572
31      3      548      0      1      3      200      0      6.51912
31      3      549      0      1      3      200      0      6.64301
31      3      550      0      1      3      200      0      6.82974
31      3      551      0      1      3      200      0      6.40849
31      3      552      0      1      3      200      0      7.05663
31      3      553      0      1      3      200      0      5.99144
31      3      554      0      1      3      200      0      6.75307
31      3      555      0      1      3      200      0      6.38902
31      3      556      0      1      3      200      0      7.0034
31      3      557      0      1      3      200      0      7.26898
31      3      558      0      1      3      200      0      7.24511
31      3      559      0      1      3      200      0      7.10852
31      3      560      0      1      3      200      0      7.29373
31      3      561      0      1      3      200      0      6.94188
31      3      562      0      1      3      200      0      6.55251
31      3      563      0      1      3      200      0      7.0066
31      3      564      0      1      3      200      0      6.81176
31      3      565      0      1      3      200      0      7.30227
31      3      566      0      1      3      200      0      6.83532
31      3      567      0      1      3      200      0      6.75908
31      3      568      0      1      3      200      0      6.65279
31      3      569      0      1      3      200      0      6.63291
31      3      570      0      1      3      200      0      6.9515
31      3      571      0      1      3      200      0      6.62989
31      3      572      0      1      3      200      0      6.32073
31      3      573      0      1      3      200      0      6.044
31      3      574      0      1      3      200      0      6.85487
31      3      575      0      1      3      200      0      5.99789
31      3      576      0      1      3      200      0      6.4456
31      3      577      0      1      3      200      0      6.84411
31      3      578      0      1      3      200      0      6.75748
31      3      579      0      1      3      200      0      7.26363
31      3      580      0      1      3      200      0      6.56504
31      3      581      0      1      3      200      0      6.8168
31      3      582      0      1      3      200      0      7.00281
31      3      583      0      1      3      200      0      6.27489
31      3      584      0      1      3      200      0      6.8212
31      3      585      0      1      3      200      0      6.51665
31      3      586      0      1      3      200      0      6.75288
31      3      587      0      1      3      200      0      7.21046
31      3      588      0      1      3      200      0      7.89231
31      3      589      0      1      3      200      0      7.1931
31      3      590      0      1      3      200      0      7.49161
31      3      591      0      1      3      200      0      7.07183
31      3      592      0      1      3      200      0      7.37483
31      3      593      0      1      3      200      0      6.91186
31      3      594      0      1      3      200      0      6.99557
31      3      595      0      1      3      200      0      6.95698
31      3      596      0      1      3      200      0      6.69957
31      3      597      0      1      3      200      0      7.16953
31      3      598      0      1      3      200      0      6.13264
31      3      599      0      1      3      200      0      6.57689
31      3      600      0      1      3      200      0      6.4043
31      3      601      0      1      3      200      0      7.17547
31      3      602      0      1      3      200      0      6.79156
31      3      603      0      1      3      200      0      6.20495
31      3      604      0      1      3      200      0      6.80151
31      3      605      0      1      3      200      0      6.24938
31      3      606      0      1      3      200      0      6.26164
31      3      607      0      1      3      200      0      5.77066
31      3      608      0      1      3      200      0      4.99474
31      3      609      0      1      3      200      0      6.28198
31      3      610      0      1      3      200      0      7.27445
31      3      611      0      1      3      200      0      6.34218
31      3      612      0      1      3      200      0      7.48126
31      3      613      0      1      3      200      0      6.39684
31      3      614      0      1      3      200      0      6.67936
31      3      615      0      1      3      200      0      6.67648
31      3      616      0      1      3      200      0      8.2477
31      3      617      0      1      3      200      0      6.49649
31      3      618      0      1      3      200      0      7.38985
31      3      619      0      1      3      200      0      7.20248
31      3      620      0      1      3      200      0      6.95758
31      3      621      0      1      3      200      0      6.4375
31      3      622      0      1      3      200      0      7.30344
31      3      623      0      1      3      200      0      7.08483
31      3      624      0      1      3      200      0      7.77506
31      3      625      0      1      3      200      0      7.21808
31      3      626      0      1      3      200      0      6.92997
31      3      627      0      1      3      200      0      6.85847
31      3      628      0      1      3      200      0      6.8303
31      3      629      0      1      3      200      0      6.75651
31      3      630      0      1      3      200      0      6.21373
31      3      631      0      1      3      200      0      6.78735
31      3      632      0      1      3      200      0      7.1569
31      3      633      0      1      3      200      0      6.85179
31      3      634      0      1      3      200      0      7.58811
31      3      635      0      1      3      200      0      6.37998
31      3      636      0      1      3      200      0      6.32999
31      3      637      0      1      3      200      0      6.72598
31      3      638      0      1      3      200      0      6.9424
31      3      639      0      1      3      200      0      6.09754
31      3      640      0      1      3      200      0      12.4694
31      3      641      0      1      3      200      0      12.6849
31      3      642      0      1      3      200      0      13.2918
31      3      643      0      1      3      200      0      13.1105
31      3      644      0      1      3      200      0      14.3051
31      3      645      0      1      3      200      0      13.3228
31      3      646      0      1      3      200      0      13.3083
31      3      647      0      1      3      200      0      13.2986
31      3      648      0      1      3      200      0      13.6182
31      3      649      0      1      3      200      0      12.8798
31      3      650      0      1      3      200      0      13.1951
31      3      651      0      1      3      200      0      13.2602
31      3      652      0      1      3      200      0      14.4729
31      3      653      0      1      3      200      0      13.2135
31      3      654      0      1      3      200      0      13.1842
31      3      655      0      1      3      200      0      13.5254
31      3      656      0      1      3      200      0      13.1339
31      3      657      0      1      3      200      0      13.0797
31      3      658      0      1      3      200      0      13.0081
31      3      659      0      1      3      200      0      13.2077
31      3      660      0      1      3      200      0      12.9755
31      3      661      0      1      3      200      0      12.9072
31      3      662      0      1      3      200      0      13.5703
31      3      663      0      1      3      200      0      13.9578
31      3      664      0      1      3      200      0      12.8708
31      3      665      0      1      3      200      0      13.2416
31      3      666      0      1      3      200      0      13.247
31      3      667      0      1      3      200      0      12.608
31      3      668      0      1      3      200      0      12.7695
31      3      669      0      1      3      200      0      13.2748
31      3      670      0      1      3      200      0      12.8949
31      3      671      0      1      3      200      0      13.683
31      3      672      0      1      3      200      0      12.4096
31      3      673      0      1      3      200      0      12.6894
31      3      674      0      1      3      200      0      13.2297
31      3      675      0      1      3      200      0      12.8035
31      3      676      0      1      3      200      0      14.0579
31      3      677      0      1      3      200      0      13.411
31      3      678      0      1      3      200      0      12.9281
31      3      679      0      1      3      200      0      12.8977
31      3      680      0      1      3      200      0      13.2323
31      3      681      0      1      3      200      0      13.4514
31      3      682      0      1      3      200      0      13.4326
31      3      683      0      1      3      200      0      13.6815
31      3      684      0      1      3      200      0      13.9411
31      3      685      0      1      3      200      0      13.9154
31      3      686      0      1      3      200      0      13.0343
31      3      687      0      1      3      200      0      12.8215
31      3      688      0      1      3      200      0      13.8241
31      3      689      0      1      3      200      0      13.1093
31      3      690      0      1      3      200      0      13.3058
31      3      691      0      1      3      200      0      13.7671
31      4      0      0      1      3      200      0      13.2445
31      4      1      0      1      3      200      0      12.0501
31      4      2      0      1      3      200      0      14.0162
31      4      3      0      1      3      200      0      15.1065
31      4      4      0      1      3      200      0      20.0836
31      4      5      0      1      3      200      0      14.8132
31      4      6      0      1      3      200      0      14.1528
31      4      7      0      1      3      200      0      14.137
31      4      8      0      1      3      200      0      14.1761
31      4      9      0      1      3      200      0      14.2127
31      4      10      0      1      3      200      0      14.2175
31      4      11      0      1      3      200      0      13.5072
31      4      12      0      1      3      200      0      13.4136
31      4      13      0      1      3      200      0      12.8489
31      4      14      0      1      3      200      0      13.3367
31      4      15      0      1      3      200      0      12.9306
31      4      16      0      1      3      200      0      13.3929
31      4      17      0      1      3      200      0      13.2681
31      4      18      0      1      3      200      0      13.0783
31      4      19      0      1      3      200      0      12.9696
31      4      20      0      1      3      200      0      14.185
31      4      21      0      1      3      200      0      12.782
31      4      22      0      1      3      200      0      12.1901
31      4      23      0      1      3      200      0      14.0974
31      4      24      0      1      3      200      0      13.4192
31      4      25      0      1      3      200      0      13.4341
31      4      26      0      1      3      200      0      14.1141
31      4      27      0      1      3      200      0      14.379
31      4      28      0      1      3      200      0      13.3282
31      4      29      0      1      3      200      0      12.6496
31      4      30      0      1      3      200      0      13.4311
31      4      31      0      1      3      200      0      13.0297
31      4      32      0      1      3      200      0      6.62887
31      4      33      0      1      3      200      0      6.62142
31      4      34      0      1      3      200      0      7.53798
31      4      35      0      1      3      200      0      6.21621
31      4      36      0      1      3      200      0      7.14366
31      4      37      0      1      3      200      0      5.416
31      4      38      0      1      3      200      0      5.34355
31      4      39      0      1      3      200      0      5.9894
31      4      40      0      1      3      200      0      7.47666
31      4      41      0      1      3      200      0      7.49988
31      4      42      0      1      3      200      0      6.86928
31      4      43      0      1      3      200      0      8.00584
31      4      44      0      1      3      200      0      5.20832
31      4      45      0      1      3      200      0      8.25341
31      4      46      0      1      3      200      0      6.69845
31      4      47      0      1      3      200      0      5.66105
31      4      48      0      1      3      200      0      8.97251
31      4      49      0      1      3      200      0      6.41025
31      4      50      0      1      3      200      0      7.36561
31      4      51      0      1      3      200      0      6.49193
31      4      52      0      1      3      200      0      8.38136
31      4      53      0      1      3      200      0      6.2459
31      4      54      0      1      3      200      0      6.48898
31      4      55      0      1      3      200      0      6.51797
31      4      56      0      1      3      200      0      7.86008
31      4      57      0      1      3      200      0      6.12316
31      4      58      0      1      3      200      0      6.41572
31      4      59      0      1      3      200      0      6.53643
31      4      60      0      1      3      200      0      7.25059
31      4      61      0      1      3      200      0      7.02617
31      4      62      0      1      3      200      0      7.23708
31      4      63      0      1      3      200      0      6.71933
31      4      64      0      1      3      200      0      8.76462
31      4      65      0      1      3      200      0      8.66841
31      4      66      0      1      3      200      0      6.42853
31      4      67      0      1      3      200      0      8.29897
31      4      68      0      1      3      200      0      6.32798
31      4      69      0      1      3      200      0      6.49872
31      4      70      0      1      3      200      0      7.718
31      4      71      0      1      3      200      0      7.26563
31      4      72      0      1      3      200      0      7.2967
31      4      73      0      1      3      200      0      6.33148
31      4      74      0      1      3      200      0      7.64391
31      4      75      0      1      3      200      0      6.37087
31      4      76      0      1      3      200      0      6.86735
31      4      77      0      1      3      200      0      5.09471
31      4      78      0      1      3      200      0      6.50383
31      4      79      0      1      3      200      0      5.00121
31      4      80      0      1      3      200      0      6.60287
31      4      81      0      1      3      200      0      6.23317
31      4      82      0      1      3      200      0      7.35218
31      4      83      0      1      3      200      0      7.02073
31      4      84      0      1      3      200      0      6.59397
31      4      85      0      1      3      200      0      6.15207
31      4      86      0      1      3      200      0      6.02129
31      4      87      0      1      3      200      0      7.29423
31      4      88      0      1      3      200      0      6.39055
31      4      89      0      1      3      200      0      5.69712
31      4      90      0      1      3      200      0      6.49271
31      4      91      0      1      3      200      0      6.73239
31      4      92      0      1      3      200      0      6.38973
31      4      93      0      1      3      200      0      6.60017
31      4      94      0      1      3      200      0      6.32339
31      4      95      0      1      3      200      0      6.59568
31      4      96      0      1      3      200      0      6.06275
31      4      97      0      1      3      200      0      4.72813
31      4      98      0      1      3      200      0      6.54739
31      4      99      0      1      3      200      0      6.1011
31      4      100      0      1      3      200      0      6.91992
31      4      101      0      1      3      200      0      6.77598
31      4      102      0      1      3      200      0      7.23571
31      4      103      0      1      3      200      0      6.2466
31      4      104      0      1      3      200      0      6.71286
31      4      105      0      1      3      200      0      6.49764
31      4      106      0      1      3      200      0      6.90598
31      4      107      0      1      3      200      0      6.38692
31      4      108      0      1      3      200      0      6.84308
31      4      109      0      1      3      200      0      6.93309
31      4      110      0      1      3      200      0      6.43809
31      4      111      0      1      3      200      0      6.50386
31      4      112      0      1      3      200      0      6.8088
31      4      113      0      1      3      200      0      6.89342
31      4      114      0      1      3      200      0      6.50144
31      4      115      0      1      3      200      0      6.24574
31      4      116      0      1      3      200      0      5.9648
31      4      117      0      1      3      200      0      6.38266
31      4      118      0      1      3      200      0      6.0967
31      4      119      0      1      3      200      0      6.82
31      4      120      0      1      3      200      0      7.03622
31      4      121      0      1      3      200      0      7.27449
31      4      122      0      1      3      200      0      5.93003
31      4      123      0      1      3      200      0      5.36755
31      4      124      0      1      3      200      0      6.60725
31      4      125      0      1      3      200      0      6.0734
31      4      126      0      1      3      200      0      6.42601
31      4      127      0      1      3      200      0      6.24779
31      4      128      0      1      3      200      0      6.30292
31      4      129      0      1      3      200      0      5.05569
31      4      130      0      1      3      200      0      6.05424
31      4      131      0      1      3      200      0      4.25666
31      4      132      0      1      3      200      0      6.32811
31      4      133      0      1      3      200      0      7.57177
31      4      134      0      1      3      200      0      6.21962
31      4      135      0      1      3      200      0      6.01779
31      4      136      0      1      3      200      0      6.8891
31      4      137      0      1      3      200      0      7.17524
31      4      138      0      1      3      200      0      7.06845
31      4      139      0      1      3      200      0      6.97713
31      4      140      0      1      3      200      0      6.77611
31      4      141      0      1      3      200      0      6.80108
31      4      142      0      1      3      200      0      6.24096
31      4      143      0      1      3      200      0      6.44237
31      4      144      0      1      3      200      0      7.06942
31      4      145      0      1      3      200      0      6.93119
31      4      146      0      1      3      200      0      6.34565
31      4      147      0      1      3      200      0      7.0282
31      4      148      0      1      3      200      0      6.45732
31      4      149      0      1      3      200      0      6.48834
31      4      150      0      1      3      200      0      5.8682
31      4      151      0      1      3      200      0      7.10239
31      4      152      0      1      3      200      0      6.69941
31      4      153      0      1      3      200      0      6.64698
31      4      154      0      1      3      200      0      6.61499
31      4      155      0      1      3      200      0      7.15194
31      4      156      0      1      3      200      0      6.96516
31      4      157      0      1      3      200      0      6.03657
31      4      158      0      1      3      200      0      6.70111
31      4      159      0      1      3      200      0      6.52028
31      4      160      0      1      3      200      0      7.51972
31      4      161      0      1      3      200      0      7.76985
31      4      162      0      1      3      200      0      7.20006
31      4      163      0      1      3      200      0      6.95402
31      4      164      0      1      3      200      0      7.18748
31      4      165      0      1      3      200      0      7.76438
31      4      166      0      1      3      200      0      8.6671
31      4      167      0      1      3      200      0      8.70689
31      4      168      0      1      3      200      0      8.59861
31      4      169      0      1      3      200      0      8.54622
31      4      170      0      1      3      200      0      7.94841
31      4      171      0      1      3      200      0      6.8004
31      4      172      0      1      3      200      0      7.02993
31      4      173      0      1      3      200      0      8.90804
31      4      174      0      1      3      200      0      8.25676
31      4      175      0      1      3      200      0      8.7367
31      4      176      0      1      3      200      0      7.96687
31      4      177      0      1      3      200      0      7.86392
31      4      178      0      1      3      200      0      5.38989
31      4      179      0      1      3      200      0      8.6206
31      4      180      0      1      3      200      0      8.05299
31      4      181      0      1      3      200      0      7.95362
31      4      182      0      1      3      200      0      7.31415
31      4      183      0      1      3      200      0      8.48548
31      4      184      0      1      3      200      0      8.14466
31      4      185      0      1      3      200      0      7.93298
31      4      186      0      1      3      200      0      7.92066
31      4      187      0      1      3      200      0      7.83178
31      4      188      0      1      3      200      0      8.29383
31      4      189      0      1      3      200      0      7.12125
31      4      190      0      1      3      200      0      7.71363
31      4      191      0      1      3      200      0      7.4773
31      4      192      0      1      3      200      0      7.94499
31      4      193      0      1      3      200      0      6.65662
31      4      194      0      1      3      200      0      7.25978
31      4      195      0      1      3      200      0      6.98667
31      4      196      0      1      3      200      0      8.19764
31      4      197      0      1      3      200      0      7.58665
31      4      198      0      1      3      200      0      7.45231
31      4      199      0      1      3      200      0      7.39164
31      4      200      0      1      3      200      0      7.96587
31      4      201      0      1      3      200      0      7.06559
31      4      202      0      1      3      200      0      6.34485
31      4      203      0      1      3      200      0      7.37299
31      4      204      0      1      3      200      0      6.94101
31      4      205      0      1      3      200      0      7.65859
31      4      206      0      1      3      200      0      6.3289
31      4      207      0      1      3      200      0      7.67396
31      4      208      0      1      3      200      0      6.61522
31      4      209      0      1      3      200      0      6.1016
31      4      210      0      1      3      200      0      6.63249
31      4      211      0      1      3      200      0      6.81262
31      4      212      0      1      3      200      0      7.53081
31      4      213      0      1      3      200      0      6.96148
31      4      214      0      1      3      200      0      7.37306
31      4      215      0      1      3      200      0      6.69999
31      4      216      0      1      3      200      0      7.52614
31      4      217      0      1      3      200      0      7.94432
31      4      218      0      1      3      200      0      6.94409
31      4      219      0      1      3      200      0      5.5762
31      4      220      0      1      3      200      0      7.51639
31      4      221      0      1      3      200      0      6.38371
31      4      222      0      1      3      200      0      6.09654
31      4      223      0      1      3      200      0      6.70298
31      4      224      0      1      3      200      0      7.1475
31      4      225      0      1      3      200      0      7.218
31      4      226      0      1      3      200      0      7.01355
31      4      227      0      1      3      200      0      5.8987
31      4      228      0      1      3      200      0      7.4938
31      4      229      0      1      3      200      0      6.26477
31      4      230      0      1      3      200      0      6.85992
31      4      231      0      1      3      200      0      7.87186
31      4      232      0      1      3      200      0      7.47086
31      4      233      0      1      3      200      0      7.54608
31      4      234      0      1      3      200      0      8.10048
31      4      235      0      1      3      200      0      7.94857
31      4      236      0      1      3      200      0      8.06908
31      4      237      0      1      3      200      0      7.45113
31      4      238      0      1      3      200      0      8.28092
31      4      239      0      1      3      200      0      8.39692
31      4      240      0      1      3      200      0      7.06233
31      4      241      0      1      3      200      0      9.43517
31      4      242      0      1      3      200      0      7.4199
31      4      243      0      1      3      200      0      8.29517
31      4      244      0      1      3      200      0      7.54546
31      4      245      0      1      3      200      0      7.78884
31      4      246      0      1      3      200      0      8.26061
31      4      247      0      1      3      200      0      7.88817
31      4      248      0      1      3      200      0      8.65977
31      4      249      0      1      3      200      0      7.75015
31      4      250      0      1      3      200      0      7.65847
31      4      251      0      1      3      200      0      7.31523
31      4      252      0      1      3      200      0      7.44112
31      4      253      0      1      3      200      0      7.70873
31      4      254      0      1      3      200      0      6.90741
31      4      255      0      1      3      200      0      7.88332
31      4      256      0      1      3      200      0      7.31493
31      4      257      0      1      3      200      0      9.00922
31      4      258      0      1      3      200      0      7.59367
31      4      259      0      1      3      200      0      7.37711
31      4      260      0      1      3      200      0      7.14736
31      4      261      0      1      3      200      0      7.17796
31      4      262      0      1      3      200      0      7.35622
31      4      263      0      1      3      200      0      8.34312
31      4      264      0      1      3      200      0      7.34923
31      4      265      0      1      3      200      0      7.87375
31      4      266      0      1      3      200      0      7.70056
31      4      267      0      1      3      200      0      7.21639
31      4      268      0      1      3      200      0      6.91223
31      4      269      0      1      3      200      0      7.62873
31      4      270      0      1      3      200      0      6.83263
31      4      271      0      1      3      200      0      7.82731
31      4      272      0      1      3      200      0      7.72787
31      4      273      0      1      3      200      0      7.58471
31      4      274      0      1      3      200      0      7.21945
31      4      275      0      1      3      200      0      7.88946
31      4      276      0      1      3      200      0      7.45499
31      4      277      0      1      3      200      0      7.42134
31      4      278      0      1      3      200      0      7.5877
31      4      279      0      1      3      200      0      7.96737
31      4      280      0      1      3      200      0      8.16131
31      4      281      0      1      3      200      0      7.22785
31      4      282      0      1      3      200      0      7.63132
31      4      283      0      1      3      200      0      7.12512
31      4      284      0      1      3      200      0      7.1323
31      4      285      0      1      3      200      0      7.74119
31      4      286      0      1      3      200      0      8.11965
31      4      287      0      1      3      200      0      8.01341
31      4      288      0      1      3      200      0      9.30112
31      4      289      0      1      3      200      0      8.71357
31      4      290      0      1      3      200      0      8.70262
31      4      291      0      1      3      200      0      8.43951
31      4      292      0      1      3      200      0      7.86127
31      4      293      0      1      3      200      0      7.7678
31      4      294      0      1      3      200      0      8.10906
31      4      295      0      1      3      200      0      8.98447
31      4      296      0      1      3      200      0      8.28451
31      4      297      0      1      3      200      0      7.8485
31      4      298      0      1      3      200      0      7.50749
31      4      299      0      1      3      200      0      7.87283
31      4      300      0      1      3      200      0      7.94716
31      4      301      0      1      3      200      0      8.08298
31      4      302      0      1      3      200      0      7.28638
31      4      303      0      1      3      200      0      7.72398
31      4      304      0      1      3      200      0      8.06103
31      4      305      0      1      3      200      0      7.51217
31      4      306      0      1      3      200      0      7.96054
31      4      307      0      1      3      200      0      6.54906
31      4      308      0      1      3      200      0      7.50772
31      4      309      0      1      3      200      0      7.41335
31      4      310      0      1      3      200      0      7.5418
31      4      311      0      1      3      200      0      6.42667
31      4      312      0      1      3      200      0      7.9064
31      4      313      0      1      3      200      0      7.19486
31      4      314      0      1      3      200      0      6.67238
31      4      315      0      1      3      200      0      7.93127
31      4      316      0      1      3      200      0      7.33068
31      4      317      0      1      3      200      0      7.69008
31      4      318      0      1      3      200      0      7.74961
31      4      319      0      1      3      200      0      7.60533
31      4      320      0      1      3      200      0      7.05897
31      4      321      0      1      3      200      0      7.29094
31      4      322      0      1      3      200      0      7.03982
31      4      323      0      1      3      200      0      7.90637
31      4      324      0      1      3      200      0      10.1631
31      4      325      0      1      3      200      0      6.61424
31      4      326      0      1      3      200      0      7.25196
31      4      327      0      1      3      200      0      7.85362
31      4      328      0      1      3      200      0      7.85311
31      4      329      0      1      3      200      0      6.9995
31      4      330      0      1      3      200      0      8.1642
31      4      331      0      1      3      200      0      7.34948
31      4      332      0      1      3      200      0      9.21826
31      4      333      0      1      3      200      0      8.00858
31      4      334      0      1      3      200      0      7.44957
31      4      335      0      1      3      200      0      7.34166
31      4      336      0      1      3      200      0      8.19288
31      4      337      0      1      3      200      0      5.96387
31      4      338      0      1      3      200      0      7.24046
31      4      339      0      1      3      200      0      7.69576
31      4      340      0      1      3      200      0      8.23947
31      4      341      0      1      3      200      0      7.7794
31      4      342      0      1      3      200      0      7.88404
31      4      343      0      1      3      200      0      7.3638
31      4      344      0      1      3      200      0      7.93744
31      4      345      0      1      3      200      0      7.67424
31      4      346      0      1      3      200      0      7.47011
31      4      347      0      1      3      200      0      8.96021
31      4      348      0      1      3      200      0      8.29918
31      4      349      0      1      3      200      0      7.65818
31      4      350      0      1      3      200      0      7.37912
31      4      351      0      1      3      200      0      8.09412
31      4      352      0      1      3      200      0      11.8954
31      4      353      0      1      3      200      0      8.30151
31      4      354      0      1      3      200      0      8.36951
31      4      355      0      1      3      200      0      8.12831
31      4      356      0      1      3      200      0      7.78516
31      4      357      0      1      3      200      0      9.58199
31      4      358      0      1      3      200      0      7.24423
31      4      359      0      1      3      200      0      7.90857
31      4      360      0      1      3      200      0      7.50952
31      4      361      0      1      3      200      0      8.55489
31      4      362      0      1      3      200      0      7.80653
31      4      363      0      1      3      200      0      8.2977
31      4      364      0      1      3      200      0      8.45564
31      4      365      0      1      3      200      0      7.06987
31      4      366      0      1      3      200      0      8.55121
31      4      367      0      1      3      200      0      8.34089
31      4      368      0      1      3      200      0      8.2577
31      4      369      0      1      3      200      0      8.43078
31      4      370      0      1      3      200      0      8.43449
31      4      371      0      1      3      200      0      8.05428
31      4      372      0      1      3      200      0      7.48389
31      4      373      0      1      3      200      0      7.95178
31      4      374      0      1      3      200      0      7.32498
31      4      375      0      1      3      200      0      8.32796
31      4      376      0      1      3      200      0      10.3076
31      4      377      0      1      3      200      0      8.39587
31      4      378      0      1      3      200      0      7.49352
31      4      379      0      1      3      200      0      7.96329
31      4      380      0      1      3      200      0      8.52815
31      4      381      0      1      3      200      0      8.86453
31      4      382      0      1      3      200      0      7.68403
31      4      383      0      1      3      200      0      8.58328
31      4      384      0      1      3      200      0      9.72377
31      4      385      0      1      3      200      0      7.70888
31      4      386      0      1      3      200      0      8.34922
31      4      387      0      1      3      200      0      11.4127
31      4      388      0      1      3      200      0      7.93761
31      4      389      0      1      3      200      0      7.63103
31      4      390      0      1      3      200      0      7.86105
31      4      391      0      1      3      200      0      8.27686
31      4      392      0      1      3      200      0      8.95364
31      4      393      0      1      3      200      0      6.72693
31      4      394      0      1      3      200      0      8.42239
31      4      395      0      1      3      200      0      9.20447
31      4      396      0      1      3      200      0      8.18938
31      4      397      0      1      3      200      0      8.52186
31      4      398      0      1      3      200      0      8.12101
31      4      399      0      1      3      200      0      8.01342
31      4      400      0      1      3      200      0      8.58067
31      4      401      0      1      3      200      0      9.3818
31      4      402      0      1      3      200      0      9.17703
31      4      403      0      1      3      200      0      8.15576
31      4      404      0      1      3      200      0      8.63637
31      4      405      0      1      3      200      0      8.88254
31      4      406      0      1      3      200      0      8.00308
31      4      407      0      1      3      200      0      8.7471
31      4      408      0      1      3      200      0      9.38835
31      4      409      0      1      3      200      0      9.13578
31      4      410      0      1      3      200      0      8.65683
31      4      411      0      1      3      200      0      6.13424
31      4      412      0      1      3      200      0      7.4242
31      4      413      0      1      3      200      0      8.25813
31      4      414      0      1      3      200      0      8.45557
31      4      415      0      1      3      200      0      6.89033
31      4      416      0      1      3      200      0      15.0868
31      4      417      0      1      3      200      0      14.0996
31      4      418      0      1      3      200      0      15.5254
31      4      419      0      1      3      200      0      14.3807
31      4      420      0      1      3      200      0      14.2554
31      4      421      0      1      3      200      0      14.2113
31      4      422      0      1      3      200      0      13.9549
31      4      423      0      1      3      200      0      14.5019
31      4      424      0      1      3      200      0      14.9601
31      4      425      0      1      3      200      0      14.8799
31      4      426      0      1      3      200      0      15.2297
31      4      427      0      1      3      200      0      14.6914
31      4      428      0      1      3      200      0      14.3091
31      4      429      0      1      3      200      0      14.52
31      4      430      0      1      3      200      0      15.0557
31      4      431      0      1      3      200      0      14.96
31      4      432      0      1      3      200      0      15.6858
31      4      433      0      1      3      200      0      14.5545
31      4      434      0      1      3      200      0      14.343
31      4      435      0      1      3      200      0      14.7892
31      4      436      0      1      3      200      0      14.7336
31      4      437      0      1      3      200      0      15.0922
31      4      438      0      1      3      200      0      13.5216
31      4      439      0      1      3      200      0      13.4476
31      4      440      0      1      3      200      0      14.0026
31      4      441      0      1      3      200      0      15.5974
31      4      442      0      1      3      200      0      14.8464
31      4      443      0      1      3      200      0      15.1816
31      4      444      0      1      3      200      0      15.0078
31      4      445      0      1      3      200      0      14.5756
31      4      446      0      1      3      200      0      14.8732
31      4      447      0      1      3      200      0      14.4878
31      4      448      0      1      3      200      0      13.8778
31      4      449      0      1      3      200      0      14.1146
31      4      450      0      1      3      200      0      14.2637
31      4      451      0      1      3      200      0      14.9126
31      4      452      0      1      3      200      0      14.0047
31      4      453      0      1      3      200      0      14.9027
31      4      454      0      1      3      200      0      14.0922
31      4      455      0      1      3      200      0      15.2329
31      4      456      0      1      3      200      0      16.8021
31      4      457      0      1      3      200      0      14.5512
31      4      458      0      1      3      200      0      14.7888
31      4      459      0      1      3      200      0      15.0907
31      4      460      0      1      3      200      0      14.9769
31      4      461      0      1      3      200      0      14.7614
31      4      462      0      1      3      200      0      14.9775
31      4      463      0      1      3      200      0      12.279
31      4      464      0      1      3      200      0      14.7458
31      4      465      0      1      3      200      0      14.4028
31      4      466      0      1      3      200      0      14.8136
31      4      467      0      1      3      200      0      14.7137
31      4      468      0      1      3      200      0      15.917
31      4      469      0      1      3      200      0      14.2023
31      4      470      0      1      3      200      0      13.992
31      4      471      0      1      3      200      0      13.5303
31      4      472      0      1      3      200      0      13.3331
31      4      473      0      1      3      200      0      16.0634
31      4      474      0      1      3      200      0      13.5946
31      4      475      0      1      3      200      0      13.42
31      4      476      0      1      3      200      0      12.4178
31      4      477      0      1      3      200      0      14.5762
31      4      478      0      1      3      200      0      14.9195
31      4      479      0      1      3      200      0      15.024
31      4      480      0      1      3      200      0      15.5535
31      4      481      0      1      3      200      0      16.472
31      4      482      0      1      3      200      0      14.661
31      4      483      0      1      3      200      0      13.4531
31      4      484      0      1      3      200      0      21.9301
31      4      485      0      1      3      200      0      14.1319
31      4      486      0      1      3      200      0      15.8434
31      4      487      0      1      3      200      0      13.8297
31      4      488      0      1      3      200      0      13.9456
31      4      489      0      1      3      200      0      15.21
31      4      490      0      1      3      200      0      13.3604
31      4      491      0      1      3      200      0      14.6569
31      4      492      0      1      3      200      0      14.141
31      4      493      0      1      3      200      0      13.3501
31      4      494      0      1      3      200      0      14.5579
31      4      495      0      1      3      200      0      14.548
31      4      496      0      1      3      200      0      13.3545
31      4      497      0      1      3      200      0      13.8475
31      4      498      0      1      3      200      0      13.7058
31      4      499      0      1      3      200      0      13.1784
31      4      500      0      1      3      200      0      14.1016
31      4      501      0      1      3      200      0      12.7632
31      4      502      0      1      3      200      0      14.4521
31      4      503      0      1      3      200      0      13.8239
31      4      504      0      1      3      200      0      13.3452
31      4      505      0      1      3      200      0      13.864
31      4      506      0      1      3      200      0      14.5288
31      4      507      0      1      3      200      0      13.4942
31      4      508      0      1      3      200      0      13.8528
31      4      509      0      1      3      200      0      15.7473
31      5      0      0      1      3      200      0      12.9735
31      5      1      0      1      3      200      0      12.902
31      5      2      0      1      3      200      0      13.4446
31      5      3      0      1      3      200      0      13.4256
31      5      4      0      1      3      200      0      13.7915
31      5      5      0      1      3      200      0      14.7064
31      5      6      0      1      3      200      0      13.6833
31      5      7      0      1      3      200      0      13.505
31      5      8      0      1      3      200      0      13.9887
31      5      9      0      1      3      200      0      14.2227
31      5      10      0      1      3      200      0      13.5735
31      5      11      0      1      3      200      0      13.407
31      5      12      0      1      3      200      0      13.4431
31      5      13      0      1      3      200      0      13.0612
31      5      14      0      1      3      200      0      13.3666
31      5      15      0      1      3      200      0      13.4876
31      5      16      0      1      3      200      0      13.4784
31      5      17      0      1      3      200      0      13.4868
31      5      18      0      1      3      200      0      14.2108
31      5      19      0      1      3      200      0      13.0254
31      5      20      0      1      3      200      0      13.1673
31      5      21      0      1      3      200      0      13.2417
31      5      22      0      1      3      200      0      13.1682
31      5      23      0      1      3      200      0      13.1284
31      5      24      0      1      3      200      0      14.0329
31      5      25      0      1      3      200      0      13.8833
31      5      26      0      1      3      200      0      13.9066
31      5      27      0      1      3      200      0      12.8714
31      5      28      0      1      3      200      0      13.5966
31      5      29      0      1      3      200      0      13.2913
31      5      30      0      1      3      200      0      13.0439
31      5      31      0      1      3      200      0      13.0685
31      5      32      0      1      3      200      0      13.0557
31      5      33      0      1      3      200      0      12.9038
31      5      34      0      1      3      200      0      13.256
31      5      35      0      1      3      200      0      13.7779
31      5      36      0      1      3      200      0      13.6737
31      5      37      0      1      3      200      0      14.2065
31      5      38      0      1      3      200      0      16.5996
31      5      39      0      1      3      200      0      13.8643
31      5      40      0      1      3      200      0      13.5235
31      5      41      0      1      3      200      0      11.9198
31      5      42      0      1      3      200      0      14.1371
31      5      43      0      1      3      200      0      14.2396
31      5      44      0      1      3      200      0      13.7146
31      5      45      0      1      3      200      0      13.7767
31      5      46      0      1      3      200      0      13.4237
31      5      47      0      1      3      200      0      14.5769
31      5      48      0      1      3      200      0      13.4491
31      5      49      0      1      3      200      0      14.5584
31      5      50      0      1      3      200      0      15.214
31      5      51      0      1      3      200      0      12.8884
31      5      52      0      1      3      200      0      14.1815
31      5      53      0      1      3      200      0      14.166
31      5      54      0      1      3      200      0      14.1832
31      5      55      0      1      3      200      0      12.9331
31      5      56      0      1      3      200      0      13.9641
31      5      57      0      1      3      200      0      13.5893
31      5      58      0      1      3      200      0      13.7046
31      5      59      0      1      3      200      0      13.8193
31      5      60      0      1      3      200      0      13.7398
31      5      61      0      1      3      200      0      14.4484
31      5      62      0      1      3      200      0      12.6595
31      5      63      0      1      3      200      0      13.7915
31      5      64      0      1      3      200      0      13.8748
31      5      65      0      1      3      200      0      13.5253
31      5      66      0      1      3      200      0      13.8045
31      5      67      0      1      3      200      0      14.2988
31      5      68      0      1      3      200      0      13.4397
31      5      69      0      1      3      200      0      12.0857
31      5      70      0      1      3      200      0      13.5055
31      5      71      0      1      3      200      0      13.4763
31      5      72      0      1      3      200      0      13.6505
31      5      73      0      1      3      200      0      23.034
31      5      74      0      1      3      200      0      14.8278
31      5      75      0      1      3      200      0      14.1983
31      5      76      0      1      3      200      0      14.4442
31      5      77      0      1      3      200      0      13.0625
31      5      78      0      1      3      200      0      13.2191
31      5      79      0      1      3      200      0      15.1871
31      5      80      0      1      3      200      0      13.8611
31      5      81      0      1      3      200      0      14.4971
31      5      82      0      1      3      200      0      13.859
31      5      83      0      1      3      200      0      13.7018
31      5      84      0      1      3      200      0      13.8319
31      5      85      0      1      3      200      0      14.7138
31      5      86      0      1      3      200      0      13.3871
31      5      87      0      1      3      200      0      12.6118
31      5      88      0      1      3      200      0      12.1288
31      5      89      0      1      3      200      0      13.6511
31      5      90      0      1      3      200      0      12.6563
31      5      91      0      1      3      200      0      13.2614
31      5      92      0      1      3      200      0      14.159
31      5      93      0      1      3      200      0      12.3065
31      5      94      0      1      3      200      0      13.0906
31      5      95      0      1      3      200      0      13.5946
31      5      96      0      1      3      200      0      14.1877
31      5      97      0      1      3      200      0      13.0671
31      5      98      0      1      3      200      0      14.2989
31      5      99      0      1      3      200      0      13.7793
31      5      100      0      1      3      200      0      21.4908
31      5      101      0      1      3      200      0      12.6677
31      5      102      0      1      3      200      0      12.9916
31      5      103      0      1      3      200      0      14.467
31      5      104      0      1      3      200      0      13.6863
31      5      105      0      1      3      200      0      12.4721
31      5      106      0      1      3      200      0      13.3966
31      5      107      0      1      3      200      0      12.4395
31      5      108      0      1      3      200      0      14.7194
31      5      109      0      1      3      200      0      20.6126
31      5      110      0      1      3      200      0      13.6496
31      5      111      0      1      3      200      0      13.994
31      5      112      0      1      3      200      0      14.8931
31      5      113      0      1      3      200      0      14.1372
31      5      114      0      1      3      200      0      14.5272
31      5      115      0      1      3      200      0      13.4974
31      5      116      0      1      3      200      0      14.5739
31      5      117      0      1      3      200      0      14.6861
31      5      118      0      1      3      200      0      13.7518
31      5      119      0      1      3      200      0      14.2193
31      5      120      0      1      3      200      0      11.4018
31      5      121      0      1      3      200      0      13.3935
31      5      122      0      1      3      200      0      14.6129
31      5      123      0      1      3      200      0      13.8819
31      5      124      0      1      3      200      0      13.2946
31      5      125      0      1      3      200      0      14.0395
31      5      126      0      1      3      200      0      12.8084
31      5      127      0      1      3      200      0      14.0849
31      5      128      0      1      3      200      0      7.24023
31      5      129      0      1      3      200      0      9.30077
31      5      130      0      1      3      200      0      10.4616
31      5      131      0      1      3      200      0      7.58377
31      5      132      0      1      3      200      0      7.90401
31      5      133      0      1      3      200      0      7.58947
31      5      134      0      1      3      200      0      6.79098
31      5      135      0      1      3      200      0      -2.10644
31      5      136      0      1      3      200      0      9.21985
31      5      137      0      1      3      200      0      8.12254
31      5      138      0      1      3      200      0      7.81208
31      5      139      0      1      3      200      0      6.74655
31      5      140      0      1      3      200      0      7.052
31      5      141      0      1      3      200      0      8.13296
31      5      142      0      1      3      200      0      8.28532
31      5      143      0      1      3      200      0      8.83657
31      5      144      0      1      3      200      0      7.27779
31      5      145      0      1      3      200      0      7.22693
31      5      146      0      1      3      200      0      7.38213
31      5      147      0      1      3      200      0      7.79836
31      5      148      0      1      3      200      0      7.90182
31      5      149      0      1      3      200      0      7.80692
31      5      150      0      1      3      200      0      6.49773
31      5      151      0      1      3      200      0      7.98589
31      5      152      0      1      3      200      0      8.21044
31      5      153      0      1      3      200      0      7.14484
31      5      154      0      1      3      200      0      6.62304
31      5      155      0      1      3      200      0      8.00628
31      5      156      0      1      3      200      0      6.58479
31      5      157      0      1      3      200      0      7.16946
31      5      158      0      1      3      200      0      7.1717
31      5      159      0      1      3      200      0      7.86937
31      5      160      0      1      3      200      0      6.87825
31      5      161      0      1      3      200      0      6.23821
31      5      162      0      1      3      200      0      8.47015
31      5      163      0      1      3      200      0      8.04333
31      5      164      0      1      3      200      0      7.32479
31      5      165      0      1      3      200      0      8.27786
31      5      166      0      1      3      200      0      7.91584
31      5      167      0      1      3      200      0      7.65474
31      5      168      0      1      3      200      0      7.99583
31      5      169      0      1      3      200      0      8.78784
31      5      170      0      1      3      200      0      8.62496
31      5      171      0      1      3      200      0      4.93501
31      5      172      0      1      3      200      0      9.40633
31      5      173      0      1      3      200      0      8.04446
31      5      174      0      1      3      200      0      6.75093
31      5      175      0      1      3      200      0      8.78846
31      5      176      0      1      3      200      0      8.43031
31      5      177      0      1      3      200      0      6.21798
31      5      178      0      1      3      200      0      7.69857
31      5      179      0      1      3      200      0      7.70395
31      5      180      0      1      3      200      0      7.44359
31      5      181      0      1      3      200      0      7.32647
31      5      182      0      1      3      200      0      8.28308
31      5      183      0      1      3      200      0      7.1417
31      5      184      0      1      3      200      0      7.29391
31      5      185      0      1      3      200      0      8.82966
31      5      186      0      1      3      200      0      8.13422
31      5      187      0      1      3      200      0      7.9957
31      5      188      0      1      3      200      0      11.327
31      5      189      0      1      3      200      0      1.39739
31      5      190      0      1      3      200      0      8.1885
31      5      191      0      1      3      200      0      7.09184
31      5      192      0      1      3      200      0      7.74288
31      5      193      0      1      3      200      0      6.46588
31      5      194      0      1      3      200      0      7.86738
31      5      195      0      1      3      200      0      7.85021
31      5      196      0      1      3      200      0      7.81786
31      5      197      0      1      3      200      0      6.9207
31      5      198      0      1      3      200      0      7.70948
31      5      199      0      1      3      200      0      7.63116
31      5      200      0      1      3      200      0      7.42061
31      5      201      0      1      3      200      0      5.22722
31      5      202      0      1      3      200      0      8.38609
31      5      203      0      1      3      200      0      5.95486
31      5      204      0      1      3      200      0      7.62762
31      5      205      0      1      3      200      0      8.40392
31      5      206      0      1      3      200      0      7.14532
31      5      207      0      1      3      200      0      6.48867
31      5      208      0      1      3      200      0      8.73836
31      5      209      0      1      3      200      0      7.5525
31      5      210      0      1      3      200      0      7.68015
31      5      211      0      1      3      200      0      8.50558
31      5      212      0      1      3      200      0      8.04636
31      5      213      0      1      3      200      0      6.87867
31      5      214      0      1      3      200      0      13.4082
31      5      215      0      1      3      200      0      4.5569
31      5      216      0      1      3      200      0      9.92734
31      5      217      0      1      3      200      0      6.12112
31      5      218      0      1      3      200      0      9.15558
31      5      219      0      1      3      200      0      7.68694
31      5      220      0      1      3      200      0      7.42944
31      5      221      0      1      3      200      0      7.38603
31      5      222      0      1      3      200      0      7.1806
31      5      223      0      1      3      200      0      8.42385
31      5      224      0      1      3      200      0      6.14254
31      5      225      0      1      3      200      0      7.74467
31      5      226      0      1      3      200      0      8.72581
31      5      227      0      1      3      200      0      9.89064
31      5      228      0      1      3      200      0      8.16234
31      5      229      0      1      3      200      0      7.11505
31      5      230      0      1      3      200      0      6.73607
31      5      231      0      1      3      200      0      7.50329
31      5      232      0      1      3      200      0      6.83776
31      5      233      0      1      3      200      0      6.73202
31      5      234      0      1      3      200      0      9.61234
31      5      235      0      1      3      200      0      6.36412
31      5      236      0      1      3      200      0      7.34482
31      5      237      0      1      3      200      0      8.24927
31      5      238      0      1      3      200      0      7.9152
31      5      239      0      1      3      200      0      8.34661
31      5      240      0      1      3      200      0      7.33295
31      5      241      0      1      3      200      0      9.15148
31      5      242      0      1      3      200      0      7.46221
31      5      243      0      1      3      200      0      7.72005
31      5      244      0      1      3      200      0      8.6044
31      5      245      0      1      3      200      0      7.36618
31      5      246      0      1      3      200      0      7.60638
31      5      247      0      1      3      200      0      7.47671
31      5      248      0      1      3      200      0      7.03424
31      5      249      0      1      3      200      0      7.4165
31      5      250      0      1      3      200      0      6.58446
31      5      251      0      1      3      200      0      6.74379
31      5      252      0      1      3      200      0      7.93219
31      5      253      0      1      3      200      0      8.74317
31      5      254      0      1      3      200      0      7.57955
31      5      255      0      1      3      200      0      8.72481
31      5      256      0      1      3      200      0      6.92155
31      5      257      0      1      3      200      0      8.61622
31      5      258      0      1      3      200      0      7.23549
31      5      259      0      1      3      200      0      5.6557
31      5      260      0      1      3      200      0      8.62226
31      5      261      0      1      3      200      0      6.45236
31      5      262      0      1      3      200      0      8.65043
31      5      263      0      1      3      200      0      12.9105
31      5      264      0      1      3      200      0      7.86868
31      5      265      0      1      3      200      0      8.02479
31      5      266      0      1      3      200      0      8.6402
31      5      267      0      1      3      200      0      8.80737
31      5      268      0      1      3      200      0      7.10651
31      5      269      0      1      3      200      0      8.25103
31      5      270      0      1      3      200      0      7.93891
31      5      271      0      1      3      200      0      6.91163
31      5      272      0      1      3      200      0      7.66714
31      5      273      0      1      3      200      0      9.36968
31      5      274      0      1      3      200      0      7.25816
31      5      275      0      1      3      200      0      7.85637
31      5      276      0      1      3      200      0      7.88519
31      5      277      0      1      3      200      0      7.57147
31      5      278      0      1      3      200      0      8.282
31      5      279      0      1      3      200      0      7.6052
31      5      280      0      1      3      200      0      7.80833
31      5      281      0      1      3      200      0      7.07882
31      5      282      0      1      3      200      0      8.38751
31      5      283      0      1      3      200      0      6.22415
31      5      284      0      1      3      200      0      7.42506
31      5      285      0      1      3      200      0      7.58929
31      5      286      0      1      3      200      0      8.20681
31      5      287      0      1      3      200      0      8.76647
31      5      288      0      1      3      200      0      3.93426
31      5      289      0      1      3      200      0      8.90147
31      5      290      0      1      3      200      0      7.43012
31      5      291      0      1      3      200      0      8.06882
31      5      292      0      1      3      200      0      7.72496
31      5      293      0      1      3      200      0      8.56539
31      5      294      0      1      3      200      0      3.48629
31      5      295      0      1      3      200      0      8.10697
31      5      296      0      1      3      200      0      5.37097
31      5      297      0      1      3      200      0      8.24386
31      5      298      0      1      3      200      0      8.16514
31      5      299      0      1      3      200      0      7.38576
31      5      300      0      1      3      200      0      9.75954
31      5      301      0      1      3      200      0      6.96727
31      5      302      0      1      3      200      0      7.17289
31      5      303      0      1      3      200      0      7.51395
31      5      304      0      1      3      200      0      7.53065
31      5      305      0      1      3      200      0      6.80489
31      5      306      0      1      3      200      0      7.70886
31      5      307      0      1      3      200      0      8.5968
31      5      308      0      1      3      200      0      8.45443
31      5      309      0      1      3      200      0      8.76108
31      5      310      0      1      3      200      0      7.3046
31      5      311      0      1      3      200      0      7.47018
31      5      312      0      1      3      200      0      7.63201
31      5      313      0      1      3      200      0      5.87272
31      5      314      0      1      3      200      0      7.80547
31      5      315      0      1      3      200      0      7.47773
31      5      316      0      1      3      200      0      8.39766
31      5      317      0      1      3      200      0      14.5641
31      5      318      0      1      3      200      0      8.01754
31      5      319      0      1      3      200      0      12.805
31      5      320      0      1      3      200      0      7.69805
31      5      321      0      1      3      200      0      7.40109
31      5      322      0      1      3      200      0      7.33069
31      5      323      0      1      3      200      0      7.47156
31      5      324      0      1      3      200      0      7.14513
31      5      325      0      1      3      200      0      8.13323
31      5      326      0      1      3      200      0      8.41923
31      5      327      0      1      3      200      0      7.91222
31      5      328      0      1      3      200      0      8.44643
31      5      329      0      1      3      200      0      7.48361
31      5      330      0      1      3      200      0      6.66269
31      5      331      0      1      3      200      0      8.20002
31      5      332      0      1      3      200      0      6.67563
31      5      333      0      1      3      200      0      7.72981
31      5      334      0      1      3      200      0      7.3902
31      5      335      0      1      3      200      0      7.40752
31      5      336      0      1      3      200      0      8.59238
31      5      337      0      1      3      200      0      8.07851
31      5      338      0      1      3      200      0      7.62929
31      5      339      0      1      3      200      0      8.40154
31      5      340      0      1      3      200      0      8.27889
31      5      341      0      1      3      200      0      7.90312
31      5      342      0      1      3      200      0      6.54835
31      5      343      0      1      3      200      0      7.70964
31      5      344      0      1      3      200      0      6.77331
31      5      345      0      1      3      200      0      8.02823
31      5      346      0      1      3      200      0      8.15005
31      5      347      0      1      3      200      0      3.00444
31      5      348      0      1      3      200      0      8.12813
31      5      349      0      1      3      200      0      7.86341
31      5      350      0      1      3      200      0      8.17852
31      5      351      0      1      3      200      0      6.84472
31      5      352      0      1      3      200      0      7.97608
31      5      353      0      1      3      200      0      7.58431
31      5      354      0      1      3      200      0      7.37799
31      5      355      0      1      3      200      0      8.48967
31      5      356      0      1      3      200      0      8.10934
31      5      357      0      1      3      200      0      6.74557
31      5      358      0      1      3      200      0      7.953
31      5      359      0      1      3      200      0      7.70382
31      5      360      0      1      3      200      0      7.92702
31      5      361      0      1      3      200      0      6.68479
31      5      362      0      1      3      200      0      6.8077
31      5      363      0      1      3      200      0      7.26507
31      5      364      0      1      3      200      0      7.18159
31      5      365      0      1      3      200      0      7.53296
31      5      366      0      1      3      200      0      6.3084
31      5      367      0      1      3      200      0      6.27738
31      5      368      0      1      3      200      0      6.60904
31      5      369      0      1      3      200      0      7.17418
31      5      370      0      1      3      200      0      6.69478
31      5      371      0      1      3      200      0      6.64196
31      5      372      0      1      3      200      0      6.76647
31      5      373      0      1      3      200      0      7.93188
31      5      374      0      1      3      200      0      7.23189
31      5      375      0      1      3      200      0      6.7655
31      5      376      0      1      3      200      0      7.41586
31      5      377      0      1      3      200      0      7.69391
31      5      378      0      1      3      200      0      6.99883
31      5      379      0      1      3      200      0      7.2502
31      5      380      0      1      3      200      0      6.82072
31      5      381      0      1      3      200      0      7.34037
31      5      382      0      1      3      200      0      6.83718
31      5      383      0      1      3      200      0      7.27862
31      5      384      0      1      3      200      0      6.87495
31      5      385      0      1      3      200      0      7.54311
31      5      386      0      1      3      200      0      7.23714
31      5      387      0      1      3      200      0      7.85608
31      5      388      0      1      3      200      0      6.75036
31      5      389      0      1      3      200      0      7.5471
31      5      390      0      1      3      200      0      7.27114
31      5      391      0      1      3      200      0      7.35982
31      5      392      0      1      3      200      0      7.29317
31      5      393      0      1      3      200      0      7.30569
31      5      394      0      1      3      200      0      6.55103
31      5      395      0      1      3      200      0      7.89842
31      5      396      0      1      3      200      0      8.1497
31      5      397      0      1      3      200      0      6.66632
31      5      398      0      1      3      200      0      6.99468
31      5      399      0      1      3      200      0      6.62848
31      5      400      0      1      3      200      0      8.05044
31      5      401      0      1      3      200      0      7.88559
31      5      402      0      1      3      200      0      8.08019
31      5      403      0      1      3      200      0      7.50214
31      5      404      0      1      3      200      0      8.21584
31      5      405      0      1      3      200      0      7.54682
31      5      406      0      1      3      200      0      7.00856
31      5      407      0      1      3      200      0      7.56709
31      5      408      0      1      3      200      0      7.10961
31      5      409      0      1      3      200      0      7.24819
31      5      410      0      1      3      200      0      6.94299
31      5      411      0      1      3      200      0      6.56076
31      5      412      0      1      3      200      0      7.15983
31      5      413      0      1      3      200      0      7.50127
31      5      414      0      1      3      200      0      7.33208
31      5      415      0      1      3      200      0      7.21962
31      5      416      0      1      3      200      0      7.55631
31      5      417      0      1      3      200      0      6.89905
31      5      418      0      1      3      200      0      6.96261
31      5      419      0      1      3      200      0      7.16528
31      5      420      0      1      3      200      0      7.12704
31      5      421      0      1      3      200      0      7.34086
31      5      422      0      1      3      200      0      6.98467
31      5      423      0      1      3      200      0      7.76395
31      5      424      0      1      3      200      0      7.00963
31      5      425      0      1      3      200      0      7.75771
31      5      426      0      1      3      200      0      7.66527
31      5      427      0      1      3      200      0      7.51301
31      5      428      0      1      3      200      0      7.64942
31      5      429      0      1      3      200      0      7.78294
31      5      430      0      1      3      200      0      7.86323
31      5      431      0      1      3      200      0      7.78693
31      5      432      0      1      3      200      0      7.24251
31      5      433      0      1      3      200      0      7.50717
31      5      434      0      1      3      200      0      7.47623
31      5      435      0      1      3      200      0      6.90829
31      5      436      0      1      3      200      0      7.48074
31      5      437      0      1      3      200      0      7.31262
31      5      438      0      1      3      200      0      7.11496
31      5      439      0      1      3      200      0      7.4086
31      5      440      0      1      3      200      0      7.84994
31      5      441      0      1      3      200      0      7.99195
31      5      442      0      1      3      200      0      7.40325
31      5      443      0      1      3      200      0      7.40664
31      5      444      0      1      3      200      0      7.93962
31      5      445      0      1      3      200      0      7.7659
31      5      446      0      1      3      200      0      7.45196
31      5      447      0      1      3      200      0      7.81799
31      5      448      0      1      3      200      0      7.37039
31      5      449      0      1      3      200      0      7.47899
31      5      450      0      1      3      200      0      7.44904
31      5      451      0      1      3      200      0      7.61571
31      5      452      0      1      3      200      0      7.42891
31      5      453      0      1      3      200      0      7.74839
31      5      454      0      1      3      200      0      7.12421
31      5      455      0      1      3      200      0      7.53632
31      5      456      0      1      3      200      0      7.13916
31      5      457      0      1      3      200      0      8.02045
31      5      458      0      1      3      200      0      7.42659
31      5      459      0      1      3      200      0      7.6201
31      5      460      0      1      3      200      0      7.50948
31      5      461      0      1      3      200      0      7.71143
31      5      462      0      1      3      200      0      7.64988
31      5      463      0      1      3      200      0      7.6193
31      5      464      0      1      3      200      0      7.8602
31      5      465      0      1      3      200      0      7.55368
31      5      466      0      1      3      200      0      7.45218
31      5      467      0      1      3      200      0      7.65155
31      5      468      0      1      3      200      0      6.74791
31      5      469      0      1      3      200      0      7.64923
31      5      470      0      1      3      200      0      8.18597
31      5      471      0      1      3      200      0      7.55376
31      5      472      0      1      3      200      0      7.87848
31      5      473      0      1      3      200      0      7.95078
31      5      474      0      1      3      200      0      7.35995
31      5      475      0      1      3      200      0      7.6473
31      5      476      0      1      3      200      0      7.45464
31      5      477      0      1      3      200      0      7.00507
31      5      478      0      1      3      200      0      7.27391
31      5      479      0      1      3      200      0      7.40121
31      5      480      0      1      3      200      0      7.06945
31      5      481      0      1      3      200      0      7.26034
31      5      482      0      1      3      200      0      7.19481
31      5      483      0      1      3      200      0      7.22632
31      5      484      0      1      3      200      0      7.37749
31      5      485      0      1      3      200      0      7.43324
31      5      486      0      1      3      200      0      7.3118
31      5      487      0      1      3      200      0      7.6373
31      5      488      0      1      3      200      0      7.64311
31      5      489      0      1      3      200      0      7.29667
31      5      490      0      1      3      200      0      7.6349
31      5      491      0      1      3      200      0      7.79523
31      5      492      0      1      3      200      0      7.66026
31      5      493      0      1      3      200      0      7.86409
31      5      494      0      1      3      200      0      7.73672
31      5      495      0      1      3      200      0      7.1893
31      5      496      0      1      3      200      0      7.56752
31      5      497      0      1      3      200      0      7.36131
31      5      498      0      1      3      200      0      7.13228
31      5      499      0      1      3      200      0      7.52981
31      5      500      0      1      3      200      0      7.38128
31      5      501      0      1      3      200      0      7.84548
31      5      502      0      1      3      200      0      7.09466
31      5      503      0      1      3      200      0      7.26369
31      5      504      0      1      3      200      0      7.59968
31      5      505      0      1      3      200      0      7.67121
31      5      506      0      1      3      200      0      7.97449
31      5      507      0      1      3      200      0      7.48588
31      5      508      0      1      3      200      0      7.49146
31      5      509      0      1      3      200      0      7.93354
31      5      510      0      1      3      200      0      7.29238
31      5      511      0      1      3      200      0      7.03104
31      5      512      0      1      3      200      0      6.64704
31      5      513      0      1      3      200      0      6.96896
31      5      514      0      1      3      200      0      6.62338
31      5      515      0      1      3      200      0      6.6054
31      5      516      0      1      3      200      0      6.66488
31      5      517      0      1      3      200      0      6.97143
31      5      518      0      1      3      200      0      6.71118
31      5      519      0      1      3      200      0      6.92117
31      5      520      0      1      3      200      0      6.72575
31      5      521      0      1      3      200      0      6.87884
31      5      522      0      1      3      200      0      6.6009
31      5      523      0      1      3      200      0      7.15449
31      5      524      0      1      3      200      0      6.54806
31      5      525      0      1      3      200      0      7.17877
31      5      526      0      1      3      200      0      6.92327
31      5      527      0      1      3      200      0      6.9327
31      5      528      0      1      3      200      0      6.49845
31      5      529      0      1      3      200      0      6.61679
31      5      530      0      1      3      200      0      6.85761
31      5      531      0      1      3      200      0      6.63363
31      5      532      0      1      3      200      0      6.683
31      5      533      0      1      3      200      0      6.99922
31      5      534      0      1      3      200      0      7.14012
31      5      535      0      1      3      200      0      7.20332
31      5      536      0      1      3      200      0      7.21436
31      5      537      0      1      3      200      0      6.67874
31      5      538      0      1      3      200      0      6.7622
31      5      539      0      1      3      200      0      7.10734
31      5      540      0      1      3      200      0      7.13444
31      5      541      0      1      3      200      0      6.91849
31      5      542      0      1      3      200      0      6.7661
31      5      543      0      1      3      200      0      6.8316
31      5      544      0      1      3      200      0      6.61765
31      5      545      0      1      3      200      0      6.41542
31      5      546      0      1      3      200      0      6.93881
31      5      547      0      1      3      200      0      7.55207
31      5      548      0      1      3      200      0      6.64353
31      5      549      0      1      3      200      0      6.68678
31      5      550      0      1      3      200      0      6.68643
31      5      551      0      1      3      200      0      7.05864
31      5      552      0      1      3      200      0      6.44849
31      5      553      0      1      3      200      0      7.08853
31      5      554      0      1      3      200      0      6.72691
31      5      555      0      1      3      200      0      6.48355
31      5      556      0      1      3      200      0      7.39869
31      5      557      0      1      3      200      0      6.85183
31      5      558      0      1      3      200      0      6.74407
31      5      559      0      1      3      200      0      6.74535
31      5      560      0      1      3      200      0      6.82451
31      5      561      0      1      3      200      0      6.8071
31      5      562      0      1      3      200      0      7.12342
31      5      563      0      1      3      200      0      6.75094
31      5      564      0      1      3      200      0      6.73037
31      5      565      0      1      3      200      0      6.78557
31      5      566      0      1      3      200      0      6.78167
31      5      567      0      1      3      200      0      6.79811
31      5      568      0      1      3      200      0      7.42765
31      5      569      0      1      3      200      0      6.79953
31      5      570      0      1      3      200      0      6.95003
31      5      571      0      1      3      200      0      6.64863
31      5      572      0      1      3      200      0      6.55151
31      5      573      0      1      3      200      0      6.71092
31      5      574      0      1      3      200      0      7.03907
31      5      575      0      1      3      200      0      6.51873
31      5      576      0      1      3      200      0      6.65717
31      5      577      0      1      3      200      0      6.73592
31      5      578      0      1      3      200      0      6.38267
31      5      579      0      1      3      200      0      6.48605
31      5      580      0      1      3      200      0      6.57598
31      5      581      0      1      3      200      0      6.92837
31      5      582      0      1      3      200      0      6.96832
31      5      583      0      1      3      200      0      6.65399
31      5      584      0      1      3      200      0      6.80871
31      5      585      0      1      3      200      0      7.04297
31      5      586      0      1      3      200      0      7.06813
31      5      587      0      1      3      200      0      6.58004
31      5      588      0      1      3      200      0      7.11672
31      5      589      0      1      3      200      0      6.59539
31      5      590      0      1      3      200      0      6.66973
31      5      591      0      1      3      200      0      6.9505
31      5      592      0      1      3      200      0      6.7185
31      5      593      0      1      3      200      0      6.75912
31      5      594      0      1      3      200      0      7.04463
31      5      595      0      1      3      200      0      6.80582
31      5      596      0      1      3      200      0      6.76851
31      5      597      0      1      3      200      0      6.90899
31      5      598      0      1      3      200      0      6.6981
31      5      599      0      1      3      200      0      7.35794
31      5      600      0      1      3      200      0      6.62561
31      5      601      0      1      3      200      0      7.2393
31      5      602      0      1      3      200      0      7.33475
31      5      603      0      1      3      200      0      6.92768
31      5      604      0      1      3      200      0      6.81873
31      5      605      0      1      3      200      0      6.94327
31      5      606      0      1      3      200      0      6.54521
31      5      607      0      1      3      200      0      6.93749
31      5      608      0      1      3      200      0      6.9126
31      5      609      0      1      3      200      0      6.7664
31      5      610      0      1      3      200      0      7.03099
31      5      611      0      1      3      200      0      6.96158
31      5      612      0      1      3      200      0      7.31632
31      5      613      0      1      3      200      0      7.39429
31      5      614      0      1      3      200      0      6.75773
31      5      615      0      1      3      200      0      7.04663
31      5      616      0      1      3      200      0      7.78238
31      5      617      0      1      3      200      0      7.4675
31      5      618      0      1      3      200      0      7.0491
31      5      619      0      1      3      200      0      6.74228
31      5      620      0      1      3      200      0      7.32507
31      5      621      0      1      3      200      0      7.0141
31      5      622      0      1      3      200      0      6.30111
31      5      623      0      1      3      200      0      7.09409
31      5      624      0      1      3      200      0      7.05413
31      5      625      0      1      3      200      0      7.24992
31      5      626      0      1      3      200      0      6.96371
31      5      627      0      1      3      200      0      6.84729
31      5      628      0      1      3      200      0      7.22957
31      5      629      0      1      3      200      0      7.44419
31      5      630      0      1      3      200      0      6.66508
31      5      631      0      1      3      200      0      6.81778
31      5      632      0      1      3      200      0      6.64313
31      5      633      0      1      3      200      0      6.94365
31      5      634      0      1      3      200      0      7.07348
31      5      635      0      1      3      200      0      7.1946
31      5      636      0      1      3      200      0      6.91346
31      5      637      0      1      3      200      0      6.74106
31      5      638      0      1      3      200      0      6.72153
31      5      639      0      1      3      200      0      6.84184
31      5      640      0      1      3      200      0      6.9198
31      5      641      0      1      3      200      0      6.92908
31      5      642      0      1      3      200      0      6.68313
31      5      643      0      1      3      200      0      6.75586
31      5      644      0      1      3      200      0      7.12057
31      5      645      0      1      3      200      0      7.31231
31      5      646      0      1      3      200      0      6.84062
31      5      647      0      1      3      200      0      6.63356
31      5      648      0      1      3      200      0      6.86527
31      5      649      0      1      3      200      0      6.97885
31      5      650      0      1      3      200      0      6.89821
31      5      651      0      1      3      200      0      6.7344
31      5      652      0      1      3      200      0      6.91536
31      5      653      0      1      3      200      0      6.91029
31      5      654      0      1      3      200      0      7.09788
31      5      655      0      1      3      200      0      6.80281
31      5      656      0      1      3      200      0      6.52974
31      5      657      0      1      3      200      0      6.44687
31      5      658      0      1      3      200      0      6.61667
31      5      659      0      1      3      200      0      6.74416
31      5      660      0      1      3      200      0      6.5396
31      5      661      0      1      3      200      0      7.0311
31      5      662      0      1      3      200      0      6.24975
31      5      663      0      1      3      200      0      7.02005
31      5      664      0      1      3      200      0      6.63499
31      5      665      0      1      3      200      0      7.06295
31      5      666      0      1      3      200      0      6.58691
31      5      667      0      1      3      200      0      6.94167
31      5      668      0      1      3      200      0      6.90245
31      5      669      0      1      3      200      0      6.38479
31      5      670      0      1      3      200      0      6.81481
31      5      671      0      1      3      200      0      6.4338
31      5      672      0      1      3      200      0      6.26705
31      5      673      0      1      3      200      0      6.65841
31      5      674      0      1      3      200      0      6.15173
31      5      675      0      1      3      200      0      6.81929
31      5      676      0      1      3      200      0      7.00205
31      5      677      0      1      3      200      0      7.1093
31      5      678      0      1      3      200      0      6.76887
31      5      679      0      1      3      200      0      6.99867
31      5      680      0      1      3      200      0      7.05627
31      5      681      0      1      3      200      0      6.76303
31      5      682      0      1      3      200      0      6.84762
31      5      683      0      1      3      200      0      6.62755
31      5      684      0      1      3      200      0      6.71717
31      5      685      0      1      3      200      0      6.70645
31      5      686      0      1      3      200      0      6.87754
31      5      687      0      1      3      200      0      6.74141
31      5      688      0      1      3      200      0      7.06609
31      5      689      0      1      3      200      0      6.99855
31      5      690      0      1      3      200      0      6.45827
31      5      691      0      1      3      200      0      6.8012
31      5      692      0      1      3      200      0      7.06219
31      5      693      0      1      3      200      0      6.47415
31      5      694      0      1      3      200      0      6.85166
31      5      695      0      1      3      200      0      7.22964
31      5      696      0      1      3      200      0      6.54439
31      5      697      0      1      3      200      0      7.01751
31      5      698      0      1      3      200      0      6.90402
31      5      699      0      1      3      200      0      6.87202
31      5      700      0      1      3      200      0      6.97753
31      5      701      0      1      3      200      0      7.23462
31      5      702      0      1      3      200      0      6.65079
31      5      703      0      1      3      200      0      7.09342
31      5      704      0      1      3      200      0      13.8714
31      5      705      0      1      3      200      0      13.7508
31      5      706      0      1      3      200      0      13.244
31      5      707      0      1      3      200      0      13.3242
31      5      708      0      1      3      200      0      13.6286
31      5      709      0      1      3      200      0      13.6521
31      5      710      0      1      3      200      0      13.692
31      5      711      0      1      3      200      0      13.5286
31      5      712      0      1      3      200      0      14.2852
31      5      713      0      1      3      200      0      13.3157
31      5      714      0      1      3      200      0      13.2934
31      5      715      0      1      3      200      0      13.5688
31      5      716      0      1      3      200      0      13.4508
31      5      717      0      1      3      200      0      13.701
31      5      718      0      1      3      200      0      13.4656
31      5      719      0      1      3      200      0      13.3806
31      5      720      0      1      3      200      0      13.9834
31      5      721      0      1      3      200      0      13.9143
31      5      722      0      1      3      200      0      13.8617
31      5      723      0      1      3      200      0      13.5837
31      5      724      0      1      3      200      0      13.4287
31      5      725      0      1      3      200      0      13.6329
31      5      726      0      1      3      200      0      13.4013
31      5      727      0      1      3      200      0      14.0604
31      5      728      0      1      3      200      0      14.2027
31      5      729      0      1      3      200      0      13.7045
31      5      730      0      1      3      200      0      13.0482
31      5      731      0      1      3      200      0      13.9461
31      5      732      0      1      3      200      0      13.2515
31      5      733      0      1      3      200      0      13.2654
31      5      734      0      1      3      200      0      13.4284
31      5      735      0      1      3      200      0      13.4736
31      5      736      0      1      3      200      0      13.0785
31      5      737      0      1      3      200      0      15.1084
31      5      738      0      1      3      200      0      13.1362
31      5      739      0      1      3      0      0      0
31      5      740      0      1      3      200      0      13.5229
31      5      741      0      1      3      200      0      14.1403
31      5      742      0      1      3      200      0      13.8338
31      5      743      0      1      3      200      0      13.1715
31      5      744      0      1      3      200      0      14.2133
31      5      745      0      1      3      200      0      13.9537
31      5      746      0      1      3      200      0      14.0181
31      5      747      0      1      3      200      0      13.9064
31      5      748      0      1      3      200      0      13.6335
31      5      749      0      1      3      200      0      14.0654
31      5      750      0      1      3      200      0      14.3297
31      5      751      0      1      3      200      0      13.5747
31      5      752      0      1      3      200      0      13.5677
31      5      753      0      1      3      200      0      13.6218
31      5      754      0      1      3      200      0      13.3638
31      5      755      0      1      3      200      0      13.5955
31      5      756      0      1      3      200      0      15.2606
31      5      757      0      1      3      200      0      13.7989
31      5      758      0      1      3      200      0      14.7459
31      5      759      0      1      3      200      0      12.9707
31      5      760      0      1      3      200      0      14.1629
31      5      761      0      1      3      200      0      13.5971
31      5      762      0      1      3      200      0      13.5737
31      5      763      0      1      3      200      0      13.5556
31      5      764      0      1      3      200      0      13.999
31      5      765      0      1      3      200      0      12.7317
31      5      766      0      1      3      200      0      13.0848
31      5      767      0      1      3      200      0      13.2726
31      5      768      0      1      3      200      0      12.8877
31      5      769      0      1      3      200      0      13.4511
31      5      770      0      1      3      200      0      13.6985
31      5      771      0      1      3      200      0      13.6197
31      5      772      0      1      3      200      0      13.6207
31      5      773      0      1      3      200      0      12.6894
31      5      774      0      1      3      200      0      13.4773
31      5      775      0      1      3      200      0      13.3632
31      5      776      0      1      3      200      0      13.2961
31      5      777      0      1      3      200      0      13.2729
31      5      778      0      1      3      200      0      12.7859
31      5      779      0      1      3      200      0      13.2407
31      5      780      0      1      3      200      0      13.8041
31      5      781      0      1      3      200      0      13.1014
31      5      782      0      1      3      200      0      13.5854
31      5      783      0      1      3      200      0      13.2516
31      5      784      0      1      3      200      0      12.8725
31      5      785      0      1      3      200      0      13.777
31      5      786      0      1      3      200      0      13.0134
31      5      787      0      1      3      200      0      13.3252
31      5      788      0      1      3      200      0      13.8691
31      5      789      0      1      3      200      0      13.0634
31      5      790      0      1      3      200      0      13.2666
31      5      791      0      1      3      200      0      13.4584
31      5      792      0      1      3      200      0      13.9338
31      5      793      0      1      3      200      0      12.8824
31      5      794      0      1      3      200      0      13.2033
31      5      795      0      1      3      200      0      13.3231
31      5      796      0      1      3      200      0      13.1743
31      5      797      0      1      3      200      0      12.714
31      5      798      0      1      3      200      0      12.8771
31      5      799      0      1      3      200      0      12.7494
31      6      0      0      1      3      0      0      0
31      6      1      0      1      3      200      0      13.1931
31      6      2      0      1      3      200      0      13.6487
31      6      3      0      1      3      200      0      14.2265
31      6      4      0      1      3      200      0      14.2707
31      6      5      0      1      3      200      0      13.7726
31      6      6      0      1      3      200      0      14.1183
31      6      7      0      1      3      200      0      14.0632
31      6      8      0      1      3      200      0      14.0625
31      6      9      0      1      3      200      0      13.5714
31      6      10      0      1      3      200      0      13.5854
31      6      11      0      1      3      200      0      15.412
31      6      12      0      1      3      200      0      13.926
31      6      13      0      1      3      200      0      13.7213
31      6      14      0      1      3      200      0      14.1715
31      6      15      0      1      3      200      0      12.9628
31      6      16      0      1      3      200      0      13.4764
31      6      17      0      1      3      200      0      13.7712
31      6      18      0      1      3      200      0      13.9883
31      6      19      0      1      3      200      0      13.4229
31      6      20      0      1      3      200      0      13.976
31      6      21      0      1      3      200      0      13.2559
31      6      22      0      1      3      200      0      13.9337
31      6      23      0      1      3      200      0      13.8394
31      6      24      0      1      3      200      0      14.3855
31      6      25      0      1      3      200      0      12.9044
31      6      26      0      1      3      200      0      13.9684
31      6      27      0      1      3      200      0      13.5047
31      6      28      0      1      3      200      0      14.2415
31      6      29      0      1      3      200      0      14.0249
31      6      30      0      1      3      200      0      13.585
31      6      31      0      1      3      200      0      14.0372
31      6      32      0      1      3      200      0      8.72126
31      6      33      0      1      3      200      0      6.80783
31      6      34      0      1      3      200      0      7.72931
31      6      35      0      1      3      200      0      7.90379
31      6      36      0      1      3      200      0      8.07173
31      6      37      0      1      3      200      0      7.41121
31      6      38      0      1      3      200      0      7.73446
31      6      39      0      1      3      200      0      7.29566
31      6      40      0      1      3      200      0      8.48292
31      6      41      0      1      3      200      0      5.24106
31      6      42      0      1      3      200      0      8.38201
31      6      43      0      1      3      200      0      6.24033
31      6      44      0      1      3      200      0      7.65653
31      6      45      0      1      3      200      0      6.7597
31      6      46      0      1      3      200      0      7.59188
31      6      47      0      1      3      200      0      5.58629
31      6      48      0      1      3      200      0      3.15406
31      6      49      0      1      3      200      0      9.27322
31      6      50      0      1      3      200      0      8.33565
31      6      51      0      1      3      200      0      6.32352
31      6      52      0      1      3      200      0      2.89274
31      6      53      0      1      3      200      0      7.65641
31      6      54      0      1      3      200      0      8.89054
31      6      55      0      1      3      200      0      6.64792
31      6      56      0      1      3      200      0      6.6631
31      6      57      0      1      3      200      0      9.22319
31      6      58      0      1      3      200      0      8.1196
31      6      59      0      1      3      200      0      8.80456
31      6      60      0      1      3      200      0      3.56589
31      6      61      0      1      3      200      0      8.14348
31      6      62      0      1      3      200      0      5.67085
31      6      63      0      1      3      200      0      5.99726
31      6      64      0      1      3      200      0      7.72076
31      6      65      0      1      3      200      0      7.77259
31      6      66      0      1      3      200      0      6.93766
31      6      67      0      1      3      200      0      7.95739
31      6      68      0      1      3      200      0      7.44783
31      6      69      0      1      3      200      0      7.64232
31      6      70      0      1      3      200      0      6.29242
31      6      71      0      1      3      200      0      7.18378
31      6      72      0      1      3      200      0      7.94939
31      6      73      0      1      3      200      0      7.53614
31      6      74      0      1      3      200      0      7.23946
31      6      75      0      1      3      200      0      8.01838
31      6      76      0      1      3      200      0      8.01281
31      6      77      0      1      3      200      0      7.26563
31      6      78      0      1      3      200      0      8.13423
31      6      79      0      1      3      200      0      8.03812
31      6      80      0      1      3      200      0      8.23556
31      6      81      0      1      3      200      0      8.13961
31      6      82      0      1      3      200      0      7.58515
31      6      83      0      1      3      200      0      7.56162
31      6      84      0      1      3      200      0      7.93276
31      6      85      0      1      3      200      0      7.02729
31      6      86      0      1      3      200      0      8.43517
31      6      87      0      1      3      200      0      6.93997
31      6      88      0      1      3      200      0      8.67775
31      6      89      0      1      3      200      0      7.26686
31      6      90      0      1      3      200      0      7.96538
31      6      91      0      1      3      200      0      7.85079
31      6      92      0      1      3      200      0      7.71485
31      6      93      0      1      3      200      0      6.20113
31      6      94      0      1      3      200      0      8.23647
31      6      95      0      1      3      200      0      8.26467
31      6      96      0      1      3      200      0      7.77075
31      6      97      0      1      3      200      0      7.05498
31      6      98      0      1      3      200      0      7.90264
31      6      99      0      1      3      200      0      6.97923
31      6      100      0      1      3      200      0      8.36087
31      6      101      0      1      3      200      0      7.79538
31      6      102      0      1      3      200      0      6.03968
31      6      103      0      1      3      200      0      8.26665
31      6      104      0      1      3      200      0      8.57473
31      6      105      0      1      3      200      0      8.84208
31      6      106      0      1      3      200      0      7.00766
31      6      107      0      1      3      200      0      8.17663
31      6      108      0      1      3      200      0      8.34439
31      6      109      0      1      3      200      0      7.66707
31      6      110      0      1      3      200      0      8.40583
31      6      111      0      1      3      200      0      8.08645
31      6      112      0      1      3      200      0      6.40119
31      6      113      0      1      3      200      0      7.1737
31      6      114      0      1      3      200      0      7.85074
31      6      115      0      1      3      200      0      8.39653
31      6      116      0      1      3      200      0      6.86755
31      6      117      0      1      3      200      0      6.53056
31      6      118      0      1      3      200      0      7.971
31      6      119      0      1      3      200      0      7.4485
31      6      120      0      1      3      200      0      7.55055
31      6      121      0      1      3      200      0      7.26535
31      6      122      0      1      3      200      0      7.14625
31      6      123      0      1      3      200      0      13.1349
31      6      124      0      1      3      200      0      6.32043
31      6      125      0      1      3      200      0      8.22765
31      6      126      0      1      3      200      0      10.7213
31      6      127      0      1      3      200      0      7.61253
31      6      128      0      1      3      200      0      8.32993
31      6      129      0      1      3      200      0      7.8024
31      6      130      0      1      3      200      0      8.33484
31      6      131      0      1      3      200      0      8.68985
31      6      132      0      1      3      200      0      7.32825
31      6      133      0      1      3      200      0      7.1928
31      6      134      0      1      3      200      0      7.59723
31      6      135      0      1      3      200      0      7.68094
31      6      136      0      1      3      200      0      10.0787
31      6      137      0      1      3      200      0      6.46382
31      6      138      0      1      3      200      0      8.93844
31      6      139      0      1      3      200      0      6.71313
31      6      140      0      1      3      200      0      9.3562
31      6      141      0      1      3      200      0      10.0428
31      6      142      0      1      3      200      0      7.12361
31      6      143      0      1      3      200      0      6.84654
31      6      144      0      1      3      200      0      6.227
31      6      145      0      1      3      200      0      7.56474
31      6      146      0      1      3      200      0      6.94468
31      6      147      0      1      3      200      0      8.31111
31      6      148      0      1      3      200      0      9.38057
31      6      149      0      1      3      200      0      7.55416
31      6      150      0      1      3      200      0      6.68945
31      6      151      0      1      3      200      0      9.64067
31      6      152      0      1      3      200      0      4.39582
31      6      153      0      1      3      200      0      8.07793
31      6      154      0      1      3      200      0      4.58843
31      6      155      0      1      3      200      0      8.53179
31      6      156      0      1      3      200      0      7.52071
31      6      157      0      1      3      200      0      8.27495
31      6      158      0      1      3      200      0      7.32407
31      6      159      0      1      3      200      0      7.51382
31      6      160      0      1      3      200      0      8.41753
31      6      161      0      1      3      200      0      8.43116
31      6      162      0      1      3      200      0      8.65065
31      6      163      0      1      3      200      0      8.43694
31      6      164      0      1      3      200      0      8.85565
31      6      165      0      1      3      200      0      7.67652
31      6      166      0      1      3      200      0      8.32755
31      6      167      0      1      3      200      0      9.09378
31      6      168      0      1      3      200      0      8.03068
31      6      169      0      1      3      200      0      8.50933
31      6      170      0      1      3      200      0      8.5221
31      6      171      0      1      3      200      0      8.11596
31      6      172      0      1      3      200      0      8.75841
31      6      173      0      1      3      200      0      8.24815
31      6      174      0      1      3      200      0      8.47833
31      6      175      0      1      3      200      0      7.85595
31      6      176      0      1      3      200      0      7.93473
31      6      177      0      1      3      200      0      7.94618
31      6      178      0      1      3      200      0      8.33606
31      6      179      0      1      3      200      0      8.20673
31      6      180      0      1      3      200      0      8.21886
31      6      181      0      1      3      200      0      7.88742
31      6      182      0      1      3      200      0      8.80204
31      6      183      0      1      3      200      0      8.37852
31      6      184      0      1      3      200      0      8.27263
31      6      185      0      1      3      200      0      8.65813
31      6      186      0      1      3      200      0      9.15069
31      6      187      0      1      3      200      0      8.3089
31      6      188      0      1      3      200      0      7.62724
31      6      189      0      1      3      200      0      8.18678
31      6      190      0      1      3      200      0      8.27837
31      6      191      0      1      3      200      0      7.81035
31      6      192      0      1      3      200      0      8.69472
31      6      193      0      1      3      200      0      7.82595
31      6      194      0      1      3      200      0      8.86649
31      6      195      0      1      3      200      0      8.59347
31      6      196      0      1      3      200      0      8.64315
31      6      197      0      1      3      200      0      8.25755
31      6      198      0      1      3      200      0      8.35982
31      6      199      0      1      3      200      0      8.85145
31      6      200      0      1      3      200      0      8.44926
31      6      201      0      1      3      200      0      9.15798
31      6      202      0      1      3      200      0      8.1175
31      6      203      0      1      3      200      0      8.55528
31      6      204      0      1      3      200      0      7.90723
31      6      205      0      1      3      200      0      6.85838
31      6      206      0      1      3      200      0      8.40081
31      6      207      0      1      3      200      0      8.98057
31      6      208      0      1      3      200      0      8.54336
31      6      209      0      1      3      200      0      9.4519
31      6      210      0      1      3      200      0      8.87643
31      6      211      0      1      3      200      0      8.25339
31      6      212      0      1      3      200      0      8.40113
31      6      213      0      1      3      200      0      7.48389
31      6      214      0      1      3      200      0      7.94409
31      6      215      0      1      3      200      0      8.14652
31      6      216      0      1      3      200      0      7.70595
31      6      217      0      1      3      200      0      8.70266
31      6      218      0      1      3      200      0      9.29907
31      6      219      0      1      3      200      0      7.94807
31      6      220      0      1      3      200      0      8.56764
31      6      221      0      1      3      200      0      8.82467
31      6      222      0      1      3      200      0      7.98805
31      6      223      0      1      3      200      0      7.86871
31      6      224      0      1      3      200      0      8.75962
31      6      225      0      1      3      200      0      7.66184
31      6      226      0      1      3      200      0      8.80058
31      6      227      0      1      3      200      0      7.11051
31      6      228      0      1      3      200      0      5.86621
31      6      229      0      1      3      200      0      6.56154
31      6      230      0      1      3      200      0      8.75295
31      6      231      0      1      3      200      0      6.45214
31      6      232      0      1      3      200      0      8.06476
31      6      233      0      1      3      200      0      7.81934
31      6      234      0      1      3      200      0      6.33866
31      6      235      0      1      3      200      0      9.60039
31      6      236      0      1      3      200      0      8.35514
31      6      237      0      1      3      200      0      8.42349
31      6      238      0      1      3      200      0      8.18264
31      6      239      0      1      3      200      0      6.8061
31      6      240      0      1      3      200      0      9.11445
31      6      241      0      1      3      200      0      8.19304
31      6      242      0      1      3      200      0      5.64219
31      6      243      0      1      3      200      0      13.2489
31      6      244      0      1      3      200      0      8.60672
31      6      245      0      1      3      200      0      5.60442
31      6      246      0      1      3      200      0      8.04913
31      6      247      0      1      3      200      0      10.2831
31      6      248      0      1      3      200      0      6.90799
31      6      249      0      1      3      200      0      8.79957
31      6      250      0      1      3      200      0      8.44048
31      6      251      0      1      3      200      0      9.30103
31      6      252      0      1      3      200      0      4.81685
31      6      253      0      1      3      200      0      8.47497
31      6      254      0      1      3      200      0      9.41918
31      6      255      0      1      3      200      0      7.91616
31      6      256      0      1      3      200      0      9.84775
31      6      257      0      1      3      200      0      8.23955
31      6      258      0      1      3      200      0      7.63367
31      6      259      0      1      3      200      0      9.31886
31      6      260      0      1      3      200      0      8.78548
31      6      261      0      1      3      200      0      8.93595
31      6      262      0      1      3      200      0      8.50989
31      6      263      0      1      3      200      0      8.46678
31      6      264      0      1      3      200      0      8.62368
31      6      265      0      1      3      200      0      6.53438
31      6      266      0      1      3      200      0      8.14484
31      6      267      0      1      3      200      0      6.74581
31      6      268      0      1      3      200      0      7.64681
31      6      269      0      1      3      200      0      7.85737
31      6      270      0      1      3      200      0      8.62627
31      6      271      0      1      3      200      0      10.2096
31      6      272      0      1      3      200      0      8.58814
31      6      273      0      1      3      200      0      8.42336
31      6      274      0      1      3      200      0      8.33541
31      6      275      0      1      3      200      0      8.28134
31      6      276      0      1      3      200      0      8.82171
31      6      277      0      1      3      200      0      8.99585
31      6      278      0      1      3      200      0      7.44634
31      6      279      0      1      3      200      0      9.88622
31      6      280      0      1      3      200      0      7.35397
31      6      281      0      1      3      200      0      6.07246
31      6      282      0      1      3      200      0      5.17427
31      6      283      0      1      3      200      0      7.15927
31      6      284      0      1      3      200      0      8.95442
31      6      285      0      1      3      200      0      6.34269
31      6      286      0      1      3      200      0      5.78536
31      6      287      0      1      3      200      0      5.56711
31      6      288      0      1      3      200      0      6.34633
31      6      289      0      1      3      200      0      6.91444
31      6      290      0      1      3      200      0      8.55821
31      6      291      0      1      3      200      0      5.89215
31      6      292      0      1      3      200      0      4.93832
31      6      293      0      1      3      200      0      8.456
31      6      294      0      1      3      200      0      11.6673
31      6      295      0      1      3      200      0      5.69945
31      6      296      0      1      3      200      0      4.94724
31      6      297      0      1      3      200      0      7.73405
31      6      298      0      1      3      200      0      7.92695
31      6      299      0      1      3      200      0      6.29538
31      6      300      0      1      3      200      0      4.66516
31      6      301      0      1      3      200      0      7.24331
31      6      302      0      1      3      200      0      5.57544
31      6      303      0      1      3      200      0      6.83693
31      6      304      0      1      3      200      0      7.33823
31      6      305      0      1      3      200      0      6.61388
31      6      306      0      1      3      200      0      4.64589
31      6      307      0      1      3      200      0      6.64623
31      6      308      0      1      3      200      0      6.69421
31      6      309      0      1      3      200      0      7.44977
31      6      310      0      1      3      200      0      6.948
31      6      311      0      1      3      200      0      8.03136
31      6      312      0      1      3      200      0      6.34438
31      6      313      0      1      3      200      0      6.07527
31      6      314      0      1      3      200      0      5.73254
31      6      315      0      1      3      200      0      8.63667
31      6      316      0      1      3      200      0      6.00371
31      6      317      0      1      3      200      0      7.86976
31      6      318      0      1      3      200      0      7.60056
31      6      319      0      1      3      200      0      6.93471
31      6      320      0      1      3      200      0      7.17012
31      6      321      0      1      3      200      0      8.17452
31      6      322      0      1      3      200      0      8.00431
31      6      323      0      1      3      200      0      6.74819
31      6      324      0      1      3      200      0      7.37906
31      6      325      0      1      3      200      0      6.94868
31      6      326      0      1      3      200      0      8.33853
31      6      327      0      1      3      200      0      6.79606
31      6      328      0      1      3      200      0      7.23353
31      6      329      0      1      3      200      0      7.56615
31      6      330      0      1      3      200      0      6.83639
31      6      331      0      1      3      200      0      10.5787
31      6      332      0      1      3      200      0      7.60893
31      6      333      0      1      3      200      0      6.83205
31      6      334      0      1      3      200      0      5.44094
31      6      335      0      1      3      200      0      7.69769
31      6      336      0      1      3      200      0      6.4112
31      6      337      0      1      3      200      0      6.60263
31      6      338      0      1      3      200      0      6.31995
31      6      339      0      1      3      200      0      5.19439
31      6      340      0      1      3      200      0      6.22105
31      6      341      0      1      3      200      0      6.81071
31      6      342      0      1      3      200      0      5.18154
31      6      343      0      1      3      200      0      6.8905
31      6      344      0      1      3      200      0      6.9597
31      6      345      0      1      3      200      0      4.02151
31      6      346      0      1      3      200      0      5.9923
31      6      347      0      1      3      200      0      6.01791
31      6      348      0      1      3      200      0      1.23868
31      6      349      0      1      3      200      0      6.58178
31      6      350      0      1      3      200      0      7.61286
31      6      351      0      1      3      200      0      7.39802
31      6      352      0      1      3      200      0      5.96612
31      6      353      0      1      3      200      0      9.27049
31      6      354      0      1      3      200      0      7.50085
31      6      355      0      1      3      200      0      6.90072
31      6      356      0      1      3      200      0      7.1416
31      6      357      0      1      3      200      0      4.31957
31      6      358      0      1      3      200      0      7.74488
31      6      359      0      1      3      200      0      6.6461
31      6      360      0      1      3      200      0      7.17767
31      6      361      0      1      3      200      0      6.94903
31      6      362      0      1      3      200      0      6.31998
31      6      363      0      1      3      200      0      6.28276
31      6      364      0      1      3      200      0      6.33983
31      6      365      0      1      3      200      0      6.90434
31      6      366      0      1      3      200      0      6.02508
31      6      367      0      1      3      200      0      5.02387
31      6      368      0      1      3      200      0      6.4716
31      6      369      0      1      3      200      0      6.91693
31      6      370      0      1      3      200      0      6.98866
31      6      371      0      1      3      200      0      6.37941
31      6      372      0      1      3      200      0      5.46189
31      6      373      0      1      3      200      0      7.01753
31      6      374      0      1      3      200      0      8.36908
31      6      375      0      1      3      200      0      7.75882
31      6      376      0      1      3      200      0      7.80215
31      6      377      0      1      3      200      0      7.72095
31      6      378      0      1      3      200      0      6.07067
31      6      379      0      1      3      200      0      7.71581
31      6      380      0      1      3      200      0      5.17418
31      6      381      0      1      3      200      0      5.2892
31      6      382      0      1      3      0      0      0
31      6      383      0      1      3      200      0      6.44307
31      6      384      0      1      3      200      0      8.33203
31      6      385      0      1      3      200      0      6.85251
31      6      386      0      1      3      200      0      7.1247
31      6      387      0      1      3      200      0      7.21268
31      6      388      0      1      3      200      0      7.43257
31      6      389      0      1      3      200      0      8.13506
31      6      390      0      1      3      200      0      6.70464
31      6      391      0      1      3      200      0      9.20287
31      6      392      0      1      3      200      0      6.35387
31      6      393      0      1      3      200      0      6.97696
31      6      394      0      1      3      200      0      2.95269
31      6      395      0      1      3      200      0      5.48792
31      6      396      0      1      3      200      0      6.76781
31      6      397      0      1      3      200      0      6.98968
31      6      398      0      1      3      200      0      7.45253
31      6      399      0      1      3      200      0      6.1356
31      6      400      0      1      3      200      0      7.0443
31      6      401      0      1      3      200      0      7.61958
31      6      402      0      1      3      200      0      6.19978
31      6      403      0      1      3      200      0      8.09803
31      6      404      0      1      3      200      0      7.46029
31      6      405      0      1      3      200      0      6.85951
31      6      406      0      1      3      200      0      7.00191
31      6      407      0      1      3      200      0      4.92327
31      6      408      0      1      3      200      0      7.00723
31      6      409      0      1      3      200      0      7.30163
31      6      410      0      1      3      200      0      9.09469
31      6      411      0      1      3      200      0      6.8524
31      6      412      0      1      3      200      0      8.35228
31      6      413      0      1      3      200      0      5.71894
31      6      414      0      1      3      200      0      7.69202
31      6      415      0      1      3      200      0      8.05619
31      6      416      0      1      3      200      0      13.1537
31      6      417      0      1      3      200      0      13.5299
31      6      418      0      1      3      200      0      13.4997
31      6      419      0      1      3      200      0      14.1732
31      6      420      0      1      3      200      0      12.8048
31      6      421      0      1      3      200      0      14.0213
31      6      422      0      1      3      200      0      13.5939
31      6      423      0      1      3      200      0      13.2548
31      6      424      0      1      3      200      0      12.903
31      6      425      0      1      3      200      0      12.596
31      6      426      0      1      3      200      0      13.6664
31      6      427      0      1      3      200      0      13.2682
31      6      428      0      1      3      200      0      13.1189
31      6      429      0      1      3      200      0      14.2074
31      6      430      0      1      3      200      0      12.4489
31      6      431      0      1      3      200      0      12.2011
31      6      432      0      1      3      200      0      12.0914
31      6      433      0      1      3      200      0      13.9345
31      6      434      0      1      3      200      0      13.1708
31      6      435      0      1      3      200      0      13.1963
31      6      436      0      1      3      200      0      12.8215
31      6      437      0      1      3      200      0      13.6923
31      6      438      0      1      3      200      0      13.3541
31      6      439      0      1      3      200      0      13.3909
31      6      440      0      1      3      200      0      13.3303
31      6      441      0      1      3      200      0      14.6728
31      6      442      0      1      3      200      0      13.545
31      6      443      0      1      3      200      0      12.9183
31      6      444      0      1      3      200      0      12.843
31      6      445      0      1      3      200      0      13.0736
31      6      446      0      1      3      200      0      14.2691
31      6      447      0      1      3      200      0      14.4388
31      6      448      0      1      3      200      0      13.4581
31      6      449      0      1      3      200      0      12.0681
31      6      450      0      1      3      200      0      14.1044
31      6      451      0      1      3      200      0      13.3654
31      6      452      0      1      3      200      0      13.4051
31      6      453      0      1      3      200      0      13.4212
31      6      454      0      1      3      200      0      13.6766
31      6      455      0      1      3      200      0      13.4994
31      6      456      0      1      3      200      0      13.4133
31      6      457      0      1      3      200      0      13.2112
31      6      458      0      1      3      200      0      12.6752
31      6      459      0      1      3      200      0      13.4436
31      6      460      0      1      3      200      0      13.1131
31      6      461      0      1      3      200      0      13.7433
31      6      462      0      1      3      200      0      13.2168
31      6      463      0      1      3      200      0      13.5577
31      6      464      0      1      3      200      0      14.3284
31      6      465      0      1      3      200      0      14.1458
31      6      466      0      1      3      200      0      14.3245
31      6      467      0      1      3      200      0      13.4435
31      6      468      0      1      3      200      0      13.9137
31      6      469      0      1      3      200      0      14.7829
31      6      470      0      1      3      200      0      12.9184
31      6      471      0      1      3      200      0      13.5737
31      6      472      0      1      3      200      0      14.4876
31      6      473      0      1      3      200      0      13.3413
31      6      474      0      1      3      200      0      13.9755
31      6      475      0      1      3      200      0      14.0505
31      6      476      0      1      3      200      0      14.8725
31      6      477      0      1      3      200      0      13.4175
31      6      478      0      1      3      200      0      12.7011
31      6      479      0      1      3      200      0      13.6602
31      6      480      0      1      3      200      0      12.4451
31      6      481      0      1      3      200      0      12.6964
31      6      482      0      1      3      200      0      12.5789
31      6      483      0      1      3      200      0      14.0889
31      6      484      0      1      3      200      0      13.4781
31      6      485      0      1      3      200      0      12.9978
31      6      486      0      1      3      200      0      15.2374
31      6      487      0      1      3      200      0      13.8151
31      6      488      0      1      3      200      0      13.7131
31      6      489      0      1      3      200      0      13.645
31      6      490      0      1      3      200      0      14.005
31      6      491      0      1      3      200      0      14.0779
31      6      492      0      1      3      200      0      12.7492
31      6      493      0      1      3      200      0      12.883
31      6      494      0      1      3      200      0      14.5685
31      6      495      0      1      3      200      0      13.0751
31      6      496      0      1      3      200      0      13.5787
31      6      497      0      1      3      200      0      13.2258
31      6      498      0      1      3      200      0      14.095
31      6      499      0      1      3      200      0      15.5021
31      6      500      0      1      3      200      0      13.2053
31      6      501      0      1      3      200      0      13.8802
31      6      502      0      1      3      200      0      13.4507
31      6      503      0      1      3      200      0      13.8004
31      6      504      0      1      3      200      0      13.842
31      6      505      0      1      3      200      0      13.1643
31      6      506      0      1      3      200      0      13.1094
31      6      507      0      1      3      200      0      13.3641
31      6      508      0      1      3      200      0      12.7151
31      6      509      0      1      3      200      0      12.2135
31      6      510      0      1      3      200      0      12.6989
31      6      511      0      1      3      200      0      13.3199
31      6      512      0      1      3      200      0      13.1328
31      6      513      0      1      3      200      0      13.3271
31      6      514      0      1      3      200      0      14.0672
31      6      515      0      1      3      200      0      14.126
31      6      516      0      1      3      200      0      14.8597
31      6      517      0      1      3      200      0      14.2974
31      6      518      0      1      3      200      0      12.8271
31      6      519      0      1      3      200      0      13.1333
31      6      520      0      1      3      200      0      14.3349
31      6      521      0      1      3      200      0      14.0897
31      6      522      0      1      3      200      0      14.3462
31      6      523      0      1      3      200      0      13.7435
31      6      524      0      1      3      200      0      13.8989
31      6      525      0      1      3      200      0      15.6016
31      6      526      0      1      3      200      0      14.0554
31      6      527      0      1      3      200      0      13.7554
31      6      528      0      1      3      200      0      15.0616
31      6      529      0      1      3      200      0      14.5237
31      6      530      0      1      3      200      0      14.1263
31      6      531      0      1      3      200      0      13.7397
31      6      532      0      1      3      200      0      13.7799
31      6      533      0      1      3      200      0      14.1949
31      6      534      0      1      3      200      0      13.7912
31      6      535      0      1      3      200      0      13.7673
31      6      536      0      1      3      200      0      15.3256
31      6      537      0      1      3      200      0      14.0237
31      7      0      0      1      3      200      0      13.6134
31      7      1      0      1      3      200      0      12.8237
31      7      2      0      1      3      200      0      14.1394
31      7      3      0      1      3      200      0      13.1897
31      7      4      0      1      3      200      0      13.2638
31      7      5      0      1      3      200      0      13.2816
31      7      6      0      1      3      200      0      12.6137
31      7      7      0      1      3      200      0      12.883
31      7      8      0      1      3      200      0      13.3829
31      7      9      0      1      3      200      0      13.7988
31      7      10      0      1      3      200      0      13.9549
31      7      11      0      1      3      200      0      13.48
31      7      12      0      1      3      200      0      14.3411
31      7      13      0      1      3      200      0      13.4018
31      7      14      0      1      3      200      0      14.1133
31      7      15      0      1      3      200      0      13.7383
31      7      16      0      1      3      200      0      13.5316
31      7      17      0      1      3      200      0      14.0738
31      7      18      0      1      3      200      0      13.2589
31      7      19      0      1      3      200      0      12.9066
31      7      20      0      1      3      200      0      15.8798
31      7      21      0      1      3      200      0      13.4154
31      7      22      0      1      3      200      0      12.119
31      7      23      0      1      3      200      0      13.1551
31      7      24      0      1      3      200      0      13.7671
31      7      25      0      1      3      200      0      13.3568
31      7      26      0      1      3      200      0      13.6607
31      7      27      0      1      3      200      0      13.0782
31      7      28      0      1      3      200      0      13.8241
31      7      29      0      1      3      200      0      12.8812
31      7      30      0      1      3      200      0      13.8523
31      7      31      0      1      3      200      0      13.5719
31      7      32      0      1      3      200      0      13.3572
31      7      33      0      1      3      200      0      13.68
31      7      34      0      1      3      200      0      13.2121
31      7      35      0      1      3      200      0      12.7864
31      7      36      0      1      3      200      0      13.9461
31      7      37      0      1      3      200      0      13.8952
31      7      38      0      1      3      200      0      13.1198
31      7      39      0      1      3      200      0      14.5957
31      7      40      0      1      3      200      0      15.3384
31      7      41      0      1      3      200      0      14.1148
31      7      42      0      1      3      200      0      13.3919
31      7      43      0      1      3      200      0      13.0898
31      7      44      0      1      3      200      0      15.8125
31      7      45      0      1      3      200      0      13.7016
31      7      46      0      1      3      200      0      14.3572
31      7      47      0      1      3      200      0      14.6396
31      7      48      0      1      3      200      0      19.1395
31      7      49      0      1      3      200      0      13.7654
31      7      50      0      1      3      200      0      13.7389
31      7      51      0      1      3      200      0      9.77046
31      7      52      0      1      3      200      0      12.3647
31      7      53      0      1      3      200      0      14.3588
31      7      54      0      1      3      200      0      13.3331
31      7      55      0      1      3      200      0      13.5423
31      7      56      0      1      3      200      0      13.8768
31      7      57      0      1      3      200      0      12.9743
31      7      58      0      1      3      200      0      13.6803
31      7      59      0      1      3      200      0      14.2241
31      7      60      0      1      3      200      0      12.2721
31      7      61      0      1      3      200      0      14.6723
31      7      62      0      1      3      200      0      13.1149
31      7      63      0      1      3      200      0      14.346
31      7      64      0      1      3      200      0      14.512
31      7      65      0      1      3      200      0      13.6895
31      7      66      0      1      3      200      0      15.151
31      7      67      0      1      3      200      0      13.3972
31      7      68      0      1      3      200      0      14.2639
31      7      69      0      1      3      200      0      13.8932
31      7      70      0      1      3      200      0      14.5249
31      7      71      0      1      3      200      0      14.0935
31      7      72      0      1      3      200      0      13.6438
31      7      73      0      1      3      200      0      14.2545
31      7      74      0      1      3      200      0      14.8943
31      7      75      0      1      3      200      0      14.0818
31      7      76      0      1      3      200      0      15.3111
31      7      77      0      1      3      200      0      14.875
31      7      78      0      1      3      200      0      14.6993
31      7      79      0      1      3      200      0      14.4069
31      7      80      0      1      3      200      0      15.3968
31      7      81      0      1      3      200      0      14.266
31      7      82      0      1      3      200      0      13.7314
31      7      83      0      1      3      200      0      15.782
31      7      84      0      1      3      200      0      14.3274
31      7      85      0      1      3      200      0      13.3463
31      7      86      0      1      3      200      0      12.8923
31      7      87      0      1      3      200      0      14.1843
31      7      88      0      1      3      200      0      13.558
31      7      89      0      1      3      200      0      17.7684
31      7      90      0      1      3      200      0      13.4837
31      7      91      0      1      3      200      0      14.3738
31      7      92      0      1      3      200      0      14.133
31      7      93      0      1      3      0      0      7.8397
31      7      94      0      1      3      200      0      13.5317
31      7      95      0      1      3      200      0      13.2687
31      7      96      0      1      3      200      0      13.5786
31      7      97      0      1      3      200      0      14.0907
31      7      98      0      1      3      200      0      8.61646
31      7      99      0      1      3      200      0      13.6305
31      7      100      0      1      3      200      0      13.478
31      7      101      0      1      3      200      0      20.2458
31      7      102      0      1      3      200      0      13.8048
31      7      103      0      1      3      200      0      14.2529
31      7      104      0      1      3      200      0      14.6798
31      7      105      0      1      3      200      0      13.7983
31      7      106      0      1      3      200      0      13.8569
31      7      107      0      1      3      200      0      15.056
31      7      108      0      1      3      200      0      12.7153
31      7      109      0      1      3      200      0      14.3317
31      7      110      0      1      3      200      0      17.8527
31      7      111      0      1      3      200      0      14.7769
31      7      112      0      1      3      200      0      12.6407
31      7      113      0      1      3      200      0      14.4208
31      7      114      0      1      3      200      0      12.189
31      7      115      0      1      3      200      0      13.7298
31      7      116      0      1      3      200      0      13.9034
31      7      117      0      1      3      200      0      12.9276
31      7      118      0      1      3      200      0      15.9886
31      7      119      0      1      3      200      0      14.1369
31      7      120      0      1      3      200      0      12.9785
31      7      121      0      1      3      200      0      13.6372
31      7      122      0      1      3      200      0      11.9063
31      7      123      0      1      3      200      0      12.8798
31      7      124      0      1      3      200      0      14.3143
31      7      125      0      1      3      200      0      14.4567
31      7      126      0      1      3      200      0      13.1453
31      7      127      0      1      3      200      0      13.8771
31      7      128      0      1      3      200      0      6.67358
31      7      129      0      1      3      200      0      7.51528
31      7      130      0      1      3      200      0      8.40097
31      7      131      0      1      3      200      0      8.05522
31      7      132      0      1      3      200      0      11.5965
31      7      133      0      1      3      200      0      6.92452
31      7      134      0      1      3      200      0      6.93094
31      7      135      0      1      3      200      0      6.97565
31      7      136      0      1      3      200      0      8.75404
31      7      137      0      1      3      200      0      3.61113
31      7      138      0      1      3      200      0      10.3979
31      7      139      0      1      3      200      0      7.96429
31      7      140      0      1      3      200      0      4.57976
31      7      141      0      1      3      200      0      7.72907
31      7      142      0      1      3      200      0      7.88675
31      7      143      0      1      3      200      0      2.12726
31      7      144      0      1      3      200      0      5.99536
31      7      145      0      1      3      200      0      8.66268
31      7      146      0      1      3      200      0      12.5883
31      7      147      0      1      3      200      0      8.02131
31      7      148      0      1      3      200      0      6.97756
31      7      149      0      1      3      200      0      6.19027
31      7      150      0      1      3      200      0      7.40604
31      7      151      0      1      3      200      0      11.1242
31      7      152      0      1      3      200      0      8.7123
31      7      153      0      1      3      200      0      10.6194
31      7      154      0      1      3      200      0      9.4565
31      7      155      0      1      3      200      0      6.81124
31      7      156      0      1      3      200      0      7.48854
31      7      157      0      1      3      200      0      6.36799
31      7      158      0      1      3      200      0      6.77749
31      7      159      0      1      3      200      0      4.44373
31      7      160      0      1      3      200      0      2.56786
31      7      161      0      1      3      200      0      9.25712
31      7      162      0      1      3      200      0      7.08112
31      7      163      0      1      3      200      0      5.66533
31      7      164      0      1      3      200      0      4.38819
31      7      165      0      1      3      200      0      7.34212
31      7      166      0      1      3      200      0      6.45045
31      7      167      0      1      3      200      0      5.89253
31      7      168      0      1      3      200      0      4.35809
31      7      169      0      1      3      200      0      7.41045
31      7      170      0      1      3      200      0      8.38628
31      7      171      0      1      3      200      0      7.82056
31      7      172      0      1      3      200      0      9.93987
31      7      173      0      1      3      200      0      5.75186
31      7      174      0      1      3      200      0      9.63572
31      7      175      0      1      3      200      0      3.42749
31      7      176      0      1      3      200      0      7.31541
31      7      177      0      1      3      200      0      6.25444
31      7      178      0      1      3      200      0      7.62764
31      7      179      0      1      3      200      0      6.08874
31      7      180      0      1      3      200      0      1.76903
31      7      181      0      1      3      200      0      8.415
31      7      182      0      1      3      200      0      6.71748
31      7      183      0      1      3      200      0      7.49293
31      7      184      0      1      3      200      0      7.02121
31      7      185      0      1      3      200      0      7.636
31      7      186      0      1      3      200      0      8.69604
31      7      187      0      1      3      200      0      6.09102
31      7      188      0      1      3      200      0      7.38018
31      7      189      0      1      3      200      0      5.55093
31      7      190      0      1      3      200      0      5.80636
31      7      191      0      1      3      200      0      7.12377
31      7      192      0      1      3      200      0      10.4047
31      7      193      0      1      3      200      0      8.84093
31      7      194      0      1      3      200      0      8.73091
31      7      195      0      1      3      200      0      6.46041
31      7      196      0      1      3      200      0      8.3598
31      7      197      0      1      3      200      0      7.72314
31      7      198      0      1      3      200      0      7.08962
31      7      199      0      1      3      200      0      7.20462
31      7      200      0      1      3      200      0      9.13538
31      7      201      0      1      3      200      0      5.64313
31      7      202      0      1      3      200      0      9.30034
31      7      203      0      1      3      200      0      6.83167
31      7      204      0      1      3      200      0      8.2338
31      7      205      0      1      3      200      0      6.1749
31      7      206      0      1      3      200      0      6.6195
31      7      207      0      1      3      200      0      8.12907
31      7      208      0      1      3      200      0      8.58354
31      7      209      0      1      3      200      0      6.34914
31      7      210      0      1      3      200      0      9.05146
31      7      211      0      1      3      200      0      8.68052
31      7      212      0      1      3      200      0      7.58878
31      7      213      0      1      3      200      0      6.93665
31      7      214      0      1      3      200      0      10.0901
31      7      215      0      1      3      200      0      6.46761
31      7      216      0      1      3      200      0      6.43489
31      7      217      0      1      3      200      0      7.70068
31      7      218      0      1      3      200      0      5.85181
31      7      219      0      1      3      200      0      7.25807
31      7      220      0      1      3      200      0      9.52804
31      7      221      0      1      3      200      0      8.70411
31      7      222      0      1      3      200      0      8.84882
31      7      223      0      1      3      200      0      6.4695
31      7      224      0      1      3      200      0      6.99011
31      7      225      0      1      3      200      0      7.17754
31      7      226      0      1      3      200      0      8.02442
31      7      227      0      1      3      200      0      8.02801
31      7      228      0      1      3      200      0      10.8073
31      7      229      0      1      3      200      0      8.28556
31      7      230      0      1      3      200      0      7.33398
31      7      231      0      1      3      200      0      5.12185
31      7      232      0      1      3      200      0      9.19072
31      7      233      0      1      3      200      0      7.28459
31      7      234      0      1      3      200      0      7.16074
31      7      235      0      1      3      200      0      7.18598
31      7      236      0      1      3      200      0      8.74082
31      7      237      0      1      3      200      0      8.45889
31      7      238      0      1      3      200      0      7.80472
31      7      239      0      1      3      200      0      8.6986
31      7      240      0      1      3      200      0      9.54717
31      7      241      0      1      3      200      0      8.22619
31      7      242      0      1      3      200      0      8.1354
31      7      243      0      1      3      200      0      8.13518
31      7      244      0      1      3      200      0      7.43576
31      7      245      0      1      3      200      0      9.13161
31      7      246      0      1      3      200      0      9.59671
31      7      247      0      1      3      200      0      7.78909
31      7      248      0      1      3      200      0      6.15044
31      7      249      0      1      3      200      0      6.75851
31      7      250      0      1      3      200      0      8.48917
31      7      251      0      1      3      200      0      6.10472
31      7      252      0      1      3      200      0      7.89071
31      7      253      0      1      3      200      0      5.29145
31      7      254      0      1      3      200      0      7.05608
31      7      255      0      1      3      200      0      7.69516
31      7      256      0      1      3      200      0      5.66429
31      7      257      0      1      3      200      0      7.23194
31      7      258      0      1      3      200      0      9.57444
31      7      259      0      1      3      200      0      7.29931
31      7      260      0      1      3      200      0      7.44885
31      7      261      0      1      3      200      0      5.59004
31      7      262      0      1      3      200      0      8.51138
31      7      263      0      1      3      200      0      7.44424
31      7      264      0      1      3      200      0      7.02825
31      7      265      0      1      3      200      0      5.53225
31      7      266      0      1      3      200      0      6.22316
31      7      267      0      1      3      200      0      -1.33647
31      7      268      0      1      3      200      0      8.3521
31      7      269      0      1      3      200      0      10.0611
31      7      270      0      1      3      200      0      4.84372
31      7      271      0      1      3      200      0      7.37175
31      7      272      0      1      3      200      0      7.50505
31      7      273      0      1      3      200      0      7.07309
31      7      274      0      1      3      200      0      6.56586
31      7      275      0      1      3      200      0      6.83444
31      7      276      0      1      3      200      0      6.74097
31      7      277      0      1      3      200      0      8.81147
31      7      278      0      1      3      200      0      7.65379
31      7      279      0      1      3      200      0      7.10999
31      7      280      0      1      3      200      0      8.11033
31      7      281      0      1      3      200      0      7.14417
31      7      282      0      1      3      200      0      6.8716
31      7      283      0      1      3      200      0      8.16645
31      7      284      0      1      3      200      0      8.39664
31      7      285      0      1      3      200      0      6.69713
31      7      286      0      1      3      200      0      11.1169
31      7      287      0      1      3      200      0      7.05777
31      7      288      0      1      3      200      0      8.23178
31      7      289      0      1      3      200      0      6.17044
31      7      290      0      1      3      200      0      9.08152
31      7      291      0      1      3      200      0      7.29922
31      7      292      0      1      3      200      0      7.54201
31      7      293      0      1      3      200      0      7.56587
31      7      294      0      1      3      200      0      6.69828
31      7      295      0      1      3      200      0      8.79901
31      7      296      0      1      3      200      0      6.85132
31      7      297      0      1      3      200      0      8.81657
31      7      298      0      1      3      200      0      7.14424
31      7      299      0      1      3      200      0      7.73591
31      7      300      0      1      3      200      0      7.33117
31      7      301      0      1      3      200      0      7.42959
31      7      302      0      1      3      200      0      7.79341
31      7      303      0      1      3      200      0      7.02537
31      7      304      0      1      3      200      0      6.11073
31      7      305      0      1      3      200      0      6.41254
31      7      306      0      1      3      200      0      6.9809
31      7      307      0      1      3      200      0      4.61123
31      7      308      0      1      3      200      0      4.58848
31      7      309      0      1      3      200      0      9.29095
31      7      310      0      1      3      200      0      8.37168
31      7      311      0      1      3      200      0      6.66617
31      7      312      0      1      3      200      0      7.66165
31      7      313      0      1      3      200      0      10.3151
31      7      314      0      1      3      200      0      7.19091
31      7      315      0      1      3      200      0      6.02338
31      7      316      0      1      3      200      0      6.96469
31      7      317      0      1      3      200      0      6.24757
31      7      318      0      1      3      200      0      7.15802
31      7      319      0      1      3      200      0      6.30919
31      7      320      0      1      3      200      0      6.88054
31      7      321      0      1      3      200      0      6.6811
31      7      322      0      1      3      200      0      6.7296
31      7      323      0      1      3      200      0      7.81568
31      7      324      0      1      3      200      0      10.7188
31      7      325      0      1      3      200      0      6.5068
31      7      326      0      1      3      200      0      6.27782
31      7      327      0      1      3      200      0      6.96169
31      7      328      0      1      3      200      0      8.49675
31      7      329      0      1      3      200      0      4.84155
31      7      330      0      1      3      200      0      7.56612
31      7      331      0      1      3      200      0      6.85339
31      7      332      0      1      3      200      0      8.13853
31      7      333      0      1      3      200      0      11.7475
31      7      334      0      1      3      200      0      7.71442
31      7      335      0      1      3      200      0      4.54389
31      7      336      0      1      3      200      0      8.01568
31      7      337      0      1      3      200      0      8.06067
31      7      338      0      1      3      200      0      7.55626
31      7      339      0      1      3      200      0      7.57853
31      7      340      0      1      3      200      0      5.21731
31      7      341      0      1      3      200      0      7.43636
31      7      342      0      1      3      200      0      7.85965
31      7      343      0      1      3      200      0      8.73259
31      7      344      0      1      3      200      0      7.86803
31      7      345      0      1      3      200      0      7.30116
31      7      346      0      1      3      200      0      8.21186
31      7      347      0      1      3      200      0      7.57293
31      7      348      0      1      3      200      0      7.00243
31      7      349      0      1      3      200      0      11.873
31      7      350      0      1      3      200      0      7.07848
31      7      351      0      1      3      200      0      6.08155
31      7      352      0      1      3      200      0      8.47211
31      7      353      0      1      3      200      0      8.00513
31      7      354      0      1      3      200      0      6.84152
31      7      355      0      1      3      200      0      8.28553
31      7      356      0      1      3      200      0      8.90535
31      7      357      0      1      3      200      0      7.46846
31      7      358      0      1      3      200      0      7.53199
31      7      359      0      1      3      200      0      7.66429
31      7      360      0      1      3      200      0      7.78105
31      7      361      0      1      3      200      0      7.7293
31      7      362      0      1      3      200      0      7.9907
31      7      363      0      1      3      200      0      8.42153
31      7      364      0      1      3      200      0      9.12709
31      7      365      0      1      3      200      0      8.20871
31      7      366      0      1      3      200      0      8.00957
31      7      367      0      1      3      200      0      7.83706
31      7      368      0      1      3      200      0      5.97223
31      7      369      0      1      3      200      0      8.12239
31      7      370      0      1      3      200      0      8.3584
31      7      371      0      1      3      200      0      10.651
31      7      372      0      1      3      200      0      7.95188
31      7      373      0      1      3      200      0      8.89372
31      7      374      0      1      3      200      0      8.52559
31      7      375      0      1      3      200      0      7.77655
31      7      376      0      1      3      200      0      7.97363
31      7      377      0      1      3      200      0      8.05885
31      7      378      0      1      3      200      0      7.02094
31      7      379      0      1      3      200      0      8.40229
31      7      380      0      1      3      200      0      7.33628
31      7      381      0      1      3      200      0      8.70812
31      7      382      0      1      3      200      0      7.70615
31      7      383      0      1      3      200      0      6.96603
31      7      384      0      1      3      200      0      6.84815
31      7      385      0      1      3      200      0      7.20825
31      7      386      0      1      3      200      0      6.45958
31      7      387      0      1      3      200      0      7.61553
31      7      388      0      1      3      200      0      6.88285
31      7      389      0      1      3      200      0      5.60894
31      7      390      0      1      3      200      0      6.60795
31      7      391      0      1      3      200      0      7.23522
31      7      392      0      1      3      200      0      7.55042
31      7      393      0      1      3      200      0      9.02601
31      7      394      0      1      3      200      0      8.32076
31      7      395      0      1      3      200      0      7.87722
31      7      396      0      1      3      200      0      3.78146
31      7      397      0      1      3      200      0      6.21065
31      7      398      0      1      3      200      0      8.4065
31      7      399      0      1      3      200      0      12.6819
31      7      400      0      1      3      200      0      7.0762
31      7      401      0      1      3      200      0      7.34843
31      7      402      0      1      3      200      0      6.10191
31      7      403      0      1      3      200      0      6.30411
31      7      404      0      1      3      200      0      5.94853
31      7      405      0      1      3      200      0      6.49696
31      7      406      0      1      3      200      0      6.66337
31      7      407      0      1      3      200      0      7.0057
31      7      408      0      1      3      200      0      7.79653
31      7      409      0      1      3      200      0      6.70916
31      7      410      0      1      3      200      0      6.75382
31      7      411      0      1      3      200      0      7.76812
31      7      412      0      1      3      200      0      7.58535
31      7      413      0      1      3      200      0      7.05381
31      7      414      0      1      3      200      0      6.66008
31      7      415      0      1      3      200      0      7.82332
31      7      416      0      1      3      200      0      7.17565
31      7      417      0      1      3      200      0      7.71129
31      7      418      0      1      3      200      0      7.63198
31      7      419      0      1      3      200      0      7.20092
31      7      420      0      1      3      200      0      8.08495
31      7      421      0      1      3      200      0      7.71886
31      7      422      0      1      3      200      0      7.98771
31      7      423      0      1      3      200      0      8.22675
31      7      424      0      1      3      200      0      8.21934
31      7      425      0      1      3      200      0      7.89244
31      7      426      0      1      3      200      0      7.82597
31      7      427      0      1      3      200      0      6.99644
31      7      428      0      1      3      200      0      7.80805
31      7      429      0      1      3      200      0      7.03871
31      7      430      0      1      3      200      0      7.58322
31      7      431      0      1      3      0      0      0
31      7      432      0      1      3      200      0      7.18157
31      7      433      0      1      3      200      0      7.47294
31      7      434      0      1      3      200      0      7.30539
31      7      435      0      1      3      200      0      7.53017
31      7      436      0      1      3      200      0      7.30929
31      7      437      0      1      3      200      0      7.00444
31      7      438      0      1      3      200      0      6.64812
31      7      439      0      1      3      200      0      8.15623
31      7      440      0      1      3      200      0      7.41892
31      7      441      0      1      3      200      0      7.48305
31      7      442      0      1      3      200      0      6.97012
31      7      443      0      1      3      200      0      7.42407
31      7      444      0      1      3      200      0      7.64348
31      7      445      0      1      3      200      0      8.17093
31      7      446      0      1      3      200      0      8.21975
31      7      447      0      1      3      200      0      6.71732
31      7      448      0      1      3      200      0      7.13436
31      7      449      0      1      3      200      0      7.07107
31      7      450      0      1      3      200      0      7.33248
31      7      451      0      1      3      200      0      6.71266
31      7      452      0      1      3      200      0      7.68875
31      7      453      0      1      3      200      0      7.48818
31      7      454      0      1      3      200      0      6.94807
31      7      455      0      1      3      200      0      7.06876
31      7      456      0      1      3      200      0      8.07549
31      7      457      0      1      3      200      0      7.42655
31      7      458      0      1      3      200      0      7.7439
31      7      459      0      1      3      200      0      7.42181
31      7      460      0      1      3      200      0      6.84907
31      7      461      0      1      3      200      0      7.56456
31      7      462      0      1      3      200      0      7.40635
31      7      463      0      1      3      200      0      7.39368
31      7      464      0      1      3      200      0      7.03408
31      7      465      0      1      3      200      0      7.36046
31      7      466      0      1      3      200      0      7.36127
31      7      467      0      1      3      200      0      7.95304
31      7      468      0      1      3      200      0      7.42632
31      7      469      0      1      3      200      0      8.61761
31      7      470      0      1      3      200      0      7.59982
31      7      471      0      1      3      200      0      7.44983
31      7      472      0      1      3      200      0      7.37265
31      7      473      0      1      3      200      0      7.34385
31      7      474      0      1      3      200      0      7.59631
31      7      475      0      1      3      200      0      8.0169
31      7      476      0      1      3      200      0      7.78083
31      7      477      0      1      3      200      0      6.87829
31      7      478      0      1      3      200      0      6.74596
31      7      479      0      1      3      200      0      8.17941
31      7      480      0      1      3      200      0      7.12531
31      7      481      0      1      3      200      0      7.04364
31      7      482      0      1      3      200      0      7.23213
31      7      483      0      1      3      200      0      7.54674
31      7      484      0      1      3      200      0      7.08695
31      7      485      0      1      3      200      0      7.36133
31      7      486      0      1      3      200      0      7.5242
31      7      487      0      1      3      200      0      7.2729
31      7      488      0      1      3      200      0      7.36011
31      7      489      0      1      3      200      0      6.77097
31      7      490      0      1      3      200      0      7.57266
31      7      491      0      1      3      200      0      7.40459
31      7      492      0      1      3      200      0      8.3687
31      7      493      0      1      3      200      0      7.46574
31      7      494      0      1      3      200      0      7.64505
31      7      495      0      1      3      200      0      7.58475
31      7      496      0      1      3      200      0      8.01077
31      7      497      0      1      3      200      0      7.4266
31      7      498      0      1      3      200      0      7.26582
31      7      499      0      1      3      200      0      7.49244
31      7      500      0      1      3      200      0      7.43753
31      7      501      0      1      3      200      0      7.08807
31      7      502      0      1      3      200      0      7.42478
31      7      503      0      1      3      200      0      7.15464
31      7      504      0      1      3      200      0      7.47936
31      7      505      0      1      3      200      0      8.0515
31      7      506      0      1      3      200      0      7.44466
31      7      507      0      1      3      200      0      7.36513
31      7      508      0      1      3      200      0      7.39527
31      7      509      0      1      3      200      0      7.13708
31      7      510      0      1      3      200      0      7.2367
31      7      511      0      1      3      200      0      7.28934
31      7      512      0      1      3      200      0      7.93737
31      7      513      0      1      3      200      0      7.87506
31      7      514      0      1      3      200      0      7.82605
31      7      515      0      1      3      200      0      6.94487
31      7      516      0      1      3      200      0      7.59371
31      7      517      0      1      3      200      0      8.31151
31      7      518      0      1      3      200      0      7.39094
31      7      519      0      1      3      200      0      7.65159
31      7      520      0      1      3      200      0      7.1957
31      7      521      0      1      3      200      0      7.93118
31      7      522      0      1      3      200      0      7.88983
31      7      523      0      1      3      200      0      7.36089
31      7      524      0      1      3      200      0      7.35384
31      7      525      0      1      3      200      0      7.03621
31      7      526      0      1      3      200      0      7.71569
31      7      527      0      1      3      200      0      7.87374
31      7      528      0      1      3      200      0      7.97818
31      7      529      0      1      3      200      0      7.24506
31      7      530      0      1      3      200      0      7.99662
31      7      531      0      1      3      200      0      7.74866
31      7      532      0      1      3      200      0      7.75492
31      7      533      0      1      3      200      0      6.78606
31      7      534      0      1      3      200      0      7.87252
31      7      535      0      1      3      200      0      7.0292
31      7      536      0      1      3      200      0      7.54823
31      7      537      0      1      3      200      0      7.2268
31      7      538      0      1      3      200      0      7.70983
31      7      539      0      1      3      200      0      7.3545
31      7      540      0      1      3      200      0      7.51525
31      7      541      0      1      3      200      0      7.54135
31      7      542      0      1      3      200      0      7.24537
31      7      543      0      1      3      200      0      7.6798
31      7      544      0      1      3      200      0      7.34796
31      7      545      0      1      3      200      0      7.72843
31      7      546      0      1      3      200      0      7.53376
31      7      547      0      1      3      200      0      7.11608
31      7      548      0      1      3      200      0      7.5188
31      7      549      0      1      3      200      0      7.70724
31      7      550      0      1      3      200      0      7.87604
31      7      551      0      1      3      200      0      7.33864
31      7      552      0      1      3      200      0      7.47017
31      7      553      0      1      3      200      0      7.44948
31      7      554      0      1      3      200      0      7.50201
31      7      555      0      1      3      200      0      7.84066
31      7      556      0      1      3      200      0      7.87236
31      7      557      0      1      3      200      0      7.7156
31      7      558      0      1      3      200      0      7.71133
31      7      559      0      1      3      200      0      7.2803
31      7      560      0      1      3      200      0      8.01817
31      7      561      0      1      3      200      0      7.38061
31      7      562      0      1      3      200      0      7.49759
31      7      563      0      1      3      200      0      7.99105
31      7      564      0      1      3      200      0      7.49208
31      7      565      0      1      3      200      0      7.3105
31      7      566      0      1      3      200      0      7.66719
31      7      567      0      1      3      200      0      7.23775
31      7      568      0      1      3      200      0      8.00307
31      7      569      0      1      3      200      0      8.03975
31      7      570      0      1      3      200      0      8.1661
31      7      571      0      1      3      200      0      7.66761
31      7      572      0      1      3      200      0      7.88232
31      7      573      0      1      3      200      0      7.83651
31      7      574      0      1      3      200      0      7.3225
31      7      575      0      1      3      200      0      7.51547
31      7      576      0      1      3      200      0      6.90784
31      7      577      0      1      3      200      0      7.68669
31      7      578      0      1      3      200      0      7.32415
31      7      579      0      1      3      200      0      6.96283
31      7      580      0      1      3      200      0      6.64224
31      7      581      0      1      3      200      0      6.78065
31      7      582      0      1      3      200      0      7.2285
31      7      583      0      1      3      200      0      7.59239
31      7      584      0      1      3      200      0      6.9275
31      7      585      0      1      3      200      0      7.08787
31      7      586      0      1      3      200      0      6.77373
31      7      587      0      1      3      200      0      7.38312
31      7      588      0      1      3      200      0      7.03003
31      7      589      0      1      3      200      0      7.3394
31      7      590      0      1      3      200      0      6.61164
31      7      591      0      1      3      200      0      6.92891
31      7      592      0      1      3      200      0      7.16344
31      7      593      0      1      3      200      0      7.05075
31      7      594      0      1      3      200      0      7.01495
31      7      595      0      1      3      200      0      6.77709
31      7      596      0      1      3      200      0      6.79937
31      7      597      0      1      3      200      0      7.23328
31      7      598      0      1      3      200      0      7.12099
31      7      599      0      1      3      200      0      7.11859
31      7      600      0      1      3      200      0      6.58479
31      7      601      0      1      3      200      0      6.67937
31      7      602      0      1      3      200      0      6.49993
31      7      603      0      1      3      200      0      7.41813
31      7      604      0      1      3      200      0      6.90528
31      7      605      0      1      3      200      0      6.78648
31      7      606      0      1      3      200      0      6.71316
31      7      607      0      1      3      200      0      7.34665
31      7      608      0      1      3      200      0      7.21582
31      7      609      0      1      3      200      0      6.56329
31      7      610      0      1      3      200      0      7.07363
31      7      611      0      1      3      200      0      6.71051
31      7      612      0      1      3      200      0      6.67673
31      7      613      0      1      3      200      0      7.01089
31      7      614      0      1      3      200      0      6.78582
31      7      615      0      1      3      200      0      6.73027
31      7      616      0      1      3      200      0      6.57946
31      7      617      0      1      3      200      0      6.1074
31      7      618      0      1      3      200      0      7.65367
31      7      619      0      1      3      200      0      6.88137
31      7      620      0      1      3      200      0      6.69854
31      7      621      0      1      3      200      0      7.29417
31      7      622      0      1      3      200      0      7.68264
31      7      623      0      1      3      200      0      6.65259
31      7      624      0      1      3      200      0      7.39758
31      7      625      0      1      3      200      0      7.23123
31      7      626      0      1      3      200      0      6.89975
31      7      627      0      1      3      200      0      7.01253
31      7      628      0      1      3      200      0      6.95658
31      7      629      0      1      3      200      0      7.05832
31      7      630      0      1      3      200      0      6.888
31      7      631      0      1      3      200      0      6.84382
31      7      632      0      1      3      200      0      6.27815
31      7      633      0      1      3      200      0      7.23198
31      7      634      0      1      3      200      0      6.93672
31      7      635      0      1      3      200      0      6.54232
31      7      636      0      1      3      200      0      7.10243
31      7      637      0      1      3      200      0      7.14373
31      7      638      0      1      3      200      0      6.54463
31      7      639      0      1      3      200      0      6.7824
31      7      640      0      1      3      200      0      6.81653
31      7      641      0      1      3      200      0      6.896
31      7      642      0      1      3      200      0      6.92999
31      7      643      0      1      3      200      0      7.03723
31      7      644      0      1      3      200      0      6.82135
31      7      645      0      1      3      200      0      7.17184
31      7      646      0      1      3      200      0      6.61778
31      7      647      0      1      3      200      0      7.19276
31      7      648      0      1      3      200      0      6.72484
31      7      649      0      1      3      200      0      6.99901
31      7      650      0      1      3      200      0      6.47611
31      7      651      0      1      3      200      0      7.36289
31      7      652      0      1      3      200      0      7.43438
31      7      653      0      1      3      200      0      7.46609
31      7      654      0      1      3      200      0      7.28822
31      7      655      0      1      3      200      0      7.83511
31      7      656      0      1      3      200      0      6.99651
31      7      657      0      1      3      200      0      7.09838
31      7      658      0      1      3      200      0      6.92396
31      7      659      0      1      3      200      0      7.16346
31      7      660      0      1      3      200      0      6.98429
31      7      661      0      1      3      200      0      7.21271
31      7      662      0      1      3      200      0      7.43723
31      7      663      0      1      3      200      0      7.04698
31      7      664      0      1      3      200      0      6.40708
31      7      665      0      1      3      200      0      6.53384
31      7      666      0      1      3      200      0      6.94395
31      7      667      0      1      3      200      0      6.4832
31      7      668      0      1      3      200      0      6.95793
31      7      669      0      1      3      200      0      7.24473
31      7      670      0      1      3      200      0      7.20897
31      7      671      0      1      3      200      0      7.22587
31      7      672      0      1      3      200      0      6.87048
31      7      673      0      1      3      200      0      6.93146
31      7      674      0      1      3      200      0      7.32887
31      7      675      0      1      3      200      0      7.14428
31      7      676      0      1      3      200      0      7.55214
31      7      677      0      1      3      200      0      6.9144
31      7      678      0      1      3      200      0      7.28779
31      7      679      0      1      3      200      0      7.72351
31      7      680      0      1      3      200      0      7.13909
31      7      681      0      1      3      200      0      7.29417
31      7      682      0      1      3      200      0      7.18532
31      7      683      0      1      3      200      0      7.00782
31      7      684      0      1      3      200      0      7.1613
31      7      685      0      1      3      200      0      6.69905
31      7      686      0      1      3      200      0      7.57686
31      7      687      0      1      3      200      0      7.39586
31      7      688      0      1      3      200      0      6.84209
31      7      689      0      1      3      200      0      6.96984
31      7      690      0      1      3      200      0      6.24656
31      7      691      0      1      3      200      0      6.7592
31      7      692      0      1      3      200      0      7.4903
31      7      693      0      1      3      200      0      7.84241
31      7      694      0      1      3      200      0      6.79386
31      7      695      0      1      3      200      0      6.09445
31      7      696      0      1      3      200      0      6.46077
31      7      697      0      1      3      200      0      7.31131
31      7      698      0      1      3      200      0      6.46561
31      7      699      0      1      3      200      0      7.45364
31      7      700      0      1      3      200      0      6.3555
31      7      701      0      1      3      200      0      6.94119
31      7      702      0      1      3      200      0      6.62561
31      7      703      0      1      3      200      0      6.83733
31      7      704      0      1      3      200      0      1.79575
31      7      705      0      1      3      200      0      1.6542
31      7      706      0      1      3      200      0      1.82807
31      7      707      0      1      3      200      0      2.33544
31      7      708      0      1      3      200      0      1.585
31      7      709      0      1      3      200      0      2.12009
31      7      710      0      1      3      200      0      1.7622
31      7      711      0      1      3      200      0      2.12832
31      7      712      0      1      3      200      0      2.12992
31      7      713      0      1      3      200      0      2.38553
31      7      714      0      1      3      200      0      1.61102
31      7      715      0      1      3      200      0      1.97082
31      7      716      0      1      3      200      0      1.33185
31      7      717      0      1      3      200      0      1.93947
31      7      718      0      1      3      200      0      1.32387
31      7      719      0      1      3      200      0      2.17382
31      7      720      0      1      3      200      0      1.62926
31      7      721      0      1      3      200      0      1.46558
31      7      722      0      1      3      200      0      1.65709
31      7      723      0      1      3      200      0      2.0325
31      7      724      0      1      3      200      0      1.93777
31      7      725      0      1      3      200      0      1.7237
31      7      726      0      1      3      200      0      2.05967
31      7      727      0      1      3      200      0      1.5154
31      7      728      0      1      3      200      0      1.18203
31      7      729      0      1      3      200      0      1.7187
31      7      730      0      1      3      200      0      1.50863
31      7      731      0      1      3      200      0      1.89762
31      7      732      0      1      3      200      0      1.28232
31      7      733      0      1      3      200      0      1.12632
31      7      734      0      1      3      200      0      1.45058
31      7      735      0      1      3      200      0      1.18211
31      7      736      0      1      3      200      0      1.34556
31      7      737      0      1      3      200      0      1.55327
31      7      738      0      1      3      200      0      1.54541
31      7      739      0      1      3      200      0      1.43078
31      7      740      0      1      3      200      0      1.5888
31      7      741      0      1      3      200      0      1.48376
31      7      742      0      1      3      200      0      1.66374
31      7      743      0      1      3      200      0      1.60326
31      7      744      0      1      3      200      0      1.57628
31      7      745      0      1      3      200      0      1.72857
31      7      746      0      1      3      200      0      1.78487
31      7      747      0      1      3      200      0      1.30579
31      7      748      0      1      3      200      0      1.7751
31      7      749      0      1      3      200      0      1.81962
31      7      750      0      1      3      200      0      1.1882
31      7      751      0      1      3      200      0      1.28359
31      7      752      0      1      3      200      0      1.48105
31      7      753      0      1      3      200      0      1.54851
31      7      754      0      1      3      200      0      1.47717
31      7      755      0      1      3      200      0      1.76363
31      7      756      0      1      3      200      0      1.94698
31      7      757      0      1      3      200      0      1.50924
31      7      758      0      1      3      200      0      2.44974
31      7      759      0      1      3      200      0      2.04355
31      7      760      0      1      3      200      0      1.73542
31      7      761      0      1      3      200      0      1.03926
31      7      762      0      1      3      200      0      1.95861
31      7      763      0      1      3      200      0      1.53703
31      7      764      0      1      3      200      0      1.83087
31      7      765      0      1      3      200      0      2.17016
31      7      766      0      1      3      200      0      1.96033
31      7      767      0      1      3      200      0      1.21032
31      7      768      0      1      3      200      0      13.1257
31      7      769      0      1      3      200      0      12.8301
31      7      770      0      1      3      200      0      13.0524
31      7      771      0      1      3      200      0      13.1198
31      7      772      0      1      3      200      0      13.7187
31      7      773      0      1      3      200      0      13.4469
31      7      774      0      1      3      200      0      13.0328
31      7      775      0      1      3      200      0      12.9777
31      7      776      0      1      3      200      0      13.7328
31      7      777      0      1      3      200      0      12.5813
31      7      778      0      1      3      200      0      12.7111
31      7      779      0      1      3      200      0      12.9882
31      7      780      0      1      3      200      0      14.2465
31      7      781      0      1      3      200      0      13.2771
31      7      782      0      1      3      200      0      13.2928
31      7      783      0      1      3      200      0      12.8545
31      7      784      0      1      3      200      0      12.9388
31      7      785      0      1      3      200      0      12.7455
31      7      786      0      1      3      200      0      12.9455
31      7      787      0      1      3      200      0      12.8276
31      7      788      0      1      3      200      0      12.6005
31      7      789      0      1      3      200      0      13.0929
31      7      790      0      1      3      200      0      13.0989
31      7      791      0      1      3      200      0      13.2495
31      7      792      0      1      3      200      0      13.4286
31      7      793      0      1      3      200      0      13.3215
31      7      794      0      1      3      200      0      13.0753
31      7      795      0      1      3      200      0      13.0273
31      7      796      0      1      3      200      0      13.4321
31      7      797      0      1      3      200      0      13.2122
31      7      798      0      1      3      200      0      13.4927
31      7      799      0      1      3      200      0      13.2424
31      7      800      0      1      3      200      0      1.77753
31      7      801      0      1      3      200      0      1.7717
31      7      802      0      1      3      200      0      1.54529
31      7      803      0      1      3      200      0      1.23764
31      7      804      0      1      3      200      0      1.77541
31      7      805      0      1      3      200      0      1.7485
31      7      806      0      1      3      200      0      1.94723
31      7      807      0      1      3      200      0      1.61277
31      7      808      0      1      3      200      0      1.84027
31      7      809      0      1      3      200      0      1.99697
31      7      810      0      1      3      200      0      1.67043
31      7      811      0      1      3      200      0      1.19911
31      7      812      0      1      3      200      0      1.74021
31      7      813      0      1      3      200      0      1.88682
31      7      814      0      1      3      200      0      1.89847
31      7      815      0      1      3      200      0      2.28316
31      7      816      0      1      3      200      0      1.783
31      7      817      0      1      3      200      0      2.06455
31      7      818      0      1      3      200      0      2.13998
31      7      819      0      1      3      200      0      1.265
31      7      820      0      1      3      200      0      1.18302
31      7      821      0      1      3      200      0      1.80361
31      7      822      0      1      3      200      0      1.93689
31      7      823      0      1      3      200      0      1.83822
31      7      824      0      1      3      200      0      0.97131
31      7      825      0      1      3      200      0      1.30334
31      7      826      0      1      3      200      0      1.6325
31      7      827      0      1      3      200      0      2.0117
31      7      828      0      1      3      200      0      1.69679
31      7      829      0      1      3      200      0      1.09507
31      7      830      0      1      3      200      0      1.38253
31      7      831      0      1      3      200      0      1.39572
31      7      832      0      1      3      200      0      1.16909
31      7      833      0      1      3      200      0      1.49557
31      7      834      0      1      3      200      0      1.66413
31      7      835      0      1      3      200      0      1.85273
31      7      836      0      1      3      200      0      2.05437
31      7      837      0      1      3      200      0      1.6367
31      7      838      0      1      3      200      0      1.9714
31      7      839      0      1      3      200      0      1.62817
31      7      840      0      1      3      200      0      1.40711
31      7      841      0      1      3      200      0      1.73534
31      7      842      0      1      3      200      0      1.62371
31      7      843      0      1      3      200      0      2.20088
31      7      844      0      1      3      200      0      1.96634
31      7      845      0      1      3      200      0      1.79899
31      7      846      0      1      3      200      0      1.41731
31      7      847      0      1      3      200      0      1.85118
31      7      848      0      1      3      200      0      2.58438
31      7      849      0      1      3      200      0      1.82946
31      7      850      0      1      3      200      0      2.77663
31      7      851      0      1      3      200      0      2.42752
31      7      852      0      1      3      200      0      1.94827
31      7      853      0      1      3      200      0      2.87935
31      7      854      0      1      3      200      0      2.22661
31      7      855      0      1      3      200      0      2.03393
31      7      856      0      1      3      200      0      1.32873
31      7      857      0      1      3      200      0      1.51998
31      7      858      0      1      3      200      0      0.50683
31      7      859      0      1      3      200      0      1.88341
31      7      860      0      1      3      200      0      2.11569
31      7      861      0      1      3      200      0      1.83927
31      7      862      0      1      3      200      0      1.75165
31      7      863      0      1      3      200      0      1.79934
31      7      864      0      1      3      200      0      1.16902
31      7      865      0      1      3      200      0      1.6791
31      7      866      0      1      3      200      0      2.1032
31      7      867      0      1      3      200      0      1.91829
31      7      868      0      1      3      200      0      1.54866
31      7      869      0      1      3      200      0      1.73125
31      7      870      0      1      3      200      0      0.98247
31      7      871      0      1      3      200      0      1.11404
31      7      872      0      1      3      200      0      1.74669
31      7      873      0      1      3      200      0      1.26626
31      7      874      0      1      3      200      0      1.47202
31      7      875      0      1      3      200      0      1.43462
31      7      876      0      1      3      200      0      1.9043
31      7      877      0      1      3      200      0      0.83739
31      7      878      0      1      3      200      0      1.03969
31      7      879      0      1      3      200      0      1.29266
31      7      880      0      1      3      200      0      1.28756
31      7      881      0      1      3      200      0      1.93144
31      7      882      0      1      3      200      0      2.48441
31      7      883      0      1      3      200      0      3.07401
31      7      884      0      1      3      200      0      1.37717
31      7      885      0      1      3      200      0      2.53785
31      7      886      0      1      3      200      0      1.24768
31      7      887      0      1      3      200      0      1.52552
31      7      888      0      1      3      200      0      1.14216
31      7      889      0      1      3      200      0      1.42789
31      7      890      0      1      3      200      0      1.35987
31      7      891      0      1      3      200      0      1.62007
31      7      892      0      1      3      200      0      0.57149
31      7      893      0      1      3      200      0      1.94875
31      7      894      0      1      3      200      0      1.30572
31      7      895      0      1      3      200      0      2.20219
31      7      896      0      1      3      200      0      1.81936
31      7      897      0      1      3      200      0      0.57176
31      7      898      0      1      3      200      0      1.99411
31      7      899      0      1      3      200      0      1.94549
31      7      900      0      1      3      200      0      1.56247
31      7      901      0      1      3      200      0      2.3734
31      7      902      0      1      3      200      0      1.89533
31      7      903      0      1      3      200      0      1.85721
31      7      904      0      1      3      200      0      1.7816
31      7      905      0      1      3      200      0      1.45002
31      7      906      0      1      3      200      0      1.27562
31      7      907      0      1      3      200      0      1.57529
31      7      908      0      1      3      200      0      1.25694
31      7      909      0      1      3      0      0      0
