##
#  file: HodoPHCParam_Dummy
#  date: 2016.06.15
#  note: first version
#
#
#######################################################################
# CId	PlId	Seg	UorD	Type	nParam	p0	p1	...
#
#	Type=0 no correction will be performed
#	Type=1 ct=t-p[0]/sqrt(a-p[1])+p[2]
#	Type=2 ct=p[0]*a*a + p[1]*a + p[2] for Fiber
#
#######################################################################
#ID 1:RF
#ID 2:TAG-SF
#ID 3:TAG-PL
#######################################################################
# T0                                                                 #
#######################################################################
11	0	0	0	0	3	0.0416466 -0.801462 0.93261
11	0	0	1	0	3	0.0257652 -0.213325 0.167654
#######################################################################
# TOF Up                                                              #
#######################################################################
14      0      0      0      1      3      3.03848      0      2.92885
14      0      1      0      1      3      -0.15051      0      0.91831
14      0      2      0      1      3      1.55841      0      2.28879
14      0      3      0      1      3      1.06353      0      1.10401
14      0      4      0      1      3      1.8539      0      1.75587
14      0      5      0      1      3      1.55061      0      1.44873
14      0      6      0      1      3      1.79653      0      1.48143
14      0      7      0      1      3      2.0398      0      1.82954
14      0      8      0      1      3      1.33696      0      0.892825
14      0      9      0      1      3      0.9      0      0.755198
14      0      10      0      1      3      1.89045      0      1.91888
14      0      11      0      1      3      1.91561      0      1.89447
14      0      12      0      1      3      1.83058      0      1.22356
14      0      13      0      1      3      1.43645      0      1.00252
14      0      14      0      1      3      1.90665      0      1.51644
14      0      15      0      1      3      1.34623      0      0.976802
14      0      16      0      1      3      2.21624      0      1.79454
14      0      17      0      1      3      1.76993      0      1.36761
14      0      18      0      1      3      1.90796      0      1.61676
14      0      19      0      1      3      1.67755      0      1.41865
14      0      20      0      1      3      1.81966      0      1.57891
14      0      21      0      1      3      1.95282      0      1.68969
14      0      22      0      1      3      1.81559      0      1.58856
14      0      23      0      1      3      2.1124      0      2.01893
14      0      24      0      1      3      1.94659      0      1.51649
14      0      25      0      1      3      1.84211      0      1.54073
14      0      26      0      1      3      1.77868      0      1.28237
14      0      27      0      1      3      1.86787      0      1.68763
14      0      28      0      1      3      1.2561      0      0.848119
14      0      29      0      1      3      1.73518      0      1.41006
14      0      30      0      1      3      1.21034      0      0.658917
14      0      31      0      1      3      1.61727      0      1.05539
14      0      32      0      1      3      1.37654      0      0.693829
14      0      33      0      1      3      1.10723      0      0.687592
14      0      34      0      1      3      1.71471      0      1.10113
14      0      35      0      1      3      1.03436      0      0.52073
14      0      36      0      1      3      1.95422      0      1.88994
14      0      37      0      1      3      1.79345      0      1.70694
14      0      38      0      1      3      1.46995      0      1.37765
14      0      39      0      1      3      1.32722      0      1.35541
14      0      40      0      1      3      1.813      0      1.80288
14      0      41      0      1      3      1.95582      0      1.90642
14      0      42      0      1      3      1.76778      0      1.59997
14      0      43      0      1      3      1.84057      0      1.78231
14      0      44      0      1      3      1.48255      0      1.35417
14      0      45      0      1      3      2.28497      0      2.16399
14      0      46      0      1      3      -0.61962      0      0.11463
14      0      47      0      1      3      1.76984      0      1.76944
#######################################################################
# TOF Down                                                            #
#######################################################################
14      0      0      1      1      3      -3.14999      0      -2.41899
14      0      1      1      1      3      2.84018      0      1.45184
14      0      2      1      1      3      2.04704      0      1.56831
14      0      3      1      1      3      4.76054      0      4.51528
14      0      4      1      1      3      1.9976      0      1.89033
14      0      5      1      1      3      2.64458      0      2.52864
14      0      6      1      1      3      2.63944      0      2.52015
14      0      7      1      1      3      2.67121      0      2.59021
14      0      8      1      1      3      1.8644      0      1.86091
14      0      9      1      1      3      1.80751      0      1.4697
14      0      10      1      1      3      2.60673      0      2.49927
14      0      11      1      1      3      2.58825      0      2.43981
14      0      12      1      1      3      2.37202      0      2.38596
14      0      13      1      1      3      2.69674      0      2.72182
14      0      14      1      1      3      2.28414      0      2.25166
14      0      15      1      1      3      2.27851      0      2.31163
14      0      16      1      1      3      2.08616      0      2.12107
14      0      17      1      1      3      1.98756      0      1.99642
14      0      18      1      1      3      2.12389      0      2.18407
14      0      19      1      1      3      2.27534      0      2.28228
14      0      20      1      1      3      2.17264      0      2.18157
14      0      21      1      1      3      2.30096      0      2.26166
14      0      22      1      1      3      2.08932      0      1.97149
14      0      23      1      1      3      1.74918      0      1.76036
14      0      24      1      1      3      2.43957      0      2.33933
14      0      25      1      1      3      2.27124      0      2.25948
14      0      26      1      1      3      2.40458      0      2.28545
14      0      27      1      1      3      2.06959      0      2.03927
14      0      28      1      1      3      2.60923      0      2.5402
14      0      29      1      1      3      2.45523      0      2.48032
14      0      30      1      1      3      2.45195      0      2.45857
14      0      31      1      1      3      2.6668      0      2.62095
14      0      32      1      1      3      2.32049      0      2.3522
14      0      33      1      1      3      2.78617      0      2.80636
14      0      34      1      1      3      1.77506      0      1.65958
14      0      35      1      1      3      2.80416      0      2.73271
14      0      36      1      1      3      2.66939      0      2.63815
14      0      37      1      1      3      2.61332      0      2.59835
14      0      38      1      1      3      3.09803      0      3.00368
14      0      39      1      1      3      2.39485      0      2.14653
14      0      40      1      1      3      2.50706      0      2.43502
14      0      41      1      1      3      2.31688      0      2.29011
14      0      42      1      1      3      2.32386      0      2.26606
14      0      43      1      1      3      2.52083      0      2.47722
14      0      44      1      1      3      2.99304      0      3.00099
14      0      45      1      1      3      2.41353      0      3.06306
14      0      46      1      1      3      0.225546      0      0.087577
14      0      47      1      1      3      2.34466      0      2.11617
#######################################################################
# CFT                                                                 #
#######################################################################
31      0      0      0      1      3      200      0      5.51998
31      0      1      0      1      3      200      0      5.70334
31      0      2      0      1      3      200      0      5.58196
31      0      3      0      1      3      200      0      5.73506
31      0      4      0      1      3      200      0      5.47555
31      0      5      0      1      3      200      0      5.3894
31      0      6      0      1      3      200      0      5.54362
31      0      7      0      1      3      200      0      5.75419
31      0      8      0      1      3      200      0      5.5628
31      0      9      0      1      3      200      0      5.56384
31      0      10      0      1      3      200      0      5.6076
31      0      11      0      1      3      200      0      5.62266
31      0      12      0      1      3      200      0      5.88698
31      0      13      0      1      3      200      0      5.64814
31      0      14      0      1      3      200      0      5.55446
31      0      15      0      1      3      200      0      5.58925
31      0      16      0      1      3      200      0      5.35553
31      0      17      0      1      3      200      0      5.63908
31      0      18      0      1      3      200      0      5.61995
31      0      19      0      1      3      200      0      5.66352
31      0      20      0      1      3      200      0      5.6412
31      0      21      0      1      3      200      0      5.56397
31      0      22      0      1      3      200      0      5.6956
31      0      23      0      1      3      200      0      5.56978
31      0      24      0      1      3      200      0      5.81826
31      0      25      0      1      3      200      0      5.51993
31      0      26      0      1      3      200      0      5.50013
31      0      27      0      1      3      200      0      5.51776
31      0      28      0      1      3      200      0      5.55003
31      0      29      0      1      3      200      0      5.76152
31      0      30      0      1      3      200      0      5.70242
31      0      31      0      1      3      200      0      5.64348
31      0      32      0      1      3      200      0      5.66729
31      0      33      0      1      3      200      0      5.68471
31      0      34      0      1      3      200      0      5.94383
31      0      35      0      1      3      200      0      5.83053
31      0      36      0      1      3      200      0      5.74923
31      0      37      0      1      3      200      0      5.88007
31      0      38      0      1      3      200      0      5.82666
31      0      39      0      1      3      200      0      5.88215
31      0      40      0      1      3      200      0      5.58311
31      0      41      0      1      3      200      0      5.77272
31      0      42      0      1      3      200      0      5.7576
31      0      43      0      1      3      200      0      5.48375
31      0      44      0      1      3      200      0      5.78909
31      0      45      0      1      3      200      0      5.92516
31      0      46      0      1      3      200      0      5.73687
31      0      47      0      1      3      200      0      5.70717
31      0      48      0      1      3      200      0      5.83846
31      0      49      0      1      3      200      0      5.6016
31      0      50      0      1      3      200      0      5.79046
31      0      51      0      1      3      200      0      5.72538
31      0      52      0      1      3      200      0      5.59319
31      0      53      0      1      3      200      0      5.58286
31      0      54      0      1      3      200      0      5.83891
31      0      55      0      1      3      200      0      5.50606
31      0      56      0      1      3      200      0      5.64068
31      0      57      0      1      3      200      0      5.63658
31      0      58      0      1      3      200      0      5.76056
31      0      59      0      1      3      200      0      5.72042
31      0      60      0      1      3      200      0      5.57882
31      0      61      0      1      3      200      0      5.60155
31      0      62      0      1      3      200      0      5.55851
31      0      63      0      1      3      200      0      5.54532
31      0      64      0      1      3      200      0      5.571
31      0      65      0      1      3      200      0      5.98138
31      0      66      0      1      3      200      0      5.70198
31      0      67      0      1      3      200      0      5.80278
31      0      68      0      1      3      200      0      5.37051
31      0      69      0      1      3      200      0      5.40762
31      0      70      0      1      3      200      0      5.62134
31      0      71      0      1      3      200      0      5.81703
31      0      72      0      1      3      200      0      6.01452
31      0      73      0      1      3      200      0      5.6413
31      0      74      0      1      3      200      0      5.77803
31      0      75      0      1      3      200      0      5.85024
31      0      76      0      1      3      200      0      5.68812
31      0      77      0      1      3      200      0      5.54348
31      0      78      0      1      3      200      0      5.79306
31      0      79      0      1      3      200      0      5.91997
31      0      80      0      1      3      200      0      5.65824
31      0      81      0      1      3      200      0      5.9142
31      0      82      0      1      3      200      0      5.76833
31      0      83      0      1      3      200      0      5.68637
31      0      84      0      1      3      200      0      5.83985
31      0      85      0      1      3      200      0      5.55472
31      0      86      0      1      3      200      0      5.85739
31      0      87      0      1      3      200      0      5.71891
31      0      88      0      1      3      200      0      5.80797
31      0      89      0      1      3      200      0      5.77575
31      0      90      0      1      3      200      0      5.6637
31      0      91      0      1      3      200      0      5.85686
31      0      92      0      1      3      200      0      5.62682
31      0      93      0      1      3      200      0      5.58986
31      0      94      0      1      3      200      0      5.91007
31      0      95      0      1      3      200      0      5.50937
31      0      96      0      1      3      200      0      5.79484
31      0      97      0      1      3      200      0      5.59543
31      0      98      0      1      3      200      0      5.59722
31      0      99      0      1      3      200      0      5.58007
31      0      100      0      1      3      200      0      5.67442
31      0      101      0      1      3      200      0      5.45795
31      0      102      0      1      3      200      0      5.52872
31      0      103      0      1      3      200      0      5.5591
31      0      104      0      1      3      200      0      5.97546
31      0      105      0      1      3      200      0      5.40196
31      0      106      0      1      3      200      0      5.43358
31      0      107      0      1      3      200      0      5.4089
31      0      108      0      1      3      200      0      5.33804
31      0      109      0      1      3      200      0      5.58615
31      0      110      0      1      3      200      0      5.63982
31      0      111      0      1      3      200      0      5.56513
31      0      112      0      1      3      200      0      5.47487
31      0      113      0      1      3      200      0      5.90449
31      0      114      0      1      3      200      0      5.66053
31      0      115      0      1      3      200      0      5.84253
31      0      116      0      1      3      200      0      5.52223
31      0      117      0      1      3      200      0      5.68775
31      0      118      0      1      3      200      0      5.59341
31      0      119      0      1      3      200      0      5.49078
31      0      120      0      1      3      200      0      5.534
31      0      121      0      1      3      200      0      5.62099
31      0      122      0      1      3      200      0      5.40099
31      0      123      0      1      3      200      0      5.46127
31      0      124      0      1      3      200      0      5.64986
31      0      125      0      1      3      200      0      5.71476
31      0      126      0      1      3      200      0      5.53476
31      0      127      0      1      3      200      0      5.64255
31      0      128      0      1      3      200      0      5.66517
31      0      129      0      1      3      200      0      5.63912
31      0      130      0      1      3      200      0      5.46045
31      0      131      0      1      3      200      0      5.68557
31      0      132      0      1      3      200      0      5.40886
31      0      133      0      1      3      200      0      5.34852
31      0      134      0      1      3      200      0      5.56225
31      0      135      0      1      3      200      0      5.52873
31      0      136      0      1      3      200      0      5.38562
31      0      137      0      1      3      200      0      5.09984
31      0      138      0      1      3      200      0      5.54758
31      0      139      0      1      3      200      0      5.60475
31      0      140      0      1      3      200      0      5.47915
31      0      141      0      1      3      200      0      5.49132
31      0      142      0      1      3      200      0      5.67089
31      0      143      0      1      3      200      0      5.68365
31      0      144      0      1      3      200      0      5.6096
31      0      145      0      1      3      200      0      5.58745
31      0      146      0      1      3      200      0      5.55662
31      0      147      0      1      3      200      0      5.65725
31      0      148      0      1      3      200      0      5.78912
31      0      149      0      1      3      200      0      5.50513
31      0      150      0      1      3      200      0      5.3986
31      0      151      0      1      3      200      0      5.74522
31      0      152      0      1      3      200      0      5.77329
31      0      153      0      1      3      200      0      5.54548
31      0      154      0      1      3      200      0      5.65042
31      0      155      0      1      3      200      0      5.63597
31      0      156      0      1      3      200      0      5.59729
31      0      157      0      1      3      200      0      5.47035
31      0      158      0      1      3      200      0      5.38237
31      0      159      0      1      3      200      0      5.70106
31      0      160      0      1      3      200      0      5.34392
31      0      161      0      1      3      200      0      5.22463
31      0      162      0      1      3      200      0      5.73607
31      0      163      0      1      3      200      0      5.34199
31      0      164      0      1      3      200      0      5.61279
31      0      165      0      1      3      200      0      5.54165
31      0      166      0      1      3      200      0      5.53874
31      0      167      0      1      3      200      0      5.35901
31      0      168      0      1      3      200      0      5.49806
31      0      169      0      1      3      200      0      5.27858
31      0      170      0      1      3      200      0      5.84063
31      0      171      0      1      3      200      0      5.35096
31      0      172      0      1      3      200      0      5.72435
31      0      173      0      1      3      200      0      5.29217
31      0      174      0      1      3      200      0      5.68844
31      0      175      0      1      3      200      0      5.56496
31      0      176      0      1      3      200      0      5.71833
31      0      177      0      1      3      200      0      6.14411
31      0      178      0      1      3      200      0      5.79171
31      0      179      0      1      3      200      0      5.41957
31      0      180      0      1      3      200      0      5.30395
31      0      181      0      1      3      200      0      5.513
31      0      182      0      1      3      200      0      5.63141
31      0      183      0      1      3      200      0      5.68293
31      0      184      0      1      3      200      0      5.6521
31      0      185      0      1      3      200      0      5.72412
31      0      186      0      1      3      200      0      5.37694
31      0      187      0      1      3      200      0      5.5326
31      0      188      0      1      3      200      0      5.78789
31      0      189      0      1      3      200      0      5.55631
31      0      190      0      1      3      200      0      5.57357
31      0      191      0      1      3      200      0      5.39296
31      0      192      0      1      3      200      0      5.91181
31      0      193      0      1      3      200      0      5.77064
31      0      194      0      1      3      200      0      5.44179
31      0      195      0      1      3      200      0      5.82973
31      0      196      0      1      3      200      0      5.87502
31      0      197      0      1      3      200      0      5.70548
31      0      198      0      1      3      200      0      5.92207
31      0      199      0      1      3      200      0      5.65888
31      0      200      0      1      3      200      0      5.90658
31      0      201      0      1      3      200      0      5.88246
31      0      202      0      1      3      200      0      5.59292
31      0      203      0      1      3      200      0      5.80203
31      0      204      0      1      3      200      0      5.76782
31      0      205      0      1      3      200      0      5.64408
31      0      206      0      1      3      200      0      5.59099
31      0      207      0      1      3      200      0      5.78979
31      0      208      0      1      3      200      0      5.79829
31      0      209      0      1      3      200      0      5.63951
31      0      210      0      1      3      200      0      5.85271
31      0      211      0      1      3      200      0      5.58308
31      0      212      0      1      3      200      0      5.78484
31      0      213      0      1      3      200      0      5.72752
31      0      214      0      1      3      200      0      5.67133
31      0      215      0      1      3      200      0      5.53739
31      0      216      0      1      3      200      0      5.85956
31      0      217      0      1      3      200      0      5.48329
31      0      218      0      1      3      200      0      5.75394
31      0      219      0      1      3      200      0      5.53782
31      0      220      0      1      3      200      0      5.79877
31      0      221      0      1      3      200      0      5.73937
31      0      222      0      1      3      200      0      5.69646
31      0      223      0      1      3      200      0      5.68555
31      0      224      0      1      3      200      0      5.72041
31      0      225      0      1      3      200      0      5.80158
31      0      226      0      1      3      200      0      5.85775
31      0      227      0      1      3      200      0      5.76496
31      0      228      0      1      3      200      0      5.83579
31      0      229      0      1      3      200      0      6.15901
31      0      230      0      1      3      200      0      6.12709
31      0      231      0      1      3      200      0      5.7263
31      0      232      0      1      3      200      0      5.68872
31      0      233      0      1      3      200      0      5.73728
31      0      234      0      1      3      200      0      5.67521
31      0      235      0      1      3      200      0      5.86272
31      0      236      0      1      3      200      0      5.58804
31      0      237      0      1      3      200      0      5.97567
31      0      238      0      1      3      200      0      5.57904
31      0      239      0      1      3      200      0      5.69289
31      0      240      0      1      3      200      0      5.77325
31      0      241      0      1      3      200      0      6.17817
31      0      242      0      1      3      200      0      5.66892
31      0      243      0      1      3      200      0      5.75202
31      0      244      0      1      3      200      0      6.02206
31      0      245      0      1      3      200      0      5.86251
31      0      246      0      1      3      200      0      5.78032
31      0      247      0      1      3      200      0      5.71501
31      0      248      0      1      3      200      0      5.84446
31      0      249      0      1      3      200      0      5.64734
31      0      250      0      1      3      200      0      5.7539
31      0      251      0      1      3      200      0      5.93115
31      0      252      0      1      3      200      0      5.82921
31      0      253      0      1      3      200      0      5.72545
31      0      254      0      1      3      200      0      5.95322
31      0      255      0      1      3      200      0      5.83821
31      0      256      0      1      3      200      0      5.83996
31      0      257      0      1      3      200      0      5.90552
31      0      258      0      1      3      200      0      5.66569
31      0      259      0      1      3      200      0      5.95336
31      0      260      0      1      3      200      0      5.99379
31      0      261      0      1      3      200      0      5.86643
31      0      262      0      1      3      200      0      5.80824
31      0      263      0      1      3      200      0      5.85184
31      0      264      0      1      3      200      0      6.00156
31      0      265      0      1      3      200      0      6.02848
31      0      266      0      1      3      200      0      6.10693
31      0      267      0      1      3      200      0      6.05893
31      0      268      0      1      3      200      0      6.02508
31      0      269      0      1      3      200      0      5.84201
31      0      270      0      1      3      200      0      5.92257
31      0      271      0      1      3      200      0      6.02871
31      0      272      0      1      3      200      0      6.05773
31      0      273      0      1      3      200      0      5.93304
31      0      274      0      1      3      200      0      5.96422
31      0      275      0      1      3      200      0      5.85079
31      0      276      0      1      3      200      0      5.82969
31      0      277      0      1      3      200      0      5.92412
31      0      278      0      1      3      200      0      6.01353
31      0      279      0      1      3      200      0      6.09935
31      0      280      0      1      3      200      0      5.91898
31      0      281      0      1      3      200      0      5.93808
31      0      282      0      1      3      200      0      5.87511
31      0      283      0      1      3      200      0      5.8891
31      0      284      0      1      3      200      0      5.61955
31      0      285      0      1      3      200      0      5.80816
31      0      286      0      1      3      200      0      6.16548
31      0      287      0      1      3      200      0      6.16336
31      0      288      0      1      3      200      0      5.75579
31      0      289      0      1      3      200      0      5.74181
31      0      290      0      1      3      200      0      6.03415
31      0      291      0      1      3      200      0      5.76797
31      0      292      0      1      3      200      0      5.68543
31      0      293      0      1      3      200      0      5.64612
31      0      294      0      1      3      200      0      6.13319
31      0      295      0      1      3      200      0      5.60085
31      0      296      0      1      3      200      0      5.91041
31      0      297      0      1      3      200      0      5.77115
31      0      298      0      1      3      200      0      5.73633
31      0      299      0      1      3      200      0      5.97774
31      0      300      0      1      3      200      0      5.83703
31      0      301      0      1      3      200      0      5.84581
31      0      302      0      1      3      200      0      6.04488
31      0      303      0      1      3      200      0      5.97792
31      0      304      0      1      3      200      0      5.74874
31      0      305      0      1      3      200      0      6.01932
31      0      306      0      1      3      200      0      5.96131
31      0      307      0      1      3      200      0      5.89536
31      0      308      0      1      3      200      0      5.84336
31      0      309      0      1      3      200      0      6.09833
31      0      310      0      1      3      200      0      5.80321
31      0      311      0      1      3      200      0      5.8686
31      0      312      0      1      3      200      0      6.01972
31      0      313      0      1      3      200      0      5.9756
31      0      314      0      1      3      200      0      5.7552
31      0      315      0      1      3      200      0      5.95119
31      0      316      0      1      3      200      0      6.03594
31      0      317      0      1      3      200      0      5.78567
31      0      318      0      1      3      200      0      5.84178
31      0      319      0      1      3      200      0      5.87035
31      0      320      0      1      3      200      0      6.02018
31      0      321      0      1      3      200      0      5.85965
31      0      322      0      1      3      200      0      6.10921
31      0      323      0      1      3      200      0      5.96409
31      0      324      0      1      3      200      0      6.10781
31      0      325      0      1      3      200      0      5.82408
31      0      326      0      1      3      200      0      5.89437
31      0      327      0      1      3      200      0      5.79799
31      0      328      0      1      3      200      0      5.97021
31      0      329      0      1      3      200      0      5.91123
31      0      330      0      1      3      200      0      5.90921
31      0      331      0      1      3      200      0      6.123
31      0      332      0      1      3      200      0      5.76716
31      0      333      0      1      3      200      0      6.01663
31      0      334      0      1      3      200      0      6.02989
31      0      335      0      1      3      200      0      5.88393
31      0      336      0      1      3      200      0      6.01661
31      0      337      0      1      3      200      0      5.77895
31      0      338      0      1      3      200      0      5.90102
31      0      339      0      1      3      200      0      5.93932
31      0      340      0      1      3      200      0      5.83821
31      0      341      0      1      3      200      0      6.06556
31      0      342      0      1      3      200      0      5.7145
31      0      343      0      1      3      200      0      5.70562
31      0      344      0      1      3      200      0      5.67457
31      0      345      0      1      3      200      0      5.887
31      0      346      0      1      3      200      0      5.82128
31      0      347      0      1      3      200      0      5.83686
31      0      348      0      1      3      200      0      5.74597
31      0      349      0      1      3      200      0      5.78988
31      0      350      0      1      3      200      0      6.16414
31      0      351      0      1      3      200      0      5.72395
31      0      352      0      1      3      200      0      5.95776
31      0      353      0      1      3      200      0      5.7181
31      0      354      0      1      3      200      0      5.72862
31      0      355      0      1      3      200      0      5.74333
31      0      356      0      1      3      200      0      5.8895
31      0      357      0      1      3      200      0      6.00472
31      0      358      0      1      3      200      0      5.99148
31      0      359      0      1      3      200      0      5.6363
31      0      360      0      1      3      200      0      5.77784
31      0      361      0      1      3      200      0      5.81629
31      0      362      0      1      3      200      0      5.71687
31      0      363      0      1      3      200      0      5.95716
31      0      364      0      1      3      200      0      5.8653
31      0      365      0      1      3      200      0      5.70485
31      0      366      0      1      3      200      0      5.70486
31      0      367      0      1      3      200      0      5.93029
31      0      368      0      1      3      200      0      5.86828
31      0      369      0      1      3      200      0      5.90154
31      0      370      0      1      3      200      0      5.75229
31      0      371      0      1      3      200      0      5.89845
31      0      372      0      1      3      200      0      5.94422
31      0      373      0      1      3      200      0      5.58399
31      0      374      0      1      3      200      0      5.67168
31      0      375      0      1      3      200      0      5.95937
31      0      376      0      1      3      200      0      5.86462
31      0      377      0      1      3      200      0      5.68441
31      0      378      0      1      3      200      0      5.74624
31      0      379      0      1      3      200      0      5.79111
31      0      380      0      1      3      200      0      5.6825
31      0      381      0      1      3      200      0      5.64643
31      0      382      0      1      3      200      0      5.76222
31      0      383      0      1      3      200      0      6.04374
31      0      384      0      1      3      200      0      5.64958
31      0      385      0      1      3      200      0      5.83917
31      0      386      0      1      3      200      0      5.46391
31      0      387      0      1      3      200      0      5.51117
31      0      388      0      1      3      200      0      5.68717
31      0      389      0      1      3      200      0      5.76969
31      0      390      0      1      3      200      0      5.78809
31      0      391      0      1      3      200      0      6.07478
31      0      392      0      1      3      200      0      5.79027
31      0      393      0      1      3      200      0      5.82637
31      0      394      0      1      3      200      0      5.97605
31      0      395      0      1      3      200      0      6.09699
31      0      396      0      1      3      200      0      5.74382
31      0      397      0      1      3      200      0      5.56939
31      0      398      0      1      3      200      0      5.84953
31      0      399      0      1      3      200      0      5.76366
31      0      400      0      1      3      200      0      5.56006
31      0      401      0      1      3      200      0      5.68364
31      0      402      0      1      3      200      0      5.6202
31      0      403      0      1      3      200      0      5.99069
31      0      404      0      1      3      200      0      5.66771
31      0      405      0      1      3      200      0      5.77309
31      0      406      0      1      3      200      0      5.76834
31      0      407      0      1      3      200      0      5.66417
31      0      408      0      1      3      200      0      5.6564
31      0      409      0      1      3      200      0      5.73703
31      0      410      0      1      3      200      0      5.60261
31      0      411      0      1      3      200      0      5.77873
31      0      412      0      1      3      200      0      5.59295
31      0      413      0      1      3      200      0      5.6268
31      0      414      0      1      3      200      0      5.7122
31      0      415      0      1      3      200      0      5.65275
31      0      416      0      1      3      200      0      5.73208
31      0      417      0      1      3      200      0      5.81645
31      0      418      0      1      3      200      0      6.0275
31      0      419      0      1      3      200      0      5.75758
31      0      420      0      1      3      200      0      5.80261
31      0      421      0      1      3      200      0      5.73233
31      0      422      0      1      3      200      0      5.73031
31      0      423      0      1      3      200      0      5.80394
31      0      424      0      1      3      200      0      5.57484
31      0      425      0      1      3      200      0      5.57142
31      1      0      0      1      3      200      0      5.72408
31      1      1      0      1      3      200      0      5.45987
31      1      2      0      1      3      200      0      5.52309
31      1      3      0      1      3      200      0      5.6588
31      1      4      0      1      3      200      0      5.5742
31      1      5      0      1      3      200      0      5.65467
31      1      6      0      1      3      200      0      5.49006
31      1      7      0      1      3      200      0      5.45371
31      1      8      0      1      3      200      0      5.8221
31      1      9      0      1      3      200      0      5.30394
31      1      10      0      1      3      200      0      5.73176
31      1      11      0      1      3      200      0      5.7672
31      1      12      0      1      3      200      0      5.69114
31      1      13      0      1      3      200      0      5.44484
31      1      14      0      1      3      200      0      5.75368
31      1      15      0      1      3      200      0      5.70395
31      1      16      0      1      3      200      0      5.42439
31      1      17      0      1      3      200      0      5.70533
31      1      18      0      1      3      200      0      5.75161
31      1      19      0      1      3      200      0      5.58687
31      1      20      0      1      3      200      0      5.7798
31      1      21      0      1      3      200      0      5.50417
31      1      22      0      1      3      200      0      5.63458
31      1      23      0      1      3      200      0      5.71899
31      1      24      0      1      3      200      0      5.6427
31      1      25      0      1      3      200      0      5.41191
31      1      26      0      1      3      200      0      5.48021
31      1      27      0      1      3      200      0      5.61118
31      1      28      0      1      3      200      0      5.66156
31      1      29      0      1      3      200      0      5.44375
31      1      30      0      1      3      200      0      5.63769
31      1      31      0      1      3      200      0      5.59574
31      1      32      0      1      3      200      0      5.65793
31      1      33      0      1      3      200      0      5.45581
31      1      34      0      1      3      200      0      5.68596
31      1      35      0      1      3      200      0      5.61414
31      1      36      0      1      3      200      0      5.42931
31      1      37      0      1      3      200      0      5.71303
31      1      38      0      1      3      200      0      5.49809
31      1      39      0      1      3      200      0      5.57903
31      1      40      0      1      3      200      0      5.40956
31      1      41      0      1      3      200      0      5.84984
31      1      42      0      1      3      200      0      5.57489
31      1      43      0      1      3      200      0      5.58958
31      1      44      0      1      3      200      0      5.47069
31      1      45      0      1      3      200      0      5.4553
31      1      46      0      1      3      200      0      5.5415
31      1      47      0      1      3      200      0      5.50537
31      1      48      0      1      3      200      0      5.42866
31      1      49      0      1      3      200      0      5.75161
31      1      50      0      1      3      200      0      5.70857
31      1      51      0      1      3      200      0      5.60954
31      1      52      0      1      3      200      0      5.6213
31      1      53      0      1      3      200      0      5.6013
31      1      54      0      1      3      200      0      5.64369
31      1      55      0      1      3      200      0      5.8993
31      1      56      0      1      3      200      0      5.68185
31      1      57      0      1      3      200      0      5.69498
31      1      58      0      1      3      200      0      5.80819
31      1      59      0      1      3      200      0      5.45279
31      1      60      0      1      3      200      0      5.82763
31      1      61      0      1      3      200      0      5.47069
31      1      62      0      1      3      200      0      5.68531
31      1      63      0      1      3      200      0      5.83811
31      1      64      0      1      3      200      0      5.6444
31      1      65      0      1      3      200      0      5.52491
31      1      66      0      1      3      200      0      5.50936
31      1      67      0      1      3      200      0      5.52399
31      1      68      0      1      3      200      0      5.42394
31      1      69      0      1      3      200      0      5.39034
31      1      70      0      1      3      200      0      5.73484
31      1      71      0      1      3      200      0      5.6402
31      1      72      0      1      3      200      0      5.68124
31      1      73      0      1      3      200      0      5.48441
31      1      74      0      1      3      200      0      5.74554
31      1      75      0      1      3      200      0      5.4815
31      1      76      0      1      3      200      0      5.67621
31      1      77      0      1      3      200      0      5.43748
31      1      78      0      1      3      200      0      5.72897
31      1      79      0      1      3      200      0      5.45833
31      1      80      0      1      3      200      0      5.47204
31      1      81      0      1      3      200      0      5.63225
31      1      82      0      1      3      200      0      5.84126
31      1      83      0      1      3      200      0      5.78661
31      1      84      0      1      3      200      0      5.82424
31      1      85      0      1      3      200      0      5.42009
31      1      86      0      1      3      200      0      5.66116
31      1      87      0      1      3      200      0      5.5774
31      1      88      0      1      3      200      0      5.60924
31      1      89      0      1      3      200      0      5.65714
31      1      90      0      1      3      200      0      5.82771
31      1      91      0      1      3      200      0      5.69133
31      1      92      0      1      3      200      0      5.57146
31      1      93      0      1      3      200      0      5.42548
31      1      94      0      1      3      200      0      5.58156
31      1      95      0      1      3      200      0      5.63996
31      1      96      0      1      3      200      0      5.43811
31      1      97      0      1      3      200      0      5.35454
31      1      98      0      1      3      200      0      5.49562
31      1      99      0      1      3      200      0      5.50739
31      1      100      0      1      3      200      0      5.44528
31      1      101      0      1      3      200      0      5.41631
31      1      102      0      1      3      200      0      5.71392
31      1      103      0      1      3      200      0      5.58234
31      1      104      0      1      3      200      0      5.36582
31      1      105      0      1      3      200      0      5.53985
31      1      106      0      1      3      200      0      5.31652
31      1      107      0      1      3      200      0      5.68745
31      1      108      0      1      3      200      0      5.35378
31      1      109      0      1      3      200      0      5.65409
31      1      110      0      1      3      200      0      5.49515
31      1      111      0      1      3      200      0      5.49462
31      1      112      0      1      3      200      0      5.3991
31      1      113      0      1      3      200      0      5.52594
31      1      114      0      1      3      200      0      5.45819
31      1      115      0      1      3      200      0      5.59073
31      1      116      0      1      3      200      0      5.52413
31      1      117      0      1      3      200      0      5.74588
31      1      118      0      1      3      200      0      5.61378
31      1      119      0      1      3      200      0      5.59485
31      1      120      0      1      3      200      0      5.60858
31      1      121      0      1      3      200      0      5.69845
31      1      122      0      1      3      200      0      5.52202
31      1      123      0      1      3      200      0      5.67677
31      1      124      0      1      3      200      0      5.50583
31      1      125      0      1      3      200      0      5.77133
31      1      126      0      1      3      200      0      5.75289
31      1      127      0      1      3      200      0      5.54087
31      1      128      0      1      3      200      0      5.47898
31      1      129      0      1      3      200      0      5.64866
31      1      130      0      1      3      200      0      5.53499
31      1      131      0      1      3      200      0      5.57709
31      1      132      0      1      3      200      0      5.39844
31      1      133      0      1      3      200      0      5.49412
31      1      134      0      1      3      200      0      5.61574
31      1      135      0      1      3      200      0      5.61872
31      1      136      0      1      3      200      0      5.40265
31      1      137      0      1      3      200      0      5.40678
31      1      138      0      1      3      200      0      5.37243
31      1      139      0      1      3      200      0      5.51982
31      1      140      0      1      3      200      0      5.54811
31      1      141      0      1      3      200      0      5.57837
31      1      142      0      1      3      200      0      5.4662
31      1      143      0      1      3      200      0      5.7346
31      1      144      0      1      3      200      0      5.42444
31      1      145      0      1      3      200      0      5.60008
31      1      146      0      1      3      200      0      5.65032
31      1      147      0      1      3      200      0      5.44169
31      1      148      0      1      3      200      0      5.4771
31      1      149      0      1      3      200      0      5.67784
31      1      150      0      1      3      200      0      5.49487
31      1      151      0      1      3      200      0      5.62151
31      1      152      0      1      3      200      0      5.4731
31      1      153      0      1      3      200      0      5.51376
31      1      154      0      1      3      200      0      5.65982
31      1      155      0      1      3      200      0      5.54263
31      1      156      0      1      3      200      0      5.37012
31      1      157      0      1      3      200      0      5.7565
31      1      158      0      1      3      200      0      5.57865
31      1      159      0      1      3      200      0      5.49348
31      1      160      0      1      3      200      0      5.57595
31      1      161      0      1      3      200      0      5.69464
31      1      162      0      1      3      200      0      5.60663
31      1      163      0      1      3      200      0      5.74545
31      1      164      0      1      3      200      0      5.64392
31      1      165      0      1      3      200      0      5.57023
31      1      166      0      1      3      200      0      5.69784
31      1      167      0      1      3      200      0      5.54499
31      1      168      0      1      3      200      0      5.50558
31      1      169      0      1      3      200      0      5.53098
31      1      170      0      1      3      200      0      5.40814
31      1      171      0      1      3      200      0      5.45692
31      1      172      0      1      3      200      0      5.52315
31      1      173      0      1      3      200      0      5.71924
31      1      174      0      1      3      200      0      5.74952
31      1      175      0      1      3      200      0      5.58047
31      1      176      0      1      3      200      0      5.38454
31      1      177      0      1      3      200      0      5.40945
31      1      178      0      1      3      200      0      5.45993
31      1      179      0      1      3      200      0      5.68565
31      1      180      0      1      3      200      0      5.66242
31      1      181      0      1      3      200      0      5.64058
31      1      182      0      1      3      200      0      5.72331
31      1      183      0      1      3      200      0      5.66801
31      1      184      0      1      3      200      0      5.7231
31      1      185      0      1      3      200      0      5.65413
31      1      186      0      1      3      200      0      5.60446
31      1      187      0      1      3      200      0      5.76437
31      1      188      0      1      3      200      0      5.61785
31      1      189      0      1      3      200      0      5.8352
31      1      190      0      1      3      200      0      5.69888
31      1      191      0      1      3      200      0      5.51605
31      1      192      0      1      3      200      0      5.61171
31      1      193      0      1      3      200      0      5.40335
31      1      194      0      1      3      200      0      5.63253
31      1      195      0      1      3      200      0      5.66317
31      1      196      0      1      3      200      0      5.69297
31      1      197      0      1      3      200      0      5.56589
31      1      198      0      1      3      200      0      5.53031
31      1      199      0      1      3      200      0      5.54666
31      1      200      0      1      3      200      0      5.48383
31      1      201      0      1      3      200      0      5.72929
31      1      202      0      1      3      200      0      5.69651
31      1      203      0      1      3      200      0      5.54344
31      1      204      0      1      3      200      0      5.56684
31      1      205      0      1      3      200      0      5.44779
31      1      206      0      1      3      200      0      5.54677
31      1      207      0      1      3      200      0      5.47813
31      1      208      0      1      3      200      0      5.60796
31      1      209      0      1      3      200      0      5.50562
31      1      210      0      1      3      200      0      5.64085
31      1      211      0      1      3      200      0      5.528
31      1      212      0      1      3      200      0      5.62611
31      1      213      0      1      3      200      0      5.68771
31      1      214      0      1      3      200      0      5.68803
31      1      215      0      1      3      200      0      5.67087
31      1      216      0      1      3      200      0      5.61242
31      1      217      0      1      3      200      0      5.55976
31      1      218      0      1      3      200      0      5.60283
31      1      219      0      1      3      200      0      5.7065
31      1      220      0      1      3      200      0      5.70698
31      1      221      0      1      3      200      0      5.51784
31      1      222      0      1      3      200      0      5.74855
31      1      223      0      1      3      200      0      5.83831
31      1      224      0      1      3      200      0      5.66198
31      1      225      0      1      3      200      0      5.66793
31      1      226      0      1      3      200      0      5.59926
31      1      227      0      1      3      200      0      5.42223
31      1      228      0      1      3      200      0      5.66588
31      1      229      0      1      3      200      0      5.59491
31      1      230      0      1      3      200      0      5.71751
31      1      231      0      1      3      200      0      5.47604
31      1      232      0      1      3      200      0      5.74367
31      1      233      0      1      3      200      0      5.61539
31      1      234      0      1      3      200      0      5.48828
31      1      235      0      1      3      200      0      5.64592
31      1      236      0      1      3      200      0      5.54922
31      1      237      0      1      3      200      0      5.60377
31      1      238      0      1      3      200      0      5.63355
31      1      239      0      1      3      200      0      5.6953
31      1      240      0      1      3      200      0      5.6515
31      1      241      0      1      3      200      0      5.61907
31      1      242      0      1      3      200      0      5.66529
31      1      243      0      1      3      200      0      5.83564
31      1      244      0      1      3      200      0      5.63256
31      1      245      0      1      3      200      0      5.60367
31      1      246      0      1      3      200      0      5.29992
31      1      247      0      1      3      200      0      5.74477
31      1      248      0      1      3      200      0      5.56585
31      1      249      0      1      3      200      0      5.37829
31      1      250      0      1      3      200      0      5.76778
31      1      251      0      1      3      200      0      5.58747
31      1      252      0      1      3      200      0      5.34363
31      1      253      0      1      3      200      0      5.62815
31      1      254      0      1      3      200      0      5.61025
31      1      255      0      1      3      200      0      5.76989
31      1      256      0      1      3      200      0      5.49588
31      1      257      0      1      3      200      0      5.83855
31      1      258      0      1      3      200      0      5.48713
31      1      259      0      1      3      200      0      5.68406
31      1      260      0      1      3      200      0      5.77189
31      1      261      0      1      3      200      0      5.71468
31      1      262      0      1      3      200      0      5.56402
31      1      263      0      1      3      200      0      5.36593
31      1      264      0      1      3      200      0      5.76435
31      1      265      0      1      3      200      0      5.63479
31      1      266      0      1      3      200      0      5.66068
31      1      267      0      1      3      200      0      5.72877
31      1      268      0      1      3      200      0      5.51337
31      1      269      0      1      3      200      0      5.76494
31      1      270      0      1      3      200      0      5.27725
31      1      271      0      1      3      200      0      5.64004
31      1      272      0      1      3      200      0      5.49014
31      1      273      0      1      3      200      0      5.51684
31      1      274      0      1      3      200      0      5.64102
31      1      275      0      1      3      200      0      5.70403
31      1      276      0      1      3      200      0      5.62578
31      1      277      0      1      3      200      0      5.7005
31      1      278      0      1      3      200      0      5.71499
31      1      279      0      1      3      200      0      5.60021
31      1      280      0      1      3      200      0      5.61442
31      1      281      0      1      3      200      0      5.46048
31      1      282      0      1      3      200      0      5.61429
31      1      283      0      1      3      200      0      5.82667
31      1      284      0      1      3      200      0      5.67544
31      1      285      0      1      3      200      0      5.76019
31      1      286      0      1      3      200      0      5.47684
31      1      287      0      1      3      200      0      5.40419
31      1      288      0      1      3      200      0      5.57579
31      1      289      0      1      3      200      0      5.73417
31      1      290      0      1      3      200      0      5.48565
31      1      291      0      1      3      200      0      5.49461
31      1      292      0      1      3      200      0      5.61227
31      1      293      0      1      3      200      0      5.73075
31      1      294      0      1      3      200      0      5.43416
31      1      295      0      1      3      200      0      5.51326
31      1      296      0      1      3      200      0      5.63147
31      1      297      0      1      3      200      0      5.66154
31      1      298      0      1      3      200      0      5.8201
31      1      299      0      1      3      200      0      5.73202
31      1      300      0      1      3      200      0      5.60135
31      1      301      0      1      3      200      0      5.61558
31      1      302      0      1      3      200      0      5.48363
31      1      303      0      1      3      200      0      5.57262
31      1      304      0      1      3      200      0      5.78139
31      1      305      0      1      3      200      0      5.65381
31      1      306      0      1      3      200      0      5.49577
31      1      307      0      1      3      200      0      5.31218
31      1      308      0      1      3      200      0      5.35306
31      1      309      0      1      3      200      0      5.66264
31      1      310      0      1      3      200      0      5.54272
31      1      311      0      1      3      200      0      5.51555
31      1      312      0      1      3      200      0      5.54638
31      1      313      0      1      3      200      0      5.48176
31      1      314      0      1      3      200      0      5.33254
31      1      315      0      1      3      200      0      5.42727
31      1      316      0      1      3      200      0      5.78807
31      1      317      0      1      3      200      0      5.67018
31      1      318      0      1      3      200      0      5.26547
31      1      319      0      1      3      200      0      5.57411
31      1      320      0      1      3      200      0      5.49443
31      1      321      0      1      3      200      0      5.22401
31      1      322      0      1      3      200      0      5.30519
31      1      323      0      1      3      200      0      5.53172
31      1      324      0      1      3      200      0      5.48843
31      1      325      0      1      3      200      0      5.48488
31      1      326      0      1      3      200      0      5.64585
31      1      327      0      1      3      200      0      5.5461
31      1      328      0      1      3      200      0      5.73106
31      1      329      0      1      3      200      0      5.47656
31      1      330      0      1      3      200      0      5.50367
31      1      331      0      1      3      200      0      5.7716
31      1      332      0      1      3      200      0      5.63444
31      1      333      0      1      3      200      0      5.79715
31      1      334      0      1      3      200      0      5.48215
31      1      335      0      1      3      200      0      5.46105
31      1      336      0      1      3      200      0      5.508
31      1      337      0      1      3      200      0      5.30149
31      1      338      0      1      3      200      0      5.53249
31      1      339      0      1      3      200      0      5.70695
31      1      340      0      1      3      200      0      5.28434
31      1      341      0      1      3      200      0      5.53346
31      1      342      0      1      3      200      0      5.53609
31      1      343      0      1      3      200      0      5.45102
31      1      344      0      1      3      200      0      5.56989
31      1      345      0      1      3      200      0      5.61894
31      1      346      0      1      3      200      0      5.7441
31      1      347      0      1      3      200      0      5.25892
31      1      348      0      1      3      200      0      5.45881
31      1      349      0      1      3      200      0      5.33673
31      1      350      0      1      3      200      0      5.46066
31      1      351      0      1      3      200      0      5.55028
31      1      352      0      1      3      200      0      5.32398
31      1      353      0      1      3      200      0      5.52861
31      1      354      0      1      3      200      0      5.5454
31      1      355      0      1      3      200      0      5.44315
31      1      356      0      1      3      200      0      5.28759
31      1      357      0      1      3      200      0      5.49675
31      1      358      0      1      3      200      0      5.58348
31      1      359      0      1      3      200      0      5.50589
31      1      360      0      1      3      200      0      5.56569
31      1      361      0      1      3      200      0      5.379
31      1      362      0      1      3      200      0      5.64063
31      1      363      0      1      3      200      0      5.53702
31      1      364      0      1      3      200      0      5.35902
31      1      365      0      1      3      200      0      5.35686
31      1      366      0      1      3      200      0      5.45526
31      1      367      0      1      3      200      0      5.53365
31      1      368      0      1      3      200      0      5.67911
31      1      369      0      1      3      200      0      5.42061
31      1      370      0      1      3      200      0      5.43265
31      1      371      0      1      3      200      0      5.52283
31      1      372      0      1      3      200      0      5.41716
31      1      373      0      1      3      200      0      5.5068
31      1      374      0      1      3      200      0      5.43308
31      1      375      0      1      3      200      0      5.2642
31      1      376      0      1      3      200      0      5.28731
31      1      377      0      1      3      200      0      5.4734
31      1      378      0      1      3      200      0      5.29427
31      1      379      0      1      3      200      0      5.62703
31      1      380      0      1      3      200      0      5.38987
31      1      381      0      1      3      200      0      5.22352
31      1      382      0      1      3      200      0      5.46255
31      1      383      0      1      3      200      0      5.49865
31      1      384      0      1      3      200      0      5.38195
31      1      385      0      1      3      200      0      5.49807
31      1      386      0      1      3      200      0      5.46107
31      1      387      0      1      3      200      0      5.5163
31      1      388      0      1      3      200      0      5.39865
31      1      389      0      1      3      200      0      5.17068
31      1      390      0      1      3      200      0      5.58977
31      1      391      0      1      3      200      0      5.52848
31      1      392      0      1      3      200      0      5.56895
31      1      393      0      1      3      200      0      5.38399
31      1      394      0      1      3      200      0      5.45878
31      1      395      0      1      3      200      0      5.54697
31      1      396      0      1      3      200      0      5.50837
31      1      397      0      1      3      200      0      5.44109
31      1      398      0      1      3      200      0      5.47206
31      1      399      0      1      3      200      0      5.47862
31      1      400      0      1      3      200      0      5.61441
31      1      401      0      1      3      200      0      5.51978
31      1      402      0      1      3      200      0      5.46735
31      1      403      0      1      3      200      0      5.32384
31      1      404      0      1      3      200      0      5.43458
31      1      405      0      1      3      200      0      5.60686
31      1      406      0      1      3      200      0      5.42022
31      1      407      0      1      3      200      0      5.27142
31      1      408      0      1      3      200      0      5.45512
31      1      409      0      1      3      200      0      5.43202
31      1      410      0      1      3      200      0      5.3919
31      1      411      0      1      3      200      0      5.3281
31      1      412      0      1      3      200      0      5.4612
31      1      413      0      1      3      200      0      5.46053
31      1      414      0      1      3      200      0      5.56036
31      1      415      0      1      3      200      0      5.71331
31      1      416      0      1      3      200      0      5.6184
31      1      417      0      1      3      200      0      5.33091
31      1      418      0      1      3      200      0      5.61248
31      1      419      0      1      3      200      0      5.43214
31      1      420      0      1      3      200      0      5.65957
31      1      421      0      1      3      200      0      5.47772
31      1      422      0      1      3      200      0      5.51351
31      1      423      0      1      3      200      0      5.5733
31      1      424      0      1      3      200      0      5.48098
31      1      425      0      1      3      200      0      5.64613
31      1      426      0      1      3      200      0      5.63871
31      1      427      0      1      3      200      0      5.66874
31      1      428      0      1      3      200      0      5.63852
31      1      429      0      1      3      200      0      5.77804
31      1      430      0      1      3      200      0      5.35783
31      1      431      0      1      3      200      0      5.53554
31      1      432      0      1      3      200      0      5.69937
31      1      433      0      1      3      200      0      5.37461
31      1      434      0      1      3      200      0      5.62426
31      1      435      0      1      3      200      0      5.36994
31      1      436      0      1      3      200      0      5.46142
31      1      437      0      1      3      200      0      5.35201
31      1      438      0      1      3      200      0      5.59689
31      1      439      0      1      3      200      0      5.54267
31      1      440      0      1      3      200      0      5.58044
31      1      441      0      1      3      200      0      5.41598
31      1      442      0      1      3      200      0      5.43145
31      1      443      0      1      3      200      0      5.25473
31      1      444      0      1      3      200      0      5.46262
31      1      445      0      1      3      200      0      5.28187
31      1      446      0      1      3      200      0      5.2224
31      1      447      0      1      3      200      0      5.60619
31      1      448      0      1      3      200      0      5.62271
31      1      449      0      1      3      200      0      5.29493
31      1      450      0      1      3      200      0      5.61196
31      1      451      0      1      3      200      0      5.46578
31      1      452      0      1      3      200      0      5.52458
31      1      453      0      1      3      200      0      5.24061
31      1      454      0      1      3      200      0      5.73817
31      1      455      0      1      3      200      0      5.22716
31      1      456      0      1      3      200      0      5.43912
31      1      457      0      1      3      200      0      5.37163
31      1      458      0      1      3      200      0      5.61573
31      1      459      0      1      3      200      0      5.39605
31      1      460      0      1      3      200      0      5.59032
31      1      461      0      1      3      200      0      5.30551
31      1      462      0      1      3      200      0      5.51898
31      1      463      0      1      3      200      0      5.31749
31      1      464      0      1      3      200      0      5.74728
31      1      465      0      1      3      200      0      5.26376
31      1      466      0      1      3      200      0      5.32186
31      1      467      0      1      3      200      0      5.32074
31      1      468      0      1      3      200      0      5.53261
31      1      469      0      1      3      200      0      5.47461
31      1      470      0      1      3      200      0      5.49471
31      1      471      0      1      3      200      0      5.29641
31      1      472      0      1      3      200      0      5.54544
31      1      473      0      1      3      200      0      5.54987
31      1      474      0      1      3      200      0      5.25843
31      1      475      0      1      3      200      0      5.18835
31      1      476      0      1      3      200      0      5.4815
31      1      477      0      1      3      200      0      5.30841
31      1      478      0      1      3      200      0      5.537
31      1      479      0      1      3      200      0      5.58077
31      1      480      0      1      3      200      0      5.33193
31      1      481      0      1      3      200      0      5.15476
31      1      482      0      1      3      200      0      5.37033
31      1      483      0      1      3      200      0      5.5561
31      1      484      0      1      3      200      0      5.25797
31      1      485      0      1      3      200      0      5.25004
31      1      486      0      1      3      200      0      5.32472
31      1      487      0      1      3      200      0      5.41393
31      1      488      0      1      3      200      0      5.20655
31      1      489      0      1      3      200      0      5.42898
31      1      490      0      1      3      200      0      5.22724
31      1      491      0      1      3      200      0      5.13691
31      1      492      0      1      3      200      0      5.26371
31      1      493      0      1      3      200      0      5.12416
31      1      494      0      1      3      200      0      5.35681
31      1      495      0      1      3      200      0      5.26456
31      1      496      0      1      3      200      0      5.45317
31      1      497      0      1      3      200      0      5.27101
31      1      498      0      1      3      200      0      5.38213
31      1      499      0      1      3      200      0      5.35656
31      1      500      0      1      3      200      0      5.26566
31      1      501      0      1      3      200      0      5.55633
31      1      502      0      1      3      200      0      5.26094
31      1      503      0      1      3      200      0      5.38114
31      1      504      0      1      3      200      0      5.3958
31      1      505      0      1      3      200      0      5.22811
31      1      506      0      1      3      200      0      5.52477
31      1      507      0      1      3      200      0      5.48482
31      1      508      0      1      3      200      0      5.315
31      1      509      0      1      3      200      0      5.40796
31      1      510      0      1      3      200      0      5.48591
31      1      511      0      1      3      200      0      5.41646
31      1      512      0      1      3      200      0      5.42405
31      1      513      0      1      3      200      0      5.48471
31      1      514      0      1      3      200      0      5.28124
31      1      515      0      1      3      200      0      5.52645
31      1      516      0      1      3      200      0      5.29928
31      1      517      0      1      3      200      0      5.59964
31      1      518      0      1      3      200      0      5.36691
31      1      519      0      1      3      200      0      5.6529
31      1      520      0      1      3      200      0      5.36573
31      1      521      0      1      3      200      0      5.58515
31      1      522      0      1      3      200      0      5.3617
31      1      523      0      1      3      200      0      5.56166
31      1      524      0      1      3      200      0      5.43322
31      1      525      0      1      3      200      0      5.45678
31      1      526      0      1      3      200      0      5.34475
31      1      527      0      1      3      200      0      5.64081
31      1      528      0      1      3      200      0      5.33127
31      1      529      0      1      3      200      0      5.3906
31      1      530      0      1      3      200      0      5.38356
31      1      531      0      1      3      200      0      5.68465
31      1      532      0      1      3      200      0      5.49052
31      1      533      0      1      3      200      0      5.47424
31      1      534      0      1      3      200      0      5.48919
31      1      535      0      1      3      200      0      5.38128
31      1      536      0      1      3      200      0      5.57029
31      1      537      0      1      3      200      0      5.46597
31      1      538      0      1      3      200      0      5.45304
31      1      539      0      1      3      200      0      5.57105
31      1      540      0      1      3      200      0      5.20759
31      1      541      0      1      3      200      0      5.43699
31      1      542      0      1      3      200      0      5.5498
31      1      543      0      1      3      200      0      5.47818
31      1      544      0      1      3      200      0      5.39778
31      1      545      0      1      3      200      0      5.48392
31      1      546      0      1      3      200      0      5.59936
31      1      547      0      1      3      200      0      5.48881
31      1      548      0      1      3      200      0      5.55859
31      1      549      0      1      3      200      0      5.45559
31      1      550      0      1      3      200      0      5.47297
31      1      551      0      1      3      200      0      5.39985
31      1      552      0      1      3      200      0      5.44043
31      1      553      0      1      3      200      0      5.56931
31      1      554      0      1      3      200      0      5.39575
31      1      555      0      1      3      200      0      5.40287
31      1      556      0      1      3      200      0      5.5755
31      1      557      0      1      3      200      0      5.37092
31      1      558      0      1      3      200      0      5.65688
31      1      559      0      1      3      200      0      5.50936
31      1      560      0      1      3      200      0      5.58301
31      1      561      0      1      3      200      0      5.51449
31      1      562      0      1      3      200      0      5.73174
31      1      563      0      1      3      200      0      5.36447
31      1      564      0      1      3      200      0      5.47999
31      1      565      0      1      3      200      0      5.39396
31      1      566      0      1      3      200      0      5.39125
31      1      567      0      1      3      200      0      5.4608
31      1      568      0      1      3      200      0      5.4691
31      1      569      0      1      3      200      0      5.38027
31      1      570      0      1      3      200      0      5.42949
31      1      571      0      1      3      200      0      5.38765
31      1      572      0      1      3      200      0      5.7534
31      1      573      0      1      3      200      0      5.62038
31      1      574      0      1      3      200      0      5.66386
31      1      575      0      1      3      200      0      5.75204
31      1      576      0      1      3      200      0      5.5306
31      1      577      0      1      3      200      0      5.43174
31      1      578      0      1      3      200      0      5.47712
31      1      579      0      1      3      200      0      5.51996
31      1      580      0      1      3      200      0      5.5825
31      1      581      0      1      3      200      0      5.5113
31      1      582      0      1      3      200      0      5.60572
31      1      583      0      1      3      200      0      5.47684
31      2      0      0      1      3      200      0      6.1397
31      2      1      0      1      3      200      0      5.82319
31      2      2      0      1      3      200      0      5.84805
31      2      3      0      1      3      200      0      6.09312
31      2      4      0      1      3      200      0      6.02554
31      2      5      0      1      3      200      0      5.65836
31      2      6      0      1      3      200      0      5.83274
31      2      7      0      1      3      200      0      6.15512
31      2      8      0      1      3      200      0      5.71953
31      2      9      0      1      3      200      0      6.01911
31      2      10      0      1      3      200      0      5.64074
31      2      11      0      1      3      200      0      5.9938
31      2      12      0      1      3      200      0      5.87956
31      2      13      0      1      3      200      0      5.56546
31      2      14      0      1      3      200      0      5.63416
31      2      15      0      1      3      200      0      6.1803
31      2      16      0      1      3      200      0      5.91439
31      2      17      0      1      3      200      0      5.67159
31      2      18      0      1      3      200      0      5.90343
31      2      19      0      1      3      200      0      5.82619
31      2      20      0      1      3      200      0      5.57791
31      2      21      0      1      3      200      0      5.95759
31      2      22      0      1      3      200      0      5.90729
31      2      23      0      1      3      200      0      5.73635
31      2      24      0      1      3      200      0      5.75379
31      2      25      0      1      3      200      0      5.80172
31      2      26      0      1      3      200      0      5.72071
31      2      27      0      1      3      200      0      6.05321
31      2      28      0      1      3      200      0      6.01968
31      2      29      0      1      3      200      0      5.75673
31      2      30      0      1      3      200      0      5.67069
31      2      31      0      1      3      200      0      6.41693
31      2      32      0      1      3      200      0      5.89673
31      2      33      0      1      3      200      0      5.71351
31      2      34      0      1      3      200      0      5.98451
31      2      35      0      1      3      200      0      5.87467
31      2      36      0      1      3      200      0      5.6935
31      2      37      0      1      3      200      0      5.83694
31      2      38      0      1      3      200      0      5.67021
31      2      39      0      1      3      200      0      5.74818
31      2      40      0      1      3      200      0      5.70051
31      2      41      0      1      3      200      0      6.00248
31      2      42      0      1      3      200      0      5.53995
31      2      43      0      1      3      200      0      5.80344
31      2      44      0      1      3      200      0      5.92931
31      2      45      0      1      3      200      0      5.80138
31      2      46      0      1      3      200      0      5.76582
31      2      47      0      1      3      200      0      5.77362
31      2      48      0      1      3      200      0      5.5216
31      2      49      0      1      3      200      0      5.45008
31      2      50      0      1      3      200      0      5.79968
31      2      51      0      1      3      200      0      5.45094
31      2      52      0      1      3      200      0      5.5931
31      2      53      0      1      3      200      0      5.90589
31      2      54      0      1      3      200      0      5.67415
31      2      55      0      1      3      200      0      5.74676
31      2      56      0      1      3      200      0      5.85375
31      2      57      0      1      3      200      0      5.92174
31      2      58      0      1      3      200      0      5.92178
31      2      59      0      1      3      200      0      5.96682
31      2      60      0      1      3      200      0      5.56066
31      2      61      0      1      3      200      0      5.7754
31      2      62      0      1      3      200      0      5.71274
31      2      63      0      1      3      200      0      5.87092
31      2      64      0      1      3      200      0      5.819
31      2      65      0      1      3      200      0      5.87647
31      2      66      0      1      3      200      0      5.56167
31      2      67      0      1      3      200      0      5.56375
31      2      68      0      1      3      200      0      5.68587
31      2      69      0      1      3      200      0      6.27184
31      2      70      0      1      3      200      0      5.87078
31      2      71      0      1      3      200      0      5.71854
31      2      72      0      1      3      200      0      5.75108
31      2      73      0      1      3      200      0      5.90699
31      2      74      0      1      3      200      0      5.66131
31      2      75      0      1      3      200      0      5.72837
31      2      76      0      1      3      200      0      5.80505
31      2      77      0      1      3      200      0      5.75514
31      2      78      0      1      3      200      0      5.92277
31      2      79      0      1      3      200      0      6.12153
31      2      80      0      1      3      200      0      5.83478
31      2      81      0      1      3      200      0      5.96426
31      2      82      0      1      3      200      0      6.03532
31      2      83      0      1      3      200      0      5.94553
31      2      84      0      1      3      200      0      5.91899
31      2      85      0      1      3      200      0      5.71449
31      2      86      0      1      3      200      0      5.53506
31      2      87      0      1      3      200      0      5.88278
31      2      88      0      1      3      200      0      5.58183
31      2      89      0      1      3      200      0      5.7294
31      2      90      0      1      3      200      0      5.90859
31      2      91      0      1      3      200      0      6.07289
31      2      92      0      1      3      200      0      6.05667
31      2      93      0      1      3      200      0      5.79908
31      2      94      0      1      3      200      0      6.01513
31      2      95      0      1      3      200      0      5.99168
31      2      96      0      1      3      200      0      6.03871
31      2      97      0      1      3      200      0      5.75144
31      2      98      0      1      3      200      0      5.86049
31      2      99      0      1      3      200      0      5.93066
31      2      100      0      1      3      200      0      5.8747
31      2      101      0      1      3      200      0      5.77385
31      2      102      0      1      3      200      0      5.77364
31      2      103      0      1      3      200      0      6.0916
31      2      104      0      1      3      200      0      5.90421
31      2      105      0      1      3      200      0      5.71327
31      2      106      0      1      3      200      0      5.97119
31      2      107      0      1      3      200      0      5.70287
31      2      108      0      1      3      200      0      6.2863
31      2      109      0      1      3      200      0      5.96736
31      2      110      0      1      3      200      0      5.89009
31      2      111      0      1      3      200      0      6.06985
31      2      112      0      1      3      200      0      5.84544
31      2      113      0      1      3      200      0      5.91517
31      2      114      0      1      3      200      0      6.33773
31      2      115      0      1      3      200      0      5.88643
31      2      116      0      1      3      200      0      5.84813
31      2      117      0      1      3      200      0      5.90822
31      2      118      0      1      3      200      0      5.99363
31      2      119      0      1      3      200      0      6.08734
31      2      120      0      1      3      200      0      5.72079
31      2      121      0      1      3      200      0      5.82096
31      2      122      0      1      3      200      0      5.6754
31      2      123      0      1      3      200      0      5.81378
31      2      124      0      1      3      200      0      5.59163
31      2      125      0      1      3      200      0      5.83054
31      2      126      0      1      3      200      0      5.72606
31      2      127      0      1      3      200      0      5.76783
31      2      128      0      1      3      200      0      5.84591
31      2      129      0      1      3      200      0      5.83369
31      2      130      0      1      3      200      0      5.85429
31      2      131      0      1      3      200      0      5.78107
31      2      132      0      1      3      200      0      6.00899
31      2      133      0      1      3      200      0      5.90479
31      2      134      0      1      3      200      0      5.48577
31      2      135      0      1      3      200      0      5.64628
31      2      136      0      1      3      200      0      5.71864
31      2      137      0      1      3      200      0      5.65077
31      2      138      0      1      3      200      0      5.7518
31      2      139      0      1      3      200      0      5.53154
31      2      140      0      1      3      200      0      5.87309
31      2      141      0      1      3      200      0      5.88767
31      2      142      0      1      3      200      0      5.56166
31      2      143      0      1      3      200      0      5.79758
31      2      144      0      1      3      200      0      5.80026
31      2      145      0      1      3      200      0      5.77099
31      2      146      0      1      3      200      0      5.92401
31      2      147      0      1      3      200      0      5.53577
31      2      148      0      1      3      200      0      5.62901
31      2      149      0      1      3      200      0      5.75172
31      2      150      0      1      3      200      0      5.85116
31      2      151      0      1      3      200      0      5.64181
31      2      152      0      1      3      200      0      5.56614
31      2      153      0      1      3      200      0      5.83204
31      2      154      0      1      3      200      0      5.59244
31      2      155      0      1      3      200      0      5.88696
31      2      156      0      1      3      200      0      5.71247
31      2      157      0      1      3      200      0      5.50281
31      2      158      0      1      3      200      0      5.6899
31      2      159      0      1      3      200      0      5.59271
31      2      160      0      1      3      200      0      6.11554
31      2      161      0      1      3      200      0      5.6896
31      2      162      0      1      3      200      0      5.70051
31      2      163      0      1      3      200      0      5.74053
31      2      164      0      1      3      200      0      5.8911
31      2      165      0      1      3      200      0      5.58893
31      2      166      0      1      3      200      0      5.57698
31      2      167      0      1      3      200      0      5.52391
31      2      168      0      1      3      200      0      5.64696
31      2      169      0      1      3      200      0      5.5791
31      2      170      0      1      3      200      0      5.86353
31      2      171      0      1      3      200      0      5.91565
31      2      172      0      1      3      200      0      5.6112
31      2      173      0      1      3      200      0      5.70107
31      2      174      0      1      3      200      0      5.67821
31      2      175      0      1      3      200      0      5.78723
31      2      176      0      1      3      200      0      5.38132
31      2      177      0      1      3      200      0      5.58813
31      2      178      0      1      3      200      0      5.38844
31      2      179      0      1      3      200      0      5.38213
31      2      180      0      1      3      200      0      5.55099
31      2      181      0      1      3      200      0      6.06676
31      2      182      0      1      3      200      0      5.81955
31      2      183      0      1      3      200      0      5.80281
31      2      184      0      1      3      200      0      5.79596
31      2      185      0      1      3      200      0      5.67575
31      2      186      0      1      3      200      0      5.58194
31      2      187      0      1      3      200      0      5.62629
31      2      188      0      1      3      200      0      5.77642
31      2      189      0      1      3      200      0      5.60249
31      2      190      0      1      3      200      0      5.71521
31      2      191      0      1      3      200      0      5.77274
31      2      192      0      1      3      200      0      5.36844
31      2      193      0      1      3      200      0      5.66548
31      2      194      0      1      3      200      0      5.66447
31      2      195      0      1      3      200      0      5.57027
31      2      196      0      1      3      200      0      5.85211
31      2      197      0      1      3      200      0      5.54162
31      2      198      0      1      3      200      0      6.00966
31      2      199      0      1      3      200      0      5.70122
31      2      200      0      1      3      200      0      5.5991
31      2      201      0      1      3      200      0      5.62974
31      2      202      0      1      3      200      0      5.62255
31      2      203      0      1      3      200      0      5.33889
31      2      204      0      1      3      200      0      5.61559
31      2      205      0      1      3      200      0      5.71093
31      2      206      0      1      3      200      0      5.32766
31      2      207      0      1      3      200      0      5.5734
31      2      208      0      1      3      200      0      5.46826
31      2      209      0      1      3      200      0      5.32031
31      2      210      0      1      3      200      0      5.35395
31      2      211      0      1      3      200      0      5.27944
31      2      212      0      1      3      200      0      5.31168
31      2      213      0      1      3      200      0      5.77818
31      2      214      0      1      3      200      0      5.6017
31      2      215      0      1      3      200      0      5.70785
31      2      216      0      1      3      200      0      5.44689
31      2      217      0      1      3      200      0      5.57993
31      2      218      0      1      3      200      0      5.60996
31      2      219      0      1      3      200      0      5.49805
31      2      220      0      1      3      200      0      5.33283
31      2      221      0      1      3      200      0      5.35972
31      2      222      0      1      3      200      0      5.62943
31      2      223      0      1      3      200      0      5.58599
31      2      224      0      1      3      200      0      5.53188
31      2      225      0      1      3      200      0      5.49882
31      2      226      0      1      3      200      0      5.74684
31      2      227      0      1      3      200      0      5.62068
31      2      228      0      1      3      200      0      5.83728
31      2      229      0      1      3      200      0      5.56129
31      2      230      0      1      3      200      0      5.35935
31      2      231      0      1      3      200      0      5.81026
31      2      232      0      1      3      200      0      5.57856
31      2      233      0      1      3      200      0      5.62596
31      2      234      0      1      3      200      0      5.42206
31      2      235      0      1      3      200      0      5.59888
31      2      236      0      1      3      200      0      5.41804
31      2      237      0      1      3      200      0      5.74114
31      2      238      0      1      3      200      0      5.50308
31      2      239      0      1      3      200      0      5.54722
31      2      240      0      1      3      200      0      5.36111
31      2      241      0      1      3      200      0      5.43647
31      2      242      0      1      3      200      0      5.61759
31      2      243      0      1      3      200      0      5.63795
31      2      244      0      1      3      200      0      5.56935
31      2      245      0      1      3      200      0      5.40283
31      2      246      0      1      3      200      0      5.57618
31      2      247      0      1      3      200      0      5.56978
31      2      248      0      1      3      200      0      5.80341
31      2      249      0      1      3      200      0      5.48708
31      2      250      0      1      3      200      0      5.47367
31      2      251      0      1      3      200      0      5.79449
31      2      252      0      1      3      200      0      5.50208
31      2      253      0      1      3      200      0      5.82919
31      2      254      0      1      3      200      0      5.59087
31      2      255      0      1      3      200      0      5.91834
31      2      256      0      1      3      200      0      5.58994
31      2      257      0      1      3      200      0      5.89594
31      2      258      0      1      3      200      0      5.55847
31      2      259      0      1      3      200      0      5.6224
31      2      260      0      1      3      200      0      5.41918
31      2      261      0      1      3      200      0      5.62182
31      2      262      0      1      3      200      0      5.70434
31      2      263      0      1      3      200      0      5.68045
31      2      264      0      1      3      200      0      5.44511
31      2      265      0      1      3      200      0      5.76894
31      2      266      0      1      3      200      0      5.54485
31      2      267      0      1      3      200      0      5.67451
31      2      268      0      1      3      200      0      5.2915
31      2      269      0      1      3      200      0      5.72477
31      2      270      0      1      3      200      0      5.33936
31      2      271      0      1      3      200      0      5.57353
31      2      272      0      1      3      200      0      5.53288
31      2      273      0      1      3      200      0      5.61118
31      2      274      0      1      3      200      0      5.87196
31      2      275      0      1      3      200      0      5.5156
31      2      276      0      1      3      200      0      5.44497
31      2      277      0      1      3      200      0      5.51579
31      2      278      0      1      3      200      0      5.72388
31      2      279      0      1      3      200      0      5.52893
31      2      280      0      1      3      200      0      5.43548
31      2      281      0      1      3      200      0      5.52567
31      2      282      0      1      3      200      0      5.50477
31      2      283      0      1      3      200      0      5.70938
31      2      284      0      1      3      200      0      5.74451
31      2      285      0      1      3      200      0      5.25553
31      2      286      0      1      3      200      0      5.7157
31      2      287      0      1      3      200      0      5.66166
31      2      288      0      1      3      200      0      5.55863
31      2      289      0      1      3      200      0      5.59956
31      2      290      0      1      3      200      0      5.59361
31      2      291      0      1      3      200      0      5.26709
31      2      292      0      1      3      200      0      5.32165
31      2      293      0      1      3      200      0      5.64824
31      2      294      0      1      3      200      0      5.67427
31      2      295      0      1      3      200      0      5.67531
31      2      296      0      1      3      200      0      5.77511
31      2      297      0      1      3      200      0      5.53307
31      2      298      0      1      3      200      0      5.53934
31      2      299      0      1      3      200      0      5.6543
31      2      300      0      1      3      200      0      5.86396
31      2      301      0      1      3      200      0      4.55515
31      2      302      0      1      3      200      0      5.06604
31      2      303      0      1      3      200      0      5.62966
31      2      304      0      1      3      200      0      5.73594
31      2      305      0      1      3      200      0      5.71513
31      2      306      0      1      3      200      0      5.52388
31      2      307      0      1      3      200      0      5.75773
31      2      308      0      1      3      200      0      5.57562
31      2      309      0      1      3      200      0      5.38605
31      2      310      0      1      3      200      0      5.73011
31      2      311      0      1      3      200      0      5.19467
31      2      312      0      1      3      200      0      5.40948
31      2      313      0      1      3      200      0      5.69474
31      2      314      0      1      3      200      0      5.59777
31      2      315      0      1      3      200      0      5.52276
31      2      316      0      1      3      200      0      5.80719
31      2      317      0      1      3      200      0      5.3625
31      2      318      0      1      3      200      0      5.44466
31      2      319      0      1      3      200      0      5.50009
31      2      320      0      1      3      200      0      5.71649
31      2      321      0      1      3      200      0      5.51019
31      2      322      0      1      3      200      0      5.56867
31      2      323      0      1      3      200      0      5.83064
31      2      324      0      1      3      200      0      5.39424
31      2      325      0      1      3      200      0      5.52867
31      2      326      0      1      3      200      0      5.32546
31      2      327      0      1      3      200      0      5.35229
31      2      328      0      1      3      200      0      5.28447
31      2      329      0      1      3      200      0      5.58182
31      2      330      0      1      3      200      0      5.97533
31      2      331      0      1      3      200      0      5.72085
31      2      332      0      1      3      200      0      5.82677
31      2      333      0      1      3      200      0      5.39892
31      2      334      0      1      3      200      0      5.77389
31      2      335      0      1      3      200      0      5.28341
31      2      336      0      1      3      200      0      5.24362
31      2      337      0      1      3      200      0      5.41762
31      2      338      0      1      3      200      0      5.39953
31      2      339      0      1      3      200      0      5.62988
31      2      340      0      1      3      200      0      5.6428
31      2      341      0      1      3      200      0      5.55307
31      2      342      0      1      3      200      0      5.41332
31      2      343      0      1      3      200      0      5.68408
31      2      344      0      1      3      200      0      5.42958
31      2      345      0      1      3      200      0      5.55544
31      2      346      0      1      3      200      0      5.66013
31      2      347      0      1      3      200      0      5.57226
31      2      348      0      1      3      200      0      5.7873
31      2      349      0      1      3      200      0      5.36827
31      2      350      0      1      3      200      0      5.53281
31      2      351      0      1      3      200      0      5.84489
31      2      352      0      1      3      200      0      5.73992
31      2      353      0      1      3      200      0      5.40253
31      2      354      0      1      3      200      0      5.6546
31      2      355      0      1      3      200      0      5.51579
31      2      356      0      1      3      200      0      5.71484
31      2      357      0      1      3      200      0      5.52609
31      2      358      0      1      3      200      0      5.80143
31      2      359      0      1      3      200      0      4.79434
31      2      360      0      1      3      200      0      5.46631
31      2      361      0      1      3      200      0      5.43251
31      2      362      0      1      3      200      0      5.63866
31      2      363      0      1      3      200      0      4.99308
31      2      364      0      1      3      200      0      5.62979
31      2      365      0      1      3      200      0      5.49525
31      2      366      0      1      3      200      0      5.4913
31      2      367      0      1      3      200      0      5.19491
31      2      368      0      1      3      200      0      5.76016
31      2      369      0      1      3      200      0      5.32
31      2      370      0      1      3      200      0      5.29745
31      2      371      0      1      3      200      0      5.38921
31      2      372      0      1      3      200      0      5.46326
31      2      373      0      1      3      200      0      5.95991
31      2      374      0      1      3      200      0      5.8279
31      2      375      0      1      3      200      0      5.36207
31      2      376      0      1      3      200      0      5.58739
31      2      377      0      1      3      200      0      5.523
31      2      378      0      1      3      200      0      5.52146
31      2      379      0      1      3      200      0      5.40211
31      2      380      0      1      3      200      0      5.65555
31      2      381      0      1      3      200      0      5.61059
31      2      382      0      1      3      200      0      5.89504
31      2      383      0      1      3      200      0      5.79163
31      2      384      0      1      3      200      0      5.66829
31      2      385      0      1      3      200      0      5.5735
31      2      386      0      1      3      200      0      5.9598
31      2      387      0      1      3      200      0      5.51292
31      2      388      0      1      3      200      0      5.79084
31      2      389      0      1      3      200      0      5.62117
31      2      390      0      1      3      200      0      5.67746
31      2      391      0      1      3      200      0      5.71928
31      2      392      0      1      3      200      0      5.86491
31      2      393      0      1      3      200      0      5.33375
31      2      394      0      1      3      200      0      5.70097
31      2      395      0      1      3      200      0      5.59176
31      2      396      0      1      3      200      0      5.54596
31      2      397      0      1      3      200      0      5.61104
31      2      398      0      1      3      200      0      5.71211
31      2      399      0      1      3      200      0      5.47983
31      2      400      0      1      3      200      0      5.06932
31      2      401      0      1      3      200      0      5.39883
31      2      402      0      1      3      200      0      5.61942
31      2      403      0      1      3      200      0      5.549
31      2      404      0      1      3      200      0      5.45222
31      2      405      0      1      3      200      0      5.82016
31      2      406      0      1      3      200      0      5.47322
31      2      407      0      1      3      200      0      5.45559
31      2      408      0      1      3      200      0      5.45934
31      2      409      0      1      3      200      0      5.6463
31      2      410      0      1      3      200      0      5.32762
31      2      411      0      1      3      200      0      5.76679
31      2      412      0      1      3      200      0      5.68645
31      2      413      0      1      3      200      0      5.47255
31      2      414      0      1      3      200      0      5.66295
31      2      415      0      1      3      200      0      5.7668
31      2      416      0      1      3      200      0      5.64066
31      2      417      0      1      3      200      0      5.55067
31      2      418      0      1      3      200      0      5.8057
31      2      419      0      1      3      200      0      5.98956
31      2      420      0      1      3      200      0      5.75724
31      2      421      0      1      3      200      0      5.56629
31      2      422      0      1      3      200      0      5.84186
31      2      423      0      1      3      200      0      6.06707
31      2      424      0      1      3      200      0      5.6259
31      2      425      0      1      3      200      0      5.89297
31      2      426      0      1      3      200      0      5.9685
31      2      427      0      1      3      200      0      5.76799
31      2      428      0      1      3      200      0      5.7096
31      2      429      0      1      3      200      0      5.87741
31      2      430      0      1      3      200      0      5.54666
31      2      431      0      1      3      200      0      5.57781
31      2      432      0      1      3      200      0      5.55818
31      2      433      0      1      3      200      0      5.40696
31      2      434      0      1      3      200      0      5.91872
31      2      435      0      1      3      200      0      5.51375
31      2      436      0      1      3      200      0      5.9491
31      2      437      0      1      3      200      0      5.7778
31      2      438      0      1      3      200      0      5.75268
31      2      439      0      1      3      200      0      5.60514
31      2      440      0      1      3      200      0      5.86262
31      2      441      0      1      3      200      0      5.50518
31      2      442      0      1      3      200      0      5.67054
31      2      443      0      1      3      200      0      5.47902
31      2      444      0      1      3      200      0      5.81249
31      2      445      0      1      3      200      0      5.77252
31      2      446      0      1      3      200      0      5.66085
31      2      447      0      1      3      200      0      6.11064
31      2      448      0      1      3      200      0      5.76739
31      2      449      0      1      3      200      0      5.63388
31      2      450      0      1      3      200      0      6.06668
31      2      451      0      1      3      200      0      5.64024
31      2      452      0      1      3      200      0      5.65394
31      2      453      0      1      3      200      0      5.6962
31      2      454      0      1      3      200      0      5.69693
31      2      455      0      1      3      200      0      5.72027
31      2      456      0      1      3      200      0      5.52362
31      2      457      0      1      3      200      0      5.9138
31      2      458      0      1      3      200      0      5.73416
31      2      459      0      1      3      200      0      5.68227
31      2      460      0      1      3      200      0      5.92968
31      2      461      0      1      3      200      0      5.86023
31      2      462      0      1      3      0      0      74.3983
31      2      463      0      1      3      200      0      5.83662
31      2      464      0      1      3      200      0      5.75671
31      2      465      0      1      3      200      0      5.98211
31      2      466      0      1      3      200      0      5.76725
31      2      467      0      1      3      200      0      5.71762
31      2      468      0      1      3      200      0      5.78331
31      2      469      0      1      3      200      0      5.78908
31      2      470      0      1      3      200      0      5.7933
31      2      471      0      1      3      200      0      5.55832
31      3      0      0      1      3      200      0      5.61664
31      3      1      0      1      3      200      0      5.43378
31      3      2      0      1      3      200      0      5.68514
31      3      3      0      1      3      200      0      5.58561
31      3      4      0      1      3      200      0      5.76609
31      3      5      0      1      3      200      0      5.413
31      3      6      0      1      3      200      0      5.67077
31      3      7      0      1      3      200      0      5.4762
31      3      8      0      1      3      200      0      5.79059
31      3      9      0      1      3      200      0      5.53661
31      3      10      0      1      3      200      0      5.74852
31      3      11      0      1      3      200      0      5.55796
31      3      12      0      1      3      200      0      5.79991
31      3      13      0      1      3      200      0      5.59834
31      3      14      0      1      3      200      0      5.49403
31      3      15      0      1      3      200      0      5.92176
31      3      16      0      1      3      200      0      5.69369
31      3      17      0      1      3      200      0      5.67494
31      3      18      0      1      3      200      0      5.73097
31      3      19      0      1      3      200      0      5.83937
31      3      20      0      1      3      200      0      5.43529
31      3      21      0      1      3      200      0      5.75238
31      3      22      0      1      3      200      0      5.30007
31      3      23      0      1      3      200      0      5.77931
31      3      24      0      1      3      200      0      5.65713
31      3      25      0      1      3      200      0      5.60292
31      3      26      0      1      3      200      0      5.42549
31      3      27      0      1      3      200      0      5.84865
31      3      28      0      1      3      200      0      5.66814
31      3      29      0      1      3      200      0      5.69751
31      3      30      0      1      3      200      0      5.48544
31      3      31      0      1      3      200      0      5.55287
31      3      32      0      1      3      200      0      5.76439
31      3      33      0      1      3      200      0      5.67338
31      3      34      0      1      3      200      0      5.79985
31      3      35      0      1      3      200      0      5.50386
31      3      36      0      1      3      200      0      5.5506
31      3      37      0      1      3      200      0      5.45607
31      3      38      0      1      3      200      0      5.91556
31      3      39      0      1      3      200      0      5.77222
31      3      40      0      1      3      200      0      5.64072
31      3      41      0      1      3      200      0      5.67815
31      3      42      0      1      3      200      0      5.78069
31      3      43      0      1      3      200      0      5.50915
31      3      44      0      1      3      200      0      5.77675
31      3      45      0      1      3      200      0      5.61341
31      3      46      0      1      3      200      0      5.37761
31      3      47      0      1      3      200      0      5.53201
31      3      48      0      1      3      200      0      5.64407
31      3      49      0      1      3      200      0      5.7741
31      3      50      0      1      3      200      0      5.85287
31      3      51      0      1      3      200      0      5.81762
31      3      52      0      1      3      200      0      5.65212
31      3      53      0      1      3      200      0      5.67049
31      3      54      0      1      3      200      0      5.60255
31      3      55      0      1      3      200      0      5.52314
31      3      56      0      1      3      200      0      5.70995
31      3      57      0      1      3      200      0      5.75726
31      3      58      0      1      3      200      0      5.90568
31      3      59      0      1      3      200      0      5.62181
31      3      60      0      1      3      200      0      5.50234
31      3      61      0      1      3      200      0      5.64027
31      3      62      0      1      3      200      0      5.69334
31      3      63      0      1      3      200      0      5.76015
31      3      64      0      1      3      0      0      0
31      3      65      0      1      3      200      0      5.53541
31      3      66      0      1      3      200      0      5.56998
31      3      67      0      1      3      200      0      5.68771
31      3      68      0      1      3      200      0      5.6761
31      3      69      0      1      3      200      0      5.64012
31      3      70      0      1      3      200      0      5.46896
31      3      71      0      1      3      200      0      5.71784
31      3      72      0      1      3      200      0      5.64785
31      3      73      0      1      3      200      0      5.67511
31      3      74      0      1      3      200      0      5.70308
31      3      75      0      1      3      200      0      5.77278
31      3      76      0      1      3      200      0      5.55485
31      3      77      0      1      3      200      0      5.88874
31      3      78      0      1      3      200      0      5.72227
31      3      79      0      1      3      200      0      5.50111
31      3      80      0      1      3      200      0      5.67526
31      3      81      0      1      3      200      0      5.91145
31      3      82      0      1      3      200      0      6.15827
31      3      83      0      1      3      200      0      5.4145
31      3      84      0      1      3      200      0      5.61097
31      3      85      0      1      3      200      0      5.78049
31      3      86      0      1      3      200      0      5.74452
31      3      87      0      1      3      200      0      5.5888
31      3      88      0      1      3      200      0      5.65275
31      3      89      0      1      3      200      0      5.65977
31      3      90      0      1      3      200      0      5.67027
31      3      91      0      1      3      200      0      5.61377
31      3      92      0      1      3      200      0      5.59206
31      3      93      0      1      3      200      0      5.9108
31      3      94      0      1      3      200      0      5.63919
31      3      95      0      1      3      200      0      5.76424
31      3      96      0      1      3      200      0      5.53717
31      3      97      0      1      3      200      0      5.45555
31      3      98      0      1      3      200      0      5.59806
31      3      99      0      1      3      200      0      5.62377
31      3      100      0      1      3      200      0      5.58523
31      3      101      0      1      3      200      0      5.58154
31      3      102      0      1      3      200      0      5.70602
31      3      103      0      1      3      200      0      5.81133
31      3      104      0      1      3      200      0      6.01967
31      3      105      0      1      3      200      0      5.71995
31      3      106      0      1      3      200      0      5.76327
31      3      107      0      1      3      200      0      5.72352
31      3      108      0      1      3      200      0      5.82538
31      3      109      0      1      3      200      0      5.51535
31      3      110      0      1      3      200      0      5.59666
31      3      111      0      1      3      200      0      5.64742
31      3      112      0      1      3      200      0      5.47753
31      3      113      0      1      3      200      0      5.79179
31      3      114      0      1      3      200      0      5.64033
31      3      115      0      1      3      200      0      5.57554
31      3      116      0      1      3      200      0      5.7299
31      3      117      0      1      3      200      0      5.66012
31      3      118      0      1      3      200      0      5.47295
31      3      119      0      1      3      200      0      5.7705
31      3      120      0      1      3      200      0      5.54884
31      3      121      0      1      3      200      0      5.55119
31      3      122      0      1      3      200      0      5.51598
31      3      123      0      1      3      200      0      5.58444
31      3      124      0      1      3      200      0      5.36805
31      3      125      0      1      3      200      0      5.70396
31      3      126      0      1      3      200      0      5.70358
31      3      127      0      1      3      200      0      5.57537
31      3      128      0      1      3      200      0      5.76571
31      3      129      0      1      3      200      0      5.47696
31      3      130      0      1      3      200      0      5.41711
31      3      131      0      1      3      200      0      5.7445
31      3      132      0      1      3      200      0      5.61911
31      3      133      0      1      3      200      0      5.90915
31      3      134      0      1      3      200      0      5.68377
31      3      135      0      1      3      200      0      5.84661
31      3      136      0      1      3      200      0      5.73158
31      3      137      0      1      3      200      0      5.84392
31      3      138      0      1      3      200      0      5.7048
31      3      139      0      1      3      200      0      5.60863
31      3      140      0      1      3      200      0      5.40869
31      3      141      0      1      3      200      0      5.62597
31      3      142      0      1      3      200      0      5.59047
31      3      143      0      1      3      200      0      5.7058
31      3      144      0      1      3      200      0      5.51904
31      3      145      0      1      3      200      0      5.62101
31      3      146      0      1      3      200      0      5.56221
31      3      147      0      1      3      200      0      5.67007
31      3      148      0      1      3      200      0      5.65605
31      3      149      0      1      3      200      0      5.73882
31      3      150      0      1      3      200      0      5.48302
31      3      151      0      1      3      200      0      5.71686
31      3      152      0      1      3      200      0      5.78123
31      3      153      0      1      3      200      0      5.70714
31      3      154      0      1      3      200      0      5.61806
31      3      155      0      1      3      200      0      5.59164
31      3      156      0      1      3      200      0      5.60511
31      3      157      0      1      3      200      0      5.72166
31      3      158      0      1      3      200      0      5.57246
31      3      159      0      1      3      200      0      5.61184
31      3      160      0      1      3      200      0      5.57914
31      3      161      0      1      3      200      0      5.67831
31      3      162      0      1      3      200      0      5.62495
31      3      163      0      1      3      200      0      5.68097
31      3      164      0      1      3      200      0      5.70277
31      3      165      0      1      3      200      0      5.77651
31      3      166      0      1      3      200      0      5.59929
31      3      167      0      1      3      200      0      5.71977
31      3      168      0      1      3      200      0      5.71404
31      3      169      0      1      3      200      0      5.77111
31      3      170      0      1      3      200      0      5.59187
31      3      171      0      1      3      200      0      5.8674
31      3      172      0      1      3      200      0      5.89445
31      3      173      0      1      3      200      0      5.6495
31      3      174      0      1      3      200      0      5.59876
31      3      175      0      1      3      200      0      5.59251
31      3      176      0      1      3      200      0      5.63305
31      3      177      0      1      3      200      0      5.5138
31      3      178      0      1      3      200      0      5.72138
31      3      179      0      1      3      200      0      5.71428
31      3      180      0      1      3      200      0      5.76728
31      3      181      0      1      3      200      0      5.67722
31      3      182      0      1      3      200      0      5.72779
31      3      183      0      1      3      200      0      5.54562
31      3      184      0      1      3      200      0      5.80263
31      3      185      0      1      3      200      0      5.70843
31      3      186      0      1      3      200      0      5.81978
31      3      187      0      1      3      200      0      5.37278
31      3      188      0      1      3      200      0      5.72501
31      3      189      0      1      3      200      0      5.93277
31      3      190      0      1      3      200      0      5.67909
31      3      191      0      1      3      200      0      5.53668
31      3      192      0      1      3      200      0      5.64407
31      3      193      0      1      3      200      0      5.5895
31      3      194      0      1      3      200      0      5.6742
31      3      195      0      1      3      200      0      5.49916
31      3      196      0      1      3      200      0      5.58803
31      3      197      0      1      3      200      0      5.6234
31      3      198      0      1      3      200      0      5.89939
31      3      199      0      1      3      200      0      5.84305
31      3      200      0      1      3      200      0      5.73549
31      3      201      0      1      3      200      0      5.77833
31      3      202      0      1      3      200      0      5.79442
31      3      203      0      1      3      200      0      5.70102
31      3      204      0      1      3      200      0      5.66097
31      3      205      0      1      3      200      0      5.50668
31      3      206      0      1      3      200      0      5.67656
31      3      207      0      1      3      200      0      5.6282
31      3      208      0      1      3      200      0      5.90231
31      3      209      0      1      3      200      0      5.74122
31      3      210      0      1      3      200      0      5.5316
31      3      211      0      1      3      200      0      5.63377
31      3      212      0      1      3      200      0      5.60678
31      3      213      0      1      3      200      0      5.6241
31      3      214      0      1      3      200      0      5.74433
31      3      215      0      1      3      200      0      5.75369
31      3      216      0      1      3      200      0      5.76661
31      3      217      0      1      3      200      0      5.52635
31      3      218      0      1      3      200      0      5.74739
31      3      219      0      1      3      200      0      5.63287
31      3      220      0      1      3      200      0      5.67234
31      3      221      0      1      3      200      0      5.44452
31      3      222      0      1      3      200      0      5.70062
31      3      223      0      1      3      200      0      5.68005
31      3      224      0      1      3      200      0      5.34712
31      3      225      0      1      3      200      0      5.48139
31      3      226      0      1      3      200      0      5.47895
31      3      227      0      1      3      200      0      5.52723
31      3      228      0      1      3      200      0      5.56153
31      3      229      0      1      3      200      0      5.52268
31      3      230      0      1      3      200      0      5.56544
31      3      231      0      1      3      200      0      5.55851
31      3      232      0      1      3      200      0      5.48246
31      3      233      0      1      3      200      0      5.64431
31      3      234      0      1      3      200      0      5.65597
31      3      235      0      1      3      200      0      5.80772
31      3      236      0      1      3      200      0      5.58543
31      3      237      0      1      3      200      0      5.5114
31      3      238      0      1      3      200      0      5.46285
31      3      239      0      1      3      200      0      5.50024
31      3      240      0      1      3      200      0      5.46217
31      3      241      0      1      3      200      0      5.73605
31      3      242      0      1      3      200      0      5.71962
31      3      243      0      1      3      200      0      5.81366
31      3      244      0      1      3      200      0      5.60904
31      3      245      0      1      3      200      0      5.60805
31      3      246      0      1      3      200      0      5.67644
31      3      247      0      1      3      200      0      5.54917
31      3      248      0      1      3      200      0      5.69419
31      3      249      0      1      3      200      0      5.52816
31      3      250      0      1      3      200      0      5.70276
31      3      251      0      1      3      200      0      5.53931
31      3      252      0      1      3      200      0      5.70175
31      3      253      0      1      3      200      0      5.55384
31      3      254      0      1      3      200      0      5.4306
31      3      255      0      1      3      200      0      5.66657
31      3      256      0      1      3      200      0      5.54813
31      3      257      0      1      3      200      0      5.45924
31      3      258      0      1      3      200      0      5.6785
31      3      259      0      1      3      200      0      5.59224
31      3      260      0      1      3      200      0      5.70807
31      3      261      0      1      3      200      0      5.46165
31      3      262      0      1      3      200      0      5.52177
31      3      263      0      1      3      200      0      5.60233
31      3      264      0      1      3      200      0      5.57243
31      3      265      0      1      3      200      0      5.75927
31      3      266      0      1      3      200      0      5.60948
31      3      267      0      1      3      200      0      5.84748
31      3      268      0      1      3      200      0      5.61645
31      3      269      0      1      3      200      0      5.69637
31      3      270      0      1      3      200      0      5.69564
31      3      271      0      1      3      200      0      5.9316
31      3      272      0      1      3      200      0      5.90122
31      3      273      0      1      3      200      0      5.6411
31      3      274      0      1      3      200      0      5.8064
31      3      275      0      1      3      200      0      5.75422
31      3      276      0      1      3      200      0      5.68652
31      3      277      0      1      3      200      0      5.69213
31      3      278      0      1      3      200      0      5.75874
31      3      279      0      1      3      200      0      5.44237
31      3      280      0      1      3      200      0      5.71627
31      3      281      0      1      3      200      0      5.75912
31      3      282      0      1      3      200      0      5.56894
31      3      283      0      1      3      200      0      5.69379
31      3      284      0      1      3      200      0      5.6418
31      3      285      0      1      3      200      0      5.71873
31      3      286      0      1      3      200      0      5.57113
31      3      287      0      1      3      200      0      5.59662
31      3      288      0      1      3      200      0      5.81868
31      3      289      0      1      3      200      0      5.73585
31      3      290      0      1      3      200      0      5.48431
31      3      291      0      1      3      200      0      5.63666
31      3      292      0      1      3      200      0      5.58962
31      3      293      0      1      3      200      0      5.743
31      3      294      0      1      3      200      0      5.71208
31      3      295      0      1      3      200      0      5.7532
31      3      296      0      1      3      200      0      5.69564
31      3      297      0      1      3      200      0      5.69268
31      3      298      0      1      3      200      0      5.7303
31      3      299      0      1      3      200      0      5.65166
31      3      300      0      1      3      200      0      5.58234
31      3      301      0      1      3      200      0      5.78458
31      3      302      0      1      3      200      0      5.69826
31      3      303      0      1      3      200      0      5.62523
31      3      304      0      1      3      200      0      5.70911
31      3      305      0      1      3      200      0      5.43083
31      3      306      0      1      3      200      0      5.66426
31      3      307      0      1      3      200      0      5.65991
31      3      308      0      1      3      200      0      5.80002
31      3      309      0      1      3      200      0      5.50708
31      3      310      0      1      3      200      0      5.79376
31      3      311      0      1      3      200      0      5.53907
31      3      312      0      1      3      200      0      5.71971
31      3      313      0      1      3      200      0      5.67669
31      3      314      0      1      3      200      0      5.45624
31      3      315      0      1      3      200      0      5.6479
31      3      316      0      1      3      200      0      5.69293
31      3      317      0      1      3      200      0      5.56424
31      3      318      0      1      3      200      0      5.53687
31      3      319      0      1      3      200      0      5.61914
31      3      320      0      1      3      200      0      5.79517
31      3      321      0      1      3      200      0      5.47892
31      3      322      0      1      3      200      0      5.79083
31      3      323      0      1      3      200      0      5.86831
31      3      324      0      1      3      200      0      5.59624
31      3      325      0      1      3      200      0      5.56464
31      3      326      0      1      3      200      0      5.78998
31      3      327      0      1      3      200      0      5.69609
31      3      328      0      1      3      200      0      5.64326
31      3      329      0      1      3      200      0      5.51599
31      3      330      0      1      3      200      0      5.76584
31      3      331      0      1      3      200      0      5.48979
31      3      332      0      1      3      200      0      5.89316
31      3      333      0      1      3      200      0      5.53524
31      3      334      0      1      3      200      0      5.30525
31      3      335      0      1      3      200      0      5.42802
31      3      336      0      1      3      200      0      5.6626
31      3      337      0      1      3      200      0      5.84192
31      3      338      0      1      3      200      0      5.88089
31      3      339      0      1      3      200      0      5.48184
31      3      340      0      1      3      200      0      5.97039
31      3      341      0      1      3      200      0      5.53278
31      3      342      0      1      3      200      0      5.59374
31      3      343      0      1      3      200      0      5.47726
31      3      344      0      1      3      200      0      5.51691
31      3      345      0      1      3      200      0      5.64064
31      3      346      0      1      3      200      0      5.62008
31      3      347      0      1      3      200      0      5.64377
31      3      348      0      1      3      200      0      5.46958
31      3      349      0      1      3      200      0      5.81172
31      3      350      0      1      3      200      0      5.63716
31      3      351      0      1      3      200      0      5.89112
31      3      352      0      1      3      200      0      5.44841
31      3      353      0      1      3      200      0      5.69582
31      3      354      0      1      3      200      0      5.49994
31      3      355      0      1      3      200      0      5.66074
31      3      356      0      1      3      200      0      5.80173
31      3      357      0      1      3      200      0      5.68174
31      3      358      0      1      3      200      0      5.43204
31      3      359      0      1      3      200      0      5.44042
31      3      360      0      1      3      200      0      5.45297
31      3      361      0      1      3      200      0      5.55681
31      3      362      0      1      3      200      0      5.64125
31      3      363      0      1      3      200      0      5.52183
31      3      364      0      1      3      200      0      5.68153
31      3      365      0      1      3      200      0      5.47138
31      3      366      0      1      3      200      0      5.53221
31      3      367      0      1      3      200      0      5.22229
31      3      368      0      1      3      200      0      5.70574
31      3      369      0      1      3      200      0      5.54612
31      3      370      0      1      3      200      0      5.60066
31      3      371      0      1      3      200      0      5.68306
31      3      372      0      1      3      200      0      5.47863
31      3      373      0      1      3      200      0      5.78589
31      3      374      0      1      3      200      0      5.48659
31      3      375      0      1      3      200      0      5.61236
31      3      376      0      1      3      200      0      5.44027
31      3      377      0      1      3      200      0      5.54874
31      3      378      0      1      3      200      0      5.76361
31      3      379      0      1      3      200      0      5.63183
31      3      380      0      1      3      200      0      5.69387
31      3      381      0      1      3      200      0      5.53985
31      3      382      0      1      3      200      0      5.73596
31      3      383      0      1      3      200      0      5.6062
31      3      384      0      1      3      0      0      0
31      3      385      0      1      3      200      0      5.35361
31      3      386      0      1      3      0      0      0
31      3      387      0      1      3      200      0      5.56042
31      3      388      0      1      3      200      0      5.24185
31      3      389      0      1      3      200      0      5.42627
31      3      390      0      1      3      200      0      5.59199
31      3      391      0      1      3      200      0      5.48008
31      3      392      0      1      3      200      0      5.50469
31      3      393      0      1      3      200      0      5.46553
31      3      394      0      1      3      200      0      5.54891
31      3      395      0      1      3      200      0      5.53474
31      3      396      0      1      3      200      0      5.43236
31      3      397      0      1      3      200      0      5.58094
31      3      398      0      1      3      200      0      5.63307
31      3      399      0      1      3      200      0      5.16925
31      3      400      0      1      3      200      0      5.25841
31      3      401      0      1      3      200      0      5.5832
31      3      402      0      1      3      200      0      5.36564
31      3      403      0      1      3      200      0      5.38725
31      3      404      0      1      3      200      0      5.55257
31      3      405      0      1      3      200      0      5.50483
31      3      406      0      1      3      200      0      5.53576
31      3      407      0      1      3      200      0      5.31108
31      3      408      0      1      3      200      0      5.26309
31      3      409      0      1      3      200      0      5.41431
31      3      410      0      1      3      200      0      5.31925
31      3      411      0      1      3      200      0      5.59049
31      3      412      0      1      3      200      0      5.60948
31      3      413      0      1      3      200      0      5.29465
31      3      414      0      1      3      200      0      5.51324
31      3      415      0      1      3      200      0      5.56255
31      3      416      0      1      3      200      0      5.51908
31      3      417      0      1      3      200      0      5.28011
31      3      418      0      1      3      200      0      5.53075
31      3      419      0      1      3      200      0      5.57723
31      3      420      0      1      3      200      0      5.50696
31      3      421      0      1      3      200      0      5.40887
31      3      422      0      1      3      200      0      5.65906
31      3      423      0      1      3      200      0      5.5081
31      3      424      0      1      3      200      0      5.58172
31      3      425      0      1      3      200      0      5.70053
31      3      426      0      1      3      200      0      5.55839
31      3      427      0      1      3      200      0      5.72326
31      3      428      0      1      3      200      0      5.39157
31      3      429      0      1      3      200      0      5.75128
31      3      430      0      1      3      200      0      5.58516
31      3      431      0      1      3      200      0      5.27326
31      3      432      0      1      3      200      0      5.4587
31      3      433      0      1      3      200      0      5.69706
31      3      434      0      1      3      200      0      5.41795
31      3      435      0      1      3      200      0      5.54542
31      3      436      0      1      3      200      0      5.37452
31      3      437      0      1      3      200      0      5.62855
31      3      438      0      1      3      200      0      5.65107
31      3      439      0      1      3      200      0      5.40278
31      3      440      0      1      3      200      0      5.72923
31      3      441      0      1      3      200      0      5.33337
31      3      442      0      1      3      200      0      5.46217
31      3      443      0      1      3      200      0      5.48938
31      3      444      0      1      3      200      0      5.63102
31      3      445      0      1      3      200      0      5.74398
31      3      446      0      1      3      200      0      5.54492
31      3      447      0      1      3      200      0      5.54809
31      3      448      0      1      3      200      0      5.32004
31      3      449      0      1      3      200      0      5.60431
31      3      450      0      1      3      200      0      5.50692
31      3      451      0      1      3      200      0      5.54695
31      3      452      0      1      3      200      0      5.58858
31      3      453      0      1      3      200      0      5.49169
31      3      454      0      1      3      200      0      5.88197
31      3      455      0      1      3      200      0      5.23817
31      3      456      0      1      3      200      0      5.4357
31      3      457      0      1      3      200      0      5.55905
31      3      458      0      1      3      200      0      5.34561
31      3      459      0      1      3      200      0      5.58955
31      3      460      0      1      3      200      0      5.53306
31      3      461      0      1      3      200      0      5.54923
31      3      462      0      1      3      200      0      5.62766
31      3      463      0      1      3      200      0      5.45071
31      3      464      0      1      3      200      0      5.39913
31      3      465      0      1      3      200      0      5.58007
31      3      466      0      1      3      200      0      5.86237
31      3      467      0      1      3      200      0      5.82726
31      3      468      0      1      3      200      0      5.54565
31      3      469      0      1      3      200      0      5.673
31      3      470      0      1      3      200      0      5.72119
31      3      471      0      1      3      200      0      5.83919
31      3      472      0      1      3      200      0      5.61766
31      3      473      0      1      3      200      0      5.43054
31      3      474      0      1      3      200      0      5.42979
31      3      475      0      1      3      200      0      5.67434
31      3      476      0      1      3      200      0      5.56442
31      3      477      0      1      3      200      0      5.49775
31      3      478      0      1      3      200      0      5.63118
31      3      479      0      1      3      200      0      5.50384
31      3      480      0      1      3      200      0      5.56681
31      3      481      0      1      3      200      0      5.37653
31      3      482      0      1      3      200      0      5.47875
31      3      483      0      1      3      200      0      5.54007
31      3      484      0      1      3      200      0      5.52673
31      3      485      0      1      3      200      0      5.61281
31      3      486      0      1      3      200      0      5.27732
31      3      487      0      1      3      200      0      5.51266
31      3      488      0      1      3      200      0      5.61488
31      3      489      0      1      3      200      0      5.66245
31      3      490      0      1      3      200      0      5.45764
31      3      491      0      1      3      200      0      5.59357
31      3      492      0      1      3      200      0      5.4152
31      3      493      0      1      3      200      0      5.30509
31      3      494      0      1      3      200      0      5.57806
31      3      495      0      1      3      200      0      5.68286
31      3      496      0      1      3      200      0      5.59612
31      3      497      0      1      3      200      0      5.51954
31      3      498      0      1      3      200      0      5.33583
31      3      499      0      1      3      200      0      5.4495
31      3      500      0      1      3      200      0      5.40216
31      3      501      0      1      3      200      0      5.36644
31      3      502      0      1      3      200      0      5.70006
31      3      503      0      1      3      200      0      5.54322
31      3      504      0      1      3      200      0      5.56349
31      3      505      0      1      3      200      0      5.57541
31      3      506      0      1      3      200      0      5.57022
31      3      507      0      1      3      200      0      5.62003
31      3      508      0      1      3      200      0      5.67879
31      3      509      0      1      3      200      0      5.8169
31      3      510      0      1      3      200      0      5.41028
31      3      511      0      1      3      200      0      5.74574
31      3      512      0      1      3      200      0      5.75815
31      3      513      0      1      3      200      0      5.44384
31      3      514      0      1      3      200      0      5.47304
31      3      515      0      1      3      200      0      5.50188
31      3      516      0      1      3      200      0      5.51078
31      3      517      0      1      3      200      0      5.68461
31      3      518      0      1      3      200      0      5.54625
31      3      519      0      1      3      200      0      5.70249
31      3      520      0      1      3      200      0      5.88709
31      3      521      0      1      3      200      0      5.57411
31      3      522      0      1      3      200      0      5.85741
31      3      523      0      1      3      200      0      5.41628
31      3      524      0      1      3      200      0      5.77379
31      3      525      0      1      3      200      0      5.56789
31      3      526      0      1      3      200      0      5.55017
31      3      527      0      1      3      200      0      5.37977
31      3      528      0      1      3      200      0      5.53925
31      3      529      0      1      3      200      0      5.61117
31      3      530      0      1      3      200      0      5.53538
31      3      531      0      1      3      200      0      5.72516
31      3      532      0      1      3      200      0      5.22067
31      3      533      0      1      3      200      0      5.6324
31      3      534      0      1      3      200      0      5.51399
31      3      535      0      1      3      200      0      5.5174
31      3      536      0      1      3      200      0      5.56499
31      3      537      0      1      3      200      0      5.41676
31      3      538      0      1      3      200      0      5.67052
31      3      539      0      1      3      200      0      5.32416
31      3      540      0      1      3      200      0      5.59784
31      3      541      0      1      3      200      0      5.87734
31      3      542      0      1      3      200      0      5.37545
31      3      543      0      1      3      200      0      5.38631
31      3      544      0      1      3      200      0      5.40404
31      3      545      0      1      3      200      0      5.32782
31      3      546      0      1      3      200      0      5.32714
31      3      547      0      1      3      200      0      5.57073
31      3      548      0      1      3      200      0      5.53714
31      3      549      0      1      3      200      0      5.57959
31      3      550      0      1      3      200      0      5.37439
31      3      551      0      1      3      200      0      5.56514
31      3      552      0      1      3      200      0      5.43969
31      3      553      0      1      3      200      0      5.49111
31      3      554      0      1      3      200      0      5.7022
31      3      555      0      1      3      200      0      5.52067
31      3      556      0      1      3      200      0      5.43077
31      3      557      0      1      3      200      0      5.59907
31      3      558      0      1      3      200      0      5.52758
31      3      559      0      1      3      200      0      5.49626
31      3      560      0      1      3      200      0      5.56467
31      3      561      0      1      3      200      0      5.52704
31      3      562      0      1      3      200      0      5.46273
31      3      563      0      1      3      200      0      5.48507
31      3      564      0      1      3      200      0      5.46547
31      3      565      0      1      3      200      0      5.58183
31      3      566      0      1      3      200      0      5.68979
31      3      567      0      1      3      200      0      5.42017
31      3      568      0      1      3      200      0      5.48597
31      3      569      0      1      3      200      0      5.66516
31      3      570      0      1      3      200      0      5.56817
31      3      571      0      1      3      200      0      5.44577
31      3      572      0      1      3      200      0      5.59391
31      3      573      0      1      3      200      0      5.53389
31      3      574      0      1      3      200      0      5.57025
31      3      575      0      1      3      200      0      5.32393
31      3      576      0      1      3      200      0      5.46135
31      3      577      0      1      3      200      0      5.52431
31      3      578      0      1      3      200      0      5.26164
31      3      579      0      1      3      200      0      5.88381
31      3      580      0      1      3      200      0      5.42512
31      3      581      0      1      3      200      0      5.57451
31      3      582      0      1      3      200      0      5.48258
31      3      583      0      1      3      200      0      5.74227
31      3      584      0      1      3      200      0      5.76329
31      3      585      0      1      3      200      0      5.66678
31      3      586      0      1      3      200      0      5.59844
31      3      587      0      1      3      200      0      5.72858
31      3      588      0      1      3      200      0      5.30164
31      3      589      0      1      3      200      0      5.63173
31      3      590      0      1      3      200      0      5.2697
31      3      591      0      1      3      200      0      5.60476
31      3      592      0      1      3      200      0      5.59708
31      3      593      0      1      3      200      0      5.27018
31      3      594      0      1      3      200      0      5.59088
31      3      595      0      1      3      200      0      5.45734
31      3      596      0      1      3      200      0      5.37299
31      3      597      0      1      3      200      0      5.35631
31      3      598      0      1      3      200      0      5.34371
31      3      599      0      1      3      200      0      5.44208
31      3      600      0      1      3      200      0      5.41345
31      3      601      0      1      3      200      0      5.67831
31      3      602      0      1      3      200      0      5.33148
31      3      603      0      1      3      200      0      5.51413
31      3      604      0      1      3      200      0      5.38709
31      3      605      0      1      3      200      0      5.52306
31      3      606      0      1      3      200      0      5.45589
31      3      607      0      1      3      200      0      5.38478
31      3      608      0      1      3      200      0      5.56667
31      3      609      0      1      3      200      0      5.29367
31      3      610      0      1      3      200      0      5.50745
31      3      611      0      1      3      200      0      5.60856
31      3      612      0      1      3      200      0      5.47033
31      3      613      0      1      3      200      0      5.28114
31      3      614      0      1      3      200      0      5.6212
31      3      615      0      1      3      200      0      5.57669
31      3      616      0      1      3      200      0      5.9274
31      3      617      0      1      3      200      0      5.69286
31      3      618      0      1      3      200      0      5.58983
31      3      619      0      1      3      200      0      5.59259
31      3      620      0      1      3      200      0      5.50133
31      3      621      0      1      3      200      0      5.63018
31      3      622      0      1      3      200      0      5.65808
31      3      623      0      1      3      200      0      5.63763
31      3      624      0      1      3      200      0      5.79531
31      3      625      0      1      3      200      0      5.6479
31      3      626      0      1      3      200      0      5.64249
31      3      627      0      1      3      200      0      5.99852
31      3      628      0      1      3      200      0      5.50735
31      3      629      0      1      3      200      0      5.53052
31      3      630      0      1      3      200      0      5.48051
31      3      631      0      1      3      200      0      5.49506
31      3      632      0      1      3      200      0      5.6314
31      3      633      0      1      3      200      0      5.42644
31      3      634      0      1      3      200      0      5.66016
31      3      635      0      1      3      200      0      5.48117
31      3      636      0      1      3      200      0      5.45136
31      3      637      0      1      3      200      0      5.39307
31      3      638      0      1      3      200      0      5.37261
31      3      639      0      1      3      200      0      5.75768
31      3      640      0      1      3      200      0      5.54226
31      3      641      0      1      3      200      0      5.44885
31      3      642      0      1      3      200      0      5.55337
31      3      643      0      1      3      200      0      5.47203
31      3      644      0      1      3      200      0      5.69758
31      3      645      0      1      3      200      0      5.42623
31      3      646      0      1      3      200      0      5.60686
31      3      647      0      1      3      200      0      5.51683
31      3      648      0      1      3      200      0      5.88333
31      3      649      0      1      3      200      0      5.57922
31      3      650      0      1      3      200      0      5.34575
31      3      651      0      1      3      200      0      5.62016
31      3      652      0      1      3      200      0      5.49451
31      3      653      0      1      3      200      0      5.76103
31      3      654      0      1      3      200      0      5.8464
31      3      655      0      1      3      200      0      5.59113
31      3      656      0      1      3      200      0      5.66825
31      3      657      0      1      3      200      0      5.65569
31      3      658      0      1      3      200      0      5.68941
31      3      659      0      1      3      200      0      5.72755
31      3      660      0      1      3      200      0      5.52752
31      3      661      0      1      3      200      0      5.46468
31      3      662      0      1      3      200      0      5.67009
31      3      663      0      1      3      200      0      5.63416
31      3      664      0      1      3      200      0      5.41391
31      3      665      0      1      3      200      0      5.69985
31      3      666      0      1      3      200      0      5.50538
31      3      667      0      1      3      200      0      5.60456
31      3      668      0      1      3      200      0      5.62933
31      3      669      0      1      3      200      0      5.66503
31      3      670      0      1      3      200      0      5.70015
31      3      671      0      1      3      200      0      5.57534
31      3      672      0      1      3      200      0      5.51229
31      3      673      0      1      3      200      0      5.5468
31      3      674      0      1      3      200      0      5.58678
31      3      675      0      1      3      200      0      5.44178
31      3      676      0      1      3      200      0      5.68962
31      3      677      0      1      3      200      0      5.47917
31      3      678      0      1      3      200      0      5.70655
31      3      679      0      1      3      200      0      5.48851
31      3      680      0      1      3      200      0      5.55314
31      3      681      0      1      3      200      0      5.4207
31      3      682      0      1      3      200      0      5.78788
31      3      683      0      1      3      200      0      5.48919
31      3      684      0      1      3      200      0      5.4497
31      3      685      0      1      3      200      0      5.63054
31      3      686      0      1      3      200      0      5.67442
31      3      687      0      1      3      200      0      5.82636
31      3      688      0      1      3      200      0      5.77475
31      3      689      0      1      3      200      0      5.5202
31      3      690      0      1      3      200      0      5.73948
31      3      691      0      1      3      200      0      5.54697
31      4      0      0      1      3      200      0      5.92365
31      4      1      0      1      3      200      0      5.64402
31      4      2      0      1      3      200      0      5.76066
31      4      3      0      1      3      200      0      5.94692
31      4      4      0      1      3      200      0      5.69915
31      4      5      0      1      3      200      0      5.41932
31      4      6      0      1      3      200      0      5.72982
31      4      7      0      1      3      200      0      5.89317
31      4      8      0      1      3      200      0      5.48538
31      4      9      0      1      3      200      0      5.70555
31      4      10      0      1      3      200      0      5.57991
31      4      11      0      1      3      200      0      5.61981
31      4      12      0      1      3      200      0      5.58988
31      4      13      0      1      3      200      0      5.57686
31      4      14      0      1      3      200      0      5.62268
31      4      15      0      1      3      200      0      5.4446
31      4      16      0      1      3      200      0      5.80494
31      4      17      0      1      3      200      0      5.65638
31      4      18      0      1      3      200      0      5.80289
31      4      19      0      1      3      200      0      5.58338
31      4      20      0      1      3      200      0      5.77447
31      4      21      0      1      3      200      0      5.59378
31      4      22      0      1      3      200      0      5.82645
31      4      23      0      1      3      200      0      5.66783
31      4      24      0      1      3      200      0      5.54584
31      4      25      0      1      3      200      0      5.66697
31      4      26      0      1      3      200      0      5.58852
31      4      27      0      1      3      200      0      5.99095
31      4      28      0      1      3      200      0      5.82231
31      4      29      0      1      3      200      0      5.67905
31      4      30      0      1      3      200      0      5.6774
31      4      31      0      1      3      200      0      5.72434
31      4      32      0      1      3      200      0      5.89948
31      4      33      0      1      3      200      0      5.64708
31      4      34      0      1      3      200      0      5.78514
31      4      35      0      1      3      200      0      5.62928
31      4      36      0      1      3      200      0      5.59283
31      4      37      0      1      3      200      0      5.73567
31      4      38      0      1      3      200      0      5.86821
31      4      39      0      1      3      200      0      5.60716
31      4      40      0      1      3      200      0      5.74065
31      4      41      0      1      3      200      0      5.70407
31      4      42      0      1      3      200      0      5.57493
31      4      43      0      1      3      200      0      5.56126
31      4      44      0      1      3      200      0      5.89391
31      4      45      0      1      3      200      0      5.82418
31      4      46      0      1      3      200      0      5.59939
31      4      47      0      1      3      200      0      5.57062
31      4      48      0      1      3      200      0      5.82971
31      4      49      0      1      3      200      0      5.62039
31      4      50      0      1      3      200      0      5.93364
31      4      51      0      1      3      200      0      5.5417
31      4      52      0      1      3      200      0      5.64168
31      4      53      0      1      3      200      0      5.61985
31      4      54      0      1      3      200      0      5.78079
31      4      55      0      1      3      200      0      5.64078
31      4      56      0      1      3      200      0      5.26363
31      4      57      0      1      3      200      0      5.78214
31      4      58      0      1      3      200      0      5.57046
31      4      59      0      1      3      200      0      5.55143
31      4      60      0      1      3      200      0      5.71519
31      4      61      0      1      3      200      0      5.73722
31      4      62      0      1      3      200      0      5.73353
31      4      63      0      1      3      200      0      5.86373
31      4      64      0      1      3      200      0      5.83773
31      4      65      0      1      3      200      0      5.8968
31      4      66      0      1      3      200      0      5.79331
31      4      67      0      1      3      200      0      5.61199
31      4      68      0      1      3      200      0      5.55025
31      4      69      0      1      3      200      0      5.83661
31      4      70      0      1      3      200      0      5.77306
31      4      71      0      1      3      200      0      5.53509
31      4      72      0      1      3      200      0      5.57006
31      4      73      0      1      3      200      0      5.6734
31      4      74      0      1      3      200      0      5.89726
31      4      75      0      1      3      200      0      6.17196
31      4      76      0      1      3      200      0      5.75831
31      4      77      0      1      3      200      0      5.8068
31      4      78      0      1      3      200      0      5.616
31      4      79      0      1      3      200      0      5.68033
31      4      80      0      1      3      200      0      5.62691
31      4      81      0      1      3      200      0      5.91886
31      4      82      0      1      3      200      0      5.77809
31      4      83      0      1      3      200      0      5.72346
31      4      84      0      1      3      200      0      5.87855
31      4      85      0      1      3      200      0      5.67914
31      4      86      0      1      3      200      0      5.64148
31      4      87      0      1      3      200      0      5.93605
31      4      88      0      1      3      200      0      5.82438
31      4      89      0      1      3      200      0      5.65587
31      4      90      0      1      3      200      0      5.34066
31      4      91      0      1      3      200      0      5.87713
31      4      92      0      1      3      200      0      5.64513
31      4      93      0      1      3      200      0      5.56518
31      4      94      0      1      3      200      0      5.53713
31      4      95      0      1      3      200      0      5.56254
31      4      96      0      1      3      200      0      5.61633
31      4      97      0      1      3      200      0      5.57333
31      4      98      0      1      3      200      0      5.82087
31      4      99      0      1      3      200      0      5.51423
31      4      100      0      1      3      200      0      5.7308
31      4      101      0      1      3      200      0      5.79378
31      4      102      0      1      3      200      0      5.70353
31      4      103      0      1      3      200      0      5.77545
31      4      104      0      1      3      200      0      5.6591
31      4      105      0      1      3      200      0      5.70914
31      4      106      0      1      3      200      0      5.44462
31      4      107      0      1      3      200      0      5.80998
31      4      108      0      1      3      200      0      5.69707
31      4      109      0      1      3      200      0      5.59793
31      4      110      0      1      3      200      0      5.78147
31      4      111      0      1      3      200      0      5.6614
31      4      112      0      1      3      200      0      5.39446
31      4      113      0      1      3      200      0      5.68574
31      4      114      0      1      3      200      0      5.47227
31      4      115      0      1      3      200      0      5.2591
31      4      116      0      1      3      200      0      5.43174
31      4      117      0      1      3      200      0      5.66349
31      4      118      0      1      3      200      0      5.59272
31      4      119      0      1      3      200      0      5.75731
31      4      120      0      1      3      200      0      5.68137
31      4      121      0      1      3      200      0      5.6468
31      4      122      0      1      3      200      0      5.65465
31      4      123      0      1      3      200      0      5.54702
31      4      124      0      1      3      200      0      5.63859
31      4      125      0      1      3      200      0      5.55549
31      4      126      0      1      3      200      0      5.8143
31      4      127      0      1      3      200      0      5.55478
31      4      128      0      1      3      200      0      5.76506
31      4      129      0      1      3      200      0      5.55521
31      4      130      0      1      3      200      0      5.56159
31      4      131      0      1      3      200      0      5.6953
31      4      132      0      1      3      200      0      5.59422
31      4      133      0      1      3      200      0      5.64308
31      4      134      0      1      3      200      0      5.76269
31      4      135      0      1      3      200      0      5.61587
31      4      136      0      1      3      200      0      5.53656
31      4      137      0      1      3      200      0      5.42576
31      4      138      0      1      3      200      0      5.86142
31      4      139      0      1      3      200      0      5.50135
31      4      140      0      1      3      200      0      5.48107
31      4      141      0      1      3      200      0      5.77633
31      4      142      0      1      3      200      0      5.68855
31      4      143      0      1      3      200      0      5.47009
31      4      144      0      1      3      200      0      5.4628
31      4      145      0      1      3      200      0      5.59106
31      4      146      0      1      3      200      0      5.64862
31      4      147      0      1      3      200      0      5.73598
31      4      148      0      1      3      200      0      5.5444
31      4      149      0      1      3      200      0      5.68891
31      4      150      0      1      3      200      0      5.61917
31      4      151      0      1      3      200      0      5.67059
31      4      152      0      1      3      200      0      5.88386
31      4      153      0      1      3      200      0      5.72843
31      4      154      0      1      3      200      0      5.95066
31      4      155      0      1      3      200      0      5.62055
31      4      156      0      1      3      200      0      5.87152
31      4      157      0      1      3      200      0      6.0039
31      4      158      0      1      3      200      0      5.54844
31      4      159      0      1      3      200      0      5.59209
31      4      160      0      1      3      200      0      5.75627
31      4      161      0      1      3      200      0      5.75813
31      4      162      0      1      3      200      0      5.77108
31      4      163      0      1      3      200      0      5.69561
31      4      164      0      1      3      200      0      5.61249
31      4      165      0      1      3      200      0      5.53842
31      4      166      0      1      3      200      0      5.69371
31      4      167      0      1      3      200      0      5.58841
31      4      168      0      1      3      200      0      5.60769
31      4      169      0      1      3      200      0      5.82515
31      4      170      0      1      3      200      0      5.43598
31      4      171      0      1      3      200      0      5.44071
31      4      172      0      1      3      200      0      5.57559
31      4      173      0      1      3      200      0      5.5283
31      4      174      0      1      3      200      0      5.31209
31      4      175      0      1      3      200      0      5.41171
31      4      176      0      1      3      200      0      5.67201
31      4      177      0      1      3      200      0      5.84973
31      4      178      0      1      3      200      0      5.62668
31      4      179      0      1      3      200      0      5.68156
31      4      180      0      1      3      200      0      5.78963
31      4      181      0      1      3      200      0      5.5652
31      4      182      0      1      3      200      0      5.54423
31      4      183      0      1      3      200      0      5.5534
31      4      184      0      1      3      200      0      5.6174
31      4      185      0      1      3      200      0      5.56534
31      4      186      0      1      3      200      0      5.59141
31      4      187      0      1      3      200      0      5.52206
31      4      188      0      1      3      200      0      5.56256
31      4      189      0      1      3      200      0      5.67207
31      4      190      0      1      3      200      0      5.56077
31      4      191      0      1      3      200      0      5.38037
31      4      192      0      1      3      200      0      5.52082
31      4      193      0      1      3      200      0      5.6077
31      4      194      0      1      3      200      0      5.57082
31      4      195      0      1      3      200      0      5.72838
31      4      196      0      1      3      200      0      5.58312
31      4      197      0      1      3      200      0      5.32043
31      4      198      0      1      3      200      0      5.69809
31      4      199      0      1      3      200      0      5.44971
31      4      200      0      1      3      200      0      5.56115
31      4      201      0      1      3      200      0      5.41805
31      4      202      0      1      3      200      0      5.47894
31      4      203      0      1      3      200      0      5.49044
31      4      204      0      1      3      200      0      5.41929
31      4      205      0      1      3      200      0      5.55266
31      4      206      0      1      3      200      0      5.69794
31      4      207      0      1      3      200      0      5.54114
31      4      208      0      1      3      200      0      5.788
31      4      209      0      1      3      200      0      5.63669
31      4      210      0      1      3      200      0      5.67827
31      4      211      0      1      3      200      0      5.67951
31      4      212      0      1      3      200      0      5.52365
31      4      213      0      1      3      200      0      5.75336
31      4      214      0      1      3      200      0      5.50155
31      4      215      0      1      3      200      0      5.82266
31      4      216      0      1      3      200      0      5.86417
31      4      217      0      1      3      200      0      5.46385
31      4      218      0      1      3      200      0      5.73871
31      4      219      0      1      3      200      0      5.6621
31      4      220      0      1      3      200      0      5.67199
31      4      221      0      1      3      200      0      5.75213
31      4      222      0      1      3      200      0      5.13478
31      4      223      0      1      3      200      0      5.60362
31      4      224      0      1      3      200      0      5.62371
31      4      225      0      1      3      200      0      5.59517
31      4      226      0      1      3      200      0      5.6024
31      4      227      0      1      3      200      0      5.61606
31      4      228      0      1      3      200      0      5.59764
31      4      229      0      1      3      200      0      5.70486
31      4      230      0      1      3      200      0      5.31616
31      4      231      0      1      3      200      0      5.8118
31      4      232      0      1      3      200      0      5.79386
31      4      233      0      1      3      200      0      5.65281
31      4      234      0      1      3      200      0      5.83584
31      4      235      0      1      3      200      0      5.94383
31      4      236      0      1      3      200      0      5.68598
31      4      237      0      1      3      200      0      5.63949
31      4      238      0      1      3      200      0      5.66468
31      4      239      0      1      3      200      0      5.82685
31      4      240      0      1      3      200      0      6.05335
31      4      241      0      1      3      200      0      5.75188
31      4      242      0      1      3      200      0      5.74142
31      4      243      0      1      3      200      0      5.7825
31      4      244      0      1      3      200      0      5.81195
31      4      245      0      1      3      200      0      5.75854
31      4      246      0      1      3      200      0      5.90176
31      4      247      0      1      3      200      0      5.65549
31      4      248      0      1      3      200      0      5.87177
31      4      249      0      1      3      200      0      5.77487
31      4      250      0      1      3      200      0      5.71152
31      4      251      0      1      3      200      0      5.68494
31      4      252      0      1      3      200      0      5.71419
31      4      253      0      1      3      200      0      5.63606
31      4      254      0      1      3      200      0      5.68061
31      4      255      0      1      3      200      0      5.60167
31      4      256      0      1      3      200      0      5.8301
31      4      257      0      1      3      200      0      5.67449
31      4      258      0      1      3      200      0      5.6118
31      4      259      0      1      3      200      0      5.61074
31      4      260      0      1      3      200      0      6.0591
31      4      261      0      1      3      200      0      5.71935
31      4      262      0      1      3      200      0      5.6145
31      4      263      0      1      3      200      0      5.51302
31      4      264      0      1      3      200      0      5.63404
31      4      265      0      1      3      200      0      5.85637
31      4      266      0      1      3      200      0      5.83793
31      4      267      0      1      3      200      0      5.74192
31      4      268      0      1      3      200      0      5.50701
31      4      269      0      1      3      200      0      5.54644
31      4      270      0      1      3      200      0      5.56836
31      4      271      0      1      3      200      0      5.77164
31      4      272      0      1      3      200      0      5.85917
31      4      273      0      1      3      200      0      5.93947
31      4      274      0      1      3      200      0      5.80677
31      4      275      0      1      3      200      0      5.43729
31      4      276      0      1      3      200      0      5.74058
31      4      277      0      1      3      200      0      5.66868
31      4      278      0      1      3      200      0      5.68901
31      4      279      0      1      3      200      0      5.80717
31      4      280      0      1      3      200      0      5.90105
31      4      281      0      1      3      200      0      5.7638
31      4      282      0      1      3      200      0      6.03072
31      4      283      0      1      3      200      0      5.99164
31      4      284      0      1      3      200      0      5.86517
31      4      285      0      1      3      200      0      5.93509
31      4      286      0      1      3      200      0      5.61927
31      4      287      0      1      3      200      0      5.78659
31      4      288      0      1      3      200      0      5.76861
31      4      289      0      1      3      200      0      5.7524
31      4      290      0      1      3      200      0      6.07491
31      4      291      0      1      3      200      0      5.78268
31      4      292      0      1      3      200      0      5.89667
31      4      293      0      1      3      200      0      5.5821
31      4      294      0      1      3      200      0      5.73001
31      4      295      0      1      3      200      0      5.62197
31      4      296      0      1      3      200      0      5.68564
31      4      297      0      1      3      200      0      5.79473
31      4      298      0      1      3      200      0      5.73199
31      4      299      0      1      3      200      0      5.79784
31      4      300      0      1      3      200      0      5.65194
31      4      301      0      1      3      200      0      5.89306
31      4      302      0      1      3      200      0      5.74943
31      4      303      0      1      3      200      0      6.11503
31      4      304      0      1      3      200      0      6.1131
31      4      305      0      1      3      200      0      5.73971
31      4      306      0      1      3      200      0      5.92895
31      4      307      0      1      3      200      0      5.73144
31      4      308      0      1      3      200      0      5.95406
31      4      309      0      1      3      200      0      5.88269
31      4      310      0      1      3      200      0      5.85419
31      4      311      0      1      3      200      0      6.03114
31      4      312      0      1      3      200      0      5.90252
31      4      313      0      1      3      200      0      5.83435
31      4      314      0      1      3      200      0      5.89778
31      4      315      0      1      3      200      0      5.86705
31      4      316      0      1      3      200      0      5.72112
31      4      317      0      1      3      200      0      5.91385
31      4      318      0      1      3      200      0      5.94238
31      4      319      0      1      3      200      0      6.0505
31      4      320      0      1      3      200      0      6.33122
31      4      321      0      1      3      200      0      5.83761
31      4      322      0      1      3      200      0      5.75681
31      4      323      0      1      3      200      0      5.94285
31      4      324      0      1      3      200      0      6.04725
31      4      325      0      1      3      200      0      5.72751
31      4      326      0      1      3      200      0      5.85652
31      4      327      0      1      3      200      0      6.08168
31      4      328      0      1      3      200      0      5.85271
31      4      329      0      1      3      200      0      5.79992
31      4      330      0      1      3      200      0      5.65823
31      4      331      0      1      3      200      0      5.64199
31      4      332      0      1      3      200      0      5.66493
31      4      333      0      1      3      200      0      5.95883
31      4      334      0      1      3      200      0      5.6682
31      4      335      0      1      3      200      0      5.77949
31      4      336      0      1      3      200      0      5.90644
31      4      337      0      1      3      200      0      5.85944
31      4      338      0      1      3      200      0      6.00781
31      4      339      0      1      3      200      0      5.89644
31      4      340      0      1      3      200      0      5.85599
31      4      341      0      1      3      200      0      5.66029
31      4      342      0      1      3      200      0      5.87708
31      4      343      0      1      3      200      0      5.87053
31      4      344      0      1      3      200      0      5.7264
31      4      345      0      1      3      200      0      5.71141
31      4      346      0      1      3      200      0      5.84847
31      4      347      0      1      3      200      0      5.89732
31      4      348      0      1      3      200      0      5.81583
31      4      349      0      1      3      200      0      5.93026
31      4      350      0      1      3      200      0      5.90254
31      4      351      0      1      3      200      0      6.10788
31      4      352      0      1      3      200      0      6.13689
31      4      353      0      1      3      200      0      5.60913
31      4      354      0      1      3      200      0      5.69232
31      4      355      0      1      3      200      0      5.69925
31      4      356      0      1      3      200      0      5.70108
31      4      357      0      1      3      200      0      5.94925
31      4      358      0      1      3      200      0      5.78239
31      4      359      0      1      3      200      0      5.51486
31      4      360      0      1      3      200      0      5.66067
31      4      361      0      1      3      200      0      5.6739
31      4      362      0      1      3      200      0      5.73897
31      4      363      0      1      3      200      0      6.2675
31      4      364      0      1      3      200      0      5.62403
31      4      365      0      1      3      200      0      5.63538
31      4      366      0      1      3      200      0      5.77122
31      4      367      0      1      3      200      0      5.82764
31      4      368      0      1      3      200      0      5.86912
31      4      369      0      1      3      200      0      5.79268
31      4      370      0      1      3      200      0      5.67449
31      4      371      0      1      3      200      0      5.92033
31      4      372      0      1      3      200      0      5.80807
31      4      373      0      1      3      200      0      5.81196
31      4      374      0      1      3      200      0      5.64928
31      4      375      0      1      3      200      0      5.81553
31      4      376      0      1      3      200      0      5.76935
31      4      377      0      1      3      200      0      5.7144
31      4      378      0      1      3      200      0      5.84213
31      4      379      0      1      3      200      0      5.71514
31      4      380      0      1      3      200      0      5.5769
31      4      381      0      1      3      200      0      5.86228
31      4      382      0      1      3      200      0      5.39317
31      4      383      0      1      3      200      0      5.70024
31      4      384      0      1      3      200      0      5.56911
31      4      385      0      1      3      200      0      5.59948
31      4      386      0      1      3      200      0      5.73908
31      4      387      0      1      3      200      0      5.75065
31      4      388      0      1      3      200      0      6.37519
31      4      389      0      1      3      200      0      6.11395
31      4      390      0      1      3      200      0      5.84625
31      4      391      0      1      3      200      0      5.57784
31      4      392      0      1      3      200      0      5.52077
31      4      393      0      1      3      200      0      5.68454
31      4      394      0      1      3      200      0      5.93123
31      4      395      0      1      3      200      0      5.96528
31      4      396      0      1      3      200      0      5.86322
31      4      397      0      1      3      200      0      5.7245
31      4      398      0      1      3      200      0      6.13303
31      4      399      0      1      3      200      0      5.97229
31      4      400      0      1      3      200      0      5.71501
31      4      401      0      1      3      200      0      5.67667
31      4      402      0      1      3      200      0      5.62423
31      4      403      0      1      3      200      0      5.62633
31      4      404      0      1      3      200      0      5.49142
31      4      405      0      1      3      200      0      5.82686
31      4      406      0      1      3      200      0      5.86256
31      4      407      0      1      3      200      0      5.71832
31      4      408      0      1      3      200      0      5.79154
31      4      409      0      1      3      200      0      5.505
31      4      410      0      1      3      200      0      5.55207
31      4      411      0      1      3      200      0      5.87974
31      4      412      0      1      3      200      0      5.87487
31      4      413      0      1      3      200      0      5.66966
31      4      414      0      1      3      200      0      5.87168
31      4      415      0      1      3      200      0      5.7167
31      4      416      0      1      3      200      0      6.20883
31      4      417      0      1      3      200      0      5.80698
31      4      418      0      1      3      200      0      5.67519
31      4      419      0      1      3      200      0      5.65187
31      4      420      0      1      3      200      0      5.80671
31      4      421      0      1      3      200      0      5.62246
31      4      422      0      1      3      200      0      5.94055
31      4      423      0      1      3      200      0      5.70489
31      4      424      0      1      3      200      0      5.89976
31      4      425      0      1      3      200      0      5.76513
31      4      426      0      1      3      200      0      5.57508
31      4      427      0      1      3      200      0      5.80549
31      4      428      0      1      3      200      0      5.96019
31      4      429      0      1      3      200      0      5.8191
31      4      430      0      1      3      200      0      5.77191
31      4      431      0      1      3      200      0      5.84298
31      4      432      0      1      3      200      0      5.90156
31      4      433      0      1      3      200      0      5.77633
31      4      434      0      1      3      200      0      5.53173
31      4      435      0      1      3      200      0      5.38346
31      4      436      0      1      3      200      0      5.84655
31      4      437      0      1      3      200      0      5.74219
31      4      438      0      1      3      200      0      5.50187
31      4      439      0      1      3      200      0      5.70154
31      4      440      0      1      3      200      0      5.82592
31      4      441      0      1      3      200      0      5.9215
31      4      442      0      1      3      200      0      5.68994
31      4      443      0      1      3      200      0      5.55968
31      4      444      0      1      3      200      0      5.58731
31      4      445      0      1      3      200      0      5.69266
31      4      446      0      1      3      200      0      5.71172
31      4      447      0      1      3      200      0      5.76804
31      4      448      0      1      3      200      0      5.88675
31      4      449      0      1      3      200      0      5.91768
31      4      450      0      1      3      200      0      5.80319
31      4      451      0      1      3      200      0      6.17855
31      4      452      0      1      3      200      0      5.78194
31      4      453      0      1      3      200      0      5.50779
31      4      454      0      1      3      200      0      5.69725
31      4      455      0      1      3      200      0      6.07122
31      4      456      0      1      3      200      0      5.89055
31      4      457      0      1      3      200      0      5.80195
31      4      458      0      1      3      200      0      6.14727
31      4      459      0      1      3      200      0      6.15701
31      4      460      0      1      3      200      0      5.89858
31      4      461      0      1      3      200      0      5.78769
31      4      462      0      1      3      200      0      5.34779
31      4      463      0      1      3      200      0      5.89679
31      4      464      0      1      3      200      0      5.76777
31      4      465      0      1      3      200      0      6.00233
31      4      466      0      1      3      200      0      5.46415
31      4      467      0      1      3      200      0      6.2367
31      4      468      0      1      3      200      0      5.49612
31      4      469      0      1      3      200      0      5.79265
31      4      470      0      1      3      200      0      5.81406
31      4      471      0      1      3      200      0      5.96955
31      4      472      0      1      3      200      0      5.63345
31      4      473      0      1      3      200      0      5.68056
31      4      474      0      1      3      200      0      5.69236
31      4      475      0      1      3      200      0      5.76585
31      4      476      0      1      3      200      0      5.922
31      4      477      0      1      3      200      0      5.956
31      4      478      0      1      3      200      0      6.25695
31      4      479      0      1      3      200      0      6.02591
31      4      480      0      1      3      200      0      6.23323
31      4      481      0      1      3      200      0      5.96682
31      4      482      0      1      3      200      0      6.13112
31      4      483      0      1      3      200      0      5.85489
31      4      484      0      1      3      200      0      5.5379
31      4      485      0      1      3      200      0      5.71354
31      4      486      0      1      3      200      0      5.62716
31      4      487      0      1      3      200      0      6.39446
31      4      488      0      1      3      200      0      5.58794
31      4      489      0      1      3      200      0      5.69056
31      4      490      0      1      3      200      0      5.83484
31      4      491      0      1      3      200      0      5.88394
31      4      492      0      1      3      200      0      5.74938
31      4      493      0      1      3      200      0      5.76098
31      4      494      0      1      3      200      0      5.58847
31      4      495      0      1      3      200      0      5.54136
31      4      496      0      1      3      200      0      5.46627
31      4      497      0      1      3      200      0      5.77232
31      4      498      0      1      3      200      0      5.9516
31      4      499      0      1      3      200      0      5.62252
31      4      500      0      1      3      200      0      5.73471
31      4      501      0      1      3      200      0      5.71756
31      4      502      0      1      3      200      0      5.50108
31      4      503      0      1      3      200      0      5.7103
31      4      504      0      1      3      200      0      5.77934
31      4      505      0      1      3      200      0      5.69984
31      4      506      0      1      3      200      0      5.80498
31      4      507      0      1      3      200      0      5.68631
31      4      508      0      1      3      200      0      5.76056
31      4      509      0      1      3      200      0      5.75146
31      5      0      0      1      3      200      0      5.71807
31      5      1      0      1      3      200      0      5.55078
31      5      2      0      1      3      200      0      5.54215
31      5      3      0      1      3      200      0      5.97549
31      5      4      0      1      3      200      0      5.63381
31      5      5      0      1      3      200      0      5.76582
31      5      6      0      1      3      200      0      5.83594
31      5      7      0      1      3      200      0      5.72072
31      5      8      0      1      3      200      0      5.64399
31      5      9      0      1      3      200      0      5.79026
31      5      10      0      1      3      200      0      5.51008
31      5      11      0      1      3      200      0      5.68116
31      5      12      0      1      3      200      0      5.76962
31      5      13      0      1      3      200      0      5.66569
31      5      14      0      1      3      200      0      5.4509
31      5      15      0      1      3      200      0      5.62667
31      5      16      0      1      3      200      0      5.89752
31      5      17      0      1      3      200      0      5.73372
31      5      18      0      1      3      200      0      5.4703
31      5      19      0      1      3      200      0      5.45099
31      5      20      0      1      3      200      0      5.72442
31      5      21      0      1      3      200      0      5.65972
31      5      22      0      1      3      200      0      5.63081
31      5      23      0      1      3      200      0      5.63278
31      5      24      0      1      3      200      0      5.60347
31      5      25      0      1      3      200      0      5.72615
31      5      26      0      1      3      200      0      5.76394
31      5      27      0      1      3      200      0      5.605
31      5      28      0      1      3      200      0      5.76754
31      5      29      0      1      3      200      0      5.52235
31      5      30      0      1      3      200      0      5.46394
31      5      31      0      1      3      200      0      5.63184
31      5      32      0      1      3      200      0      5.60137
31      5      33      0      1      3      200      0      5.60992
31      5      34      0      1      3      200      0      5.77432
31      5      35      0      1      3      200      0      5.68739
31      5      36      0      1      3      200      0      5.64408
31      5      37      0      1      3      200      0      5.66914
31      5      38      0      1      3      200      0      5.79111
31      5      39      0      1      3      200      0      5.46578
31      5      40      0      1      3      200      0      5.67298
31      5      41      0      1      3      200      0      5.84941
31      5      42      0      1      3      200      0      5.75204
31      5      43      0      1      3      200      0      5.70033
31      5      44      0      1      3      200      0      5.53035
31      5      45      0      1      3      200      0      5.70175
31      5      46      0      1      3      200      0      5.58982
31      5      47      0      1      3      200      0      5.67177
31      5      48      0      1      3      200      0      5.53884
31      5      49      0      1      3      200      0      5.44996
31      5      50      0      1      3      200      0      5.67229
31      5      51      0      1      3      200      0      5.65734
31      5      52      0      1      3      200      0      5.81154
31      5      53      0      1      3      200      0      5.76821
31      5      54      0      1      3      200      0      5.84351
31      5      55      0      1      3      200      0      5.5822
31      5      56      0      1      3      200      0      5.80824
31      5      57      0      1      3      200      0      5.58895
31      5      58      0      1      3      200      0      5.5277
31      5      59      0      1      3      200      0      5.5542
31      5      60      0      1      3      200      0      5.77708
31      5      61      0      1      3      200      0      5.88558
31      5      62      0      1      3      200      0      5.63748
31      5      63      0      1      3      200      0      5.57644
31      5      64      0      1      3      200      0      5.79689
31      5      65      0      1      3      200      0      5.54593
31      5      66      0      1      3      200      0      5.64984
31      5      67      0      1      3      200      0      5.58467
31      5      68      0      1      3      200      0      5.58599
31      5      69      0      1      3      200      0      5.41269
31      5      70      0      1      3      200      0      5.62826
31      5      71      0      1      3      200      0      5.64875
31      5      72      0      1      3      200      0      5.6328
31      5      73      0      1      3      200      0      5.7902
31      5      74      0      1      3      200      0      5.49204
31      5      75      0      1      3      200      0      5.53782
31      5      76      0      1      3      200      0      5.82179
31      5      77      0      1      3      200      0      5.63916
31      5      78      0      1      3      200      0      5.752
31      5      79      0      1      3      200      0      5.56814
31      5      80      0      1      3      200      0      5.49394
31      5      81      0      1      3      200      0      5.64957
31      5      82      0      1      3      200      0      5.48791
31      5      83      0      1      3      200      0      5.74819
31      5      84      0      1      3      200      0      5.62178
31      5      85      0      1      3      200      0      5.45995
31      5      86      0      1      3      200      0      5.45241
31      5      87      0      1      3      200      0      5.80773
31      5      88      0      1      3      200      0      5.53148
31      5      89      0      1      3      200      0      5.72257
31      5      90      0      1      3      200      0      5.60512
31      5      91      0      1      3      200      0      5.63496
31      5      92      0      1      3      200      0      5.88172
31      5      93      0      1      3      200      0      5.80035
31      5      94      0      1      3      200      0      5.58542
31      5      95      0      1      3      200      0      5.66259
31      5      96      0      1      3      200      0      5.46044
31      5      97      0      1      3      200      0      5.50071
31      5      98      0      1      3      200      0      5.59408
31      5      99      0      1      3      200      0      5.65154
31      5      100      0      1      3      200      0      5.56966
31      5      101      0      1      3      200      0      5.63152
31      5      102      0      1      3      200      0      5.67299
31      5      103      0      1      3      200      0      5.65412
31      5      104      0      1      3      200      0      5.76103
31      5      105      0      1      3      200      0      5.71122
31      5      106      0      1      3      200      0      5.43608
31      5      107      0      1      3      200      0      5.52528
31      5      108      0      1      3      200      0      5.49849
31      5      109      0      1      3      200      0      5.59563
31      5      110      0      1      3      200      0      5.60661
31      5      111      0      1      3      200      0      5.65974
31      5      112      0      1      3      200      0      5.58519
31      5      113      0      1      3      200      0      5.44574
31      5      114      0      1      3      200      0      5.57194
31      5      115      0      1      3      200      0      5.43527
31      5      116      0      1      3      200      0      5.56769
31      5      117      0      1      3      200      0      5.84307
31      5      118      0      1      3      200      0      5.54565
31      5      119      0      1      3      200      0      5.5179
31      5      120      0      1      3      200      0      5.7615
31      5      121      0      1      3      200      0      5.80397
31      5      122      0      1      3      200      0      5.37858
31      5      123      0      1      3      200      0      5.4062
31      5      124      0      1      3      200      0      5.72506
31      5      125      0      1      3      200      0      5.68676
31      5      126      0      1      3      200      0      5.4354
31      5      127      0      1      3      200      0      5.54949
31      5      128      0      1      3      200      0      5.55227
31      5      129      0      1      3      200      0      5.46476
31      5      130      0      1      3      200      0      5.44667
31      5      131      0      1      3      200      0      5.6859
31      5      132      0      1      3      200      0      5.70553
31      5      133      0      1      3      200      0      5.50339
31      5      134      0      1      3      200      0      5.52487
31      5      135      0      1      3      200      0      5.39153
31      5      136      0      1      3      200      0      5.4371
31      5      137      0      1      3      200      0      5.60253
31      5      138      0      1      3      200      0      5.41696
31      5      139      0      1      3      200      0      5.55823
31      5      140      0      1      3      200      0      5.63454
31      5      141      0      1      3      200      0      5.62484
31      5      142      0      1      3      200      0      5.30333
31      5      143      0      1      3      200      0      5.75411
31      5      144      0      1      3      200      0      5.78442
31      5      145      0      1      3      200      0      5.62661
31      5      146      0      1      3      200      0      5.73691
31      5      147      0      1      3      200      0      5.47069
31      5      148      0      1      3      200      0      5.77191
31      5      149      0      1      3      200      0      5.76654
31      5      150      0      1      3      200      0      5.84705
31      5      151      0      1      3      200      0      5.61837
31      5      152      0      1      3      200      0      5.52574
31      5      153      0      1      3      200      0      5.57872
31      5      154      0      1      3      200      0      5.30517
31      5      155      0      1      3      200      0      5.76227
31      5      156      0      1      3      200      0      5.92273
31      5      157      0      1      3      200      0      5.5065
31      5      158      0      1      3      200      0      5.67464
31      5      159      0      1      3      200      0      5.71911
31      5      160      0      1      3      200      0      5.8288
31      5      161      0      1      3      200      0      5.53541
31      5      162      0      1      3      200      0      5.75042
31      5      163      0      1      3      200      0      5.4998
31      5      164      0      1      3      200      0      5.44665
31      5      165      0      1      3      200      0      5.62602
31      5      166      0      1      3      200      0      5.63218
31      5      167      0      1      3      200      0      5.53975
31      5      168      0      1      3      200      0      5.56284
31      5      169      0      1      3      200      0      5.66611
31      5      170      0      1      3      200      0      5.4997
31      5      171      0      1      3      200      0      5.50117
31      5      172      0      1      3      200      0      5.68128
31      5      173      0      1      3      200      0      5.75863
31      5      174      0      1      3      200      0      5.74342
31      5      175      0      1      3      200      0      5.39058
31      5      176      0      1      3      200      0      5.76151
31      5      177      0      1      3      200      0      5.69034
31      5      178      0      1      3      200      0      5.7269
31      5      179      0      1      3      200      0      5.45581
31      5      180      0      1      3      200      0      5.72386
31      5      181      0      1      3      200      0      5.60151
31      5      182      0      1      3      200      0      5.62893
31      5      183      0      1      3      200      0      5.77172
31      5      184      0      1      3      200      0      5.61342
31      5      185      0      1      3      200      0      5.58072
31      5      186      0      1      3      200      0      5.55778
31      5      187      0      1      3      200      0      5.71029
31      5      188      0      1      3      200      0      5.79246
31      5      189      0      1      3      200      0      5.71601
31      5      190      0      1      3      200      0      5.5387
31      5      191      0      1      3      200      0      5.56763
31      5      192      0      1      3      200      0      5.50381
31      5      193      0      1      3      200      0      5.76535
31      5      194      0      1      3      200      0      5.56871
31      5      195      0      1      3      200      0      5.81161
31      5      196      0      1      3      200      0      5.6157
31      5      197      0      1      3      200      0      5.49397
31      5      198      0      1      3      200      0      5.57916
31      5      199      0      1      3      200      0      5.63277
31      5      200      0      1      3      200      0      5.91853
31      5      201      0      1      3      200      0      5.70306
31      5      202      0      1      3      200      0      5.28442
31      5      203      0      1      3      200      0      5.6895
31      5      204      0      1      3      200      0      5.58132
31      5      205      0      1      3      200      0      5.70518
31      5      206      0      1      3      200      0      5.87922
31      5      207      0      1      3      200      0      5.42272
31      5      208      0      1      3      200      0      5.7936
31      5      209      0      1      3      200      0      5.8125
31      5      210      0      1      3      200      0      5.693
31      5      211      0      1      3      200      0      5.7011
31      5      212      0      1      3      200      0      5.68842
31      5      213      0      1      3      200      0      5.57047
31      5      214      0      1      3      200      0      5.60447
31      5      215      0      1      3      200      0      5.30033
31      5      216      0      1      3      200      0      5.7908
31      5      217      0      1      3      200      0      5.80627
31      5      218      0      1      3      200      0      5.52325
31      5      219      0      1      3      200      0      5.49681
31      5      220      0      1      3      200      0      5.77345
31      5      221      0      1      3      200      0      5.74239
31      5      222      0      1      3      200      0      5.70091
31      5      223      0      1      3      200      0      5.781
31      5      224      0      1      3      200      0      5.73328
31      5      225      0      1      3      200      0      5.79664
31      5      226      0      1      3      200      0      5.62682
31      5      227      0      1      3      200      0      5.88888
31      5      228      0      1      3      200      0      5.49433
31      5      229      0      1      3      200      0      5.53458
31      5      230      0      1      3      200      0      5.5229
31      5      231      0      1      3      200      0      5.79415
31      5      232      0      1      3      200      0      5.83576
31      5      233      0      1      3      200      0      5.71349
31      5      234      0      1      3      200      0      5.60862
31      5      235      0      1      3      200      0      5.58694
31      5      236      0      1      3      200      0      5.70661
31      5      237      0      1      3      200      0      5.65647
31      5      238      0      1      3      200      0      5.5856
31      5      239      0      1      3      200      0      5.48871
31      5      240      0      1      3      200      0      5.71724
31      5      241      0      1      3      200      0      5.74187
31      5      242      0      1      3      200      0      5.47484
31      5      243      0      1      3      200      0      5.66525
31      5      244      0      1      3      200      0      5.71395
31      5      245      0      1      3      200      0      5.67076
31      5      246      0      1      3      200      0      5.49653
31      5      247      0      1      3      200      0      5.624
31      5      248      0      1      3      200      0      5.62566
31      5      249      0      1      3      200      0      5.80326
31      5      250      0      1      3      200      0      5.42744
31      5      251      0      1      3      200      0      5.56893
31      5      252      0      1      3      200      0      5.66475
31      5      253      0      1      3      200      0      5.63573
31      5      254      0      1      3      200      0      5.50416
31      5      255      0      1      3      200      0      5.84044
31      5      256      0      1      3      200      0      5.6237
31      5      257      0      1      3      200      0      5.87239
31      5      258      0      1      3      200      0      5.86801
31      5      259      0      1      3      200      0      5.58924
31      5      260      0      1      3      200      0      5.34805
31      5      261      0      1      3      200      0      5.56075
31      5      262      0      1      3      200      0      5.75688
31      5      263      0      1      3      200      0      5.88292
31      5      264      0      1      3      200      0      5.74337
31      5      265      0      1      3      200      0      5.67626
31      5      266      0      1      3      200      0      5.61201
31      5      267      0      1      3      200      0      5.34531
31      5      268      0      1      3      200      0      5.76892
31      5      269      0      1      3      200      0      5.58589
31      5      270      0      1      3      200      0      5.54374
31      5      271      0      1      3      200      0      5.67375
31      5      272      0      1      3      200      0      5.62052
31      5      273      0      1      3      200      0      5.43512
31      5      274      0      1      3      200      0      5.66495
31      5      275      0      1      3      200      0      5.70283
31      5      276      0      1      3      200      0      5.78657
31      5      277      0      1      3      200      0      5.6104
31      5      278      0      1      3      200      0      5.62349
31      5      279      0      1      3      200      0      5.69157
31      5      280      0      1      3      200      0      5.73814
31      5      281      0      1      3      200      0      5.80044
31      5      282      0      1      3      200      0      5.6816
31      5      283      0      1      3      200      0      5.7516
31      5      284      0      1      3      200      0      5.50328
31      5      285      0      1      3      200      0      5.56808
31      5      286      0      1      3      200      0      5.6584
31      5      287      0      1      3      200      0      5.56803
31      5      288      0      1      3      200      0      5.57261
31      5      289      0      1      3      200      0      5.55266
31      5      290      0      1      3      200      0      5.91054
31      5      291      0      1      3      200      0      5.73565
31      5      292      0      1      3      200      0      5.56261
31      5      293      0      1      3      200      0      5.48264
31      5      294      0      1      3      200      0      5.79798
31      5      295      0      1      3      200      0      5.71596
31      5      296      0      1      3      200      0      5.8407
31      5      297      0      1      3      200      0      5.74107
31      5      298      0      1      3      200      0      5.40833
31      5      299      0      1      3      200      0      5.48475
31      5      300      0      1      3      200      0      5.63972
31      5      301      0      1      3      200      0      5.75708
31      5      302      0      1      3      200      0      5.41731
31      5      303      0      1      3      200      0      5.61535
31      5      304      0      1      3      200      0      5.65025
31      5      305      0      1      3      200      0      6.07795
31      5      306      0      1      3      200      0      5.58533
31      5      307      0      1      3      200      0      5.45972
31      5      308      0      1      3      200      0      5.47616
31      5      309      0      1      3      200      0      5.82048
31      5      310      0      1      3      200      0      5.56724
31      5      311      0      1      3      200      0      5.68134
31      5      312      0      1      3      200      0      5.9367
31      5      313      0      1      3      200      0      5.76376
31      5      314      0      1      3      200      0      5.55132
31      5      315      0      1      3      200      0      5.73733
31      5      316      0      1      3      200      0      5.58033
31      5      317      0      1      3      200      0      5.90343
31      5      318      0      1      3      200      0      5.76635
31      5      319      0      1      3      200      0      5.74091
31      5      320      0      1      3      200      0      5.4847
31      5      321      0      1      3      200      0      5.63534
31      5      322      0      1      3      200      0      5.92241
31      5      323      0      1      3      200      0      5.92409
31      5      324      0      1      3      200      0      5.71202
31      5      325      0      1      3      200      0      5.66362
31      5      326      0      1      3      200      0      5.66061
31      5      327      0      1      3      200      0      5.94737
31      5      328      0      1      3      200      0      5.76534
31      5      329      0      1      3      200      0      5.85151
31      5      330      0      1      3      200      0      5.93247
31      5      331      0      1      3      200      0      5.60303
31      5      332      0      1      3      200      0      5.66417
31      5      333      0      1      3      200      0      5.83732
31      5      334      0      1      3      200      0      5.95876
31      5      335      0      1      3      200      0      5.89305
31      5      336      0      1      3      200      0      5.8121
31      5      337      0      1      3      200      0      5.94427
31      5      338      0      1      3      200      0      5.82398
31      5      339      0      1      3      200      0      5.60683
31      5      340      0      1      3      200      0      5.73606
31      5      341      0      1      3      200      0      5.65726
31      5      342      0      1      3      200      0      5.76767
31      5      343      0      1      3      200      0      5.52561
31      5      344      0      1      3      200      0      5.62966
31      5      345      0      1      3      200      0      5.88245
31      5      346      0      1      3      200      0      5.65791
31      5      347      0      1      3      200      0      5.69436
31      5      348      0      1      3      200      0      5.88183
31      5      349      0      1      3      200      0      5.71374
31      5      350      0      1      3      200      0      5.82646
31      5      351      0      1      3      200      0      5.86778
31      5      352      0      1      3      200      0      5.682
31      5      353      0      1      3      200      0      5.55379
31      5      354      0      1      3      200      0      5.56573
31      5      355      0      1      3      200      0      5.7709
31      5      356      0      1      3      200      0      5.65747
31      5      357      0      1      3      200      0      5.97245
31      5      358      0      1      3      200      0      5.38935
31      5      359      0      1      3      200      0      5.64059
31      5      360      0      1      3      200      0      5.81052
31      5      361      0      1      3      200      0      5.89055
31      5      362      0      1      3      200      0      5.56793
31      5      363      0      1      3      200      0      5.41056
31      5      364      0      1      3      200      0      5.81879
31      5      365      0      1      3      200      0      5.41563
31      5      366      0      1      3      200      0      5.52241
31      5      367      0      1      3      200      0      5.73156
31      5      368      0      1      3      200      0      5.55974
31      5      369      0      1      3      200      0      5.37611
31      5      370      0      1      3      200      0      5.37206
31      5      371      0      1      3      200      0      5.55581
31      5      372      0      1      3      200      0      5.48318
31      5      373      0      1      3      200      0      5.35337
31      5      374      0      1      3      200      0      5.49558
31      5      375      0      1      3      200      0      5.46177
31      5      376      0      1      3      200      0      5.54038
31      5      377      0      1      3      200      0      5.85306
31      5      378      0      1      3      200      0      5.72746
31      5      379      0      1      3      200      0      5.47724
31      5      380      0      1      3      200      0      5.91677
31      5      381      0      1      3      200      0      5.51621
31      5      382      0      1      3      200      0      5.68887
31      5      383      0      1      3      200      0      5.62966
31      5      384      0      1      3      200      0      5.73184
31      5      385      0      1      3      200      0      5.57242
31      5      386      0      1      3      200      0      5.78772
31      5      387      0      1      3      200      0      5.32219
31      5      388      0      1      3      200      0      5.59325
31      5      389      0      1      3      200      0      5.61088
31      5      390      0      1      3      200      0      5.85483
31      5      391      0      1      3      200      0      5.61917
31      5      392      0      1      3      200      0      5.67654
31      5      393      0      1      3      200      0      5.73754
31      5      394      0      1      3      200      0      5.62557
31      5      395      0      1      3      200      0      5.34237
31      5      396      0      1      3      200      0      5.752
31      5      397      0      1      3      200      0      5.52481
31      5      398      0      1      3      200      0      5.65734
31      5      399      0      1      3      200      0      5.31663
31      5      400      0      1      3      200      0      5.58344
31      5      401      0      1      3      200      0      5.7221
31      5      402      0      1      3      200      0      5.56729
31      5      403      0      1      3      200      0      5.49244
31      5      404      0      1      3      200      0      5.73875
31      5      405      0      1      3      200      0      5.51669
31      5      406      0      1      3      200      0      5.6552
31      5      407      0      1      3      200      0      5.49399
31      5      408      0      1      3      200      0      5.51452
31      5      409      0      1      3      200      0      5.51942
31      5      410      0      1      3      200      0      5.44897
31      5      411      0      1      3      200      0      5.59191
31      5      412      0      1      3      200      0      5.61703
31      5      413      0      1      3      200      0      5.46735
31      5      414      0      1      3      200      0      5.39034
31      5      415      0      1      3      200      0      5.39185
31      5      416      0      1      3      200      0      5.42526
31      5      417      0      1      3      200      0      5.42833
31      5      418      0      1      3      200      0      5.4511
31      5      419      0      1      3      200      0      5.69866
31      5      420      0      1      3      200      0      5.55155
31      5      421      0      1      3      200      0      5.54065
31      5      422      0      1      3      200      0      5.65544
31      5      423      0      1      3      200      0      5.41588
31      5      424      0      1      3      200      0      5.53928
31      5      425      0      1      3      200      0      5.48574
31      5      426      0      1      3      200      0      5.52267
31      5      427      0      1      3      200      0      5.36882
31      5      428      0      1      3      200      0      5.51683
31      5      429      0      1      3      200      0      5.6658
31      5      430      0      1      3      200      0      5.50045
31      5      431      0      1      3      200      0      5.54628
31      5      432      0      1      3      200      0      5.64866
31      5      433      0      1      3      200      0      5.53141
31      5      434      0      1      3      200      0      5.69495
31      5      435      0      1      3      200      0      5.68872
31      5      436      0      1      3      200      0      5.57545
31      5      437      0      1      3      200      0      5.63509
31      5      438      0      1      3      200      0      5.38674
31      5      439      0      1      3      200      0      5.6373
31      5      440      0      1      3      200      0      5.93211
31      5      441      0      1      3      200      0      5.763
31      5      442      0      1      3      200      0      5.3588
31      5      443      0      1      3      200      0      5.45662
31      5      444      0      1      3      200      0      5.60523
31      5      445      0      1      3      200      0      5.62536
31      5      446      0      1      3      200      0      5.71418
31      5      447      0      1      3      200      0      5.66684
31      5      448      0      1      3      200      0      5.64331
31      5      449      0      1      3      200      0      5.90504
31      5      450      0      1      3      200      0      5.48865
31      5      451      0      1      3      200      0      5.43108
31      5      452      0      1      3      200      0      5.64797
31      5      453      0      1      3      200      0      5.45743
31      5      454      0      1      3      200      0      5.61611
31      5      455      0      1      3      200      0      5.5784
31      5      456      0      1      3      200      0      5.57513
31      5      457      0      1      3      200      0      5.64409
31      5      458      0      1      3      200      0      5.48973
31      5      459      0      1      3      200      0      5.40167
31      5      460      0      1      3      200      0      5.70182
31      5      461      0      1      3      200      0      5.51523
31      5      462      0      1      3      200      0      5.44758
31      5      463      0      1      3      200      0      5.37341
31      5      464      0      1      3      200      0      5.58992
31      5      465      0      1      3      200      0      5.28663
31      5      466      0      1      3      200      0      5.53842
31      5      467      0      1      3      200      0      5.55008
31      5      468      0      1      3      200      0      5.29461
31      5      469      0      1      3      200      0      5.42535
31      5      470      0      1      3      200      0      5.36002
31      5      471      0      1      3      200      0      5.31667
31      5      472      0      1      3      200      0      5.74634
31      5      473      0      1      3      200      0      5.47671
31      5      474      0      1      3      200      0      5.50829
31      5      475      0      1      3      200      0      5.4814
31      5      476      0      1      3      200      0      5.26967
31      5      477      0      1      3      200      0      5.58556
31      5      478      0      1      3      200      0      5.43276
31      5      479      0      1      3      200      0      5.27907
31      5      480      0      1      3      200      0      5.37247
31      5      481      0      1      3      200      0      5.46081
31      5      482      0      1      3      200      0      5.32703
31      5      483      0      1      3      200      0      5.28325
31      5      484      0      1      3      200      0      5.71014
31      5      485      0      1      3      200      0      5.49062
31      5      486      0      1      3      200      0      5.82965
31      5      487      0      1      3      200      0      5.37292
31      5      488      0      1      3      200      0      5.75094
31      5      489      0      1      3      200      0      5.49826
31      5      490      0      1      3      200      0      5.49387
31      5      491      0      1      3      200      0      5.34106
31      5      492      0      1      3      200      0      5.56624
31      5      493      0      1      3      200      0      5.67419
31      5      494      0      1      3      200      0      5.40432
31      5      495      0      1      3      200      0      5.68066
31      5      496      0      1      3      200      0      5.49157
31      5      497      0      1      3      200      0      5.46961
31      5      498      0      1      3      200      0      5.55102
31      5      499      0      1      3      200      0      5.48114
31      5      500      0      1      3      200      0      5.40517
31      5      501      0      1      3      200      0      5.33437
31      5      502      0      1      3      200      0      5.66012
31      5      503      0      1      3      200      0      5.47768
31      5      504      0      1      3      200      0      5.52942
31      5      505      0      1      3      200      0      5.43197
31      5      506      0      1      3      200      0      5.4736
31      5      507      0      1      3      200      0      5.40173
31      5      508      0      1      3      200      0      5.58459
31      5      509      0      1      3      200      0      5.51662
31      5      510      0      1      3      200      0      5.58148
31      5      511      0      1      3      200      0      5.47257
31      5      512      0      1      3      200      0      5.44396
31      5      513      0      1      3      200      0      5.54697
31      5      514      0      1      3      200      0      5.60429
31      5      515      0      1      3      200      0      5.39548
31      5      516      0      1      3      200      0      5.49728
31      5      517      0      1      3      200      0      5.73941
31      5      518      0      1      3      200      0      5.52484
31      5      519      0      1      3      200      0      5.4238
31      5      520      0      1      3      200      0      5.54558
31      5      521      0      1      3      200      0      5.50744
31      5      522      0      1      3      200      0      5.41658
31      5      523      0      1      3      200      0      5.54619
31      5      524      0      1      3      200      0      5.52371
31      5      525      0      1      3      200      0      5.40652
31      5      526      0      1      3      200      0      5.71422
31      5      527      0      1      3      200      0      5.52872
31      5      528      0      1      3      200      0      5.27056
31      5      529      0      1      3      200      0      5.64536
31      5      530      0      1      3      200      0      5.57192
31      5      531      0      1      3      200      0      5.14459
31      5      532      0      1      3      200      0      5.48925
31      5      533      0      1      3      200      0      5.47
31      5      534      0      1      3      200      0      5.66813
31      5      535      0      1      3      200      0      5.49594
31      5      536      0      1      3      200      0      5.25564
31      5      537      0      1      3      200      0      5.38161
31      5      538      0      1      3      200      0      5.40445
31      5      539      0      1      3      200      0      5.38277
31      5      540      0      1      3      200      0      5.55167
31      5      541      0      1      3      200      0      5.40986
31      5      542      0      1      3      200      0      5.52195
31      5      543      0      1      3      200      0      5.43885
31      5      544      0      1      3      200      0      5.52437
31      5      545      0      1      3      200      0      5.70459
31      5      546      0      1      3      200      0      5.51682
31      5      547      0      1      3      200      0      5.52533
31      5      548      0      1      3      200      0      5.34945
31      5      549      0      1      3      200      0      5.57404
31      5      550      0      1      3      200      0      5.62862
31      5      551      0      1      3      200      0      5.67158
31      5      552      0      1      3      200      0      5.33836
31      5      553      0      1      3      200      0      5.46499
31      5      554      0      1      3      200      0      5.42105
31      5      555      0      1      3      200      0      5.33901
31      5      556      0      1      3      200      0      5.4268
31      5      557      0      1      3      200      0      5.5726
31      5      558      0      1      3      200      0      5.5647
31      5      559      0      1      3      200      0      5.66017
31      5      560      0      1      3      200      0      5.31588
31      5      561      0      1      3      200      0      5.50067
31      5      562      0      1      3      200      0      5.69247
31      5      563      0      1      3      200      0      5.48167
31      5      564      0      1      3      200      0      5.58096
31      5      565      0      1      3      200      0      5.75901
31      5      566      0      1      3      200      0      5.58641
31      5      567      0      1      3      200      0      5.72161
31      5      568      0      1      3      200      0      5.67143
31      5      569      0      1      3      200      0      5.45431
31      5      570      0      1      3      200      0      5.50659
31      5      571      0      1      3      200      0      5.41553
31      5      572      0      1      3      200      0      5.66819
31      5      573      0      1      3      200      0      5.4793
31      5      574      0      1      3      200      0      5.52116
31      5      575      0      1      3      200      0      5.66205
31      5      576      0      1      3      200      0      5.48892
31      5      577      0      1      3      200      0      5.57616
31      5      578      0      1      3      200      0      5.52604
31      5      579      0      1      3      200      0      5.49307
31      5      580      0      1      3      200      0      5.41335
31      5      581      0      1      3      200      0      5.153
31      5      582      0      1      3      200      0      5.35399
31      5      583      0      1      3      200      0      5.59194
31      5      584      0      1      3      200      0      5.38029
31      5      585      0      1      3      200      0      5.63539
31      5      586      0      1      3      200      0      5.6186
31      5      587      0      1      3      200      0      5.69182
31      5      588      0      1      3      200      0      5.6449
31      5      589      0      1      3      200      0      5.49282
31      5      590      0      1      3      200      0      5.69589
31      5      591      0      1      3      200      0      5.82448
31      5      592      0      1      3      200      0      5.48987
31      5      593      0      1      3      200      0      5.61264
31      5      594      0      1      3      200      0      5.45932
31      5      595      0      1      3      200      0      5.56221
31      5      596      0      1      3      200      0      5.55841
31      5      597      0      1      3      200      0      5.57323
31      5      598      0      1      3      200      0      5.68683
31      5      599      0      1      3      200      0      5.55879
31      5      600      0      1      3      200      0      5.42504
31      5      601      0      1      3      200      0      5.52531
31      5      602      0      1      3      200      0      5.49673
31      5      603      0      1      3      200      0      5.52235
31      5      604      0      1      3      200      0      5.69287
31      5      605      0      1      3      200      0      5.46552
31      5      606      0      1      3      200      0      5.24405
31      5      607      0      1      3      200      0      5.69127
31      5      608      0      1      3      200      0      5.54791
31      5      609      0      1      3      200      0      5.50805
31      5      610      0      1      3      200      0      5.5147
31      5      611      0      1      3      200      0      5.54318
31      5      612      0      1      3      200      0      5.3662
31      5      613      0      1      3      200      0      5.31305
31      5      614      0      1      3      200      0      5.54996
31      5      615      0      1      3      200      0      5.45623
31      5      616      0      1      3      200      0      5.36783
31      5      617      0      1      3      200      0      5.84057
31      5      618      0      1      3      200      0      5.4349
31      5      619      0      1      3      200      0      5.44844
31      5      620      0      1      3      200      0      5.35367
31      5      621      0      1      3      200      0      5.52661
31      5      622      0      1      3      200      0      5.35808
31      5      623      0      1      3      200      0      5.4118
31      5      624      0      1      3      200      0      5.58134
31      5      625      0      1      3      200      0      5.49144
31      5      626      0      1      3      200      0      5.55096
31      5      627      0      1      3      200      0      5.64021
31      5      628      0      1      3      200      0      5.43209
31      5      629      0      1      3      200      0      5.656
31      5      630      0      1      3      200      0      5.57642
31      5      631      0      1      3      200      0      5.3401
31      5      632      0      1      3      200      0      5.5261
31      5      633      0      1      3      200      0      5.55262
31      5      634      0      1      3      200      0      5.39754
31      5      635      0      1      3      200      0      5.37164
31      5      636      0      1      3      200      0      5.59422
31      5      637      0      1      3      200      0      5.58648
31      5      638      0      1      3      200      0      5.67413
31      5      639      0      1      3      200      0      5.54811
31      5      640      0      1      3      200      0      5.62524
31      5      641      0      1      3      200      0      5.38053
31      5      642      0      1      3      200      0      5.55286
31      5      643      0      1      3      200      0      5.57338
31      5      644      0      1      3      200      0      5.52338
31      5      645      0      1      3      200      0      5.68154
31      5      646      0      1      3      200      0      5.59765
31      5      647      0      1      3      200      0      5.56763
31      5      648      0      1      3      200      0      5.50548
31      5      649      0      1      3      200      0      5.6277
31      5      650      0      1      3      200      0      5.40855
31      5      651      0      1      3      200      0      5.31224
31      5      652      0      1      3      200      0      5.71973
31      5      653      0      1      3      200      0      5.37362
31      5      654      0      1      3      200      0      5.44378
31      5      655      0      1      3      200      0      5.46559
31      5      656      0      1      3      200      0      5.44454
31      5      657      0      1      3      200      0      5.55798
31      5      658      0      1      3      200      0      5.42522
31      5      659      0      1      3      200      0      5.35517
31      5      660      0      1      3      200      0      5.56144
31      5      661      0      1      3      200      0      5.51396
31      5      662      0      1      3      200      0      5.34359
31      5      663      0      1      3      200      0      5.46276
31      5      664      0      1      3      200      0      5.56429
31      5      665      0      1      3      200      0      5.48493
31      5      666      0      1      3      200      0      5.33691
31      5      667      0      1      3      200      0      5.60609
31      5      668      0      1      3      200      0      5.51338
31      5      669      0      1      3      200      0      5.46525
31      5      670      0      1      3      200      0      5.4942
31      5      671      0      1      3      200      0      5.71653
31      5      672      0      1      3      200      0      5.50893
31      5      673      0      1      3      200      0      5.29382
31      5      674      0      1      3      200      0      5.43301
31      5      675      0      1      3      200      0      5.31455
31      5      676      0      1      3      200      0      5.36731
31      5      677      0      1      3      200      0      5.36693
31      5      678      0      1      3      200      0      5.37765
31      5      679      0      1      3      200      0      5.46638
31      5      680      0      1      3      200      0      5.57811
31      5      681      0      1      3      200      0      5.48737
31      5      682      0      1      3      200      0      5.45401
31      5      683      0      1      3      200      0      5.40989
31      5      684      0      1      3      200      0      5.48279
31      5      685      0      1      3      200      0      5.15847
31      5      686      0      1      3      200      0      5.0968
31      5      687      0      1      3      200      0      5.30354
31      5      688      0      1      3      200      0      5.49469
31      5      689      0      1      3      200      0      5.57975
31      5      690      0      1      3      200      0      5.44631
31      5      691      0      1      3      200      0      5.26113
31      5      692      0      1      3      200      0      5.51399
31      5      693      0      1      3      200      0      5.45292
31      5      694      0      1      3      200      0      5.35368
31      5      695      0      1      3      200      0      5.47142
31      5      696      0      1      3      200      0      5.51323
31      5      697      0      1      3      200      0      5.4332
31      5      698      0      1      3      200      0      5.32702
31      5      699      0      1      3      200      0      5.3962
31      5      700      0      1      3      200      0      5.58556
31      5      701      0      1      3      200      0      5.48944
31      5      702      0      1      3      200      0      5.5616
31      5      703      0      1      3      200      0      5.29425
31      5      704      0      1      3      200      0      5.72855
31      5      705      0      1      3      200      0      5.50451
31      5      706      0      1      3      200      0      5.62597
31      5      707      0      1      3      200      0      5.75989
31      5      708      0      1      3      200      0      5.35543
31      5      709      0      1      3      200      0      5.44525
31      5      710      0      1      3      200      0      5.51819
31      5      711      0      1      3      200      0      5.53581
31      5      712      0      1      3      200      0      5.52078
31      5      713      0      1      3      200      0      5.60112
31      5      714      0      1      3      200      0      5.32611
31      5      715      0      1      3      200      0      5.37583
31      5      716      0      1      3      200      0      5.61959
31      5      717      0      1      3      200      0      5.3144
31      5      718      0      1      3      200      0      5.41731
31      5      719      0      1      3      200      0      5.31335
31      5      720      0      1      3      200      0      5.41482
31      5      721      0      1      3      200      0      5.57043
31      5      722      0      1      3      200      0      5.35827
31      5      723      0      1      3      200      0      5.37497
31      5      724      0      1      3      200      0      5.63141
31      5      725      0      1      3      200      0      5.50236
31      5      726      0      1      3      200      0      5.49327
31      5      727      0      1      3      200      0      5.49513
31      5      728      0      1      3      200      0      5.4972
31      5      729      0      1      3      200      0      5.54537
31      5      730      0      1      3      200      0      5.35851
31      5      731      0      1      3      200      0      5.42787
31      5      732      0      1      3      200      0      5.58931
31      5      733      0      1      3      200      0      5.37686
31      5      734      0      1      3      200      0      5.68995
31      5      735      0      1      3      200      0      5.45001
31      5      736      0      1      3      200      0      5.60006
31      5      737      0      1      3      200      0      5.53146
31      5      738      0      1      3      200      0      5.43432
31      5      739      0      1      3      0      0      0
31      5      740      0      1      3      200      0      5.40929
31      5      741      0      1      3      200      0      5.55234
31      5      742      0      1      3      200      0      5.44608
31      5      743      0      1      3      200      0      5.53101
31      5      744      0      1      3      200      0      5.49936
31      5      745      0      1      3      200      0      5.44278
31      5      746      0      1      3      200      0      5.46043
31      5      747      0      1      3      200      0      5.36871
31      5      748      0      1      3      200      0      5.61125
31      5      749      0      1      3      200      0      5.6806
31      5      750      0      1      3      200      0      5.67689
31      5      751      0      1      3      200      0      5.67737
31      5      752      0      1      3      200      0      5.44068
31      5      753      0      1      3      200      0      5.71932
31      5      754      0      1      3      200      0      5.65609
31      5      755      0      1      3      200      0      5.43585
31      5      756      0      1      3      200      0      5.54661
31      5      757      0      1      3      200      0      5.74642
31      5      758      0      1      3      200      0      5.61185
31      5      759      0      1      3      200      0      5.61448
31      5      760      0      1      3      200      0      5.6189
31      5      761      0      1      3      200      0      5.54969
31      5      762      0      1      3      200      0      5.6406
31      5      763      0      1      3      200      0      5.54969
31      5      764      0      1      3      200      0      5.60496
31      5      765      0      1      3      200      0      5.22157
31      5      766      0      1      3      200      0      5.57416
31      5      767      0      1      3      200      0      5.4777
31      5      768      0      1      3      200      0      5.60059
31      5      769      0      1      3      200      0      5.29329
31      5      770      0      1      3      200      0      5.50507
31      5      771      0      1      3      200      0      5.56829
31      5      772      0      1      3      200      0      5.65382
31      5      773      0      1      3      200      0      5.75273
31      5      774      0      1      3      200      0      5.70208
31      5      775      0      1      3      200      0      5.46242
31      5      776      0      1      3      200      0      5.47442
31      5      777      0      1      3      200      0      5.61939
31      5      778      0      1      3      200      0      5.44722
31      5      779      0      1      3      200      0      5.62146
31      5      780      0      1      3      200      0      5.44227
31      5      781      0      1      3      200      0      5.59197
31      5      782      0      1      3      200      0      5.46824
31      5      783      0      1      3      200      0      5.42199
31      5      784      0      1      3      200      0      5.51398
31      5      785      0      1      3      200      0      5.54539
31      5      786      0      1      3      200      0      5.49745
31      5      787      0      1      3      200      0      5.3137
31      5      788      0      1      3      200      0      5.52069
31      5      789      0      1      3      200      0      5.49906
31      5      790      0      1      3      200      0      5.53809
31      5      791      0      1      3      200      0      5.7335
31      5      792      0      1      3      200      0      5.36075
31      5      793      0      1      3      200      0      5.46522
31      5      794      0      1      3      200      0      5.78245
31      5      795      0      1      3      200      0      5.63976
31      5      796      0      1      3      200      0      5.64239
31      5      797      0      1      3      200      0      5.49619
31      5      798      0      1      3      200      0      5.3787
31      5      799      0      1      3      200      0      5.54002
31      6      0      0      1      3      0      0      0
31      6      1      0      1      3      200      0      5.70144
31      6      2      0      1      3      200      0      5.85381
31      6      3      0      1      3      200      0      5.78236
31      6      4      0      1      3      200      0      5.75122
31      6      5      0      1      3      200      0      5.6255
31      6      6      0      1      3      200      0      5.51687
31      6      7      0      1      3      200      0      5.48969
31      6      8      0      1      3      200      0      5.59818
31      6      9      0      1      3      200      0      5.66062
31      6      10      0      1      3      200      0      5.93499
31      6      11      0      1      3      200      0      5.57379
31      6      12      0      1      3      200      0      5.70334
31      6      13      0      1      3      200      0      5.95317
31      6      14      0      1      3      200      0      5.81887
31      6      15      0      1      3      200      0      5.7648
31      6      16      0      1      3      200      0      5.79408
31      6      17      0      1      3      200      0      5.69858
31      6      18      0      1      3      200      0      5.94671
31      6      19      0      1      3      200      0      5.95584
31      6      20      0      1      3      200      0      5.87864
31      6      21      0      1      3      200      0      5.88457
31      6      22      0      1      3      200      0      5.76476
31      6      23      0      1      3      200      0      5.84371
31      6      24      0      1      3      200      0      5.52963
31      6      25      0      1      3      200      0      5.99393
31      6      26      0      1      3      200      0      5.72624
31      6      27      0      1      3      200      0      5.79262
31      6      28      0      1      3      200      0      5.69154
31      6      29      0      1      3      200      0      5.7685
31      6      30      0      1      3      200      0      5.874
31      6      31      0      1      3      200      0      5.82952
31      6      32      0      1      3      200      0      5.69421
31      6      33      0      1      3      200      0      5.82495
31      6      34      0      1      3      200      0      5.89607
31      6      35      0      1      3      200      0      5.73356
31      6      36      0      1      3      200      0      6.04261
31      6      37      0      1      3      200      0      6.13703
31      6      38      0      1      3      200      0      5.77583
31      6      39      0      1      3      200      0      5.92855
31      6      40      0      1      3      200      0      5.67388
31      6      41      0      1      3      200      0      5.50423
31      6      42      0      1      3      200      0      5.69178
31      6      43      0      1      3      200      0      5.80253
31      6      44      0      1      3      200      0      5.86123
31      6      45      0      1      3      200      0      5.73414
31      6      46      0      1      3      200      0      5.88251
31      6      47      0      1      3      200      0      6.06551
31      6      48      0      1      3      200      0      5.46511
31      6      49      0      1      3      200      0      5.79326
31      6      50      0      1      3      200      0      5.88178
31      6      51      0      1      3      200      0      5.41275
31      6      52      0      1      3      200      0      5.82791
31      6      53      0      1      3      200      0      6.01813
31      6      54      0      1      3      200      0      5.73584
31      6      55      0      1      3      200      0      5.81298
31      6      56      0      1      3      200      0      5.87711
31      6      57      0      1      3      200      0      5.80448
31      6      58      0      1      3      200      0      5.43257
31      6      59      0      1      3      200      0      5.75945
31      6      60      0      1      3      200      0      4.11418
31      6      61      0      1      3      200      0      5.98696
31      6      62      0      1      3      200      0      5.96675
31      6      63      0      1      3      200      0      5.83502
31      6      64      0      1      3      200      0      5.65534
31      6      65      0      1      3      200      0      5.75003
31      6      66      0      1      3      200      0      6.05992
31      6      67      0      1      3      200      0      5.86962
31      6      68      0      1      3      200      0      5.92062
31      6      69      0      1      3      200      0      5.89089
31      6      70      0      1      3      200      0      5.75406
31      6      71      0      1      3      200      0      5.82714
31      6      72      0      1      3      200      0      5.96108
31      6      73      0      1      3      200      0      6.11987
31      6      74      0      1      3      200      0      5.77506
31      6      75      0      1      3      200      0      5.98413
31      6      76      0      1      3      200      0      5.88961
31      6      77      0      1      3      200      0      5.97316
31      6      78      0      1      3      200      0      6.06441
31      6      79      0      1      3      200      0      5.87799
31      6      80      0      1      3      200      0      5.84547
31      6      81      0      1      3      200      0      5.92771
31      6      82      0      1      3      200      0      5.73296
31      6      83      0      1      3      200      0      6.11412
31      6      84      0      1      3      200      0      5.6469
31      6      85      0      1      3      200      0      5.81138
31      6      86      0      1      3      200      0      5.82203
31      6      87      0      1      3      200      0      5.50722
31      6      88      0      1      3      200      0      5.60284
31      6      89      0      1      3      200      0      5.87723
31      6      90      0      1      3      200      0      5.77516
31      6      91      0      1      3      200      0      5.72659
31      6      92      0      1      3      200      0      5.95694
31      6      93      0      1      3      200      0      5.85785
31      6      94      0      1      3      200      0      5.84636
31      6      95      0      1      3      200      0      5.90131
31      6      96      0      1      3      200      0      5.81225
31      6      97      0      1      3      200      0      5.91057
31      6      98      0      1      3      200      0      6.00414
31      6      99      0      1      3      200      0      5.85939
31      6      100      0      1      3      200      0      5.73759
31      6      101      0      1      3      200      0      5.88421
31      6      102      0      1      3      200      0      5.71208
31      6      103      0      1      3      200      0      5.89884
31      6      104      0      1      3      200      0      5.82938
31      6      105      0      1      3      200      0      5.61181
31      6      106      0      1      3      200      0      5.73742
31      6      107      0      1      3      200      0      5.7251
31      6      108      0      1      3      200      0      5.83033
31      6      109      0      1      3      200      0      5.80044
31      6      110      0      1      3      200      0      5.69108
31      6      111      0      1      3      200      0      5.74694
31      6      112      0      1      3      200      0      5.82259
31      6      113      0      1      3      200      0      5.77164
31      6      114      0      1      3      200      0      5.96744
31      6      115      0      1      3      200      0      5.92693
31      6      116      0      1      3      200      0      5.68254
31      6      117      0      1      3      200      0      5.69597
31      6      118      0      1      3      200      0      5.64194
31      6      119      0      1      3      200      0      5.94843
31      6      120      0      1      3      200      0      5.53162
31      6      121      0      1      3      200      0      5.68798
31      6      122      0      1      3      200      0      5.6642
31      6      123      0      1      3      200      0      5.84258
31      6      124      0      1      3      200      0      5.74599
31      6      125      0      1      3      200      0      5.69912
31      6      126      0      1      3      200      0      6.01848
31      6      127      0      1      3      200      0      6.12882
31      6      128      0      1      3      200      0      5.94342
31      6      129      0      1      3      200      0      5.71701
31      6      130      0      1      3      200      0      5.93666
31      6      131      0      1      3      200      0      5.74578
31      6      132      0      1      3      200      0      5.84336
31      6      133      0      1      3      200      0      5.70588
31      6      134      0      1      3      200      0      6.16625
31      6      135      0      1      3      200      0      5.85166
31      6      136      0      1      3      200      0      5.85664
31      6      137      0      1      3      200      0      6.00139
31      6      138      0      1      3      200      0      5.59043
31      6      139      0      1      3      200      0      5.93969
31      6      140      0      1      3      200      0      5.58974
31      6      141      0      1      3      200      0      5.96902
31      6      142      0      1      3      200      0      5.69871
31      6      143      0      1      3      200      0      5.99376
31      6      144      0      1      3      200      0      5.56207
31      6      145      0      1      3      200      0      5.60401
31      6      146      0      1      3      200      0      5.67671
31      6      147      0      1      3      200      0      5.78302
31      6      148      0      1      3      200      0      5.74298
31      6      149      0      1      3      200      0      5.84114
31      6      150      0      1      3      200      0      5.774
31      6      151      0      1      3      200      0      5.7997
31      6      152      0      1      3      200      0      5.83892
31      6      153      0      1      3      200      0      5.88881
31      6      154      0      1      3      200      0      5.78437
31      6      155      0      1      3      200      0      5.78412
31      6      156      0      1      3      200      0      5.83476
31      6      157      0      1      3      200      0      5.83027
31      6      158      0      1      3      200      0      5.72658
31      6      159      0      1      3      200      0      6.17971
31      6      160      0      1      3      200      0      5.73482
31      6      161      0      1      3      200      0      5.89612
31      6      162      0      1      3      200      0      5.83427
31      6      163      0      1      3      200      0      5.92465
31      6      164      0      1      3      200      0      6.07643
31      6      165      0      1      3      200      0      5.78655
31      6      166      0      1      3      200      0      5.9097
31      6      167      0      1      3      200      0      5.94229
31      6      168      0      1      3      200      0      5.87949
31      6      169      0      1      3      200      0      5.73018
31      6      170      0      1      3      200      0      6.00726
31      6      171      0      1      3      200      0      5.71378
31      6      172      0      1      3      200      0      6.50522
31      6      173      0      1      3      200      0      5.64324
31      6      174      0      1      3      200      0      5.83288
31      6      175      0      1      3      200      0      5.94183
31      6      176      0      1      3      200      0      6.10064
31      6      177      0      1      3      200      0      6.05026
31      6      178      0      1      3      200      0      5.93082
31      6      179      0      1      3      200      0      5.98472
31      6      180      0      1      3      200      0      5.81971
31      6      181      0      1      3      200      0      5.80628
31      6      182      0      1      3      200      0      5.90539
31      6      183      0      1      3      200      0      5.96021
31      6      184      0      1      3      200      0      5.84434
31      6      185      0      1      3      200      0      5.7918
31      6      186      0      1      3      200      0      5.93256
31      6      187      0      1      3      200      0      5.84774
31      6      188      0      1      3      200      0      5.89702
31      6      189      0      1      3      200      0      5.95901
31      6      190      0      1      3      200      0      5.68454
31      6      191      0      1      3      200      0      5.63262
31      6      192      0      1      3      200      0      6.09857
31      6      193      0      1      3      200      0      6.16416
31      6      194      0      1      3      200      0      5.81632
31      6      195      0      1      3      200      0      5.80493
31      6      196      0      1      3      200      0      5.51479
31      6      197      0      1      3      200      0      5.5419
31      6      198      0      1      3      200      0      5.65466
31      6      199      0      1      3      200      0      5.73259
31      6      200      0      1      3      200      0      5.90209
31      6      201      0      1      3      200      0      5.75337
31      6      202      0      1      3      200      0      5.99331
31      6      203      0      1      3      200      0      5.73793
31      6      204      0      1      3      200      0      5.67851
31      6      205      0      1      3      200      0      5.51425
31      6      206      0      1      3      200      0      5.81375
31      6      207      0      1      3      200      0      5.41235
31      6      208      0      1      3      200      0      5.97508
31      6      209      0      1      3      200      0      5.65399
31      6      210      0      1      3      200      0      5.60398
31      6      211      0      1      3      200      0      5.69417
31      6      212      0      1      3      200      0      5.54062
31      6      213      0      1      3      200      0      5.42631
31      6      214      0      1      3      200      0      5.85105
31      6      215      0      1      3      200      0      5.73836
31      6      216      0      1      3      200      0      5.96916
31      6      217      0      1      3      200      0      6.0245
31      6      218      0      1      3      200      0      6.1239
31      6      219      0      1      3      200      0      6.13513
31      6      220      0      1      3      200      0      6.19917
31      6      221      0      1      3      200      0      5.85997
31      6      222      0      1      3      200      0      5.94768
31      6      223      0      1      3      200      0      6.20171
31      6      224      0      1      3      200      0      5.39897
31      6      225      0      1      3      200      0      5.65126
31      6      226      0      1      3      200      0      5.66101
31      6      227      0      1      3      200      0      5.81674
31      6      228      0      1      3      200      0      5.68923
31      6      229      0      1      3      200      0      5.79605
31      6      230      0      1      3      200      0      5.37279
31      6      231      0      1      3      200      0      5.60911
31      6      232      0      1      3      200      0      5.73041
31      6      233      0      1      3      200      0      5.85232
31      6      234      0      1      3      200      0      5.60165
31      6      235      0      1      3      200      0      5.86942
31      6      236      0      1      3      200      0      5.64162
31      6      237      0      1      3      200      0      5.80953
31      6      238      0      1      3      200      0      5.50402
31      6      239      0      1      3      200      0      5.43359
31      6      240      0      1      3      200      0      5.38576
31      6      241      0      1      3      200      0      5.76167
31      6      242      0      1      3      200      0      5.61368
31      6      243      0      1      3      200      0      5.66154
31      6      244      0      1      3      200      0      5.61642
31      6      245      0      1      3      200      0      5.45486
31      6      246      0      1      3      200      0      5.67911
31      6      247      0      1      3      200      0      5.79029
31      6      248      0      1      3      200      0      5.60112
31      6      249      0      1      3      200      0      5.49295
31      6      250      0      1      3      200      0      5.55861
31      6      251      0      1      3      200      0      5.54916
31      6      252      0      1      3      200      0      3.1528
31      6      253      0      1      3      200      0      5.62379
31      6      254      0      1      3      200      0      5.87259
31      6      255      0      1      3      200      0      5.71734
31      6      256      0      1      3      0      0      0
31      6      257      0      1      3      200      0      5.5354
31      6      258      0      1      3      200      0      5.68356
31      6      259      0      1      3      200      0      5.71812
31      6      260      0      1      3      200      0      5.7206
31      6      261      0      1      3      200      0      5.48884
31      6      262      0      1      3      200      0      5.52207
31      6      263      0      1      3      200      0      5.49124
31      6      264      0      1      3      200      0      5.59442
31      6      265      0      1      3      200      0      5.67402
31      6      266      0      1      3      200      0      5.84381
31      6      267      0      1      3      200      0      5.68558
31      6      268      0      1      3      200      0      5.55378
31      6      269      0      1      3      200      0      5.64897
31      6      270      0      1      3      200      0      5.5694
31      6      271      0      1      3      200      0      5.50808
31      6      272      0      1      3      200      0      5.53589
31      6      273      0      1      3      200      0      5.69038
31      6      274      0      1      3      200      0      5.88568
31      6      275      0      1      3      200      0      5.70975
31      6      276      0      1      3      200      0      5.67863
31      6      277      0      1      3      200      0      5.68664
31      6      278      0      1      3      200      0      5.87784
31      6      279      0      1      3      200      0      5.74411
31      6      280      0      1      3      200      0      5.62495
31      6      281      0      1      3      200      0      5.52795
31      6      282      0      1      3      200      0      5.53758
31      6      283      0      1      3      200      0      5.40258
31      6      284      0      1      3      200      0      5.69544
31      6      285      0      1      3      200      0      5.76476
31      6      286      0      1      3      200      0      5.74436
31      6      287      0      1      3      200      0      5.61138
31      6      288      0      1      3      200      0      5.53104
31      6      289      0      1      3      200      0      5.66485
31      6      290      0      1      3      200      0      5.81561
31      6      291      0      1      3      200      0      5.71142
31      6      292      0      1      3      200      0      5.6755
31      6      293      0      1      3      200      0      5.77452
31      6      294      0      1      3      200      0      5.75226
31      6      295      0      1      3      200      0      5.82072
31      6      296      0      1      3      200      0      5.64462
31      6      297      0      1      3      200      0      5.47252
31      6      298      0      1      3      200      0      5.63265
31      6      299      0      1      3      200      0      5.74414
31      6      300      0      1      3      200      0      5.33897
31      6      301      0      1      3      200      0      5.69782
31      6      302      0      1      3      200      0      5.88222
31      6      303      0      1      3      200      0      5.76772
31      6      304      0      1      3      200      0      5.61918
31      6      305      0      1      3      200      0      5.73218
31      6      306      0      1      3      200      0      5.52614
31      6      307      0      1      3      200      0      5.74309
31      6      308      0      1      3      200      0      5.49729
31      6      309      0      1      3      200      0      5.7879
31      6      310      0      1      3      200      0      5.60831
31      6      311      0      1      3      200      0      5.71291
31      6      312      0      1      3      200      0      5.771
31      6      313      0      1      3      200      0      5.81059
31      6      314      0      1      3      200      0      5.68183
31      6      315      0      1      3      200      0      5.60406
31      6      316      0      1      3      200      0      5.71365
31      6      317      0      1      3      200      0      5.6693
31      6      318      0      1      3      200      0      5.5779
31      6      319      0      1      3      200      0      5.70935
31      6      320      0      1      3      200      0      5.83278
31      6      321      0      1      3      200      0      6.09011
31      6      322      0      1      3      200      0      5.55424
31      6      323      0      1      3      200      0      5.82501
31      6      324      0      1      3      200      0      5.47523
31      6      325      0      1      3      200      0      5.59438
31      6      326      0      1      3      200      0      5.56993
31      6      327      0      1      3      200      0      5.57298
31      6      328      0      1      3      200      0      5.8827
31      6      329      0      1      3      200      0      6.00462
31      6      330      0      1      3      200      0      5.82254
31      6      331      0      1      3      200      0      5.41254
31      6      332      0      1      3      200      0      5.76314
31      6      333      0      1      3      200      0      5.53694
31      6      334      0      1      3      200      0      5.47689
31      6      335      0      1      3      200      0      5.68213
31      6      336      0      1      3      200      0      5.56297
31      6      337      0      1      3      200      0      5.78131
31      6      338      0      1      3      200      0      5.46875
31      6      339      0      1      3      200      0      5.39941
31      6      340      0      1      3      200      0      5.64596
31      6      341      0      1      3      200      0      5.87898
31      6      342      0      1      3      200      0      5.97474
31      6      343      0      1      3      200      0      5.54428
31      6      344      0      1      3      200      0      5.60805
31      6      345      0      1      3      200      0      5.83725
31      6      346      0      1      3      200      0      5.40624
31      6      347      0      1      3      200      0      5.54829
31      6      348      0      1      3      200      0      5.70404
31      6      349      0      1      3      200      0      5.70239
31      6      350      0      1      3      200      0      5.98844
31      6      351      0      1      3      200      0      5.39973
31      6      352      0      1      3      200      0      5.4079
31      6      353      0      1      3      200      0      5.52256
31      6      354      0      1      3      200      0      5.51077
31      6      355      0      1      3      200      0      5.54357
31      6      356      0      1      3      200      0      5.93374
31      6      357      0      1      3      200      0      5.11069
31      6      358      0      1      3      200      0      5.71997
31      6      359      0      1      3      200      0      5.61299
31      6      360      0      1      3      200      0      5.46635
31      6      361      0      1      3      200      0      5.58184
31      6      362      0      1      3      200      0      5.69387
31      6      363      0      1      3      200      0      5.6175
31      6      364      0      1      3      200      0      5.34798
31      6      365      0      1      3      200      0      5.40382
31      6      366      0      1      3      200      0      5.75363
31      6      367      0      1      3      200      0      5.61308
31      6      368      0      1      3      200      0      5.36158
31      6      369      0      1      3      200      0      6.09754
31      6      370      0      1      3      200      0      5.72155
31      6      371      0      1      3      200      0      5.86042
31      6      372      0      1      3      200      0      5.64894
31      6      373      0      1      3      200      0      5.79753
31      6      374      0      1      3      200      0      6.3685
31      6      375      0      1      3      200      0      5.61223
31      6      376      0      1      3      200      0      5.7732
31      6      377      0      1      3      200      0      5.58347
31      6      378      0      1      3      200      0      5.56129
31      6      379      0      1      3      200      0      5.27997
31      6      380      0      1      3      200      0      5.52897
31      6      381      0      1      3      200      0      5.89333
31      6      382      0      1      3      0      0      0
31      6      383      0      1      3      200      0      5.56435
31      6      384      0      1      3      200      0      5.69063
31      6      385      0      1      3      200      0      5.73937
31      6      386      0      1      3      200      0      5.62038
31      6      387      0      1      3      200      0      5.83267
31      6      388      0      1      3      200      0      5.56469
31      6      389      0      1      3      200      0      5.81562
31      6      390      0      1      3      200      0      5.76726
31      6      391      0      1      3      200      0      5.56223
31      6      392      0      1      3      200      0      5.57808
31      6      393      0      1      3      200      0      5.60989
31      6      394      0      1      3      200      0      5.7005
31      6      395      0      1      3      200      0      5.46615
31      6      396      0      1      3      200      0      5.58079
31      6      397      0      1      3      200      0      5.62255
31      6      398      0      1      3      200      0      5.69881
31      6      399      0      1      3      200      0      5.58954
31      6      400      0      1      3      200      0      5.66735
31      6      401      0      1      3      200      0      5.59464
31      6      402      0      1      3      200      0      5.54475
31      6      403      0      1      3      200      0      5.50088
31      6      404      0      1      3      200      0      5.37854
31      6      405      0      1      3      200      0      5.70603
31      6      406      0      1      3      200      0      5.56965
31      6      407      0      1      3      200      0      5.66276
31      6      408      0      1      3      200      0      5.67764
31      6      409      0      1      3      200      0      5.83056
31      6      410      0      1      3      200      0      5.82641
31      6      411      0      1      3      200      0      5.48863
31      6      412      0      1      3      200      0      5.33555
31      6      413      0      1      3      200      0      5.81296
31      6      414      0      1      3      200      0      5.65181
31      6      415      0      1      3      200      0      5.51004
31      6      416      0      1      3      200      0      5.83437
31      6      417      0      1      3      200      0      5.59981
31      6      418      0      1      3      200      0      5.63161
31      6      419      0      1      3      200      0      5.70417
31      6      420      0      1      3      200      0      5.55273
31      6      421      0      1      3      200      0      5.66263
31      6      422      0      1      3      200      0      5.71949
31      6      423      0      1      3      200      0      5.86599
31      6      424      0      1      3      200      0      5.77434
31      6      425      0      1      3      200      0      5.92044
31      6      426      0      1      3      200      0      5.35271
31      6      427      0      1      3      200      0      5.76471
31      6      428      0      1      3      200      0      5.79255
31      6      429      0      1      3      200      0      5.61316
31      6      430      0      1      3      200      0      5.81806
31      6      431      0      1      3      200      0      5.73614
31      6      432      0      1      3      200      0      5.70814
31      6      433      0      1      3      200      0      5.61481
31      6      434      0      1      3      200      0      5.79583
31      6      435      0      1      3      200      0      5.84863
31      6      436      0      1      3      200      0      5.62168
31      6      437      0      1      3      200      0      5.63515
31      6      438      0      1      3      200      0      5.79313
31      6      439      0      1      3      200      0      5.55149
31      6      440      0      1      3      200      0      5.80101
31      6      441      0      1      3      200      0      5.62097
31      6      442      0      1      3      200      0      5.75032
31      6      443      0      1      3      200      0      5.84932
31      6      444      0      1      3      200      0      5.7503
31      6      445      0      1      3      200      0      5.80572
31      6      446      0      1      3      200      0      5.54937
31      6      447      0      1      3      200      0      5.67474
31      6      448      0      1      3      200      0      5.60427
31      6      449      0      1      3      200      0      5.6401
31      6      450      0      1      3      200      0      5.46838
31      6      451      0      1      3      200      0      5.63524
31      6      452      0      1      3      200      0      5.83523
31      6      453      0      1      3      200      0      5.70086
31      6      454      0      1      3      200      0      5.77975
31      6      455      0      1      3      200      0      5.80248
31      6      456      0      1      3      200      0      5.7573
31      6      457      0      1      3      200      0      5.57344
31      6      458      0      1      3      200      0      5.5834
31      6      459      0      1      3      200      0      5.42815
31      6      460      0      1      3      200      0      5.50678
31      6      461      0      1      3      200      0      5.75191
31      6      462      0      1      3      200      0      5.61053
31      6      463      0      1      3      200      0      5.70957
31      6      464      0      1      3      200      0      5.59021
31      6      465      0      1      3      200      0      5.87986
31      6      466      0      1      3      200      0      5.42054
31      6      467      0      1      3      200      0      5.71181
31      6      468      0      1      3      200      0      5.48284
31      6      469      0      1      3      200      0      5.29075
31      6      470      0      1      3      200      0      5.51246
31      6      471      0      1      3      200      0      5.4673
31      6      472      0      1      3      200      0      5.73814
31      6      473      0      1      3      200      0      5.54911
31      6      474      0      1      3      200      0      5.7554
31      6      475      0      1      3      200      0      5.72605
31      6      476      0      1      3      200      0      5.45682
31      6      477      0      1      3      200      0      5.67596
31      6      478      0      1      3      200      0      5.34777
31      6      479      0      1      3      200      0      5.65214
31      6      480      0      1      3      200      0      5.6635
31      6      481      0      1      3      200      0      5.77809
31      6      482      0      1      3      200      0      5.88165
31      6      483      0      1      3      200      0      5.4462
31      6      484      0      1      3      200      0      5.80671
31      6      485      0      1      3      200      0      5.66225
31      6      486      0      1      3      200      0      5.47315
31      6      487      0      1      3      200      0      5.68166
31      6      488      0      1      3      200      0      5.70282
31      6      489      0      1      3      200      0      5.85949
31      6      490      0      1      3      200      0      5.40681
31      6      491      0      1      3      200      0      6.88599
31      6      492      0      1      3      200      0      5.49069
31      6      493      0      1      3      200      0      5.70698
31      6      494      0      1      3      200      0      5.73749
31      6      495      0      1      3      200      0      5.89885
31      6      496      0      1      3      200      0      5.51298
31      6      497      0      1      3      200      0      5.63298
31      6      498      0      1      3      200      0      5.75679
31      6      499      0      1      3      200      0      5.53091
31      6      500      0      1      3      200      0      6.01333
31      6      501      0      1      3      200      0      5.75844
31      6      502      0      1      3      200      0      5.81282
31      6      503      0      1      3      200      0      5.90964
31      6      504      0      1      3      200      0      5.5683
31      6      505      0      1      3      200      0      5.50534
31      6      506      0      1      3      200      0      5.93952
31      6      507      0      1      3      200      0      5.47378
31      6      508      0      1      3      200      0      5.58541
31      6      509      0      1      3      200      0      5.68204
31      6      510      0      1      3      200      0      5.90724
31      6      511      0      1      3      200      0      5.8371
31      6      512      0      1      3      200      0      5.52958
31      6      513      0      1      3      200      0      5.64893
31      6      514      0      1      3      200      0      5.73055
31      6      515      0      1      3      200      0      5.65832
31      6      516      0      1      3      200      0      5.85095
31      6      517      0      1      3      200      0      5.18981
31      6      518      0      1      3      200      0      5.97329
31      6      519      0      1      3      200      0      5.69026
31      6      520      0      1      3      200      0      5.73509
31      6      521      0      1      3      200      0      5.74336
31      6      522      0      1      3      200      0      5.72101
31      6      523      0      1      3      200      0      5.78607
31      6      524      0      1      3      200      0      5.52295
31      6      525      0      1      3      200      0      5.67754
31      6      526      0      1      3      200      0      5.63606
31      6      527      0      1      3      200      0      5.62411
31      6      528      0      1      3      200      0      5.57367
31      6      529      0      1      3      200      0      5.61503
31      6      530      0      1      3      200      0      5.70934
31      6      531      0      1      3      200      0      5.47979
31      6      532      0      1      3      200      0      5.90384
31      6      533      0      1      3      200      0      5.68589
31      6      534      0      1      3      200      0      5.81072
31      6      535      0      1      3      200      0      6.05449
31      6      536      0      1      3      200      0      5.65634
31      6      537      0      1      3      200      0      5.79407
31      7      0      0      1      3      200      0      5.38644
31      7      1      0      1      3      200      0      5.3712
31      7      2      0      1      3      200      0      5.8427
31      7      3      0      1      3      200      0      5.50581
31      7      4      0      1      3      200      0      5.58242
31      7      5      0      1      3      200      0      5.44435
31      7      6      0      1      3      200      0      5.56454
31      7      7      0      1      3      200      0      5.58116
31      7      8      0      1      3      200      0      5.69952
31      7      9      0      1      3      200      0      5.74108
31      7      10      0      1      3      200      0      5.73553
31      7      11      0      1      3      200      0      5.69643
31      7      12      0      1      3      200      0      5.68522
31      7      13      0      1      3      200      0      5.60707
31      7      14      0      1      3      200      0      5.59107
31      7      15      0      1      3      200      0      5.78629
31      7      16      0      1      3      200      0      5.70415
31      7      17      0      1      3      200      0      5.69492
31      7      18      0      1      3      200      0      5.7229
31      7      19      0      1      3      200      0      5.80523
31      7      20      0      1      3      200      0      5.59907
31      7      21      0      1      3      200      0      5.60988
31      7      22      0      1      3      200      0      5.63887
31      7      23      0      1      3      200      0      5.37041
31      7      24      0      1      3      200      0      5.51152
31      7      25      0      1      3      200      0      5.7279
31      7      26      0      1      3      200      0      5.33227
31      7      27      0      1      3      200      0      5.51813
31      7      28      0      1      3      200      0      5.51259
31      7      29      0      1      3      200      0      5.75091
31      7      30      0      1      3      200      0      5.55771
31      7      31      0      1      3      200      0      5.45549
31      7      32      0      1      3      200      0      5.56437
31      7      33      0      1      3      200      0      5.63747
31      7      34      0      1      3      200      0      5.6459
31      7      35      0      1      3      200      0      5.43841
31      7      36      0      1      3      200      0      5.73021
31      7      37      0      1      3      200      0      5.54519
31      7      38      0      1      3      200      0      5.72969
31      7      39      0      1      3      200      0      5.72495
31      7      40      0      1      3      200      0      5.27149
31      7      41      0      1      3      200      0      5.76051
31      7      42      0      1      3      200      0      5.371
31      7      43      0      1      3      200      0      5.78374
31      7      44      0      1      3      200      0      5.57549
31      7      45      0      1      3      200      0      5.70691
31      7      46      0      1      3      200      0      5.66088
31      7      47      0      1      3      200      0      5.55978
31      7      48      0      1      3      200      0      5.89351
31      7      49      0      1      3      200      0      5.75392
31      7      50      0      1      3      200      0      5.664
31      7      51      0      1      3      200      0      5.93516
31      7      52      0      1      3      200      0      5.50111
31      7      53      0      1      3      200      0      5.38967
31      7      54      0      1      3      200      0      5.63429
31      7      55      0      1      3      200      0      5.7603
31      7      56      0      1      3      200      0      5.55828
31      7      57      0      1      3      200      0      5.61284
31      7      58      0      1      3      200      0      5.67335
31      7      59      0      1      3      200      0      5.71223
31      7      60      0      1      3      200      0      5.22853
31      7      61      0      1      3      200      0      5.66814
31      7      62      0      1      3      200      0      5.66717
31      7      63      0      1      3      200      0      5.49084
31      7      64      0      1      3      200      0      5.5967
31      7      65      0      1      3      200      0      5.58912
31      7      66      0      1      3      200      0      5.6904
31      7      67      0      1      3      200      0      5.74553
31      7      68      0      1      3      200      0      5.6102
31      7      69      0      1      3      200      0      5.48545
31      7      70      0      1      3      200      0      5.7202
31      7      71      0      1      3      200      0      5.57115
31      7      72      0      1      3      200      0      5.64775
31      7      73      0      1      3      200      0      5.72616
31      7      74      0      1      3      200      0      5.54732
31      7      75      0      1      3      200      0      5.90943
31      7      76      0      1      3      200      0      5.56705
31      7      77      0      1      3      200      0      5.7702
31      7      78      0      1      3      200      0      5.66514
31      7      79      0      1      3      200      0      5.65644
31      7      80      0      1      3      200      0      5.72465
31      7      81      0      1      3      200      0      5.73354
31      7      82      0      1      3      200      0      5.70255
31      7      83      0      1      3      200      0      5.63033
31      7      84      0      1      3      200      0      5.75766
31      7      85      0      1      3      200      0      5.53654
31      7      86      0      1      3      200      0      5.56392
31      7      87      0      1      3      200      0      5.63972
31      7      88      0      1      3      200      0      5.55469
31      7      89      0      1      3      200      0      5.57286
31      7      90      0      1      3      200      0      5.67266
31      7      91      0      1      3      200      0      5.77943
31      7      92      0      1      3      200      0      5.6709
31      7      93      0      1      3      0      0      0
31      7      94      0      1      3      200      0      5.4605
31      7      95      0      1      3      200      0      5.30625
31      7      96      0      1      3      200      0      5.60107
31      7      97      0      1      3      200      0      5.56019
31      7      98      0      1      3      200      0      5.61874
31      7      99      0      1      3      200      0      5.80503
31      7      100      0      1      3      200      0      5.83177
31      7      101      0      1      3      200      0      5.81969
31      7      102      0      1      3      200      0      5.57244
31      7      103      0      1      3      200      0      5.60183
31      7      104      0      1      3      200      0      5.51528
31      7      105      0      1      3      200      0      5.63209
31      7      106      0      1      3      200      0      5.57516
31      7      107      0      1      3      200      0      5.69082
31      7      108      0      1      3      200      0      5.41136
31      7      109      0      1      3      200      0      5.47836
31      7      110      0      1      3      200      0      5.50351
31      7      111      0      1      3      200      0      5.75504
31      7      112      0      1      3      200      0      5.71171
31      7      113      0      1      3      200      0      5.48882
31      7      114      0      1      3      200      0      5.63407
31      7      115      0      1      3      200      0      5.67273
31      7      116      0      1      3      200      0      5.68581
31      7      117      0      1      3      200      0      5.55309
31      7      118      0      1      3      200      0      5.71948
31      7      119      0      1      3      200      0      5.68837
31      7      120      0      1      3      200      0      5.53913
31      7      121      0      1      3      200      0      5.73774
31      7      122      0      1      3      200      0      5.39514
31      7      123      0      1      3      200      0      5.49344
31      7      124      0      1      3      200      0      5.61009
31      7      125      0      1      3      200      0      5.57538
31      7      126      0      1      3      200      0      5.68925
31      7      127      0      1      3      200      0      5.48638
31      7      128      0      1      3      200      0      5.94047
31      7      129      0      1      3      200      0      5.64284
31      7      130      0      1      3      200      0      5.80676
31      7      131      0      1      3      200      0      5.81085
31      7      132      0      1      3      200      0      5.57604
31      7      133      0      1      3      200      0      5.6324
31      7      134      0      1      3      200      0      5.63121
31      7      135      0      1      3      200      0      5.73603
31      7      136      0      1      3      200      0      5.70879
31      7      137      0      1      3      200      0      5.7032
31      7      138      0      1      3      200      0      5.79235
31      7      139      0      1      3      200      0      5.75361
31      7      140      0      1      3      200      0      5.6444
31      7      141      0      1      3      200      0      5.47021
31      7      142      0      1      3      200      0      5.59706
31      7      143      0      1      3      200      0      5.69205
31      7      144      0      1      3      200      0      5.69443
31      7      145      0      1      3      200      0      5.57408
31      7      146      0      1      3      200      0      5.57821
31      7      147      0      1      3      200      0      5.51349
31      7      148      0      1      3      200      0      5.79665
31      7      149      0      1      3      200      0      5.55916
31      7      150      0      1      3      200      0      5.8667
31      7      151      0      1      3      200      0      5.58159
31      7      152      0      1      3      200      0      5.67715
31      7      153      0      1      3      200      0      5.62883
31      7      154      0      1      3      200      0      5.64294
31      7      155      0      1      3      200      0      5.6881
31      7      156      0      1      3      200      0      5.74314
31      7      157      0      1      3      200      0      5.59343
31      7      158      0      1      3      200      0      5.69821
31      7      159      0      1      3      200      0      5.5526
31      7      160      0      1      3      200      0      5.83854
31      7      161      0      1      3      200      0      5.42912
31      7      162      0      1      3      200      0      5.61664
31      7      163      0      1      3      200      0      5.80116
31      7      164      0      1      3      200      0      5.74684
31      7      165      0      1      3      200      0      5.55457
31      7      166      0      1      3      200      0      5.39669
31      7      167      0      1      3      200      0      5.88056
31      7      168      0      1      3      200      0      5.63183
31      7      169      0      1      3      200      0      5.87164
31      7      170      0      1      3      200      0      5.77586
31      7      171      0      1      3      200      0      5.7508
31      7      172      0      1      3      200      0      5.5874
31      7      173      0      1      3      200      0      5.58111
31      7      174      0      1      3      200      0      5.82145
31      7      175      0      1      3      200      0      5.81105
31      7      176      0      1      3      200      0      5.88665
31      7      177      0      1      3      200      0      5.61857
31      7      178      0      1      3      200      0      5.55904
31      7      179      0      1      3      200      0      5.75798
31      7      180      0      1      3      200      0      5.53451
31      7      181      0      1      3      200      0      5.63598
31      7      182      0      1      3      200      0      5.60163
31      7      183      0      1      3      200      0      5.63642
31      7      184      0      1      3      200      0      5.57183
31      7      185      0      1      3      200      0      5.70772
31      7      186      0      1      3      200      0      5.77409
31      7      187      0      1      3      200      0      5.45208
31      7      188      0      1      3      200      0      5.57975
31      7      189      0      1      3      200      0      5.65264
31      7      190      0      1      3      200      0      5.58171
31      7      191      0      1      3      200      0      5.90355
31      7      192      0      1      3      200      0      5.9876
31      7      193      0      1      3      200      0      5.76751
31      7      194      0      1      3      200      0      5.49279
31      7      195      0      1      3      200      0      5.60067
31      7      196      0      1      3      200      0      5.65097
31      7      197      0      1      3      200      0      5.90365
31      7      198      0      1      3      200      0      5.8304
31      7      199      0      1      3      200      0      5.64426
31      7      200      0      1      3      200      0      5.99542
31      7      201      0      1      3      200      0      5.76046
31      7      202      0      1      3      200      0      5.80658
31      7      203      0      1      3      200      0      5.49535
31      7      204      0      1      3      200      0      5.77002
31      7      205      0      1      3      200      0      5.75781
31      7      206      0      1      3      200      0      5.67279
31      7      207      0      1      3      200      0      5.72563
31      7      208      0      1      3      200      0      5.59792
31      7      209      0      1      3      200      0      5.66388
31      7      210      0      1      3      200      0      5.78487
31      7      211      0      1      3      200      0      5.83677
31      7      212      0      1      3      200      0      5.77459
31      7      213      0      1      3      200      0      5.75379
31      7      214      0      1      3      200      0      5.84796
31      7      215      0      1      3      200      0      5.71508
31      7      216      0      1      3      200      0      5.39097
31      7      217      0      1      3      200      0      5.68915
31      7      218      0      1      3      200      0      5.65238
31      7      219      0      1      3      200      0      5.60616
31      7      220      0      1      3      200      0      5.57274
31      7      221      0      1      3      200      0      5.90216
31      7      222      0      1      3      200      0      5.75527
31      7      223      0      1      3      200      0      5.70002
31      7      224      0      1      3      200      0      5.65947
31      7      225      0      1      3      200      0      5.6783
31      7      226      0      1      3      200      0      5.73236
31      7      227      0      1      3      200      0      5.58641
31      7      228      0      1      3      200      0      5.69127
31      7      229      0      1      3      200      0      5.55463
31      7      230      0      1      3      200      0      5.77381
31      7      231      0      1      3      200      0      5.70822
31      7      232      0      1      3      200      0      5.97323
31      7      233      0      1      3      200      0      5.60305
31      7      234      0      1      3      200      0      5.86427
31      7      235      0      1      3      200      0      5.58715
31      7      236      0      1      3      200      0      5.67995
31      7      237      0      1      3      200      0      5.81549
31      7      238      0      1      3      200      0      5.66543
31      7      239      0      1      3      200      0      5.5237
31      7      240      0      1      3      200      0      5.76764
31      7      241      0      1      3      200      0      5.65262
31      7      242      0      1      3      200      0      5.59277
31      7      243      0      1      3      200      0      5.72052
31      7      244      0      1      3      200      0      5.67192
31      7      245      0      1      3      200      0      6.05505
31      7      246      0      1      3      200      0      5.60437
31      7      247      0      1      3      200      0      5.49667
31      7      248      0      1      3      200      0      5.59992
31      7      249      0      1      3      200      0      6.01239
31      7      250      0      1      3      200      0      5.44173
31      7      251      0      1      3      200      0      5.75211
31      7      252      0      1      3      200      0      5.7109
31      7      253      0      1      3      200      0      5.7898
31      7      254      0      1      3      200      0      5.69388
31      7      255      0      1      3      200      0      5.73469
31      7      256      0      1      3      200      0      5.70901
31      7      257      0      1      3      200      0      5.70719
31      7      258      0      1      3      200      0      5.63463
31      7      259      0      1      3      200      0      5.74093
31      7      260      0      1      3      200      0      5.79734
31      7      261      0      1      3      200      0      5.63488
31      7      262      0      1      3      200      0      5.91294
31      7      263      0      1      3      200      0      5.56048
31      7      264      0      1      3      200      0      5.68838
31      7      265      0      1      3      200      0      5.56022
31      7      266      0      1      3      200      0      5.63564
31      7      267      0      1      3      200      0      5.89009
31      7      268      0      1      3      200      0      5.75106
31      7      269      0      1      3      200      0      5.61999
31      7      270      0      1      3      200      0      5.72738
31      7      271      0      1      3      200      0      5.41541
31      7      272      0      1      3      200      0      5.70077
31      7      273      0      1      3      200      0      5.44528
31      7      274      0      1      3      200      0      5.71822
31      7      275      0      1      3      200      0      5.8934
31      7      276      0      1      3      200      0      5.74369
31      7      277      0      1      3      200      0      5.86223
31      7      278      0      1      3      200      0      5.65281
31      7      279      0      1      3      200      0      5.54297
31      7      280      0      1      3      200      0      5.71349
31      7      281      0      1      3      200      0      5.69467
31      7      282      0      1      3      200      0      5.60255
31      7      283      0      1      3      200      0      5.64729
31      7      284      0      1      3      200      0      5.8431
31      7      285      0      1      3      200      0      5.87005
31      7      286      0      1      3      200      0      5.49108
31      7      287      0      1      3      200      0      5.63382
31      7      288      0      1      3      200      0      5.60459
31      7      289      0      1      3      200      0      5.77066
31      7      290      0      1      3      200      0      5.90882
31      7      291      0      1      3      200      0      5.55582
31      7      292      0      1      3      200      0      5.82819
31      7      293      0      1      3      200      0      5.67793
31      7      294      0      1      3      200      0      5.83164
31      7      295      0      1      3      200      0      5.40337
31      7      296      0      1      3      200      0      5.91793
31      7      297      0      1      3      200      0      5.76957
31      7      298      0      1      3      200      0      5.77828
31      7      299      0      1      3      200      0      5.54687
31      7      300      0      1      3      200      0      5.87159
31      7      301      0      1      3      200      0      5.64385
31      7      302      0      1      3      200      0      5.90533
31      7      303      0      1      3      200      0      5.64701
31      7      304      0      1      3      200      0      5.89104
31      7      305      0      1      3      200      0      5.54442
31      7      306      0      1      3      200      0      6.01132
31      7      307      0      1      3      200      0      5.74235
31      7      308      0      1      3      200      0      5.56502
31      7      309      0      1      3      200      0      5.79035
31      7      310      0      1      3      200      0      5.71375
31      7      311      0      1      3      200      0      5.86888
31      7      312      0      1      3      200      0      5.72487
31      7      313      0      1      3      200      0      5.71834
31      7      314      0      1      3      200      0      5.62434
31      7      315      0      1      3      200      0      5.78993
31      7      316      0      1      3      200      0      5.55463
31      7      317      0      1      3      200      0      5.78592
31      7      318      0      1      3      200      0      5.54882
31      7      319      0      1      3      200      0      5.9734
31      7      320      0      1      3      200      0      5.75268
31      7      321      0      1      3      200      0      5.83514
31      7      322      0      1      3      200      0      5.78985
31      7      323      0      1      3      200      0      5.9537
31      7      324      0      1      3      200      0      5.88736
31      7      325      0      1      3      200      0      5.65677
31      7      326      0      1      3      200      0      5.46663
31      7      327      0      1      3      200      0      5.78919
31      7      328      0      1      3      200      0      5.81187
31      7      329      0      1      3      200      0      5.47393
31      7      330      0      1      3      200      0      5.64174
31      7      331      0      1      3      200      0      5.90504
31      7      332      0      1      3      200      0      5.71363
31      7      333      0      1      3      200      0      5.71229
31      7      334      0      1      3      200      0      5.41937
31      7      335      0      1      3      200      0      5.60663
31      7      336      0      1      3      200      0      5.56873
31      7      337      0      1      3      200      0      5.80304
31      7      338      0      1      3      200      0      5.48628
31      7      339      0      1      3      200      0      5.82989
31      7      340      0      1      3      200      0      5.68536
31      7      341      0      1      3      200      0      5.84202
31      7      342      0      1      3      200      0      5.73292
31      7      343      0      1      3      200      0      5.671
31      7      344      0      1      3      200      0      5.69121
31      7      345      0      1      3      200      0      5.82873
31      7      346      0      1      3      200      0      5.5083
31      7      347      0      1      3      200      0      5.48702
31      7      348      0      1      3      200      0      5.80158
31      7      349      0      1      3      200      0      5.92318
31      7      350      0      1      3      200      0      6.03159
31      7      351      0      1      3      200      0      5.68769
31      7      352      0      1      3      200      0      5.83283
31      7      353      0      1      3      200      0      5.66981
31      7      354      0      1      3      200      0      5.60435
31      7      355      0      1      3      200      0      5.56489
31      7      356      0      1      3      200      0      5.69819
31      7      357      0      1      3      200      0      5.69685
31      7      358      0      1      3      200      0      5.52256
31      7      359      0      1      3      200      0      5.76748
31      7      360      0      1      3      200      0      5.67537
31      7      361      0      1      3      200      0      5.60422
31      7      362      0      1      3      200      0      5.77914
31      7      363      0      1      3      200      0      6.00058
31      7      364      0      1      3      200      0      5.87855
31      7      365      0      1      3      200      0      5.96961
31      7      366      0      1      3      200      0      5.85244
31      7      367      0      1      3      200      0      5.76339
31      7      368      0      1      3      200      0      5.7568
31      7      369      0      1      3      200      0      5.59232
31      7      370      0      1      3      200      0      6.09816
31      7      371      0      1      3      200      0      5.76495
31      7      372      0      1      3      200      0      5.73416
31      7      373      0      1      3      200      0      5.74621
31      7      374      0      1      3      200      0      5.96031
31      7      375      0      1      3      200      0      5.6974
31      7      376      0      1      3      200      0      5.84273
31      7      377      0      1      3      200      0      5.78692
31      7      378      0      1      3      200      0      5.84893
31      7      379      0      1      3      200      0      5.62682
31      7      380      0      1      3      200      0      5.61521
31      7      381      0      1      3      200      0      5.73507
31      7      382      0      1      3      200      0      5.71088
31      7      383      0      1      3      200      0      5.63997
31      7      384      0      1      3      200      0      5.7977
31      7      385      0      1      3      200      0      5.62322
31      7      386      0      1      3      200      0      5.66296
31      7      387      0      1      3      200      0      5.88317
31      7      388      0      1      3      200      0      5.74184
31      7      389      0      1      3      200      0      5.84154
31      7      390      0      1      3      200      0      5.71915
31      7      391      0      1      3      200      0      5.86612
31      7      392      0      1      3      200      0      5.60308
31      7      393      0      1      3      200      0      5.65345
31      7      394      0      1      3      200      0      5.76045
31      7      395      0      1      3      200      0      5.59018
31      7      396      0      1      3      200      0      5.7628
31      7      397      0      1      3      200      0      5.56946
31      7      398      0      1      3      200      0      5.58944
31      7      399      0      1      3      200      0      5.70205
31      7      400      0      1      3      200      0      5.64742
31      7      401      0      1      3      200      0      5.79425
31      7      402      0      1      3      200      0      5.71618
31      7      403      0      1      3      200      0      5.77134
31      7      404      0      1      3      200      0      5.87551
31      7      405      0      1      3      200      0      5.60573
31      7      406      0      1      3      200      0      5.70355
31      7      407      0      1      3      200      0      5.97963
31      7      408      0      1      3      200      0      5.70991
31      7      409      0      1      3      200      0      5.73077
31      7      410      0      1      3      200      0      5.56626
31      7      411      0      1      3      200      0      5.7496
31      7      412      0      1      3      200      0      5.67745
31      7      413      0      1      3      200      0      5.52255
31      7      414      0      1      3      200      0      5.6739
31      7      415      0      1      3      200      0      5.66302
31      7      416      0      1      3      200      0      5.6625
31      7      417      0      1      3      200      0      5.8239
31      7      418      0      1      3      200      0      5.68531
31      7      419      0      1      3      200      0      5.59618
31      7      420      0      1      3      200      0      5.6082
31      7      421      0      1      3      200      0      5.12288
31      7      422      0      1      3      200      0      5.44509
31      7      423      0      1      3      200      0      5.59181
31      7      424      0      1      3      200      0      5.71271
31      7      425      0      1      3      200      0      5.49655
31      7      426      0      1      3      200      0      5.64124
31      7      427      0      1      3      200      0      5.73202
31      7      428      0      1      3      200      0      5.57633
31      7      429      0      1      3      200      0      5.41973
31      7      430      0      1      3      200      0      5.46082
31      7      431      0      1      3      0      0      0
31      7      432      0      1      3      200      0      5.65048
31      7      433      0      1      3      200      0      5.50757
31      7      434      0      1      3      200      0      5.67975
31      7      435      0      1      3      200      0      5.53115
31      7      436      0      1      3      200      0      5.42616
31      7      437      0      1      3      200      0      5.79693
31      7      438      0      1      3      200      0      5.74138
31      7      439      0      1      3      200      0      5.75794
31      7      440      0      1      3      200      0      5.57393
31      7      441      0      1      3      200      0      5.77311
31      7      442      0      1      3      200      0      5.44493
31      7      443      0      1      3      200      0      5.83303
31      7      444      0      1      3      200      0      5.74366
31      7      445      0      1      3      200      0      5.722
31      7      446      0      1      3      200      0      5.90395
31      7      447      0      1      3      200      0      5.61766
31      7      448      0      1      3      200      0      6.00003
31      7      449      0      1      3      200      0      5.55508
31      7      450      0      1      3      200      0      5.53962
31      7      451      0      1      3      200      0      5.48288
31      7      452      0      1      3      200      0      5.57505
31      7      453      0      1      3      200      0      5.63613
31      7      454      0      1      3      200      0      5.76368
31      7      455      0      1      3      200      0      5.63707
31      7      456      0      1      3      200      0      5.61967
31      7      457      0      1      3      200      0      5.58862
31      7      458      0      1      3      200      0      5.45748
31      7      459      0      1      3      200      0      5.36676
31      7      460      0      1      3      200      0      5.31419
31      7      461      0      1      3      200      0      5.71429
31      7      462      0      1      3      200      0      5.58093
31      7      463      0      1      3      200      0      5.53805
31      7      464      0      1      3      200      0      5.51585
31      7      465      0      1      3      200      0      5.2297
31      7      466      0      1      3      200      0      5.80002
31      7      467      0      1      3      200      0      5.3989
31      7      468      0      1      3      200      0      5.71675
31      7      469      0      1      3      200      0      5.74611
31      7      470      0      1      3      200      0      5.76631
31      7      471      0      1      3      200      0      5.72536
31      7      472      0      1      3      200      0      5.32769
31      7      473      0      1      3      200      0      5.28875
31      7      474      0      1      3      200      0      5.55656
31      7      475      0      1      3      200      0      5.40605
31      7      476      0      1      3      200      0      5.53908
31      7      477      0      1      3      200      0      5.65098
31      7      478      0      1      3      200      0      5.51539
31      7      479      0      1      3      200      0      5.34476
31      7      480      0      1      3      200      0      5.48876
31      7      481      0      1      3      200      0      5.66156
31      7      482      0      1      3      200      0      5.56587
31      7      483      0      1      3      200      0      5.60865
31      7      484      0      1      3      200      0      5.4624
31      7      485      0      1      3      200      0      5.51592
31      7      486      0      1      3      200      0      5.55231
31      7      487      0      1      3      200      0      5.45304
31      7      488      0      1      3      200      0      5.48703
31      7      489      0      1      3      200      0      5.64778
31      7      490      0      1      3      200      0      5.35998
31      7      491      0      1      3      200      0      5.67479
31      7      492      0      1      3      200      0      5.51648
31      7      493      0      1      3      200      0      5.43904
31      7      494      0      1      3      200      0      5.53892
31      7      495      0      1      3      200      0      5.50212
31      7      496      0      1      3      200      0      5.56568
31      7      497      0      1      3      200      0      5.77476
31      7      498      0      1      3      200      0      5.47005
31      7      499      0      1      3      200      0      5.68976
31      7      500      0      1      3      200      0      5.54383
31      7      501      0      1      3      200      0      5.63155
31      7      502      0      1      3      200      0      5.74075
31      7      503      0      1      3      200      0      5.8653
31      7      504      0      1      3      200      0      5.73683
31      7      505      0      1      3      200      0      5.49333
31      7      506      0      1      3      200      0      5.56527
31      7      507      0      1      3      200      0      5.54794
31      7      508      0      1      3      200      0      5.41946
31      7      509      0      1      3      200      0      5.59585
31      7      510      0      1      3      200      0      5.78983
31      7      511      0      1      3      200      0      5.62568
31      7      512      0      1      3      200      0      5.72874
31      7      513      0      1      3      200      0      5.61877
31      7      514      0      1      3      200      0      5.84622
31      7      515      0      1      3      200      0      5.48657
31      7      516      0      1      3      200      0      5.84633
31      7      517      0      1      3      200      0      5.68585
31      7      518      0      1      3      200      0      5.37896
31      7      519      0      1      3      200      0      5.40076
31      7      520      0      1      3      200      0      5.60376
31      7      521      0      1      3      200      0      5.48047
31      7      522      0      1      3      200      0      5.54834
31      7      523      0      1      3      200      0      5.61331
31      7      524      0      1      3      200      0      5.39175
31      7      525      0      1      3      200      0      5.46405
31      7      526      0      1      3      200      0      5.32551
31      7      527      0      1      3      200      0      5.3179
31      7      528      0      1      3      200      0      5.65552
31      7      529      0      1      3      200      0      5.5044
31      7      530      0      1      3      200      0      5.49774
31      7      531      0      1      3      200      0      5.54039
31      7      532      0      1      3      200      0      5.47128
31      7      533      0      1      3      200      0      5.73213
31      7      534      0      1      3      200      0      5.44673
31      7      535      0      1      3      200      0      5.66327
31      7      536      0      1      3      200      0      5.6265
31      7      537      0      1      3      200      0      5.47194
31      7      538      0      1      3      200      0      5.4128
31      7      539      0      1      3      200      0      5.52106
31      7      540      0      1      3      200      0      5.80053
31      7      541      0      1      3      200      0      5.78048
31      7      542      0      1      3      200      0      5.66994
31      7      543      0      1      3      200      0      5.6039
31      7      544      0      1      3      200      0      5.45473
31      7      545      0      1      3      200      0      5.37149
31      7      546      0      1      3      200      0      5.4908
31      7      547      0      1      3      200      0      5.60245
31      7      548      0      1      3      200      0      5.62267
31      7      549      0      1      3      200      0      5.29647
31      7      550      0      1      3      200      0      5.78024
31      7      551      0      1      3      200      0      5.47769
31      7      552      0      1      3      200      0      5.79271
31      7      553      0      1      3      200      0      5.88713
31      7      554      0      1      3      200      0      5.72831
31      7      555      0      1      3      200      0      5.8354
31      7      556      0      1      3      200      0      5.82827
31      7      557      0      1      3      200      0      5.75259
31      7      558      0      1      3      200      0      5.5706
31      7      559      0      1      3      200      0      5.62467
31      7      560      0      1      3      200      0      5.77032
31      7      561      0      1      3      200      0      5.87364
31      7      562      0      1      3      200      0      5.62271
31      7      563      0      1      3      200      0      5.62941
31      7      564      0      1      3      200      0      5.6324
31      7      565      0      1      3      200      0      5.60789
31      7      566      0      1      3      200      0      5.85839
31      7      567      0      1      3      200      0      5.6632
31      7      568      0      1      3      200      0      5.66257
31      7      569      0      1      3      200      0      5.71141
31      7      570      0      1      3      200      0      5.62087
31      7      571      0      1      3      200      0      5.58234
31      7      572      0      1      3      200      0      5.79907
31      7      573      0      1      3      200      0      5.44438
31      7      574      0      1      3      200      0      5.56284
31      7      575      0      1      3      200      0      5.43671
31      7      576      0      1      3      200      0      5.40097
31      7      577      0      1      3      200      0      5.65246
31      7      578      0      1      3      200      0      5.33168
31      7      579      0      1      3      200      0      5.46668
31      7      580      0      1      3      200      0      5.55541
31      7      581      0      1      3      200      0      5.43958
31      7      582      0      1      3      200      0      5.73889
31      7      583      0      1      3      200      0      5.70537
31      7      584      0      1      3      200      0      5.57332
31      7      585      0      1      3      200      0      5.57731
31      7      586      0      1      3      200      0      5.46368
31      7      587      0      1      3      200      0      5.59796
31      7      588      0      1      3      200      0      5.38792
31      7      589      0      1      3      200      0      5.65854
31      7      590      0      1      3      200      0      5.34261
31      7      591      0      1      3      200      0      5.45738
31      7      592      0      1      3      200      0      5.72003
31      7      593      0      1      3      200      0      5.42583
31      7      594      0      1      3      200      0      5.57957
31      7      595      0      1      3      200      0      5.53767
31      7      596      0      1      3      200      0      5.68728
31      7      597      0      1      3      200      0      5.54898
31      7      598      0      1      3      200      0      5.49192
31      7      599      0      1      3      200      0      5.53888
31      7      600      0      1      3      200      0      5.65606
31      7      601      0      1      3      200      0      5.66002
31      7      602      0      1      3      200      0      5.39465
31      7      603      0      1      3      200      0      5.4293
31      7      604      0      1      3      200      0      5.32274
31      7      605      0      1      3      200      0      5.56627
31      7      606      0      1      3      200      0      5.38656
31      7      607      0      1      3      200      0      5.54934
31      7      608      0      1      3      200      0      5.62457
31      7      609      0      1      3      200      0      5.50437
31      7      610      0      1      3      200      0      5.60471
31      7      611      0      1      3      200      0      5.43227
31      7      612      0      1      3      200      0      5.57135
31      7      613      0      1      3      200      0      5.67091
31      7      614      0      1      3      200      0      5.59059
31      7      615      0      1      3      200      0      5.61102
31      7      616      0      1      3      200      0      5.49883
31      7      617      0      1      3      200      0      5.45351
31      7      618      0      1      3      200      0      5.44228
31      7      619      0      1      3      200      0      5.39325
31      7      620      0      1      3      200      0      5.57925
31      7      621      0      1      3      200      0      5.53204
31      7      622      0      1      3      200      0      5.64438
31      7      623      0      1      3      200      0      5.66654
31      7      624      0      1      3      200      0      5.86834
31      7      625      0      1      3      200      0      5.57479
31      7      626      0      1      3      200      0      5.40698
31      7      627      0      1      3      200      0      5.7371
31      7      628      0      1      3      200      0      5.36225
31      7      629      0      1      3      200      0      5.77145
31      7      630      0      1      3      200      0      5.65346
31      7      631      0      1      3      200      0      5.58497
31      7      632      0      1      3      200      0      5.68097
31      7      633      0      1      3      200      0      5.54415
31      7      634      0      1      3      200      0      5.6188
31      7      635      0      1      3      200      0      5.54979
31      7      636      0      1      3      200      0      5.59755
31      7      637      0      1      3      200      0      5.69201
31      7      638      0      1      3      200      0      5.45128
31      7      639      0      1      3      200      0      5.38678
31      7      640      0      1      3      200      0      5.56081
31      7      641      0      1      3      200      0      5.46468
31      7      642      0      1      3      200      0      5.49116
31      7      643      0      1      3      200      0      5.55264
31      7      644      0      1      3      200      0      5.61421
31      7      645      0      1      3      200      0      5.48904
31      7      646      0      1      3      200      0      5.42808
31      7      647      0      1      3      200      0      5.46563
31      7      648      0      1      3      200      0      5.79563
31      7      649      0      1      3      200      0      5.51342
31      7      650      0      1      3      200      0      5.60211
31      7      651      0      1      3      200      0      5.45059
31      7      652      0      1      3      200      0      5.4631
31      7      653      0      1      3      200      0      5.58171
31      7      654      0      1      3      200      0      5.3029
31      7      655      0      1      3      200      0      5.49416
31      7      656      0      1      3      200      0      5.35419
31      7      657      0      1      3      200      0      5.63937
31      7      658      0      1      3      200      0      5.39597
31      7      659      0      1      3      200      0      5.40593
31      7      660      0      1      3      200      0      5.44649
31      7      661      0      1      3      200      0      5.64974
31      7      662      0      1      3      200      0      5.40645
31      7      663      0      1      3      200      0      5.47131
31      7      664      0      1      3      200      0      5.42962
31      7      665      0      1      3      200      0      5.69116
31      7      666      0      1      3      200      0      5.4991
31      7      667      0      1      3      200      0      5.78404
31      7      668      0      1      3      200      0      5.53775
31      7      669      0      1      3      200      0      5.381
31      7      670      0      1      3      200      0      5.63804
31      7      671      0      1      3      200      0      5.58406
31      7      672      0      1      3      200      0      5.55745
31      7      673      0      1      3      200      0      5.38087
31      7      674      0      1      3      200      0      5.5512
31      7      675      0      1      3      200      0      5.74114
31      7      676      0      1      3      200      0      5.44689
31      7      677      0      1      3      200      0      5.40191
31      7      678      0      1      3      200      0      5.57523
31      7      679      0      1      3      200      0      5.26523
31      7      680      0      1      3      200      0      5.46976
31      7      681      0      1      3      200      0      5.50436
31      7      682      0      1      3      200      0      5.83255
31      7      683      0      1      3      200      0      5.25768
31      7      684      0      1      3      200      0      5.58544
31      7      685      0      1      3      200      0      5.55785
31      7      686      0      1      3      200      0      5.7637
31      7      687      0      1      3      200      0      5.73243
31      7      688      0      1      3      200      0      5.3063
31      7      689      0      1      3      200      0      5.61112
31      7      690      0      1      3      200      0      5.47112
31      7      691      0      1      3      200      0      5.74219
31      7      692      0      1      3      200      0      5.53661
31      7      693      0      1      3      200      0      5.75894
31      7      694      0      1      3      200      0      5.58811
31      7      695      0      1      3      200      0      5.55433
31      7      696      0      1      3      200      0      5.55461
31      7      697      0      1      3      200      0      5.58441
31      7      698      0      1      3      200      0      5.41321
31      7      699      0      1      3      200      0      5.76291
31      7      700      0      1      3      200      0      5.6047
31      7      701      0      1      3      200      0      5.74378
31      7      702      0      1      3      200      0      5.61047
31      7      703      0      1      3      200      0      5.45367
31      7      704      0      1      3      200      0      5.64712
31      7      705      0      1      3      200      0      5.54118
31      7      706      0      1      3      200      0      5.49616
31      7      707      0      1      3      200      0      5.45614
31      7      708      0      1      3      200      0      5.54337
31      7      709      0      1      3      200      0      5.29891
31      7      710      0      1      3      200      0      5.44892
31      7      711      0      1      3      200      0      5.46605
31      7      712      0      1      3      200      0      5.59599
31      7      713      0      1      3      200      0      5.47309
31      7      714      0      1      3      200      0      5.31932
31      7      715      0      1      3      200      0      5.57854
31      7      716      0      1      3      200      0      5.40198
31      7      717      0      1      3      200      0      5.57564
31      7      718      0      1      3      200      0      5.44211
31      7      719      0      1      3      200      0      5.54541
31      7      720      0      1      3      200      0      5.3352
31      7      721      0      1      3      200      0      5.53066
31      7      722      0      1      3      200      0      5.24117
31      7      723      0      1      3      200      0      5.56881
31      7      724      0      1      3      200      0      5.36262
31      7      725      0      1      3      200      0      5.30789
31      7      726      0      1      3      200      0      5.6247
31      7      727      0      1      3      200      0      5.5569
31      7      728      0      1      3      200      0      5.64882
31      7      729      0      1      3      200      0      5.4715
31      7      730      0      1      3      200      0      5.64943
31      7      731      0      1      3      200      0      5.59392
31      7      732      0      1      3      200      0      5.49786
31      7      733      0      1      3      200      0      5.42547
31      7      734      0      1      3      200      0      5.56067
31      7      735      0      1      3      200      0      5.62938
31      7      736      0      1      3      200      0      5.52166
31      7      737      0      1      3      200      0      5.29614
31      7      738      0      1      3      200      0      5.59784
31      7      739      0      1      3      200      0      5.46897
31      7      740      0      1      3      200      0      5.47179
31      7      741      0      1      3      200      0      5.37622
31      7      742      0      1      3      200      0      5.42338
31      7      743      0      1      3      200      0      5.34847
31      7      744      0      1      3      200      0      5.207
31      7      745      0      1      3      200      0      5.54844
31      7      746      0      1      3      200      0      5.40825
31      7      747      0      1      3      200      0      5.52285
31      7      748      0      1      3      200      0      5.47644
31      7      749      0      1      3      200      0      5.23796
31      7      750      0      1      3      200      0      5.35835
31      7      751      0      1      3      200      0      5.58564
31      7      752      0      1      3      200      0      5.29676
31      7      753      0      1      3      200      0      5.42408
31      7      754      0      1      3      200      0      5.29201
31      7      755      0      1      3      200      0      5.40528
31      7      756      0      1      3      200      0      5.51085
31      7      757      0      1      3      200      0      5.4607
31      7      758      0      1      3      200      0      5.46705
31      7      759      0      1      3      200      0      5.28179
31      7      760      0      1      3      200      0      5.43137
31      7      761      0      1      3      200      0      5.46662
31      7      762      0      1      3      200      0      5.37802
31      7      763      0      1      3      200      0      5.67925
31      7      764      0      1      3      200      0      5.51742
31      7      765      0      1      3      200      0      5.50939
31      7      766      0      1      3      200      0      5.34739
31      7      767      0      1      3      200      0      5.36386
31      7      768      0      1      3      200      0      5.44537
31      7      769      0      1      3      200      0      5.29275
31      7      770      0      1      3      200      0      5.35292
31      7      771      0      1      3      200      0      5.57421
31      7      772      0      1      3      200      0      5.42195
31      7      773      0      1      3      200      0      5.63965
31      7      774      0      1      3      200      0      5.61882
31      7      775      0      1      3      200      0      5.63854
31      7      776      0      1      3      200      0      5.54361
31      7      777      0      1      3      200      0      5.7381
31      7      778      0      1      3      200      0      5.29927
31      7      779      0      1      3      200      0      5.63319
31      7      780      0      1      3      200      0      5.62072
31      7      781      0      1      3      200      0      5.5054
31      7      782      0      1      3      200      0      5.71651
31      7      783      0      1      3      200      0      5.61541
31      7      784      0      1      3      200      0      5.41536
31      7      785      0      1      3      200      0      5.45875
31      7      786      0      1      3      200      0      5.62744
31      7      787      0      1      3      200      0      5.55874
31      7      788      0      1      3      200      0      5.59619
31      7      789      0      1      3      200      0      5.61644
31      7      790      0      1      3      200      0      5.50157
31      7      791      0      1      3      200      0      5.53401
31      7      792      0      1      3      200      0      5.52496
31      7      793      0      1      3      200      0      5.35144
31      7      794      0      1      3      200      0      5.65062
31      7      795      0      1      3      200      0      5.34027
31      7      796      0      1      3      200      0      5.73024
31      7      797      0      1      3      200      0      5.83135
31      7      798      0      1      3      200      0      5.47813
31      7      799      0      1      3      200      0      5.58834
31      7      800      0      1      3      200      0      5.52784
31      7      801      0      1      3      200      0      5.48124
31      7      802      0      1      3      200      0      5.38619
31      7      803      0      1      3      200      0      5.70611
31      7      804      0      1      3      200      0      5.4514
31      7      805      0      1      3      200      0      5.5169
31      7      806      0      1      3      200      0      5.68086
31      7      807      0      1      3      200      0      5.7422
31      7      808      0      1      3      200      0      5.57875
31      7      809      0      1      3      200      0      5.63928
31      7      810      0      1      3      200      0      5.65805
31      7      811      0      1      3      200      0      5.60738
31      7      812      0      1      3      200      0      5.38467
31      7      813      0      1      3      200      0      5.6805
31      7      814      0      1      3      200      0      5.64097
31      7      815      0      1      3      200      0      5.57418
31      7      816      0      1      3      200      0      5.57642
31      7      817      0      1      3      200      0      5.58536
31      7      818      0      1      3      200      0      5.36814
31      7      819      0      1      3      200      0      5.55579
31      7      820      0      1      3      200      0      5.33351
31      7      821      0      1      3      200      0      5.42452
31      7      822      0      1      3      200      0      5.68804
31      7      823      0      1      3      200      0      5.85607
31      7      824      0      1      3      200      0      5.79646
31      7      825      0      1      3      200      0      5.77466
31      7      826      0      1      3      200      0      5.69015
31      7      827      0      1      3      200      0      5.76841
31      7      828      0      1      3      200      0      5.55025
31      7      829      0      1      3      200      0      5.60185
31      7      830      0      1      3      200      0      5.76586
31      7      831      0      1      3      200      0      5.43883
31      7      832      0      1      3      200      0      5.60588
31      7      833      0      1      3      200      0      5.31973
31      7      834      0      1      3      200      0      5.61307
31      7      835      0      1      3      200      0      5.40609
31      7      836      0      1      3      200      0      5.46855
31      7      837      0      1      3      200      0      5.43594
31      7      838      0      1      3      200      0      5.87701
31      7      839      0      1      3      200      0      5.69109
31      7      840      0      1      3      200      0      5.45727
31      7      841      0      1      3      200      0      5.63101
31      7      842      0      1      3      200      0      5.25616
31      7      843      0      1      3      200      0      5.74496
31      7      844      0      1      3      200      0      5.5581
31      7      845      0      1      3      200      0      5.44183
31      7      846      0      1      3      200      0      5.57839
31      7      847      0      1      3      200      0      5.67436
31      7      848      0      1      3      200      0      5.51741
31      7      849      0      1      3      200      0      5.66815
31      7      850      0      1      3      200      0      5.79821
31      7      851      0      1      3      200      0      5.64884
31      7      852      0      1      3      200      0      5.46322
31      7      853      0      1      3      200      0      5.82539
31      7      854      0      1      3      200      0      5.92054
31      7      855      0      1      3      200      0      5.49534
31      7      856      0      1      3      200      0      5.84428
31      7      857      0      1      3      200      0      5.57345
31      7      858      0      1      3      200      0      5.81763
31      7      859      0      1      3      200      0      5.48979
31      7      860      0      1      3      200      0      5.74915
31      7      861      0      1      3      200      0      5.6708
31      7      862      0      1      3      200      0      5.53259
31      7      863      0      1      3      200      0      5.65795
31      7      864      0      1      3      200      0      5.57273
31      7      865      0      1      3      200      0      5.30462
31      7      866      0      1      3      200      0      5.45241
31      7      867      0      1      3      200      0      5.74426
31      7      868      0      1      3      200      0      5.55333
31      7      869      0      1      3      200      0      5.66847
31      7      870      0      1      3      200      0      5.6803
31      7      871      0      1      3      200      0      5.57435
31      7      872      0      1      3      200      0      5.41078
31      7      873      0      1      3      200      0      5.7323
31      7      874      0      1      3      200      0      5.66357
31      7      875      0      1      3      200      0      5.7088
31      7      876      0      1      3      200      0      5.60349
31      7      877      0      1      3      200      0      5.69784
31      7      878      0      1      3      200      0      5.5863
31      7      879      0      1      3      200      0      5.40373
31      7      880      0      1      3      200      0      5.63969
31      7      881      0      1      3      200      0      5.77844
31      7      882      0      1      3      200      0      5.55329
31      7      883      0      1      3      200      0      5.67092
31      7      884      0      1      3      200      0      5.6967
31      7      885      0      1      3      200      0      5.49121
31      7      886      0      1      3      200      0      5.47249
31      7      887      0      1      3      200      0      5.52796
31      7      888      0      1      3      200      0      5.61604
31      7      889      0      1      3      200      0      5.47915
31      7      890      0      1      3      200      0      5.68039
31      7      891      0      1      3      200      0      5.52821
31      7      892      0      1      3      200      0      5.69661
31      7      893      0      1      3      200      0      5.5773
31      7      894      0      1      3      200      0      5.5944
31      7      895      0      1      3      200      0      5.58351
31      7      896      0      1      3      200      0      5.51669
31      7      897      0      1      3      200      0      5.41247
31      7      898      0      1      3      200      0      5.41535
31      7      899      0      1      3      200      0      5.64798
31      7      900      0      1      3      200      0      5.62291
31      7      901      0      1      3      200      0      5.94496
31      7      902      0      1      3      200      0      5.50078
31      7      903      0      1      3      200      0      5.48031
31      7      904      0      1      3      200      0      5.77273
31      7      905      0      1      3      200      0      5.43023
31      7      906      0      1      3      200      0      5.68417
31      7      907      0      1      3      200      0      5.52089
31      7      908      0      1      3      200      0      5.51932
31      7      909      0      1      3      0      0      0
