##
#  file: HodoPHCParam_Dummy
#  date: 2016.06.15
#  note: first version
#
#
#######################################################################
# CId	PlId	Seg	UorD	Type	nParam	p0	p1	...
#
#	Type=0 no correction will be performed
#	Type=1 ct=t-p[0]/sqrt(a-p[1])+p[2]
#	Type=2 ct=p[0]*a*a + p[1]*a + p[2] for Fiber
#
#######################################################################
#ID 1:RF
#ID 2:TAG-SF
#ID 3:TAG-PL
#######################################################################
# T0                                                                 #
#######################################################################
11	0	0	0	0	3	0.0416466 -0.801462 0.93261
11	0	0	1	0	3	0.0257652 -0.213325 0.167654
#######################################################################
# TOF Up                                                              #
#######################################################################
14      0      0      0      1      3      3.36557      0      4.08201
14      0      1      0      1      3      2.70514      0      3.41012
14      0      2      0      1      3      1.80113      0      2.61996
14      0      3      0      1      3      0.949004      0      0.973853
14      0      4      0      1      3      1.78379      0      1.70374
14      0      5      0      1      3      1.72007      0      1.61423
14      0      6      0      1      3      1.69262      0      1.38091
14      0      7      0      1      3      1.73447      0      1.53847
14      0      8      0      1      3      1.74779      0      1.26777
14      0      9      0      1      3      1.48054      0      1.37032
14      0      10      0      1      3      1.74404      0      1.79049
14      0      11      0      1      3      1.83712      0      1.82386
14      0      12      0      1      3      1.45192      0      0.875966
14      0      13      0      1      3      1.42413      0      1.00798
14      0      14      0      1      3      1.87428      0      1.48797
14      0      15      0      1      3      1.34352      0      0.946737
14      0      16      0      1      3      2.00232      0      1.58669
14      0      17      0      1      3      1.56868      0      1.15969
14      0      18      0      1      3      1.808      0      1.53599
14      0      19      0      1      3      1.5602      0      1.31451
14      0      20      0      1      3      1.81444      0      1.58566
14      0      21      0      1      3      1.88206      0      1.62425
14      0      22      0      1      3      1.77204      0      1.5489
14      0      23      0      1      3      2.00118      0      1.91938
14      0      24      0      1      3      1.71485      0      1.30382
14      0      25      0      1      3      1.75151      0      1.47063
14      0      26      0      1      3      1.711      0      1.23852
14      0      27      0      1      3      1.7934      0      1.63264
14      0      28      0      1      3      1.20663      0      0.821497
14      0      29      0      1      3      1.68701      0      1.37166
14      0      30      0      1      3      1.46406      0      0.93273
14      0      31      0      1      3      1.46946      0      0.945261
14      0      32      0      1      3      1.41195      0      0.734404
14      0      33      0      1      3      1.27226      0      0.84111
14      0      34      0      1      3      1.70206      0      1.11158
14      0      35      0      1      3      1.03147      0      0.524123
14      0      36      0      1      3      1.69606      0      1.6377
14      0      37      0      1      3      1.70221      0      1.62305
14      0      38      0      1      3      1.60573      0      1.68044
14      0      39      0      1      3      1.81432      0      1.7799
14      0      40      0      1      3      1.69371      0      1.69359
14      0      41      0      1      3      1.79631      0      1.76112
14      0      42      0      1      3      1.66792      0      1.50303
14      0      43      0      1      3      1.61828      0      1.57357
14      0      44      0      1      3      1.31242      0      1.23714
14      0      45      0      1      3      2.22997      0      2.10743
14      0      46      0      1      3      -0.44175      0      0.234933
14      0      47      0      1      3      2.09694      0      2.9226
#######################################################################
# TOF Down                                                            #
#######################################################################
14      0      0      1      1      3      -2.74388      0      -2.08695
14      0      1      1      1      3      3.64709      0      2.30412
14      0      2      1      1      3      2.13925      0      1.58644
14      0      3      1      1      3      3.4017      0      3.23711
14      0      4      1      1      3      1.98017      0      1.88044
14      0      5      1      1      3      2.40364      0      2.29507
14      0      6      1      1      3      2.5065      0      2.39845
14      0      7      1      1      3      2.47737      0      2.42025
14      0      8      1      1      3      2.25227      0      2.24816
14      0      9      1      1      3      2.27106      0      1.90956
14      0      10      1      1      3      2.37843      0      2.27495
14      0      11      1      1      3      2.33008      0      2.18936
14      0      12      1      1      3      2.08027      0      2.10821
14      0      13      1      1      3      2.46837      0      2.49573
14      0      14      1      1      3      2.24916      0      2.21384
14      0      15      1      1      3      2.06796      0      2.11302
14      0      16      1      1      3      2.11042      0      2.14104
14      0      17      1      1      3      1.88378      0      1.90972
14      0      18      1      1      3      1.9848      0      2.0442
14      0      19      1      1      3      2.12698      0      2.12963
14      0      20      1      1      3      2.03029      0      2.03844
14      0      21      1      1      3      2.17053      0      2.13769
14      0      22      1      1      3      1.9566      0      1.84299
14      0      23      1      1      3      1.7144      0      1.7155
14      0      24      1      1      3      2.17055      0      2.07995
14      0      25      1      1      3      2.12131      0      2.12344
14      0      26      1      1      3      2.22636      0      2.11366
14      0      27      1      1      3      1.98777      0      1.96375
14      0      28      1      1      3      2.50875      0      2.42564
14      0      29      1      1      3      2.31288      0      2.34386
14      0      30      1      1      3      2.43372      0      2.43587
14      0      31      1      1      3      2.35322      0      2.29747
14      0      32      1      1      3      2.37087      0      2.38787
14      0      33      1      1      3      2.59517      0      2.61206
14      0      34      1      1      3      1.71645      0      1.60048
14      0      35      1      1      3      2.62222      0      2.5563
14      0      36      1      1      3      2.43649      0      2.39673
14      0      37      1      1      3      2.48729      0      2.46596
14      0      38      1      1      3      2.98924      0      2.90295
14      0      39      1      1      3      2.46157      0      2.19427
14      0      40      1      1      3      2.32587      0      2.26446
14      0      41      1      1      3      2.19174      0      2.16714
14      0      42      1      1      3      2.1124      0      2.06181
14      0      43      1      1      3      2.30742      0      2.27664
14      0      44      1      1      3      2.57765      0      2.57192
14      0      45      1      1      3      2.58282      0      3.19194
14      0      46      1      1      3      0.153142      0      -0.070132
14      0      47      1      1      3      2.78307      0      2.49617
#######################################################################
# CFT                                                                 #
#######################################################################
31      0      0      0      1      3      200      0      2.87677
31      0      1      0      1      3      200      0      3.03437
31      0      2      0      1      3      200      0      3.03063
31      0      3      0      1      3      200      0      2.96943
31      0      4      0      1      3      200      0      2.78549
31      0      5      0      1      3      200      0      2.71534
31      0      6      0      1      3      200      0      2.8105
31      0      7      0      1      3      200      0      3.01862
31      0      8      0      1      3      200      0      3.01329
31      0      9      0      1      3      200      0      2.893
31      0      10      0      1      3      200      0      2.97393
31      0      11      0      1      3      200      0      2.97385
31      0      12      0      1      3      200      0      3.20824
31      0      13      0      1      3      200      0      3.08774
31      0      14      0      1      3      200      0      3.0084
31      0      15      0      1      3      200      0      2.84775
31      0      16      0      1      3      200      0      2.70237
31      0      17      0      1      3      200      0      3.03709
31      0      18      0      1      3      200      0      2.96915
31      0      19      0      1      3      200      0      2.93414
31      0      20      0      1      3      200      0      2.88981
31      0      21      0      1      3      200      0      2.85827
31      0      22      0      1      3      200      0      3.07094
31      0      23      0      1      3      200      0      2.85888
31      0      24      0      1      3      200      0      3.08728
31      0      25      0      1      3      200      0      2.82611
31      0      26      0      1      3      200      0      2.87982
31      0      27      0      1      3      200      0      2.83167
31      0      28      0      1      3      200      0      2.7988
31      0      29      0      1      3      200      0      3.04217
31      0      30      0      1      3      200      0      2.88704
31      0      31      0      1      3      200      0      2.79766
31      0      32      0      1      3      200      0      3.00621
31      0      33      0      1      3      200      0      3.01348
31      0      34      0      1      3      200      0      3.15418
31      0      35      0      1      3      200      0      3.12143
31      0      36      0      1      3      200      0      3.01254
31      0      37      0      1      3      200      0      3.00761
31      0      38      0      1      3      200      0      3.0659
31      0      39      0      1      3      200      0      3.08832
31      0      40      0      1      3      200      0      2.89348
31      0      41      0      1      3      200      0      3.00655
31      0      42      0      1      3      200      0      3.00988
31      0      43      0      1      3      200      0      2.83329
31      0      44      0      1      3      200      0      3.01436
31      0      45      0      1      3      200      0      3.15459
31      0      46      0      1      3      200      0      2.97657
31      0      47      0      1      3      200      0      2.79322
31      0      48      0      1      3      200      0      3.15249
31      0      49      0      1      3      200      0      2.83815
31      0      50      0      1      3      200      0      3.00716
31      0      51      0      1      3      200      0      2.90008
31      0      52      0      1      3      200      0      2.54504
31      0      53      0      1      3      200      0      2.82712
31      0      54      0      1      3      200      0      3.05744
31      0      55      0      1      3      200      0      2.77342
31      0      56      0      1      3      200      0      2.83535
31      0      57      0      1      3      200      0      2.75114
31      0      58      0      1      3      200      0      2.95106
31      0      59      0      1      3      200      0      2.92237
31      0      60      0      1      3      200      0      2.96392
31      0      61      0      1      3      200      0      2.78344
31      0      62      0      1      3      200      0      2.71483
31      0      63      0      1      3      200      0      2.85543
31      0      64      0      1      3      200      0      2.75284
31      0      65      0      1      3      200      0      3.08482
31      0      66      0      1      3      200      0      2.88586
31      0      67      0      1      3      200      0      3.05027
31      0      68      0      1      3      200      0      2.61396
31      0      69      0      1      3      200      0      2.69783
31      0      70      0      1      3      200      0      3.18079
31      0      71      0      1      3      200      0      3.2086
31      0      72      0      1      3      200      0      3.30347
31      0      73      0      1      3      200      0      2.84124
31      0      74      0      1      3      200      0      3.12199
31      0      75      0      1      3      200      0      3.09056
31      0      76      0      1      3      200      0      2.91837
31      0      77      0      1      3      200      0      2.8296
31      0      78      0      1      3      200      0      2.94052
31      0      79      0      1      3      200      0      3.09229
31      0      80      0      1      3      200      0      2.88446
31      0      81      0      1      3      200      0      2.99651
31      0      82      0      1      3      200      0      2.98577
31      0      83      0      1      3      200      0      2.88976
31      0      84      0      1      3      200      0      2.98051
31      0      85      0      1      3      200      0      2.84316
31      0      86      0      1      3      200      0      3.08828
31      0      87      0      1      3      200      0      2.9045
31      0      88      0      1      3      200      0      3.09216
31      0      89      0      1      3      200      0      3.01598
31      0      90      0      1      3      200      0      2.91568
31      0      91      0      1      3      200      0      3.13981
31      0      92      0      1      3      200      0      2.88914
31      0      93      0      1      3      200      0      3.00148
31      0      94      0      1      3      200      0      3.18237
31      0      95      0      1      3      200      0      2.80965
31      0      96      0      1      3      200      0      3.66732
31      0      97      0      1      3      200      0      3.15086
31      0      98      0      1      3      200      0      2.98752
31      0      99      0      1      3      200      0      3.05669
31      0      100      0      1      3      200      0      3.19179
31      0      101      0      1      3      200      0      3.0215
31      0      102      0      1      3      200      0      2.9041
31      0      103      0      1      3      200      0      3.12288
31      0      104      0      1      3      200      0      3.39417
31      0      105      0      1      3      200      0      2.8934
31      0      106      0      1      3      200      0      2.86556
31      0      107      0      1      3      200      0      2.9864
31      0      108      0      1      3      200      0      2.86547
31      0      109      0      1      3      200      0      3.1687
31      0      110      0      1      3      200      0      3.11273
31      0      111      0      1      3      200      0      2.95445
31      0      112      0      1      3      200      0      2.93178
31      0      113      0      1      3      200      0      3.26372
31      0      114      0      1      3      200      0      3.1643
31      0      115      0      1      3      200      0      3.31427
31      0      116      0      1      3      200      0      3.07836
31      0      117      0      1      3      200      0      3.12086
31      0      118      0      1      3      200      0      3.15807
31      0      119      0      1      3      200      0      2.88304
31      0      120      0      1      3      200      0      3.10065
31      0      121      0      1      3      200      0      2.95644
31      0      122      0      1      3      200      0      2.95991
31      0      123      0      1      3      200      0      3.4092
31      0      124      0      1      3      200      0      3.20486
31      0      125      0      1      3      200      0      3.5607
31      0      126      0      1      3      200      0      2.92156
31      0      127      0      1      3      200      0      3.43928
31      0      128      0      1      3      200      0      3.99278
31      0      129      0      1      3      200      0      3.16951
31      0      130      0      1      3      200      0      2.83386
31      0      131      0      1      3      200      0      3.09254
31      0      132      0      1      3      200      0      2.78383
31      0      133      0      1      3      200      0      2.72545
31      0      134      0      1      3      200      0      2.88018
31      0      135      0      1      3      200      0      2.89706
31      0      136      0      1      3      200      0      2.74392
31      0      137      0      1      3      200      0      2.53039
31      0      138      0      1      3      200      0      2.8596
31      0      139      0      1      3      200      0      2.9712
31      0      140      0      1      3      200      0      2.78358
31      0      141      0      1      3      200      0      3.0057
31      0      142      0      1      3      200      0      3.06114
31      0      143      0      1      3      200      0      3.06209
31      0      144      0      1      3      200      0      3.20359
31      0      145      0      1      3      200      0      3.20662
31      0      146      0      1      3      200      0      3.12888
31      0      147      0      1      3      200      0      3.01772
31      0      148      0      1      3      200      0      3.23165
31      0      149      0      1      3      200      0      2.90228
31      0      150      0      1      3      200      0      3.17404
31      0      151      0      1      3      200      0      3.30441
31      0      152      0      1      3      200      0      3.25185
31      0      153      0      1      3      200      0      2.90226
31      0      154      0      1      3      200      0      3.19847
31      0      155      0      1      3      200      0      3.64454
31      0      156      0      1      3      200      0      3.25959
31      0      157      0      1      3      200      0      3.42041
31      0      158      0      1      3      200      0      3.08919
31      0      159      0      1      3      200      0      3.39867
31      0      160      0      1      3      200      0      2.77239
31      0      161      0      1      3      200      0      2.54997
31      0      162      0      1      3      200      0      3.0075
31      0      163      0      1      3      200      0      2.66
31      0      164      0      1      3      200      0      2.8475
31      0      165      0      1      3      200      0      2.92635
31      0      166      0      1      3      200      0      3.02348
31      0      167      0      1      3      200      0      2.74864
31      0      168      0      1      3      200      0      2.9092
31      0      169      0      1      3      200      0      2.62312
31      0      170      0      1      3      200      0      3.10029
31      0      171      0      1      3      200      0      2.74923
31      0      172      0      1      3      200      0      3.2066
31      0      173      0      1      3      200      0      2.64637
31      0      174      0      1      3      200      0      3.06048
31      0      175      0      1      3      200      0      2.79054
31      0      176      0      1      3      200      0      3.02862
31      0      177      0      1      3      200      0      3.35328
31      0      178      0      1      3      200      0      3.1559
31      0      179      0      1      3      200      0      2.76399
31      0      180      0      1      3      200      0      2.82645
31      0      181      0      1      3      200      0      2.9595
31      0      182      0      1      3      200      0      3.07337
31      0      183      0      1      3      200      0      3.10595
31      0      184      0      1      3      200      0      2.94048
31      0      185      0      1      3      200      0      3.18925
31      0      186      0      1      3      200      0      2.94287
31      0      187      0      1      3      200      0      3.14764
31      0      188      0      1      3      200      0      3.34235
31      0      189      0      1      3      200      0      2.99287
31      0      190      0      1      3      200      0      3.07028
31      0      191      0      1      3      200      0      2.9862
31      0      192      0      1      3      200      0      3.40089
31      0      193      0      1      3      200      0      3.29337
31      0      194      0      1      3      200      0      3.17518
31      0      195      0      1      3      200      0      3.37459
31      0      196      0      1      3      200      0      3.33337
31      0      197      0      1      3      200      0      3.19184
31      0      198      0      1      3      200      0      3.44406
31      0      199      0      1      3      200      0      3.22203
31      0      200      0      1      3      200      0      3.47393
31      0      201      0      1      3      200      0      3.34128
31      0      202      0      1      3      200      0      3.09979
31      0      203      0      1      3      200      0      3.22043
31      0      204      0      1      3      200      0      3.39245
31      0      205      0      1      3      200      0      3.21556
31      0      206      0      1      3      200      0      3.17983
31      0      207      0      1      3      200      0      3.28743
31      0      208      0      1      3      200      0      3.36546
31      0      209      0      1      3      200      0      3.09727
31      0      210      0      1      3      200      0      3.54075
31      0      211      0      1      3      200      0      3.24708
31      0      212      0      1      3      200      0      3.362
31      0      213      0      1      3      200      0      3.39244
31      0      214      0      1      3      200      0      3.47663
31      0      215      0      1      3      200      0      3.24621
31      0      216      0      1      3      200      0      3.51989
31      0      217      0      1      3      200      0      3.21856
31      0      218      0      1      3      200      0      3.27831
31      0      219      0      1      3      200      0      3.05532
31      0      220      0      1      3      200      0      3.51622
31      0      221      0      1      3      200      0      3.50567
31      0      222      0      1      3      200      0      3.46892
31      0      223      0      1      3      200      0      3.30272
31      0      224      0      1      3      200      0      3.92594
31      0      225      0      1      3      200      0      3.58139
31      0      226      0      1      3      200      0      3.68995
31      0      227      0      1      3      200      0      3.64585
31      0      228      0      1      3      200      0      3.6774
31      0      229      0      1      3      200      0      3.89344
31      0      230      0      1      3      200      0      3.74751
31      0      231      0      1      3      200      0      3.65612
31      0      232      0      1      3      200      0      3.07437
31      0      233      0      1      3      200      0      3.52325
31      0      234      0      1      3      200      0      3.38176
31      0      235      0      1      3      200      0      3.54123
31      0      236      0      1      3      200      0      3.13359
31      0      237      0      1      3      200      0      3.77377
31      0      238      0      1      3      200      0      3.4525
31      0      239      0      1      3      200      0      3.58189
31      0      240      0      1      3      200      0      3.62114
31      0      241      0      1      3      200      0      3.67683
31      0      242      0      1      3      200      0      3.72255
31      0      243      0      1      3      200      0      3.50485
31      0      244      0      1      3      200      0      3.78394
31      0      245      0      1      3      200      0      3.504
31      0      246      0      1      3      200      0      3.57133
31      0      247      0      1      3      200      0      3.3853
31      0      248      0      1      3      200      0      3.65002
31      0      249      0      1      3      200      0      3.48968
31      0      250      0      1      3      200      0      3.68751
31      0      251      0      1      3      200      0      4.07711
31      0      252      0      1      3      200      0      3.83833
31      0      253      0      1      3      200      0      3.94678
31      0      254      0      1      3      200      0      3.79536
31      0      255      0      1      3      200      0      4.44185
31      0      256      0      1      3      200      0      3.43222
31      0      257      0      1      3      200      0      3.56154
31      0      258      0      1      3      200      0      3.41566
31      0      259      0      1      3      200      0      3.56056
31      0      260      0      1      3      200      0      3.58129
31      0      261      0      1      3      200      0      3.43025
31      0      262      0      1      3      200      0      3.63718
31      0      263      0      1      3      200      0      3.50091
31      0      264      0      1      3      200      0      3.66235
31      0      265      0      1      3      200      0      3.58227
31      0      266      0      1      3      200      0      3.73601
31      0      267      0      1      3      200      0      3.69704
31      0      268      0      1      3      200      0      3.50583
31      0      269      0      1      3      200      0      3.59195
31      0      270      0      1      3      200      0      3.623
31      0      271      0      1      3      200      0      3.62088
31      0      272      0      1      3      200      0      3.77665
31      0      273      0      1      3      200      0      3.68018
31      0      274      0      1      3      200      0      3.57512
31      0      275      0      1      3      200      0      3.61498
31      0      276      0      1      3      200      0      3.49188
31      0      277      0      1      3      200      0      3.51728
31      0      278      0      1      3      200      0      3.61879
31      0      279      0      1      3      200      0      3.67384
31      0      280      0      1      3      200      0      3.57467
31      0      281      0      1      3      200      0      3.70215
31      0      282      0      1      3      200      0      3.64842
31      0      283      0      1      3      200      0      3.55472
31      0      284      0      1      3      200      0      3.58575
31      0      285      0      1      3      200      0      3.66714
31      0      286      0      1      3      200      0      3.7959
31      0      287      0      1      3      200      0      3.78742
31      0      288      0      1      3      200      0      3.36174
31      0      289      0      1      3      200      0      3.30363
31      0      290      0      1      3      200      0      3.623
31      0      291      0      1      3      200      0      3.34517
31      0      292      0      1      3      200      0      3.31844
31      0      293      0      1      3      200      0      3.36122
31      0      294      0      1      3      200      0      3.77808
31      0      295      0      1      3      200      0      3.3357
31      0      296      0      1      3      200      0      3.57128
31      0      297      0      1      3      200      0      3.41515
31      0      298      0      1      3      200      0      3.36369
31      0      299      0      1      3      200      0      3.76846
31      0      300      0      1      3      200      0      3.54773
31      0      301      0      1      3      200      0      3.62377
31      0      302      0      1      3      200      0      3.70704
31      0      303      0      1      3      200      0      3.73851
31      0      304      0      1      3      200      0      3.52875
31      0      305      0      1      3      200      0      3.77881
31      0      306      0      1      3      200      0      3.59541
31      0      307      0      1      3      200      0      3.6538
31      0      308      0      1      3      200      0      3.56489
31      0      309      0      1      3      200      0      3.85373
31      0      310      0      1      3      200      0      3.58431
31      0      311      0      1      3      200      0      3.67435
31      0      312      0      1      3      200      0      3.86248
31      0      313      0      1      3      200      0      3.91526
31      0      314      0      1      3      200      0      3.47773
31      0      315      0      1      3      200      0      3.67869
31      0      316      0      1      3      200      0      3.69188
31      0      317      0      1      3      200      0      3.48601
31      0      318      0      1      3      200      0      3.62203
31      0      319      0      1      3      200      0      3.67707
31      0      320      0      1      3      200      0      3.63495
31      0      321      0      1      3      200      0      3.54908
31      0      322      0      1      3      200      0      3.80311
31      0      323      0      1      3      200      0      3.64578
31      0      324      0      1      3      200      0      3.70814
31      0      325      0      1      3      200      0      3.53389
31      0      326      0      1      3      200      0      3.45693
31      0      327      0      1      3      200      0      3.55294
31      0      328      0      1      3      200      0      3.53416
31      0      329      0      1      3      200      0      3.54963
31      0      330      0      1      3      200      0      3.53858
31      0      331      0      1      3      200      0      3.75367
31      0      332      0      1      3      200      0      3.44213
31      0      333      0      1      3      200      0      3.65107
31      0      334      0      1      3      200      0      3.67125
31      0      335      0      1      3      200      0      3.72586
31      0      336      0      1      3      200      0      3.66326
31      0      337      0      1      3      200      0      3.41156
31      0      338      0      1      3      200      0      3.59046
31      0      339      0      1      3      200      0      3.60703
31      0      340      0      1      3      200      0      3.52899
31      0      341      0      1      3      200      0      3.69688
31      0      342      0      1      3      200      0      3.39132
31      0      343      0      1      3      200      0      3.4009
31      0      344      0      1      3      200      0      3.3517
31      0      345      0      1      3      200      0      3.49312
31      0      346      0      1      3      200      0      3.45816
31      0      347      0      1      3      200      0      3.43236
31      0      348      0      1      3      200      0      3.44816
31      0      349      0      1      3      200      0      3.40399
31      0      350      0      1      3      200      0      3.78814
31      0      351      0      1      3      200      0      3.4456
31      0      352      0      1      3      200      0      3.54268
31      0      353      0      1      3      200      0      3.42171
31      0      354      0      1      3      200      0      3.39788
31      0      355      0      1      3      200      0      3.40159
31      0      356      0      1      3      200      0      3.59757
31      0      357      0      1      3      200      0      3.56248
31      0      358      0      1      3      200      0      3.53567
31      0      359      0      1      3      200      0      3.50878
31      0      360      0      1      3      200      0      3.40011
31      0      361      0      1      3      200      0      3.585
31      0      362      0      1      3      200      0      3.3119
31      0      363      0      1      3      200      0      3.59712
31      0      364      0      1      3      200      0      3.51742
31      0      365      0      1      3      200      0      3.47311
31      0      366      0      1      3      200      0      3.29207
31      0      367      0      1      3      200      0      3.6566
31      0      368      0      1      3      200      0      3.46658
31      0      369      0      1      3      200      0      3.67711
31      0      370      0      1      3      200      0      3.35817
31      0      371      0      1      3      200      0      3.56209
31      0      372      0      1      3      200      0      3.50101
31      0      373      0      1      3      200      0      3.26423
31      0      374      0      1      3      200      0      3.16066
31      0      375      0      1      3      200      0      3.38887
31      0      376      0      1      3      200      0      3.43801
31      0      377      0      1      3      200      0      3.34047
31      0      378      0      1      3      200      0      3.3959
31      0      379      0      1      3      200      0      3.37669
31      0      380      0      1      3      200      0      3.40473
31      0      381      0      1      3      200      0      3.28753
31      0      382      0      1      3      200      0      3.25048
31      0      383      0      1      3      200      0      3.5617
31      0      384      0      1      3      200      0      3.28504
31      0      385      0      1      3      200      0      3.36243
31      0      386      0      1      3      200      0      3.09714
31      0      387      0      1      3      200      0      3.14221
31      0      388      0      1      3      200      0      3.37262
31      0      389      0      1      3      200      0      3.26766
31      0      390      0      1      3      200      0      3.33647
31      0      391      0      1      3      200      0      3.68594
31      0      392      0      1      3      200      0      3.32675
31      0      393      0      1      3      200      0      3.43664
31      0      394      0      1      3      200      0      3.41184
31      0      395      0      1      3      200      0      3.59315
31      0      396      0      1      3      200      0      3.29668
31      0      397      0      1      3      200      0      3.10925
31      0      398      0      1      3      200      0      3.34221
31      0      399      0      1      3      200      0      3.05822
31      0      400      0      1      3      200      0      2.72171
31      0      401      0      1      3      200      0      3.03496
31      0      402      0      1      3      200      0      3.01391
31      0      403      0      1      3      200      0      3.26805
31      0      404      0      1      3      200      0      3.07467
31      0      405      0      1      3      200      0      3.07802
31      0      406      0      1      3      200      0      3.08848
31      0      407      0      1      3      200      0      2.81306
31      0      408      0      1      3      200      0      3.10078
31      0      409      0      1      3      200      0      2.99226
31      0      410      0      1      3      200      0      2.99758
31      0      411      0      1      3      200      0      3.1115
31      0      412      0      1      3      200      0      2.99743
31      0      413      0      1      3      200      0      3.06131
31      0      414      0      1      3      200      0      3.22434
31      0      415      0      1      3      200      0      3.04754
31      0      416      0      1      3      200      0      3.05932
31      0      417      0      1      3      200      0      3.20291
31      0      418      0      1      3      200      0      3.3816
31      0      419      0      1      3      200      0      3.1689
31      0      420      0      1      3      200      0      3.26418
31      0      421      0      1      3      200      0      3.18061
31      0      422      0      1      3      200      0      3.00494
31      0      423      0      1      3      200      0      3.08375
31      0      424      0      1      3      200      0      3.03698
31      0      425      0      1      3      200      0      2.9031
31      1      0      0      1      3      200      0      3.11913
31      1      1      0      1      3      200      0      2.9997
31      1      2      0      1      3      200      0      3.07189
31      1      3      0      1      3      200      0      3.20141
31      1      4      0      1      3      200      0      3.12235
31      1      5      0      1      3      200      0      3.30341
31      1      6      0      1      3      200      0      3.01426
31      1      7      0      1      3      200      0      2.97616
31      1      8      0      1      3      200      0      3.36343
31      1      9      0      1      3      200      0      2.87396
31      1      10      0      1      3      200      0      3.25183
31      1      11      0      1      3      200      0      3.30195
31      1      12      0      1      3      200      0      3.21287
31      1      13      0      1      3      200      0      2.86392
31      1      14      0      1      3      200      0      3.17933
31      1      15      0      1      3      200      0      3.11262
31      1      16      0      1      3      200      0      2.87543
31      1      17      0      1      3      200      0      3.2679
31      1      18      0      1      3      200      0      3.26317
31      1      19      0      1      3      200      0      3.14196
31      1      20      0      1      3      200      0      3.27626
31      1      21      0      1      3      200      0      3.04901
31      1      22      0      1      3      200      0      3.12537
31      1      23      0      1      3      200      0      3.19628
31      1      24      0      1      3      200      0      3.17954
31      1      25      0      1      3      200      0      2.97605
31      1      26      0      1      3      200      0      3.00937
31      1      27      0      1      3      200      0      3.15999
31      1      28      0      1      3      200      0      3.12889
31      1      29      0      1      3      200      0      2.94902
31      1      30      0      1      3      200      0      3.09767
31      1      31      0      1      3      200      0      3.11027
31      1      32      0      1      3      200      0      3.23581
31      1      33      0      1      3      200      0      3.06916
31      1      34      0      1      3      200      0      3.20628
31      1      35      0      1      3      200      0      3.21833
31      1      36      0      1      3      200      0      3.04247
31      1      37      0      1      3      200      0      3.26086
31      1      38      0      1      3      200      0      3.06792
31      1      39      0      1      3      200      0      3.11702
31      1      40      0      1      3      200      0      2.98233
31      1      41      0      1      3      200      0      3.30284
31      1      42      0      1      3      200      0      3.11174
31      1      43      0      1      3      200      0      3.20077
31      1      44      0      1      3      200      0      3.05693
31      1      45      0      1      3      200      0      3.04566
31      1      46      0      1      3      200      0      3.08144
31      1      47      0      1      3      200      0      3.11225
31      1      48      0      1      3      200      0      3.01275
31      1      49      0      1      3      200      0      3.33475
31      1      50      0      1      3      200      0      3.29675
31      1      51      0      1      3      200      0      3.22002
31      1      52      0      1      3      200      0      3.22693
31      1      53      0      1      3      200      0      3.13473
31      1      54      0      1      3      200      0      3.19236
31      1      55      0      1      3      200      0      3.45304
31      1      56      0      1      3      200      0      3.32612
31      1      57      0      1      3      200      0      3.27636
31      1      58      0      1      3      200      0      3.34222
31      1      59      0      1      3      200      0      3.02614
31      1      60      0      1      3      200      0      3.43214
31      1      61      0      1      3      200      0      3.04374
31      1      62      0      1      3      200      0      3.30464
31      1      63      0      1      3      200      0      3.32357
31      1      64      0      1      3      200      0      3.20453
31      1      65      0      1      3      200      0      3.10638
31      1      66      0      1      3      200      0      3.10089
31      1      67      0      1      3      200      0      3.1649
31      1      68      0      1      3      200      0      3.03483
31      1      69      0      1      3      200      0      3.05789
31      1      70      0      1      3      200      0      3.28992
31      1      71      0      1      3      200      0      3.22612
31      1      72      0      1      3      200      0      3.27474
31      1      73      0      1      3      200      0      3.07902
31      1      74      0      1      3      200      0      3.30855
31      1      75      0      1      3      200      0      3.12335
31      1      76      0      1      3      200      0      3.26974
31      1      77      0      1      3      200      0      3.09744
31      1      78      0      1      3      200      0      3.3482
31      1      79      0      1      3      200      0      3.15809
31      1      80      0      1      3      200      0      3.07125
31      1      81      0      1      3      200      0      3.34599
31      1      82      0      1      3      200      0      3.49228
31      1      83      0      1      3      200      0      3.43943
31      1      84      0      1      3      200      0      3.4039
31      1      85      0      1      3      200      0      3.07508
31      1      86      0      1      3      200      0      3.26764
31      1      87      0      1      3      200      0      3.19106
31      1      88      0      1      3      200      0      3.12256
31      1      89      0      1      3      200      0      3.25856
31      1      90      0      1      3      200      0      3.39289
31      1      91      0      1      3      200      0      3.26689
31      1      92      0      1      3      200      0      3.11772
31      1      93      0      1      3      200      0      3.03675
31      1      94      0      1      3      200      0      3.31377
31      1      95      0      1      3      200      0      3.28179
31      1      96      0      1      3      200      0      3.06583
31      1      97      0      1      3      200      0      3.00974
31      1      98      0      1      3      200      0      3.10345
31      1      99      0      1      3      200      0      3.18065
31      1      100      0      1      3      200      0      3.13926
31      1      101      0      1      3      200      0      3.06398
31      1      102      0      1      3      200      0      3.36721
31      1      103      0      1      3      200      0      3.25312
31      1      104      0      1      3      200      0      3.06027
31      1      105      0      1      3      200      0      3.25377
31      1      106      0      1      3      200      0      2.90095
31      1      107      0      1      3      200      0      3.36066
31      1      108      0      1      3      200      0      3.00951
31      1      109      0      1      3      200      0      3.31894
31      1      110      0      1      3      200      0      3.19947
31      1      111      0      1      3      200      0      3.19677
31      1      112      0      1      3      200      0      3.06343
31      1      113      0      1      3      200      0      3.26201
31      1      114      0      1      3      200      0      2.99684
31      1      115      0      1      3      200      0      3.18149
31      1      116      0      1      3      200      0      3.08033
31      1      117      0      1      3      200      0      3.29898
31      1      118      0      1      3      200      0      3.13125
31      1      119      0      1      3      200      0      3.21087
31      1      120      0      1      3      200      0      3.17514
31      1      121      0      1      3      200      0      3.31831
31      1      122      0      1      3      200      0      3.0918
31      1      123      0      1      3      200      0      3.41918
31      1      124      0      1      3      200      0      3.19231
31      1      125      0      1      3      200      0      3.50599
31      1      126      0      1      3      200      0      3.42562
31      1      127      0      1      3      200      0      3.14622
31      1      128      0      1      3      200      0      3.18856
31      1      129      0      1      3      200      0      3.28179
31      1      130      0      1      3      200      0      3.16434
31      1      131      0      1      3      200      0      3.28148
31      1      132      0      1      3      200      0      3.04781
31      1      133      0      1      3      200      0      3.16818
31      1      134      0      1      3      200      0      3.25835
31      1      135      0      1      3      200      0      3.27338
31      1      136      0      1      3      200      0      3.02902
31      1      137      0      1      3      200      0      2.9951
31      1      138      0      1      3      200      0      3.06382
31      1      139      0      1      3      200      0      3.14582
31      1      140      0      1      3      200      0      3.17736
31      1      141      0      1      3      200      0      3.23478
31      1      142      0      1      3      200      0      3.12094
31      1      143      0      1      3      200      0      3.37936
31      1      144      0      1      3      200      0      3.11202
31      1      145      0      1      3      200      0      3.23853
31      1      146      0      1      3      200      0      3.27899
31      1      147      0      1      3      200      0      3.08748
31      1      148      0      1      3      200      0      3.11388
31      1      149      0      1      3      200      0      3.3029
31      1      150      0      1      3      200      0      3.12947
31      1      151      0      1      3      200      0      3.20553
31      1      152      0      1      3      200      0      3.11749
31      1      153      0      1      3      200      0      3.13987
31      1      154      0      1      3      200      0      3.32892
31      1      155      0      1      3      200      0      3.15879
31      1      156      0      1      3      200      0      3.03678
31      1      157      0      1      3      200      0      3.42096
31      1      158      0      1      3      200      0      3.1581
31      1      159      0      1      3      200      0      3.02972
31      1      160      0      1      3      200      0      3.20113
31      1      161      0      1      3      200      0      3.32135
31      1      162      0      1      3      200      0      3.16689
31      1      163      0      1      3      200      0      3.29794
31      1      164      0      1      3      200      0      3.25981
31      1      165      0      1      3      200      0      3.18855
31      1      166      0      1      3      200      0      3.3228
31      1      167      0      1      3      200      0      3.11793
31      1      168      0      1      3      200      0      3.07974
31      1      169      0      1      3      200      0      3.10722
31      1      170      0      1      3      200      0      2.98268
31      1      171      0      1      3      200      0      3.11474
31      1      172      0      1      3      200      0      3.11683
31      1      173      0      1      3      200      0      3.27358
31      1      174      0      1      3      200      0      3.3115
31      1      175      0      1      3      200      0      3.16442
31      1      176      0      1      3      200      0      2.98941
31      1      177      0      1      3      200      0      3.01148
31      1      178      0      1      3      200      0      3.08055
31      1      179      0      1      3      200      0      3.25652
31      1      180      0      1      3      200      0      3.30425
31      1      181      0      1      3      200      0      3.15444
31      1      182      0      1      3      200      0      3.32395
31      1      183      0      1      3      200      0      3.20501
31      1      184      0      1      3      200      0      3.27088
31      1      185      0      1      3      200      0      3.24169
31      1      186      0      1      3      200      0      3.24192
31      1      187      0      1      3      200      0      3.37931
31      1      188      0      1      3      200      0      3.27975
31      1      189      0      1      3      200      0      3.43669
31      1      190      0      1      3      200      0      3.1825
31      1      191      0      1      3      200      0      3.12153
31      1      192      0      1      3      200      0      3.21748
31      1      193      0      1      3      200      0      2.99676
31      1      194      0      1      3      200      0      3.12913
31      1      195      0      1      3      200      0      3.15605
31      1      196      0      1      3      200      0      3.23052
31      1      197      0      1      3      200      0      3.16566
31      1      198      0      1      3      200      0      3.08646
31      1      199      0      1      3      200      0      3.06867
31      1      200      0      1      3      200      0      3.08324
31      1      201      0      1      3      200      0      3.24858
31      1      202      0      1      3      200      0      3.14085
31      1      203      0      1      3      200      0      3.03072
31      1      204      0      1      3      200      0      3.0749
31      1      205      0      1      3      200      0      2.96959
31      1      206      0      1      3      200      0      3.14691
31      1      207      0      1      3      200      0      2.98909
31      1      208      0      1      3      200      0      3.1278
31      1      209      0      1      3      200      0      3.05689
31      1      210      0      1      3      200      0      3.13846
31      1      211      0      1      3      200      0      3.08677
31      1      212      0      1      3      200      0      3.21442
31      1      213      0      1      3      200      0      3.21085
31      1      214      0      1      3      200      0      3.21527
31      1      215      0      1      3      200      0      3.24157
31      1      216      0      1      3      200      0      3.07597
31      1      217      0      1      3      200      0      3.17037
31      1      218      0      1      3      200      0      3.11333
31      1      219      0      1      3      200      0      3.29122
31      1      220      0      1      3      200      0      3.28736
31      1      221      0      1      3      200      0      3.03858
31      1      222      0      1      3      200      0      3.26199
31      1      223      0      1      3      200      0      3.38678
31      1      224      0      1      3      200      0      3.85843
31      1      225      0      1      3      200      0      3.49058
31      1      226      0      1      3      200      0      3.22026
31      1      227      0      1      3      200      0      3.18432
31      1      228      0      1      3      200      0      3.38837
31      1      229      0      1      3      200      0      3.44473
31      1      230      0      1      3      200      0      3.52051
31      1      231      0      1      3      200      0      3.28708
31      1      232      0      1      3      200      0      3.43081
31      1      233      0      1      3      200      0      3.34875
31      1      234      0      1      3      200      0      3.12583
31      1      235      0      1      3      200      0      3.4418
31      1      236      0      1      3      200      0      3.09094
31      1      237      0      1      3      200      0      3.33718
31      1      238      0      1      3      200      0      3.34969
31      1      239      0      1      3      200      0      3.51996
31      1      240      0      1      3      200      0      3.54682
31      1      241      0      1      3      200      0      3.13494
31      1      242      0      1      3      200      0      3.41286
31      1      243      0      1      3      200      0      3.35206
31      1      244      0      1      3      200      0      3.38789
31      1      245      0      1      3      200      0      3.11536
31      1      246      0      1      3      200      0      3.12022
31      1      247      0      1      3      200      0      3.36673
31      1      248      0      1      3      200      0      3.33243
31      1      249      0      1      3      200      0      2.93399
31      1      250      0      1      3      200      0      3.45449
31      1      251      0      1      3      200      0      3.6282
31      1      252      0      1      3      200      0      3.14807
31      1      253      0      1      3      200      0      3.68883
31      1      254      0      1      3      200      0      3.3546
31      1      255      0      1      3      200      0      3.94293
31      1      256      0      1      3      200      0      3.8775
31      1      257      0      1      3      200      0      3.46228
31      1      258      0      1      3      200      0      3.10856
31      1      259      0      1      3      200      0      3.37141
31      1      260      0      1      3      200      0      3.22083
31      1      261      0      1      3      200      0      3.48092
31      1      262      0      1      3      200      0      3.13054
31      1      263      0      1      3      200      0      3.09778
31      1      264      0      1      3      200      0      3.32595
31      1      265      0      1      3      200      0      3.45213
31      1      266      0      1      3      200      0      3.34525
31      1      267      0      1      3      200      0      3.40846
31      1      268      0      1      3      200      0      3.16871
31      1      269      0      1      3      200      0      3.55163
31      1      270      0      1      3      200      0      3.02677
31      1      271      0      1      3      200      0      3.38658
31      1      272      0      1      3      200      0      3.22138
31      1      273      0      1      3      200      0      3.1891
31      1      274      0      1      3      200      0      3.27172
31      1      275      0      1      3      200      0      3.21408
31      1      276      0      1      3      200      0      3.33478
31      1      277      0      1      3      200      0      3.40542
31      1      278      0      1      3      200      0      3.49629
31      1      279      0      1      3      200      0      3.24667
31      1      280      0      1      3      200      0      3.38154
31      1      281      0      1      3      200      0      2.93538
31      1      282      0      1      3      200      0      3.33576
31      1      283      0      1      3      200      0      3.79698
31      1      284      0      1      3      200      0      3.42827
31      1      285      0      1      3      200      0      3.91932
31      1      286      0      1      3      200      0      3.10599
31      1      287      0      1      3      200      0      3.58649
31      1      288      0      1      3      200      0      3.57643
31      1      289      0      1      3      200      0      3.33291
31      1      290      0      1      3      200      0      3.03866
31      1      291      0      1      3      200      0      3.18144
31      1      292      0      1      3      200      0      3.23137
31      1      293      0      1      3      200      0      3.40933
31      1      294      0      1      3      200      0      3.16321
31      1      295      0      1      3      200      0      3.25046
31      1      296      0      1      3      200      0      3.18074
31      1      297      0      1      3      200      0      3.28896
31      1      298      0      1      3      200      0      3.37993
31      1      299      0      1      3      200      0      3.38728
31      1      300      0      1      3      200      0      3.06937
31      1      301      0      1      3      200      0      3.30403
31      1      302      0      1      3      200      0      3.2343
31      1      303      0      1      3      200      0      3.21796
31      1      304      0      1      3      200      0      3.4885
31      1      305      0      1      3      200      0      3.14833
31      1      306      0      1      3      200      0      3.08652
31      1      307      0      1      3      200      0      2.86097
31      1      308      0      1      3      200      0      2.96599
31      1      309      0      1      3      200      0      3.21978
31      1      310      0      1      3      200      0      3.19311
31      1      311      0      1      3      200      0      2.99916
31      1      312      0      1      3      200      0      3.21978
31      1      313      0      1      3      200      0      2.9226
31      1      314      0      1      3      200      0      3.05384
31      1      315      0      1      3      200      0      3.44685
31      1      316      0      1      3      200      0      3.4073
31      1      317      0      1      3      200      0      3.48736
31      1      318      0      1      3      200      0      2.86901
31      1      319      0      1      3      200      0      3.72384
31      1      320      0      1      3      200      0      3.40208
31      1      321      0      1      3      200      0      2.70011
31      1      322      0      1      3      200      0      2.9012
31      1      323      0      1      3      200      0      3.21933
31      1      324      0      1      3      200      0      3.0128
31      1      325      0      1      3      200      0      2.99685
31      1      326      0      1      3      200      0      3.20674
31      1      327      0      1      3      200      0      3.08032
31      1      328      0      1      3      200      0      3.16135
31      1      329      0      1      3      200      0      3.16226
31      1      330      0      1      3      200      0      2.99017
31      1      331      0      1      3      200      0      3.2929
31      1      332      0      1      3      200      0      3.05973
31      1      333      0      1      3      200      0      3.34194
31      1      334      0      1      3      200      0      3.03079
31      1      335      0      1      3      200      0      3.10209
31      1      336      0      1      3      200      0      3.14021
31      1      337      0      1      3      200      0      2.69641
31      1      338      0      1      3      200      0      3.12288
31      1      339      0      1      3      200      0      3.08561
31      1      340      0      1      3      200      0      3.02367
31      1      341      0      1      3      200      0      3.00031
31      1      342      0      1      3      200      0      3.23013
31      1      343      0      1      3      200      0      2.89882
31      1      344      0      1      3      200      0      3.26065
31      1      345      0      1      3      200      0      3.2107
31      1      346      0      1      3      200      0      3.29685
31      1      347      0      1      3      200      0      3.26698
31      1      348      0      1      3      200      0      3.02498
31      1      349      0      1      3      200      0      3.22531
31      1      350      0      1      3      200      0      3.15451
31      1      351      0      1      3      200      0      3.76233
31      1      352      0      1      3      200      0      2.7365
31      1      353      0      1      3      200      0      2.8853
31      1      354      0      1      3      200      0      2.91998
31      1      355      0      1      3      200      0      2.92567
31      1      356      0      1      3      200      0      2.6143
31      1      357      0      1      3      200      0      2.88911
31      1      358      0      1      3      200      0      3.01192
31      1      359      0      1      3      200      0      2.93252
31      1      360      0      1      3      200      0      2.94587
31      1      361      0      1      3      200      0      2.77713
31      1      362      0      1      3      200      0      2.84941
31      1      363      0      1      3      200      0      2.96872
31      1      364      0      1      3      200      0      2.70428
31      1      365      0      1      3      200      0      2.69413
31      1      366      0      1      3      200      0      2.82739
31      1      367      0      1      3      200      0      2.9315
31      1      368      0      1      3      200      0      3.0836
31      1      369      0      1      3      200      0      2.75984
31      1      370      0      1      3      200      0      2.8202
31      1      371      0      1      3      200      0      2.89574
31      1      372      0      1      3      200      0      2.75872
31      1      373      0      1      3      200      0      2.8927
31      1      374      0      1      3      200      0      2.76372
31      1      375      0      1      3      200      0      2.75471
31      1      376      0      1      3      200      0      2.79931
31      1      377      0      1      3      200      0      2.87283
31      1      378      0      1      3      200      0      2.79503
31      1      379      0      1      3      200      0      3.08435
31      1      380      0      1      3      200      0      2.79584
31      1      381      0      1      3      200      0      2.61972
31      1      382      0      1      3      200      0      2.88559
31      1      383      0      1      3      200      0      2.9081
31      1      384      0      1      3      200      0      2.77028
31      1      385      0      1      3      200      0      2.84664
31      1      386      0      1      3      200      0      2.8417
31      1      387      0      1      3      200      0      2.95779
31      1      388      0      1      3      200      0      2.87356
31      1      389      0      1      3      200      0      2.63064
31      1      390      0      1      3      200      0      2.94449
31      1      391      0      1      3      200      0      2.89593
31      1      392      0      1      3      200      0      2.97505
31      1      393      0      1      3      200      0      2.82084
31      1      394      0      1      3      200      0      2.93645
31      1      395      0      1      3      200      0      2.98478
31      1      396      0      1      3      200      0      2.88664
31      1      397      0      1      3      200      0      2.76919
31      1      398      0      1      3      200      0      2.88557
31      1      399      0      1      3      200      0      2.79411
31      1      400      0      1      3      200      0      3.05494
31      1      401      0      1      3      200      0      2.90217
31      1      402      0      1      3      200      0      2.88418
31      1      403      0      1      3      200      0      2.7555
31      1      404      0      1      3      200      0      2.81677
31      1      405      0      1      3      200      0      3.06536
31      1      406      0      1      3      200      0      2.87301
31      1      407      0      1      3      200      0      2.73711
31      1      408      0      1      3      200      0      2.86138
31      1      409      0      1      3      200      0      2.88981
31      1      410      0      1      3      200      0      2.81628
31      1      411      0      1      3      200      0      2.8066
31      1      412      0      1      3      200      0      2.95274
31      1      413      0      1      3      200      0      2.75635
31      1      414      0      1      3      200      0      2.79597
31      1      415      0      1      3      200      0      3.14517
31      1      416      0      1      3      200      0      2.89151
31      1      417      0      1      3      200      0      2.73541
31      1      418      0      1      3      200      0      2.98196
31      1      419      0      1      3      200      0      2.85928
31      1      420      0      1      3      200      0      3.11377
31      1      421      0      1      3      200      0      2.88194
31      1      422      0      1      3      200      0      2.9395
31      1      423      0      1      3      200      0      2.92467
31      1      424      0      1      3      200      0      2.82081
31      1      425      0      1      3      200      0      3.00315
31      1      426      0      1      3      200      0      2.91873
31      1      427      0      1      3      200      0      3.04557
31      1      428      0      1      3      200      0      3.05121
31      1      429      0      1      3      200      0      3.09087
31      1      430      0      1      3      200      0      2.84477
31      1      431      0      1      3      200      0      3.06784
31      1      432      0      1      3      200      0      3.06675
31      1      433      0      1      3      200      0      2.8594
31      1      434      0      1      3      200      0      3.10103
31      1      435      0      1      3      200      0      2.95771
31      1      436      0      1      3      200      0      2.92724
31      1      437      0      1      3      200      0      2.76706
31      1      438      0      1      3      200      0      3.06671
31      1      439      0      1      3      200      0      2.94281
31      1      440      0      1      3      200      0      2.94541
31      1      441      0      1      3      200      0      2.88175
31      1      442      0      1      3      200      0      2.86719
31      1      443      0      1      3      200      0      2.68727
31      1      444      0      1      3      200      0      3.01716
31      1      445      0      1      3      200      0      2.67569
31      1      446      0      1      3      200      0      2.7503
31      1      447      0      1      3      200      0      3.03251
31      1      448      0      1      3      200      0      3.00999
31      1      449      0      1      3      200      0      2.64083
31      1      450      0      1      3      200      0      3.14209
31      1      451      0      1      3      200      0      2.94335
31      1      452      0      1      3      200      0      3.00249
31      1      453      0      1      3      200      0      2.74344
31      1      454      0      1      3      200      0      3.18995
31      1      455      0      1      3      200      0      2.7517
31      1      456      0      1      3      200      0      3.01691
31      1      457      0      1      3      200      0      2.78725
31      1      458      0      1      3      200      0      3.12107
31      1      459      0      1      3      200      0      2.99542
31      1      460      0      1      3      200      0      3.17403
31      1      461      0      1      3      200      0      2.82977
31      1      462      0      1      3      200      0      3.03862
31      1      463      0      1      3      200      0      2.78027
31      1      464      0      1      3      200      0      3.12015
31      1      465      0      1      3      200      0      2.78855
31      1      466      0      1      3      200      0      2.82312
31      1      467      0      1      3      200      0      2.86179
31      1      468      0      1      3      200      0      2.97619
31      1      469      0      1      3      200      0      2.9637
31      1      470      0      1      3      200      0      2.9654
31      1      471      0      1      3      200      0      2.80939
31      1      472      0      1      3      200      0      3.05236
31      1      473      0      1      3      200      0      3.02874
31      1      474      0      1      3      200      0      2.79751
31      1      475      0      1      3      200      0      2.72624
31      1      476      0      1      3      200      0      2.99634
31      1      477      0      1      3      200      0      2.77885
31      1      478      0      1      3      200      0      2.98562
31      1      479      0      1      3      200      0      3.08359
31      1      480      0      1      3      200      0      2.82028
31      1      481      0      1      3      200      0      2.59322
31      1      482      0      1      3      200      0      2.91591
31      1      483      0      1      3      200      0      3.06204
31      1      484      0      1      3      200      0      2.8524
31      1      485      0      1      3      200      0      2.72682
31      1      486      0      1      3      200      0      2.8737
31      1      487      0      1      3      200      0      2.8644
31      1      488      0      1      3      200      0      2.72975
31      1      489      0      1      3      200      0      2.99762
31      1      490      0      1      3      200      0      2.80425
31      1      491      0      1      3      200      0      2.7704
31      1      492      0      1      3      200      0      2.72894
31      1      493      0      1      3      200      0      2.71266
31      1      494      0      1      3      200      0      2.87863
31      1      495      0      1      3      200      0      2.92514
31      1      496      0      1      3      200      0      3.03859
31      1      497      0      1      3      200      0      2.81976
31      1      498      0      1      3      200      0      2.92263
31      1      499      0      1      3      200      0      2.91154
31      1      500      0      1      3      200      0      2.70137
31      1      501      0      1      3      200      0      3.08193
31      1      502      0      1      3      200      0      2.85527
31      1      503      0      1      3      200      0      2.87514
31      1      504      0      1      3      200      0      2.90217
31      1      505      0      1      3      200      0      2.67786
31      1      506      0      1      3      200      0      3.01895
31      1      507      0      1      3      200      0      2.94829
31      1      508      0      1      3      200      0      2.87586
31      1      509      0      1      3      200      0      2.88994
31      1      510      0      1      3      200      0      2.85854
31      1      511      0      1      3      200      0      2.83679
31      1      512      0      1      3      200      0      2.80174
31      1      513      0      1      3      200      0      2.97208
31      1      514      0      1      3      200      0      2.75844
31      1      515      0      1      3      200      0      2.9991
31      1      516      0      1      3      200      0      2.84018
31      1      517      0      1      3      200      0      3.1232
31      1      518      0      1      3      200      0      2.88136
31      1      519      0      1      3      200      0      3.09449
31      1      520      0      1      3      200      0      2.87842
31      1      521      0      1      3      200      0      3.06632
31      1      522      0      1      3      200      0      2.84426
31      1      523      0      1      3      200      0      3.01604
31      1      524      0      1      3      200      0      2.90409
31      1      525      0      1      3      200      0      2.92225
31      1      526      0      1      3      200      0      2.72892
31      1      527      0      1      3      200      0      3.07846
31      1      528      0      1      3      200      0      2.82289
31      1      529      0      1      3      200      0      2.91285
31      1      530      0      1      3      200      0      2.85715
31      1      531      0      1      3      200      0      3.18856
31      1      532      0      1      3      200      0      2.95452
31      1      533      0      1      3      200      0      2.98655
31      1      534      0      1      3      200      0      2.90306
31      1      535      0      1      3      200      0      2.87812
31      1      536      0      1      3      200      0      2.97583
31      1      537      0      1      3      200      0      2.98755
31      1      538      0      1      3      200      0      2.89883
31      1      539      0      1      3      200      0      3.05319
31      1      540      0      1      3      200      0      2.6562
31      1      541      0      1      3      200      0      3.00528
31      1      542      0      1      3      200      0      3.07012
31      1      543      0      1      3      200      0      2.93542
31      1      544      0      1      3      200      0      2.83175
31      1      545      0      1      3      200      0      2.96849
31      1      546      0      1      3      200      0      3.08928
31      1      547      0      1      3      200      0      2.95399
31      1      548      0      1      3      200      0      3.05633
31      1      549      0      1      3      200      0      3.01084
31      1      550      0      1      3      200      0      3.042
31      1      551      0      1      3      200      0      2.9476
31      1      552      0      1      3      200      0      2.99251
31      1      553      0      1      3      200      0      3.07015
31      1      554      0      1      3      200      0      2.92104
31      1      555      0      1      3      200      0      2.80069
31      1      556      0      1      3      200      0      2.89745
31      1      557      0      1      3      200      0      2.96393
31      1      558      0      1      3      200      0      2.9587
31      1      559      0      1      3      200      0      2.92621
31      1      560      0      1      3      200      0      3.01681
31      1      561      0      1      3      200      0      2.93386
31      1      562      0      1      3      200      0      3.13312
31      1      563      0      1      3      200      0      2.86498
31      1      564      0      1      3      200      0      2.90269
31      1      565      0      1      3      200      0      2.86206
31      1      566      0      1      3      200      0      2.89134
31      1      567      0      1      3      200      0      2.96873
31      1      568      0      1      3      200      0      2.91676
31      1      569      0      1      3      200      0      2.92725
31      1      570      0      1      3      200      0      2.87708
31      1      571      0      1      3      200      0      2.81102
31      1      572      0      1      3      200      0      3.16841
31      1      573      0      1      3      200      0      3.12847
31      1      574      0      1      3      200      0      3.08981
31      1      575      0      1      3      200      0      3.10517
31      1      576      0      1      3      200      0      3.01485
31      1      577      0      1      3      200      0      2.88688
31      1      578      0      1      3      200      0      3.01125
31      1      579      0      1      3      200      0      2.96287
31      1      580      0      1      3      200      0      3.23624
31      1      581      0      1      3      200      0      3.04275
31      1      582      0      1      3      200      0      3.18966
31      1      583      0      1      3      200      0      2.94923
31      2      0      0      1      3      200      0      4.21579
31      2      1      0      1      3      200      0      3.73633
31      2      2      0      1      3      200      0      3.99176
31      2      3      0      1      3      200      0      3.99137
31      2      4      0      1      3      200      0      4.21605
31      2      5      0      1      3      200      0      3.57703
31      2      6      0      1      3      200      0      3.40653
31      2      7      0      1      3      200      0      4.01823
31      2      8      0      1      3      200      0      3.40331
31      2      9      0      1      3      200      0      3.9536
31      2      10      0      1      3      200      0      3.44244
31      2      11      0      1      3      200      0      3.86709
31      2      12      0      1      3      200      0      3.63799
31      2      13      0      1      3      200      0      3.5546
31      2      14      0      1      3      200      0      3.70809
31      2      15      0      1      3      200      0      4.0388
31      2      16      0      1      3      200      0      3.62924
31      2      17      0      1      3      200      0      3.5542
31      2      18      0      1      3      200      0      3.50056
31      2      19      0      1      3      200      0      3.47634
31      2      20      0      1      3      200      0      3.46119
31      2      21      0      1      3      200      0      3.48893
31      2      22      0      1      3      200      0      3.64163
31      2      23      0      1      3      200      0      3.39928
31      2      24      0      1      3      200      0      3.66267
31      2      25      0      1      3      200      0      3.52233
31      2      26      0      1      3      200      0      3.54697
31      2      27      0      1      3      200      0      3.76937
31      2      28      0      1      3      200      0      3.77252
31      2      29      0      1      3      200      0      3.47524
31      2      30      0      1      3      200      0      3.50124
31      2      31      0      1      3      200      0      5.01596
31      2      32      0      1      3      200      0      3.76273
31      2      33      0      1      3      200      0      3.66227
31      2      34      0      1      3      200      0      4.0443
31      2      35      0      1      3      200      0      3.82391
31      2      36      0      1      3      200      0      4.05989
31      2      37      0      1      3      200      0      3.68031
31      2      38      0      1      3      200      0      3.16119
31      2      39      0      1      3      200      0      3.69907
31      2      40      0      1      3      200      0      3.57718
31      2      41      0      1      3      200      0      3.71487
31      2      42      0      1      3      200      0      3.46356
31      2      43      0      1      3      200      0      3.67979
31      2      44      0      1      3      200      0      3.64312
31      2      45      0      1      3      200      0      3.6964
31      2      46      0      1      3      200      0      3.48325
31      2      47      0      1      3      200      0      3.58675
31      2      48      0      1      3      200      0      3.5769
31      2      49      0      1      3      200      0      3.33626
31      2      50      0      1      3      200      0      3.79827
31      2      51      0      1      3      200      0      3.06754
31      2      52      0      1      3      200      0      3.47993
31      2      53      0      1      3      200      0      3.39665
31      2      54      0      1      3      200      0      3.5754
31      2      55      0      1      3      200      0      3.31012
31      2      56      0      1      3      200      0      3.63434
31      2      57      0      1      3      200      0      3.51446
31      2      58      0      1      3      200      0      3.58108
31      2      59      0      1      3      200      0      3.56277
31      2      60      0      1      3      200      0      3.39845
31      2      61      0      1      3      200      0      3.47216
31      2      62      0      1      3      200      0      3.64087
31      2      63      0      1      3      200      0      4.66921
31      2      64      0      1      3      200      0      4.0154
31      2      65      0      1      3      200      0      3.74799
31      2      66      0      1      3      200      0      3.65516
31      2      67      0      1      3      200      0      3.27077
31      2      68      0      1      3      200      0      3.99416
31      2      69      0      1      3      200      0      4.06142
31      2      70      0      1      3      200      0      3.57593
31      2      71      0      1      3      200      0      3.57182
31      2      72      0      1      3      200      0      3.57041
31      2      73      0      1      3      200      0      3.73541
31      2      74      0      1      3      200      0      3.50914
31      2      75      0      1      3      200      0      3.64024
31      2      76      0      1      3      200      0      3.5935
31      2      77      0      1      3      200      0      3.58879
31      2      78      0      1      3      200      0      3.64021
31      2      79      0      1      3      200      0      4.25817
31      2      80      0      1      3      200      0      3.71377
31      2      81      0      1      3      200      0      3.7876
31      2      82      0      1      3      200      0      4.0775
31      2      83      0      1      3      200      0      3.77936
31      2      84      0      1      3      200      0      3.88975
31      2      85      0      1      3      200      0      3.5054
31      2      86      0      1      3      200      0      3.58502
31      2      87      0      1      3      200      0      3.4408
31      2      88      0      1      3      200      0      3.41026
31      2      89      0      1      3      200      0      3.57971
31      2      90      0      1      3      200      0      3.63794
31      2      91      0      1      3      200      0      3.69113
31      2      92      0      1      3      200      0      3.86278
31      2      93      0      1      3      200      0      3.50535
31      2      94      0      1      3      200      0      3.73449
31      2      95      0      1      3      200      0      4.53051
31      2      96      0      1      3      200      0      4.15539
31      2      97      0      1      3      200      0      3.52138
31      2      98      0      1      3      200      0      4.0849
31      2      99      0      1      3      200      0      3.98221
31      2      100      0      1      3      200      0      4.22529
31      2      101      0      1      3      200      0      3.71084
31      2      102      0      1      3      200      0      3.40619
31      2      103      0      1      3      200      0      3.7778
31      2      104      0      1      3      200      0      3.5704
31      2      105      0      1      3      200      0      3.60604
31      2      106      0      1      3      200      0      3.89795
31      2      107      0      1      3      200      0      3.53445
31      2      108      0      1      3      200      0      3.95064
31      2      109      0      1      3      200      0      4.07118
31      2      110      0      1      3      200      0      3.6885
31      2      111      0      1      3      200      0      3.71856
31      2      112      0      1      3      200      0      3.82465
31      2      113      0      1      3      200      0      3.5095
31      2      114      0      1      3      200      0      4.10968
31      2      115      0      1      3      200      0      3.54695
31      2      116      0      1      3      200      0      3.66437
31      2      117      0      1      3      200      0      3.63966
31      2      118      0      1      3      200      0      4.00552
31      2      119      0      1      3      200      0      3.74843
31      2      120      0      1      3      200      0      3.6244
31      2      121      0      1      3      200      0      3.50573
31      2      122      0      1      3      200      0      3.65008
31      2      123      0      1      3      200      0      3.47517
31      2      124      0      1      3      200      0      3.58103
31      2      125      0      1      3      200      0      3.51046
31      2      126      0      1      3      200      0      3.75135
31      2      127      0      1      3      200      0      4.51554
31      2      128      0      1      3      200      0      4.24466
31      2      129      0      1      3      200      0      3.80966
31      2      130      0      1      3      200      0      4.05692
31      2      131      0      1      3      200      0      3.74464
31      2      132      0      1      3      200      0      4.18921
31      2      133      0      1      3      200      0      3.74661
31      2      134      0      1      3      200      0      3.21745
31      2      135      0      1      3      200      0      3.65015
31      2      136      0      1      3      200      0      3.41963
31      2      137      0      1      3      200      0      3.46588
31      2      138      0      1      3      200      0      3.45145
31      2      139      0      1      3      200      0      3.55671
31      2      140      0      1      3      200      0      3.47763
31      2      141      0      1      3      200      0      3.77991
31      2      142      0      1      3      200      0      3.05156
31      2      143      0      1      3      200      0      3.69227
31      2      144      0      1      3      200      0      3.74029
31      2      145      0      1      3      200      0      3.65004
31      2      146      0      1      3      200      0      3.88962
31      2      147      0      1      3      200      0      3.26227
31      2      148      0      1      3      200      0      3.60186
31      2      149      0      1      3      200      0      3.57921
31      2      150      0      1      3      200      0      3.67295
31      2      151      0      1      3      200      0      3.40714
31      2      152      0      1      3      200      0      3.42195
31      2      153      0      1      3      200      0      3.57422
31      2      154      0      1      3      200      0      3.39758
31      2      155      0      1      3      200      0      3.45462
31      2      156      0      1      3      200      0      3.58849
31      2      157      0      1      3      200      0      3.27238
31      2      158      0      1      3      200      0      4.63264
31      2      159      0      1      3      200      0      3.82879
31      2      160      0      1      3      200      0      4.43441
31      2      161      0      1      3      200      0      3.54014
31      2      162      0      1      3      200      0      3.87886
31      2      163      0      1      3      200      0      3.59923
31      2      164      0      1      3      200      0      3.97099
31      2      165      0      1      3      200      0      3.47531
31      2      166      0      1      3      200      0      3.22987
31      2      167      0      1      3      200      0      3.41161
31      2      168      0      1      3      200      0      3.34645
31      2      169      0      1      3      200      0      3.37456
31      2      170      0      1      3      200      0      3.4181
31      2      171      0      1      3      200      0      3.60138
31      2      172      0      1      3      200      0      3.26636
31      2      173      0      1      3      200      0      3.4506
31      2      174      0      1      3      200      0      3.26998
31      2      175      0      1      3      200      0      3.63481
31      2      176      0      1      3      200      0      3.30771
31      2      177      0      1      3      200      0      3.46657
31      2      178      0      1      3      200      0      3.24166
31      2      179      0      1      3      200      0      2.97385
31      2      180      0      1      3      200      0      3.3246
31      2      181      0      1      3      200      0      3.51311
31      2      182      0      1      3      200      0      3.44839
31      2      183      0      1      3      200      0      3.35866
31      2      184      0      1      3      200      0      3.47772
31      2      185      0      1      3      200      0      3.40582
31      2      186      0      1      3      200      0      3.32352
31      2      187      0      1      3      200      0      3.26738
31      2      188      0      1      3      200      0      3.64779
31      2      189      0      1      3      200      0      3.42081
31      2      190      0      1      3      200      0      3.42236
31      2      191      0      1      3      200      0      3.95146
31      2      192      0      1      3      200      0      3.32424
31      2      193      0      1      3      200      0      3.28702
31      2      194      0      1      3      200      0      3.58264
31      2      195      0      1      3      200      0      3.15793
31      2      196      0      1      3      200      0      3.77325
31      2      197      0      1      3      200      0      3.16273
31      2      198      0      1      3      200      0      3.54391
31      2      199      0      1      3      200      0      3.33308
31      2      200      0      1      3      200      0      3.14067
31      2      201      0      1      3      200      0      3.21156
31      2      202      0      1      3      200      0      3.08811
31      2      203      0      1      3      200      0      3.08084
31      2      204      0      1      3      200      0      3.23063
31      2      205      0      1      3      200      0      3.39129
31      2      206      0      1      3      200      0      2.95042
31      2      207      0      1      3      200      0      3.30691
31      2      208      0      1      3      200      0      2.95973
31      2      209      0      1      3      200      0      2.84597
31      2      210      0      1      3      200      0      2.57154
31      2      211      0      1      3      200      0      2.79189
31      2      212      0      1      3      200      0      2.70939
31      2      213      0      1      3      200      0      3.25731
31      2      214      0      1      3      200      0      3.07698
31      2      215      0      1      3      200      0      3.12987
31      2      216      0      1      3      200      0      2.97884
31      2      217      0      1      3      200      0      2.9327
31      2      218      0      1      3      200      0      3.1812
31      2      219      0      1      3      200      0      2.76086
31      2      220      0      1      3      200      0      2.8826
31      2      221      0      1      3      200      0      2.9622
31      2      222      0      1      3      200      0      3.03038
31      2      223      0      1      3      200      0      3.92957
31      2      224      0      1      3      200      0      3.74936
31      2      225      0      1      3      200      0      3.10045
31      2      226      0      1      3      200      0      3.58018
31      2      227      0      1      3      200      0      3.1682
31      2      228      0      1      3      200      0      3.56312
31      2      229      0      1      3      200      0      3.14017
31      2      230      0      1      3      200      0      3.03062
31      2      231      0      1      3      200      0      3.37616
31      2      232      0      1      3      200      0      2.97574
31      2      233      0      1      3      200      0      3.13028
31      2      234      0      1      3      200      0      2.85914
31      2      235      0      1      3      200      0      3.00045
31      2      236      0      1      3      200      0      2.82544
31      2      237      0      1      3      200      0      3.1291
31      2      238      0      1      3      200      0      2.80557
31      2      239      0      1      3      200      0      3.21346
31      2      240      0      1      3      200      0      2.96029
31      2      241      0      1      3      200      0      2.99346
31      2      242      0      1      3      200      0      3.2353
31      2      243      0      1      3      200      0      3.01091
31      2      244      0      1      3      200      0      3.24934
31      2      245      0      1      3      200      0      3.1051
31      2      246      0      1      3      200      0      3.10885
31      2      247      0      1      3      200      0      3.13406
31      2      248      0      1      3      200      0      3.37855
31      2      249      0      1      3      200      0      2.91226
31      2      250      0      1      3      200      0      3.25281
31      2      251      0      1      3      200      0      3.23136
31      2      252      0      1      3      200      0      2.99999
31      2      253      0      1      3      200      0      3.38029
31      2      254      0      1      3      200      0      3.08671
31      2      255      0      1      3      200      0      3.69345
31      2      256      0      1      3      200      0      3.51066
31      2      257      0      1      3      200      0      3.16618
31      2      258      0      1      3      200      0      3.62976
31      2      259      0      1      3      200      0      3.11101
31      2      260      0      1      3      200      0      3.35638
31      2      261      0      1      3      200      0      3.08405
31      2      262      0      1      3      200      0      3.08158
31      2      263      0      1      3      200      0      3.19494
31      2      264      0      1      3      200      0      3.12926
31      2      265      0      1      3      200      0      3.41447
31      2      266      0      1      3      200      0      3.17913
31      2      267      0      1      3      200      0      3.16338
31      2      268      0      1      3      200      0      2.91432
31      2      269      0      1      3      200      0      3.26177
31      2      270      0      1      3      200      0      2.77311
31      2      271      0      1      3      200      0      3.17083
31      2      272      0      1      3      200      0      3.07197
31      2      273      0      1      3      200      0      2.77144
31      2      274      0      1      3      200      0      3.3607
31      2      275      0      1      3      200      0      2.88554
31      2      276      0      1      3      200      0      3.05565
31      2      277      0      1      3      200      0      3.05665
31      2      278      0      1      3      200      0      3.11867
31      2      279      0      1      3      200      0      2.87409
31      2      280      0      1      3      200      0      2.89407
31      2      281      0      1      3      200      0      2.7886
31      2      282      0      1      3      200      0      2.96687
31      2      283      0      1      3      200      0      3.20081
31      2      284      0      1      3      200      0      3.03548
31      2      285      0      1      3      200      0      2.73144
31      2      286      0      1      3      200      0      2.95664
31      2      287      0      1      3      200      0      3.73881
31      2      288      0      1      3      200      0      3.4174
31      2      289      0      1      3      200      0      3.11751
31      2      290      0      1      3      200      0      3.19087
31      2      291      0      1      3      200      0      2.86781
31      2      292      0      1      3      200      0      2.9336
31      2      293      0      1      3      200      0      3.06249
31      2      294      0      1      3      200      0      2.94921
31      2      295      0      1      3      200      0      3.06477
31      2      296      0      1      3      200      0      2.99038
31      2      297      0      1      3      200      0      3.01609
31      2      298      0      1      3      200      0      2.90151
31      2      299      0      1      3      200      0      3.05162
31      2      300      0      1      3      200      0      3.10313
31      2      301      0      1      3      200      0      1.26458
31      2      302      0      1      3      200      0      2.0617
31      2      303      0      1      3      200      0      2.9179
31      2      304      0      1      3      200      0      3.1008
31      2      305      0      1      3      200      0      3.10201
31      2      306      0      1      3      200      0      2.98779
31      2      307      0      1      3      200      0      3.0672
31      2      308      0      1      3      200      0      3.1269
31      2      309      0      1      3      200      0      2.93707
31      2      310      0      1      3      200      0      3.19458
31      2      311      0      1      3      200      0      2.56507
31      2      312      0      1      3      200      0      2.93644
31      2      313      0      1      3      200      0      2.97416
31      2      314      0      1      3      200      0      3.19605
31      2      315      0      1      3      200      0      3.00346
31      2      316      0      1      3      200      0      3.27053
31      2      317      0      1      3      200      0      2.81996
31      2      318      0      1      3      200      0      2.95206
31      2      319      0      1      3      200      0      3.49751
31      2      320      0      1      3      200      0      3.60918
31      2      321      0      1      3      200      0      2.91314
31      2      322      0      1      3      200      0      3.24557
31      2      323      0      1      3      200      0      3.18634
31      2      324      0      1      3      200      0      3.40096
31      2      325      0      1      3      200      0      3.12858
31      2      326      0      1      3      200      0      2.69324
31      2      327      0      1      3      200      0      2.78257
31      2      328      0      1      3      200      0      2.58842
31      2      329      0      1      3      200      0      3.01687
31      2      330      0      1      3      200      0      3.22673
31      2      331      0      1      3      200      0      3.23792
31      2      332      0      1      3      200      0      3.09885
31      2      333      0      1      3      200      0      3.04395
31      2      334      0      1      3      200      0      3.00025
31      2      335      0      1      3      200      0      2.70612
31      2      336      0      1      3      200      0      2.81
31      2      337      0      1      3      200      0      2.93671
31      2      338      0      1      3      200      0      3.18112
31      2      339      0      1      3      200      0      2.93938
31      2      340      0      1      3      200      0      3.33402
31      2      341      0      1      3      200      0      2.96306
31      2      342      0      1      3      200      0      3.0264
31      2      343      0      1      3      200      0      3.20607
31      2      344      0      1      3      200      0      2.57972
31      2      345      0      1      3      200      0      2.97423
31      2      346      0      1      3      200      0      3.31737
31      2      347      0      1      3      200      0      3.2182
31      2      348      0      1      3      200      0      3.30526
31      2      349      0      1      3      200      0      3.05374
31      2      350      0      1      3      200      0      3.03145
31      2      351      0      1      3      200      0      3.71789
31      2      352      0      1      3      200      0      3.89545
31      2      353      0      1      3      200      0      3.06204
31      2      354      0      1      3      200      0      3.52435
31      2      355      0      1      3      200      0      2.92983
31      2      356      0      1      3      200      0      3.64884
31      2      357      0      1      3      200      0      3.07539
31      2      358      0      1      3      200      0      3.11859
31      2      359      0      1      3      200      0      2.14719
31      2      360      0      1      3      200      0      2.78298
31      2      361      0      1      3      200      0      3.14855
31      2      362      0      1      3      200      0      2.9537
31      2      363      0      1      3      200      0      2.69715
31      2      364      0      1      3      200      0      3.19467
31      2      365      0      1      3      200      0      3.23236
31      2      366      0      1      3      200      0      3.07125
31      2      367      0      1      3      200      0      3.00355
31      2      368      0      1      3      200      0      3.15939
31      2      369      0      1      3      200      0      2.75948
31      2      370      0      1      3      200      0      2.92799
31      2      371      0      1      3      200      0      3.0151
31      2      372      0      1      3      200      0      3.30198
31      2      373      0      1      3      200      0      3.22768
31      2      374      0      1      3      200      0      3.4177
31      2      375      0      1      3      200      0      2.70486
31      2      376      0      1      3      200      0      3.25382
31      2      377      0      1      3      200      0      3.14446
31      2      378      0      1      3      200      0      3.2548
31      2      379      0      1      3      200      0      3.11654
31      2      380      0      1      3      200      0      3.22836
31      2      381      0      1      3      200      0      3.3374
31      2      382      0      1      3      200      0      3.42428
31      2      383      0      1      3      200      0      3.69846
31      2      384      0      1      3      200      0      3.64984
31      2      385      0      1      3      200      0      3.15181
31      2      386      0      1      3      200      0      3.86184
31      2      387      0      1      3      200      0      3.18501
31      2      388      0      1      3      200      0      4.07283
31      2      389      0      1      3      200      0      3.35324
31      2      390      0      1      3      200      0      3.20765
31      2      391      0      1      3      200      0      3.25269
31      2      392      0      1      3      200      0      3.33645
31      2      393      0      1      3      200      0      3.02688
31      2      394      0      1      3      200      0      3.20511
31      2      395      0      1      3      200      0      3.29981
31      2      396      0      1      3      200      0      3.13861
31      2      397      0      1      3      200      0      3.56431
31      2      398      0      1      3      200      0      3.24641
31      2      399      0      1      3      200      0      3.13739
31      2      400      0      1      3      200      0      2.91236
31      2      401      0      1      3      200      0      3.02216
31      2      402      0      1      3      200      0      3.26679
31      2      403      0      1      3      200      0      3.0149
31      2      404      0      1      3      200      0      2.77808
31      2      405      0      1      3      200      0      3.04178
31      2      406      0      1      3      200      0      2.56442
31      2      407      0      1      3      200      0      2.76912
31      2      408      0      1      3      200      0      2.97157
31      2      409      0      1      3      200      0      3.09598
31      2      410      0      1      3      200      0      2.99948
31      2      411      0      1      3      200      0      3.17929
31      2      412      0      1      3      200      0      3.19945
31      2      413      0      1      3      200      0      2.94851
31      2      414      0      1      3      200      0      3.27935
31      2      415      0      1      3      200      0      3.78285
31      2      416      0      1      3      200      0      3.88307
31      2      417      0      1      3      200      0      2.97351
31      2      418      0      1      3      200      0      3.63954
31      2      419      0      1      3      200      0      3.53634
31      2      420      0      1      3      200      0      3.78064
31      2      421      0      1      3      200      0      3.34476
31      2      422      0      1      3      200      0      3.29071
31      2      423      0      1      3      200      0      3.70182
31      2      424      0      1      3      200      0      3.16046
31      2      425      0      1      3      200      0      3.44554
31      2      426      0      1      3      200      0      3.38536
31      2      427      0      1      3      200      0      3.44967
31      2      428      0      1      3      200      0      3.24031
31      2      429      0      1      3      200      0      3.5349
31      2      430      0      1      3      200      0      3.16576
31      2      431      0      1      3      200      0      3.24239
31      2      432      0      1      3      200      0      3.1936
31      2      433      0      1      3      200      0      3.16417
31      2      434      0      1      3      200      0      3.62159
31      2      435      0      1      3      200      0      2.89776
31      2      436      0      1      3      200      0      3.64758
31      2      437      0      1      3      200      0      3.40135
31      2      438      0      1      3      200      0      3.44491
31      2      439      0      1      3      200      0      3.03599
31      2      440      0      1      3      200      0      3.56748
31      2      441      0      1      3      200      0      3.20015
31      2      442      0      1      3      200      0      3.18182
31      2      443      0      1      3      200      0      3.05255
31      2      444      0      1      3      200      0      3.38278
31      2      445      0      1      3      200      0      3.30626
31      2      446      0      1      3      200      0      3.33058
31      2      447      0      1      3      200      0      3.98222
31      2      448      0      1      3      200      0      4.2072
31      2      449      0      1      3      200      0      3.23627
31      2      450      0      1      3      200      0      3.93878
31      2      451      0      1      3      200      0      3.4392
31      2      452      0      1      3      200      0      4.01549
31      2      453      0      1      3      200      0      3.38542
31      2      454      0      1      3      200      0      3.31246
31      2      455      0      1      3      200      0      3.43033
31      2      456      0      1      3      200      0      3.24904
31      2      457      0      1      3      200      0      3.7871
31      2      458      0      1      3      200      0      3.40224
31      2      459      0      1      3      200      0      3.56466
31      2      460      0      1      3      200      0      3.51512
31      2      461      0      1      3      200      0      3.69456
31      2      462      0      1      3      0      0      2.21831
31      2      463      0      1      3      200      0      3.56952
31      2      464      0      1      3      200      0      3.63234
31      2      465      0      1      3      200      0      3.66148
31      2      466      0      1      3      200      0      3.59861
31      2      467      0      1      3      200      0      3.13609
31      2      468      0      1      3      200      0      3.48718
31      2      469      0      1      3      200      0      3.27853
31      2      470      0      1      3      200      0      3.42517
31      2      471      0      1      3      200      0      3.15998
31      3      0      0      1      3      200      0      4.15997
31      3      1      0      1      3      200      0      3.08328
31      3      2      0      1      3      200      0      3.49806
31      3      3      0      1      3      200      0      3.30875
31      3      4      0      1      3      200      0      3.45333
31      3      5      0      1      3      200      0      3.19454
31      3      6      0      1      3      200      0      3.32372
31      3      7      0      1      3      200      0      3.19267
31      3      8      0      1      3      200      0      3.43721
31      3      9      0      1      3      200      0      3.37028
31      3      10      0      1      3      200      0      3.25623
31      3      11      0      1      3      200      0      3.40082
31      3      12      0      1      3      200      0      3.32324
31      3      13      0      1      3      200      0      3.33035
31      3      14      0      1      3      200      0      3.30234
31      3      15      0      1      3      200      0      3.40773
31      3      16      0      1      3      200      0      3.43014
31      3      17      0      1      3      200      0      3.32658
31      3      18      0      1      3      200      0      3.44198
31      3      19      0      1      3      200      0      3.43357
31      3      20      0      1      3      200      0      3.22999
31      3      21      0      1      3      200      0      3.54001
31      3      22      0      1      3      200      0      3.11612
31      3      23      0      1      3      200      0      3.64627
31      3      24      0      1      3      200      0      3.42319
31      3      25      0      1      3      200      0      3.21766
31      3      26      0      1      3      200      0      3.19778
31      3      27      0      1      3      200      0      3.93631
31      3      28      0      1      3      200      0      3.49768
31      3      29      0      1      3      200      0      3.72781
31      3      30      0      1      3      200      0      3.18447
31      3      31      0      1      3      200      0      3.49176
31      3      32      0      1      3      200      0      3.85704
31      3      33      0      1      3      200      0      3.49935
31      3      34      0      1      3      200      0      3.68618
31      3      35      0      1      3      200      0      3.32281
31      3      36      0      1      3      200      0      3.29923
31      3      37      0      1      3      200      0      3.22485
31      3      38      0      1      3      200      0      3.53614
31      3      39      0      1      3      200      0      3.55888
31      3      40      0      1      3      200      0      3.31573
31      3      41      0      1      3      200      0      3.42068
31      3      42      0      1      3      200      0      3.45354
31      3      43      0      1      3      200      0      3.40301
31      3      44      0      1      3      200      0      3.38742
31      3      45      0      1      3      200      0      3.47593
31      3      46      0      1      3      200      0      3.28146
31      3      47      0      1      3      200      0      3.36632
31      3      48      0      1      3      200      0      3.55953
31      3      49      0      1      3      200      0      3.45626
31      3      50      0      1      3      200      0      3.65973
31      3      51      0      1      3      200      0      3.40661
31      3      52      0      1      3      200      0      3.48344
31      3      53      0      1      3      200      0      3.27466
31      3      54      0      1      3      200      0      3.40276
31      3      55      0      1      3      200      0      3.1981
31      3      56      0      1      3      200      0      3.48237
31      3      57      0      1      3      200      0      3.55691
31      3      58      0      1      3      200      0      3.70743
31      3      59      0      1      3      200      0      3.7594
31      3      60      0      1      3      200      0      3.39315
31      3      61      0      1      3      200      0      3.73192
31      3      62      0      1      3      200      0      3.53102
31      3      63      0      1      3      200      0      4.18532
31      3      64      0      1      3      0      0      0
31      3      65      0      1      3      200      0      3.38241
31      3      66      0      1      3      200      0      3.4292
31      3      67      0      1      3      200      0      3.52772
31      3      68      0      1      3      200      0      3.34626
31      3      69      0      1      3      200      0      3.50849
31      3      70      0      1      3      200      0      3.20674
31      3      71      0      1      3      200      0      3.59877
31      3      72      0      1      3      200      0      3.30867
31      3      73      0      1      3      200      0      3.50947
31      3      74      0      1      3      200      0      3.39888
31      3      75      0      1      3      200      0      3.64851
31      3      76      0      1      3      200      0      3.19551
31      3      77      0      1      3      200      0      3.74937
31      3      78      0      1      3      200      0      3.58749
31      3      79      0      1      3      200      0      3.42011
31      3      80      0      1      3      200      0      3.53919
31      3      81      0      1      3      200      0      3.54234
31      3      82      0      1      3      200      0      3.83545
31      3      83      0      1      3      200      0      3.00159
31      3      84      0      1      3      200      0      3.44559
31      3      85      0      1      3      200      0      3.52698
31      3      86      0      1      3      200      0      3.61311
31      3      87      0      1      3      200      0      3.27628
31      3      88      0      1      3      200      0      3.57033
31      3      89      0      1      3      200      0      3.5196
31      3      90      0      1      3      200      0      3.59071
31      3      91      0      1      3      200      0      3.91169
31      3      92      0      1      3      200      0      3.4699
31      3      93      0      1      3      200      0      4.03395
31      3      94      0      1      3      200      0      3.60395
31      3      95      0      1      3      200      0      4.25756
31      3      96      0      1      3      200      0      4.27954
31      3      97      0      1      3      200      0      3.42215
31      3      98      0      1      3      200      0      3.35559
31      3      99      0      1      3      200      0      3.54334
31      3      100      0      1      3      200      0      3.31618
31      3      101      0      1      3      200      0      3.49029
31      3      102      0      1      3      200      0      3.49408
31      3      103      0      1      3      200      0      3.85485
31      3      104      0      1      3      200      0      3.67761
31      3      105      0      1      3      200      0      3.64667
31      3      106      0      1      3      200      0      3.6105
31      3      107      0      1      3      200      0      3.65502
31      3      108      0      1      3      200      0      3.5964
31      3      109      0      1      3      200      0      3.5265
31      3      110      0      1      3      200      0      3.57012
31      3      111      0      1      3      200      0      3.6286
31      3      112      0      1      3      200      0      3.43401
31      3      113      0      1      3      200      0      3.86644
31      3      114      0      1      3      200      0      3.58172
31      3      115      0      1      3      200      0      3.53519
31      3      116      0      1      3      200      0      3.66537
31      3      117      0      1      3      200      0      3.40629
31      3      118      0      1      3      200      0      3.43529
31      3      119      0      1      3      200      0      3.58154
31      3      120      0      1      3      200      0      3.48165
31      3      121      0      1      3      200      0      3.32736
31      3      122      0      1      3      200      0      3.46476
31      3      123      0      1      3      200      0      3.91094
31      3      124      0      1      3      200      0      3.32178
31      3      125      0      1      3      200      0      3.86231
31      3      126      0      1      3      200      0      3.66019
31      3      127      0      1      3      200      0      3.80353
31      3      128      0      1      3      200      0      4.1906
31      3      129      0      1      3      200      0      3.53031
31      3      130      0      1      3      200      0      3.28252
31      3      131      0      1      3      200      0      3.7658
31      3      132      0      1      3      200      0      3.33962
31      3      133      0      1      3      200      0      3.83882
31      3      134      0      1      3      200      0      3.59737
31      3      135      0      1      3      200      0      3.83987
31      3      136      0      1      3      200      0      3.54159
31      3      137      0      1      3      200      0      3.82544
31      3      138      0      1      3      200      0      3.57466
31      3      139      0      1      3      200      0      3.56651
31      3      140      0      1      3      200      0      3.24209
31      3      141      0      1      3      200      0      3.57598
31      3      142      0      1      3      200      0      3.60279
31      3      143      0      1      3      200      0      3.55914
31      3      144      0      1      3      200      0      3.47016
31      3      145      0      1      3      200      0      3.46097
31      3      146      0      1      3      200      0      3.66139
31      3      147      0      1      3      200      0      3.40389
31      3      148      0      1      3      200      0      3.61502
31      3      149      0      1      3      200      0      3.4399
31      3      150      0      1      3      200      0      3.47152
31      3      151      0      1      3      200      0      3.42917
31      3      152      0      1      3      200      0      3.74651
31      3      153      0      1      3      200      0      3.47523
31      3      154      0      1      3      200      0      3.53012
31      3      155      0      1      3      200      0      3.91688
31      3      156      0      1      3      200      0      3.58735
31      3      157      0      1      3      200      0      4.01677
31      3      158      0      1      3      200      0      3.54528
31      3      159      0      1      3      200      0      4.18485
31      3      160      0      1      3      200      0      4.03038
31      3      161      0      1      3      200      0      3.57166
31      3      162      0      1      3      200      0      3.36917
31      3      163      0      1      3      200      0      3.63325
31      3      164      0      1      3      200      0      3.44853
31      3      165      0      1      3      200      0      3.65641
31      3      166      0      1      3      200      0      3.32473
31      3      167      0      1      3      200      0      3.68443
31      3      168      0      1      3      200      0      3.47663
31      3      169      0      1      3      200      0      3.70524
31      3      170      0      1      3      200      0      3.3935
31      3      171      0      1      3      200      0      3.76363
31      3      172      0      1      3      200      0      3.61132
31      3      173      0      1      3      200      0      3.57636
31      3      174      0      1      3      200      0      3.54316
31      3      175      0      1      3      200      0      3.53192
31      3      176      0      1      3      200      0      3.57679
31      3      177      0      1      3      200      0      3.19528
31      3      178      0      1      3      200      0      3.57789
31      3      179      0      1      3      200      0      3.45294
31      3      180      0      1      3      200      0      3.68153
31      3      181      0      1      3      200      0      3.43623
31      3      182      0      1      3      200      0      3.61092
31      3      183      0      1      3      200      0      3.27756
31      3      184      0      1      3      200      0      3.77971
31      3      185      0      1      3      200      0      3.47073
31      3      186      0      1      3      200      0      3.68073
31      3      187      0      1      3      200      0      3.83292
31      3      188      0      1      3      200      0      3.65492
31      3      189      0      1      3      200      0      4.33177
31      3      190      0      1      3      200      0      3.61078
31      3      191      0      1      3      200      0      3.7319
31      3      192      0      1      3      200      0      4.19934
31      3      193      0      1      3      200      0      3.4699
31      3      194      0      1      3      200      0      3.8616
31      3      195      0      1      3      200      0      3.45796
31      3      196      0      1      3      200      0      3.85215
31      3      197      0      1      3      200      0      3.55961
31      3      198      0      1      3      200      0      3.69962
31      3      199      0      1      3      200      0      3.70553
31      3      200      0      1      3      200      0      3.50997
31      3      201      0      1      3      200      0      3.71559
31      3      202      0      1      3      200      0      3.45608
31      3      203      0      1      3      200      0      3.70961
31      3      204      0      1      3      200      0      3.37104
31      3      205      0      1      3      200      0      3.46113
31      3      206      0      1      3      200      0      3.44751
31      3      207      0      1      3      200      0      3.58381
31      3      208      0      1      3      200      0      3.64332
31      3      209      0      1      3      200      0      3.65467
31      3      210      0      1      3      200      0      3.53877
31      3      211      0      1      3      200      0      3.34282
31      3      212      0      1      3      200      0      3.49201
31      3      213      0      1      3      200      0      3.36302
31      3      214      0      1      3      200      0      3.66173
31      3      215      0      1      3      200      0      3.48571
31      3      216      0      1      3      200      0      3.73649
31      3      217      0      1      3      200      0      3.37981
31      3      218      0      1      3      200      0      3.68982
31      3      219      0      1      3      200      0      3.4277
31      3      220      0      1      3      200      0      3.66457
31      3      221      0      1      3      200      0      3.27967
31      3      222      0      1      3      200      0      3.65464
31      3      223      0      1      3      200      0      4.0075
31      3      224      0      1      3      200      0      3.69841
31      3      225      0      1      3      200      0      3.43268
31      3      226      0      1      3      200      0      3.36037
31      3      227      0      1      3      200      0      3.43016
31      3      228      0      1      3      200      0      3.27684
31      3      229      0      1      3      200      0      3.48591
31      3      230      0      1      3      200      0      3.42467
31      3      231      0      1      3      200      0      3.51907
31      3      232      0      1      3      200      0      3.25805
31      3      233      0      1      3      200      0      3.59913
31      3      234      0      1      3      200      0      3.34754
31      3      235      0      1      3      200      0      3.6725
31      3      236      0      1      3      200      0      3.24881
31      3      237      0      1      3      200      0      3.49577
31      3      238      0      1      3      200      0      3.47848
31      3      239      0      1      3      200      0      3.37491
31      3      240      0      1      3      200      0      3.42009
31      3      241      0      1      3      200      0      3.30111
31      3      242      0      1      3      200      0      3.71211
31      3      243      0      1      3      200      0      3.46223
31      3      244      0      1      3      200      0      3.52896
31      3      245      0      1      3      200      0      3.23525
31      3      246      0      1      3      200      0      3.5351
31      3      247      0      1      3      200      0      3.3214
31      3      248      0      1      3      200      0      3.57016
31      3      249      0      1      3      200      0      3.25251
31      3      250      0      1      3      200      0      3.62416
31      3      251      0      1      3      200      0      3.85874
31      3      252      0      1      3      200      0      3.50954
31      3      253      0      1      3      200      0      3.77336
31      3      254      0      1      3      200      0      3.3622
31      3      255      0      1      3      200      0      3.98623
31      3      256      0      1      3      200      0      3.62717
31      3      257      0      1      3      200      0      3.1723
31      3      258      0      1      3      200      0      3.40734
31      3      259      0      1      3      200      0      3.47205
31      3      260      0      1      3      200      0      3.37838
31      3      261      0      1      3      200      0      3.3424
31      3      262      0      1      3      200      0      3.15978
31      3      263      0      1      3      200      0      3.37822
31      3      264      0      1      3      200      0      3.30538
31      3      265      0      1      3      200      0      3.56152
31      3      266      0      1      3      200      0      3.16497
31      3      267      0      1      3      200      0      3.61808
31      3      268      0      1      3      200      0      3.21491
31      3      269      0      1      3      200      0      3.45584
31      3      270      0      1      3      200      0      3.45368
31      3      271      0      1      3      200      0      3.55839
31      3      272      0      1      3      200      0      3.62753
31      3      273      0      1      3      200      0      3.21091
31      3      274      0      1      3      200      0      3.62528
31      3      275      0      1      3      200      0      3.15616
31      3      276      0      1      3      200      0      3.37122
31      3      277      0      1      3      200      0      3.18156
31      3      278      0      1      3      200      0      3.3908
31      3      279      0      1      3      200      0      3.02595
31      3      280      0      1      3      200      0      3.62423
31      3      281      0      1      3      200      0      3.42339
31      3      282      0      1      3      200      0      3.33451
31      3      283      0      1      3      200      0      3.8084
31      3      284      0      1      3      200      0      3.3679
31      3      285      0      1      3      200      0      3.70075
31      3      286      0      1      3      200      0      3.32316
31      3      287      0      1      3      200      0      3.83441
31      3      288      0      1      3      200      0      3.95608
31      3      289      0      1      3      200      0      3.48308
31      3      290      0      1      3      200      0      3.2183
31      3      291      0      1      3      200      0      3.33089
31      3      292      0      1      3      200      0      3.21018
31      3      293      0      1      3      200      0      3.48119
31      3      294      0      1      3      200      0      3.37847
31      3      295      0      1      3      200      0      3.51088
31      3      296      0      1      3      200      0      3.26892
31      3      297      0      1      3      200      0      3.48196
31      3      298      0      1      3      200      0      3.24171
31      3      299      0      1      3      200      0      3.50229
31      3      300      0      1      3      200      0      3.03903
31      3      301      0      1      3      200      0      3.52063
31      3      302      0      1      3      200      0      3.37486
31      3      303      0      1      3      200      0      3.31426
31      3      304      0      1      3      200      0      3.38647
31      3      305      0      1      3      200      0      3.06733
31      3      306      0      1      3      200      0      3.34985
31      3      307      0      1      3      200      0      3.23973
31      3      308      0      1      3      200      0      3.45778
31      3      309      0      1      3      200      0      2.97426
31      3      310      0      1      3      200      0      3.46423
31      3      311      0      1      3      200      0      3.03645
31      3      312      0      1      3      200      0      3.38223
31      3      313      0      1      3      200      0      3.21629
31      3      314      0      1      3      200      0      3.17014
31      3      315      0      1      3      200      0      3.61588
31      3      316      0      1      3      200      0      3.32034
31      3      317      0      1      3      200      0      3.52744
31      3      318      0      1      3      200      0      3.19224
31      3      319      0      1      3      200      0      3.8715
31      3      320      0      1      3      200      0      3.72172
31      3      321      0      1      3      200      0      3.08958
31      3      322      0      1      3      200      0      3.3484
31      3      323      0      1      3      200      0      3.42208
31      3      324      0      1      3      200      0      3.15036
31      3      325      0      1      3      200      0      3.18809
31      3      326      0      1      3      200      0      3.29988
31      3      327      0      1      3      200      0      3.30424
31      3      328      0      1      3      200      0      3.0279
31      3      329      0      1      3      200      0      3.22821
31      3      330      0      1      3      200      0      3.24166
31      3      331      0      1      3      200      0      3.28006
31      3      332      0      1      3      200      0      3.33983
31      3      333      0      1      3      200      0      3.31401
31      3      334      0      1      3      200      0      3.06296
31      3      335      0      1      3      200      0      3.20841
31      3      336      0      1      3      200      0      3.36908
31      3      337      0      1      3      200      0      3.27942
31      3      338      0      1      3      200      0      3.49784
31      3      339      0      1      3      200      0      2.97834
31      3      340      0      1      3      200      0      3.59886
31      3      341      0      1      3      200      0      2.9807
31      3      342      0      1      3      200      0      3.28001
31      3      343      0      1      3      200      0      2.98497
31      3      344      0      1      3      200      0      3.22123
31      3      345      0      1      3      200      0      3.0938
31      3      346      0      1      3      200      0      3.35388
31      3      347      0      1      3      200      0      3.57741
31      3      348      0      1      3      200      0      3.16381
31      3      349      0      1      3      200      0      3.72482
31      3      350      0      1      3      200      0      3.23665
31      3      351      0      1      3      200      0      4.08257
31      3      352      0      1      3      200      0      3.71997
31      3      353      0      1      3      200      0      3.24054
31      3      354      0      1      3      200      0      3.0179
31      3      355      0      1      3      200      0      3.26955
31      3      356      0      1      3      200      0      3.23676
31      3      357      0      1      3      200      0      3.34679
31      3      358      0      1      3      200      0      2.88848
31      3      359      0      1      3      200      0      3.15814
31      3      360      0      1      3      200      0      2.9324
31      3      361      0      1      3      200      0      3.30089
31      3      362      0      1      3      200      0      3.13409
31      3      363      0      1      3      200      0      3.12313
31      3      364      0      1      3      200      0      3.12422
31      3      365      0      1      3      200      0      3.10618
31      3      366      0      1      3      200      0      3.1078
31      3      367      0      1      3      200      0      3.01312
31      3      368      0      1      3      200      0      3.32645
31      3      369      0      1      3      200      0      2.92638
31      3      370      0      1      3      200      0      3.23526
31      3      371      0      1      3      200      0      3.08662
31      3      372      0      1      3      200      0      3.08689
31      3      373      0      1      3      200      0      3.40424
31      3      374      0      1      3      200      0      2.99696
31      3      375      0      1      3      200      0      3.19294
31      3      376      0      1      3      200      0      3.05707
31      3      377      0      1      3      200      0      2.97777
31      3      378      0      1      3      200      0      3.33327
31      3      379      0      1      3      200      0      3.45713
31      3      380      0      1      3      200      0      3.20851
31      3      381      0      1      3      200      0      3.51306
31      3      382      0      1      3      200      0      3.22388
31      3      383      0      1      3      200      0      3.38354
31      3      384      0      1      3      0      0      0
31      3      385      0      1      3      200      0      2.84899
31      3      386      0      1      3      0      0      0
31      3      387      0      1      3      200      0      2.92225
31      3      388      0      1      3      200      0      2.555
31      3      389      0      1      3      200      0      2.65411
31      3      390      0      1      3      200      0      3.06044
31      3      391      0      1      3      200      0      2.94652
31      3      392      0      1      3      200      0      3.04888
31      3      393      0      1      3      200      0      2.79284
31      3      394      0      1      3      200      0      2.87836
31      3      395      0      1      3      200      0      2.99863
31      3      396      0      1      3      200      0      2.84939
31      3      397      0      1      3      200      0      3.01024
31      3      398      0      1      3      200      0      2.95888
31      3      399      0      1      3      200      0      2.62476
31      3      400      0      1      3      200      0      2.689
31      3      401      0      1      3      200      0      2.9262
31      3      402      0      1      3      200      0      2.86658
31      3      403      0      1      3      200      0      2.81164
31      3      404      0      1      3      200      0      3.14086
31      3      405      0      1      3      200      0      3.08382
31      3      406      0      1      3      200      0      3.03048
31      3      407      0      1      3      200      0      2.95284
31      3      408      0      1      3      200      0      2.84405
31      3      409      0      1      3      200      0      2.95574
31      3      410      0      1      3      200      0      2.86511
31      3      411      0      1      3      200      0      3.00015
31      3      412      0      1      3      200      0      3.03904
31      3      413      0      1      3      200      0      2.78606
31      3      414      0      1      3      200      0      2.91212
31      3      415      0      1      3      200      0      3.00882
31      3      416      0      1      3      200      0      3.42267
31      3      417      0      1      3      200      0      2.82064
31      3      418      0      1      3      200      0      3.05894
31      3      419      0      1      3      200      0      3.18274
31      3      420      0      1      3      200      0      2.97323
31      3      421      0      1      3      200      0      3.0794
31      3      422      0      1      3      200      0      3.08735
31      3      423      0      1      3      200      0      3.17157
31      3      424      0      1      3      200      0      3.14318
31      3      425      0      1      3      200      0      3.31426
31      3      426      0      1      3      200      0      3.08084
31      3      427      0      1      3      200      0      3.30423
31      3      428      0      1      3      200      0      2.82129
31      3      429      0      1      3      200      0      3.41149
31      3      430      0      1      3      200      0      3.21285
31      3      431      0      1      3      200      0      2.94687
31      3      432      0      1      3      200      0      3.14246
31      3      433      0      1      3      200      0      3.11676
31      3      434      0      1      3      200      0      3.15985
31      3      435      0      1      3      200      0      2.99642
31      3      436      0      1      3      200      0      2.98824
31      3      437      0      1      3      200      0      3.05305
31      3      438      0      1      3      200      0      3.33311
31      3      439      0      1      3      200      0      2.90601
31      3      440      0      1      3      200      0      3.3313
31      3      441      0      1      3      200      0      2.76215
31      3      442      0      1      3      200      0      3.1883
31      3      443      0      1      3      200      0      3.2632
31      3      444      0      1      3      200      0      3.1455
31      3      445      0      1      3      200      0      3.75324
31      3      446      0      1      3      200      0      3.21081
31      3      447      0      1      3      200      0      3.80507
31      3      448      0      1      3      200      0      3.35375
31      3      449      0      1      3      200      0      3.2376
31      3      450      0      1      3      200      0      3.04506
31      3      451      0      1      3      200      0      3.14213
31      3      452      0      1      3      200      0      3.09015
31      3      453      0      1      3      200      0      3.11436
31      3      454      0      1      3      200      0      3.28942
31      3      455      0      1      3      200      0      2.9656
31      3      456      0      1      3      200      0      2.91184
31      3      457      0      1      3      200      0      3.3386
31      3      458      0      1      3      200      0      2.82528
31      3      459      0      1      3      200      0      3.21117
31      3      460      0      1      3      200      0      3.038
31      3      461      0      1      3      200      0      3.22595
31      3      462      0      1      3      200      0      3.4231
31      3      463      0      1      3      200      0      3.28903
31      3      464      0      1      3      200      0      3.17361
31      3      465      0      1      3      200      0      3.00058
31      3      466      0      1      3      200      0      3.47534
31      3      467      0      1      3      200      0      3.32243
31      3      468      0      1      3      200      0      3.25692
31      3      469      0      1      3      200      0      3.22731
31      3      470      0      1      3      200      0      3.40235
31      3      471      0      1      3      200      0      3.44079
31      3      472      0      1      3      200      0      3.31891
31      3      473      0      1      3      200      0      3.04681
31      3      474      0      1      3      200      0      3.15587
31      3      475      0      1      3      200      0      3.76633
31      3      476      0      1      3      200      0      3.27507
31      3      477      0      1      3      200      0      3.50418
31      3      478      0      1      3      200      0      3.30408
31      3      479      0      1      3      200      0      3.78199
31      3      480      0      1      3      200      0      3.9837
31      3      481      0      1      3      200      0      3.05222
31      3      482      0      1      3      200      0      3.1338
31      3      483      0      1      3      200      0      3.33215
31      3      484      0      1      3      200      0      3.10224
31      3      485      0      1      3      200      0      3.3949
31      3      486      0      1      3      200      0      2.75211
31      3      487      0      1      3      200      0      3.16313
31      3      488      0      1      3      200      0      2.98541
31      3      489      0      1      3      200      0      3.35135
31      3      490      0      1      3      200      0      3.05854
31      3      491      0      1      3      200      0      3.30136
31      3      492      0      1      3      200      0      3.03287
31      3      493      0      1      3      200      0      3.05312
31      3      494      0      1      3      200      0      3.2073
31      3      495      0      1      3      200      0      3.43326
31      3      496      0      1      3      200      0      3.4019
31      3      497      0      1      3      200      0      3.05317
31      3      498      0      1      3      200      0      3.10572
31      3      499      0      1      3      200      0      3.00455
31      3      500      0      1      3      200      0      3.08079
31      3      501      0      1      3      200      0      3.23005
31      3      502      0      1      3      200      0      3.46874
31      3      503      0      1      3      200      0      3.29234
31      3      504      0      1      3      200      0      3.32311
31      3      505      0      1      3      200      0      3.08997
31      3      506      0      1      3      200      0      3.27293
31      3      507      0      1      3      200      0      3.69744
31      3      508      0      1      3      200      0      3.30297
31      3      509      0      1      3      200      0      3.74746
31      3      510      0      1      3      200      0      3.06757
31      3      511      0      1      3      200      0      3.67626
31      3      512      0      1      3      200      0      3.72345
31      3      513      0      1      3      200      0      3.16774
31      3      514      0      1      3      200      0      2.91775
31      3      515      0      1      3      200      0      3.24365
31      3      516      0      1      3      200      0      3.01593
31      3      517      0      1      3      200      0      3.34023
31      3      518      0      1      3      200      0      3.11832
31      3      519      0      1      3      200      0      3.34685
31      3      520      0      1      3      200      0      3.48752
31      3      521      0      1      3      200      0      3.37967
31      3      522      0      1      3      200      0      3.40792
31      3      523      0      1      3      200      0      3.16861
31      3      524      0      1      3      200      0      3.25968
31      3      525      0      1      3      200      0      3.42347
31      3      526      0      1      3      200      0      3.36949
31      3      527      0      1      3      200      0      3.10961
31      3      528      0      1      3      200      0      3.21332
31      3      529      0      1      3      200      0      3.12875
31      3      530      0      1      3      200      0      3.31002
31      3      531      0      1      3      200      0      3.34764
31      3      532      0      1      3      200      0      2.92472
31      3      533      0      1      3      200      0      3.30558
31      3      534      0      1      3      200      0      3.21561
31      3      535      0      1      3      200      0      3.12155
31      3      536      0      1      3      200      0      3.26148
31      3      537      0      1      3      200      0      2.96067
31      3      538      0      1      3      200      0      3.2824
31      3      539      0      1      3      200      0      3.57764
31      3      540      0      1      3      200      0      3.25402
31      3      541      0      1      3      200      0      4.06191
31      3      542      0      1      3      200      0      3.05899
31      3      543      0      1      3      200      0      3.42187
31      3      544      0      1      3      200      0      3.33494
31      3      545      0      1      3      200      0      2.97492
31      3      546      0      1      3      200      0      3.0038
31      3      547      0      1      3      200      0      3.16251
31      3      548      0      1      3      200      0      3.12197
31      3      549      0      1      3      200      0      3.2884
31      3      550      0      1      3      200      0      2.98407
31      3      551      0      1      3      200      0      3.30999
31      3      552      0      1      3      200      0      3.16039
31      3      553      0      1      3      200      0      3.3072
31      3      554      0      1      3      200      0      3.24349
31      3      555      0      1      3      200      0      3.33485
31      3      556      0      1      3      200      0      2.98074
31      3      557      0      1      3      200      0      3.34002
31      3      558      0      1      3      200      0      3.26691
31      3      559      0      1      3      200      0      3.29793
31      3      560      0      1      3      200      0      3.26309
31      3      561      0      1      3      200      0      3.08974
31      3      562      0      1      3      200      0      3.12841
31      3      563      0      1      3      200      0      3.08372
31      3      564      0      1      3      200      0      3.25
31      3      565      0      1      3      200      0      3.24973
31      3      566      0      1      3      200      0      3.37138
31      3      567      0      1      3      200      0      3.0078
31      3      568      0      1      3      200      0      3.20122
31      3      569      0      1      3      200      0      3.30177
31      3      570      0      1      3      200      0      3.33083
31      3      571      0      1      3      200      0      3.40741
31      3      572      0      1      3      200      0      3.33344
31      3      573      0      1      3      200      0      3.55949
31      3      574      0      1      3      200      0      3.27673
31      3      575      0      1      3      200      0      3.77965
31      3      576      0      1      3      200      0      3.60644
31      3      577      0      1      3      200      0      3.25121
31      3      578      0      1      3      200      0      2.99171
31      3      579      0      1      3      200      0      3.6186
31      3      580      0      1      3      200      0      3.04525
31      3      581      0      1      3      200      0      3.39356
31      3      582      0      1      3      200      0      3.15867
31      3      583      0      1      3      200      0      3.4384
31      3      584      0      1      3      200      0      3.23342
31      3      585      0      1      3      200      0      3.44416
31      3      586      0      1      3      200      0      3.26829
31      3      587      0      1      3      200      0      3.51315
31      3      588      0      1      3      200      0      2.87933
31      3      589      0      1      3      200      0      3.3914
31      3      590      0      1      3      200      0      3.13644
31      3      591      0      1      3      200      0      3.36598
31      3      592      0      1      3      200      0      3.45192
31      3      593      0      1      3      200      0      2.85836
31      3      594      0      1      3      200      0      3.30893
31      3      595      0      1      3      200      0      3.08146
31      3      596      0      1      3      200      0      3.1177
31      3      597      0      1      3      200      0      2.98707
31      3      598      0      1      3      200      0      3.03421
31      3      599      0      1      3      200      0      3.10405
31      3      600      0      1      3      200      0      3.1396
31      3      601      0      1      3      200      0      3.33078
31      3      602      0      1      3      200      0      3.16044
31      3      603      0      1      3      200      0      3.53793
31      3      604      0      1      3      200      0      3.04141
31      3      605      0      1      3      200      0      3.65256
31      3      606      0      1      3      200      0      3.15098
31      3      607      0      1      3      200      0      3.74382
31      3      608      0      1      3      200      0      3.98784
31      3      609      0      1      3      200      0      2.9556
31      3      610      0      1      3      200      0      3.04978
31      3      611      0      1      3      200      0      3.31636
31      3      612      0      1      3      200      0      3.05002
31      3      613      0      1      3      200      0      3.05216
31      3      614      0      1      3      200      0      3.1785
31      3      615      0      1      3      200      0      3.2565
31      3      616      0      1      3      200      0      3.52693
31      3      617      0      1      3      200      0      3.29781
31      3      618      0      1      3      200      0      3.19995
31      3      619      0      1      3      200      0      3.37506
31      3      620      0      1      3      200      0      2.98983
31      3      621      0      1      3      200      0      3.36056
31      3      622      0      1      3      200      0      3.28161
31      3      623      0      1      3      200      0      3.33896
31      3      624      0      1      3      200      0      3.49892
31      3      625      0      1      3      200      0      3.45052
31      3      626      0      1      3      200      0      3.29477
31      3      627      0      1      3      200      0      3.71024
31      3      628      0      1      3      200      0      3.2499
31      3      629      0      1      3      200      0      3.26276
31      3      630      0      1      3      200      0      3.21237
31      3      631      0      1      3      200      0      3.10725
31      3      632      0      1      3      200      0      3.31061
31      3      633      0      1      3      200      0      3.07059
31      3      634      0      1      3      200      0      3.34546
31      3      635      0      1      3      200      0      3.51615
31      3      636      0      1      3      200      0      3.10469
31      3      637      0      1      3      200      0      3.40213
31      3      638      0      1      3      200      0      3.09444
31      3      639      0      1      3      200      0      3.77696
31      3      640      0      1      3      200      0      4.009
31      3      641      0      1      3      200      0      3.12266
31      3      642      0      1      3      200      0      3.25099
31      3      643      0      1      3      200      0      3.24803
31      3      644      0      1      3      200      0      3.10006
31      3      645      0      1      3      200      0      3.20516
31      3      646      0      1      3      200      0      3.08691
31      3      647      0      1      3      200      0      3.31751
31      3      648      0      1      3      200      0      3.36191
31      3      649      0      1      3      200      0      3.2467
31      3      650      0      1      3      200      0      3.00132
31      3      651      0      1      3      200      0      3.3079
31      3      652      0      1      3      200      0      3.05419
31      3      653      0      1      3      200      0      3.38054
31      3      654      0      1      3      200      0      3.57258
31      3      655      0      1      3      200      0      3.24507
31      3      656      0      1      3      200      0      3.40678
31      3      657      0      1      3      200      0      3.15607
31      3      658      0      1      3      200      0      3.41288
31      3      659      0      1      3      200      0      3.31928
31      3      660      0      1      3      200      0      3.19345
31      3      661      0      1      3      200      0      3.35497
31      3      662      0      1      3      200      0      3.33279
31      3      663      0      1      3      200      0      3.36677
31      3      664      0      1      3      200      0      3.21568
31      3      665      0      1      3      200      0      3.35751
31      3      666      0      1      3      200      0      3.34806
31      3      667      0      1      3      200      0      3.72714
31      3      668      0      1      3      200      0      3.3619
31      3      669      0      1      3      200      0      3.68307
31      3      670      0      1      3      200      0      3.39743
31      3      671      0      1      3      200      0      3.54765
31      3      672      0      1      3      200      0      3.50907
31      3      673      0      1      3      200      0      3.20988
31      3      674      0      1      3      200      0      3.33656
31      3      675      0      1      3      200      0      3.1553
31      3      676      0      1      3      200      0      3.45201
31      3      677      0      1      3      200      0      3.27464
31      3      678      0      1      3      200      0      3.383
31      3      679      0      1      3      200      0      3.26877
31      3      680      0      1      3      200      0      3.15813
31      3      681      0      1      3      200      0      3.13893
31      3      682      0      1      3      200      0      3.37113
31      3      683      0      1      3      200      0      3.2455
31      3      684      0      1      3      200      0      3.02325
31      3      685      0      1      3      200      0      3.47809
31      3      686      0      1      3      200      0      3.54435
31      3      687      0      1      3      200      0      3.63387
31      3      688      0      1      3      200      0      3.52006
31      3      689      0      1      3      200      0      3.14111
31      3      690      0      1      3      200      0      3.49605
31      3      691      0      1      3      200      0      3.05404
31      4      0      0      1      3      200      0      3.24022
31      4      1      0      1      3      200      0      2.93037
31      4      2      0      1      3      200      0      3.2316
31      4      3      0      1      3      200      0      3.45675
31      4      4      0      1      3      200      0      3.18425
31      4      5      0      1      3      200      0      3.00138
31      4      6      0      1      3      200      0      3.15233
31      4      7      0      1      3      200      0      3.21265
31      4      8      0      1      3      200      0      2.8936
31      4      9      0      1      3      200      0      2.98649
31      4      10      0      1      3      200      0      2.84622
31      4      11      0      1      3      200      0      3.0105
31      4      12      0      1      3      200      0      2.94748
31      4      13      0      1      3      200      0      3.01831
31      4      14      0      1      3      200      0      3.13236
31      4      15      0      1      3      200      0      3.06791
31      4      16      0      1      3      200      0      3.14037
31      4      17      0      1      3      200      0      3.04184
31      4      18      0      1      3      200      0      3.15227
31      4      19      0      1      3      200      0      2.9571
31      4      20      0      1      3      200      0      3.03918
31      4      21      0      1      3      200      0      3.13856
31      4      22      0      1      3      200      0      3.18183
31      4      23      0      1      3      200      0      2.96683
31      4      24      0      1      3      200      0      2.95734
31      4      25      0      1      3      200      0      2.95911
31      4      26      0      1      3      200      0      2.96134
31      4      27      0      1      3      200      0      3.16017
31      4      28      0      1      3      200      0      3.0493
31      4      29      0      1      3      200      0      3.07582
31      4      30      0      1      3      200      0      3.01134
31      4      31      0      1      3      200      0      3.15756
31      4      32      0      1      3      200      0      3.0831
31      4      33      0      1      3      200      0      2.89461
31      4      34      0      1      3      200      0      3.1187
31      4      35      0      1      3      200      0      2.95245
31      4      36      0      1      3      200      0      3.14202
31      4      37      0      1      3      200      0      3.26
31      4      38      0      1      3      200      0      3.16347
31      4      39      0      1      3      200      0      3.14521
31      4      40      0      1      3      200      0      2.94264
31      4      41      0      1      3      200      0      2.88473
31      4      42      0      1      3      200      0      2.87735
31      4      43      0      1      3      200      0      2.91728
31      4      44      0      1      3      200      0      2.97061
31      4      45      0      1      3      200      0      3.05125
31      4      46      0      1      3      200      0      2.90193
31      4      47      0      1      3      200      0      2.83338
31      4      48      0      1      3      200      0      3.0496
31      4      49      0      1      3      200      0      2.83396
31      4      50      0      1      3      200      0      3.04019
31      4      51      0      1      3      200      0      2.80314
31      4      52      0      1      3      200      0      2.91394
31      4      53      0      1      3      200      0      2.835
31      4      54      0      1      3      200      0      2.9498
31      4      55      0      1      3      200      0      2.94681
31      4      56      0      1      3      200      0      2.63909
31      4      57      0      1      3      200      0      2.92391
31      4      58      0      1      3      200      0      2.87661
31      4      59      0      1      3      200      0      2.7056
31      4      60      0      1      3      200      0      2.82693
31      4      61      0      1      3      200      0      2.85219
31      4      62      0      1      3      200      0      2.88107
31      4      63      0      1      3      200      0      2.96973
31      4      64      0      1      3      200      0      2.8709
31      4      65      0      1      3      200      0      2.94426
31      4      66      0      1      3      200      0      3.0513
31      4      67      0      1      3      200      0      2.85489
31      4      68      0      1      3      200      0      2.91807
31      4      69      0      1      3      200      0      3.26879
31      4      70      0      1      3      200      0      3.09099
31      4      71      0      1      3      200      0      2.9939
31      4      72      0      1      3      200      0      2.74379
31      4      73      0      1      3      200      0      2.94579
31      4      74      0      1      3      200      0      3.06809
31      4      75      0      1      3      200      0      3.32419
31      4      76      0      1      3      200      0      3.03539
31      4      77      0      1      3      200      0      2.93899
31      4      78      0      1      3      200      0      2.83182
31      4      79      0      1      3      200      0      2.7952
31      4      80      0      1      3      200      0      2.83601
31      4      81      0      1      3      200      0      3.05871
31      4      82      0      1      3      200      0      2.89173
31      4      83      0      1      3      200      0      2.92316
31      4      84      0      1      3      200      0      3.03081
31      4      85      0      1      3      200      0      2.83128
31      4      86      0      1      3      200      0      2.96289
31      4      87      0      1      3      200      0      3.03474
31      4      88      0      1      3      200      0      2.94701
31      4      89      0      1      3      200      0      2.90163
31      4      90      0      1      3      200      0      2.64202
31      4      91      0      1      3      200      0      3.02104
31      4      92      0      1      3      200      0      2.8333
31      4      93      0      1      3      200      0      2.83579
31      4      94      0      1      3      200      0      3.03155
31      4      95      0      1      3      200      0      2.76195
31      4      96      0      1      3      200      0      2.66731
31      4      97      0      1      3      200      0      2.67758
31      4      98      0      1      3      200      0      3.1088
31      4      99      0      1      3      200      0      2.81007
31      4      100      0      1      3      200      0      3.1601
31      4      101      0      1      3      200      0      3.15911
31      4      102      0      1      3      200      0      3.1282
31      4      103      0      1      3      200      0      3.04624
31      4      104      0      1      3      200      0      3.10882
31      4      105      0      1      3      200      0      3.05363
31      4      106      0      1      3      200      0      2.82107
31      4      107      0      1      3      200      0      3.10462
31      4      108      0      1      3      200      0      2.84301
31      4      109      0      1      3      200      0      2.95163
31      4      110      0      1      3      200      0      2.97989
31      4      111      0      1      3      200      0      2.95287
31      4      112      0      1      3      200      0      2.51313
31      4      113      0      1      3      200      0      2.78296
31      4      114      0      1      3      200      0      2.83408
31      4      115      0      1      3      200      0      2.62962
31      4      116      0      1      3      200      0      2.6744
31      4      117      0      1      3      200      0      2.83551
31      4      118      0      1      3      200      0      2.81851
31      4      119      0      1      3      200      0      2.80551
31      4      120      0      1      3      200      0      2.86581
31      4      121      0      1      3      200      0      2.8397
31      4      122      0      1      3      200      0      2.69445
31      4      123      0      1      3      200      0      2.72971
31      4      124      0      1      3      200      0      2.82454
31      4      125      0      1      3      200      0      2.88559
31      4      126      0      1      3      200      0      2.98175
31      4      127      0      1      3      200      0      2.64416
31      4      128      0      1      3      200      0      2.89171
31      4      129      0      1      3      200      0      2.76526
31      4      130      0      1      3      200      0      2.84609
31      4      131      0      1      3      200      0      3.11666
31      4      132      0      1      3      200      0      2.96555
31      4      133      0      1      3      200      0      3.03197
31      4      134      0      1      3      200      0      3.14758
31      4      135      0      1      3      200      0      2.90158
31      4      136      0      1      3      200      0      2.80924
31      4      137      0      1      3      200      0      2.77256
31      4      138      0      1      3      200      0      3.0323
31      4      139      0      1      3      200      0      2.77715
31      4      140      0      1      3      200      0      2.83405
31      4      141      0      1      3      200      0      3.09907
31      4      142      0      1      3      200      0      2.90114
31      4      143      0      1      3      200      0      2.56763
31      4      144      0      1      3      200      0      2.73822
31      4      145      0      1      3      200      0      2.78181
31      4      146      0      1      3      200      0      2.73772
31      4      147      0      1      3      200      0      2.78631
31      4      148      0      1      3      200      0      2.81342
31      4      149      0      1      3      200      0      3.02149
31      4      150      0      1      3      200      0      2.90915
31      4      151      0      1      3      200      0      2.86395
31      4      152      0      1      3      200      0      3.02396
31      4      153      0      1      3      200      0      3.07285
31      4      154      0      1      3      200      0      2.93395
31      4      155      0      1      3      200      0      2.90534
31      4      156      0      1      3      200      0      2.97916
31      4      157      0      1      3      200      0      3.07627
31      4      158      0      1      3      200      0      2.80568
31      4      159      0      1      3      200      0      2.80004
31      4      160      0      1      3      200      0      2.90588
31      4      161      0      1      3      200      0      2.94549
31      4      162      0      1      3      200      0      3.14719
31      4      163      0      1      3      200      0      3.07732
31      4      164      0      1      3      200      0      2.94157
31      4      165      0      1      3      200      0      2.93745
31      4      166      0      1      3      200      0      3.03761
31      4      167      0      1      3      200      0      3.02122
31      4      168      0      1      3      200      0      2.90555
31      4      169      0      1      3      200      0      3.10302
31      4      170      0      1      3      200      0      2.63202
31      4      171      0      1      3      200      0      2.74274
31      4      172      0      1      3      200      0      3.03059
31      4      173      0      1      3      200      0      2.96156
31      4      174      0      1      3      200      0      2.63053
31      4      175      0      1      3      200      0      2.75116
31      4      176      0      1      3      200      0      2.932
31      4      177      0      1      3      200      0      3.02667
31      4      178      0      1      3      200      0      2.90253
31      4      179      0      1      3      200      0      2.94523
31      4      180      0      1      3      200      0      2.94167
31      4      181      0      1      3      200      0      2.85401
31      4      182      0      1      3      200      0      2.72701
31      4      183      0      1      3      200      0      2.8204
31      4      184      0      1      3      200      0      2.91274
31      4      185      0      1      3      200      0      2.89076
31      4      186      0      1      3      200      0      2.85858
31      4      187      0      1      3      200      0      2.8635
31      4      188      0      1      3      200      0      2.71113
31      4      189      0      1      3      200      0      2.89767
31      4      190      0      1      3      200      0      2.77126
31      4      191      0      1      3      200      0      2.62254
31      4      192      0      1      3      200      0      2.6715
31      4      193      0      1      3      200      0      2.79737
31      4      194      0      1      3      200      0      3.01631
31      4      195      0      1      3      200      0      3.15802
31      4      196      0      1      3      200      0      3.10846
31      4      197      0      1      3      200      0      2.93148
31      4      198      0      1      3      200      0      3.06067
31      4      199      0      1      3      200      0      2.95357
31      4      200      0      1      3      200      0      2.81335
31      4      201      0      1      3      200      0      2.71709
31      4      202      0      1      3      200      0      2.77631
31      4      203      0      1      3      200      0      2.6407
31      4      204      0      1      3      200      0      2.72213
31      4      205      0      1      3      200      0      2.91503
31      4      206      0      1      3      200      0      2.77497
31      4      207      0      1      3      200      0      2.67332
31      4      208      0      1      3      200      0      3.12686
31      4      209      0      1      3      200      0      2.74003
31      4      210      0      1      3      200      0      2.84904
31      4      211      0      1      3      200      0      2.90805
31      4      212      0      1      3      200      0      2.84471
31      4      213      0      1      3      200      0      3.04243
31      4      214      0      1      3      200      0      2.78282
31      4      215      0      1      3      200      0      2.99741
31      4      216      0      1      3      200      0      3.0556
31      4      217      0      1      3      200      0      2.83793
31      4      218      0      1      3      200      0      2.92567
31      4      219      0      1      3      200      0      2.99351
31      4      220      0      1      3      200      0      3.0304
31      4      221      0      1      3      200      0      3.05112
31      4      222      0      1      3      200      0      2.45534
31      4      223      0      1      3      200      0      2.74593
31      4      224      0      1      3      200      0      2.8368
31      4      225      0      1      3      200      0      2.82544
31      4      226      0      1      3      200      0      2.90822
31      4      227      0      1      3      200      0      2.75394
31      4      228      0      1      3      200      0      2.87664
31      4      229      0      1      3      200      0      2.95888
31      4      230      0      1      3      200      0      2.77152
31      4      231      0      1      3      200      0      3.12829
31      4      232      0      1      3      200      0      3.19053
31      4      233      0      1      3      200      0      3.04945
31      4      234      0      1      3      200      0      3.20958
31      4      235      0      1      3      200      0      3.3154
31      4      236      0      1      3      200      0      3.02611
31      4      237      0      1      3      200      0      3.06802
31      4      238      0      1      3      200      0      3.06571
31      4      239      0      1      3      200      0      3.23668
31      4      240      0      1      3      200      0      3.25521
31      4      241      0      1      3      200      0      3.13313
31      4      242      0      1      3      200      0      3.05615
31      4      243      0      1      3      200      0      3.15456
31      4      244      0      1      3      200      0      3.1606
31      4      245      0      1      3      200      0      3.24148
31      4      246      0      1      3      200      0      3.2787
31      4      247      0      1      3      200      0      2.94941
31      4      248      0      1      3      200      0      3.28306
31      4      249      0      1      3      200      0      3.16514
31      4      250      0      1      3      200      0      3.26202
31      4      251      0      1      3      200      0      3.21647
31      4      252      0      1      3      200      0      3.20967
31      4      253      0      1      3      200      0      3.17124
31      4      254      0      1      3      200      0      3.06646
31      4      255      0      1      3      200      0      2.96742
31      4      256      0      1      3      200      0      3.22864
31      4      257      0      1      3      200      0      3.10516
31      4      258      0      1      3      200      0      3.29618
31      4      259      0      1      3      200      0      3.06662
31      4      260      0      1      3      200      0      3.66921
31      4      261      0      1      3      200      0      3.47028
31      4      262      0      1      3      200      0      3.20091
31      4      263      0      1      3      200      0      3.05347
31      4      264      0      1      3      200      0      3.00514
31      4      265      0      1      3      200      0      3.32039
31      4      266      0      1      3      200      0      3.25
31      4      267      0      1      3      200      0      3.22676
31      4      268      0      1      3      200      0      2.97117
31      4      269      0      1      3      200      0      2.92157
31      4      270      0      1      3      200      0      3.0074
31      4      271      0      1      3      200      0      3.21577
31      4      272      0      1      3      200      0      3.31535
31      4      273      0      1      3      200      0      3.51922
31      4      274      0      1      3      200      0      3.23259
31      4      275      0      1      3      200      0      3.04172
31      4      276      0      1      3      200      0      3.23838
31      4      277      0      1      3      200      0      3.03645
31      4      278      0      1      3      200      0      3.05768
31      4      279      0      1      3      200      0      3.28567
31      4      280      0      1      3      200      0      3.27329
31      4      281      0      1      3      200      0      3.0398
31      4      282      0      1      3      200      0      3.24487
31      4      283      0      1      3      200      0      3.34721
31      4      284      0      1      3      200      0      3.17491
31      4      285      0      1      3      200      0      3.35083
31      4      286      0      1      3      200      0      3.01665
31      4      287      0      1      3      200      0      3.24097
31      4      288      0      1      3      200      0      3.0733
31      4      289      0      1      3      200      0      3.23245
31      4      290      0      1      3      200      0      3.66102
31      4      291      0      1      3      200      0      3.46972
31      4      292      0      1      3      200      0      3.40798
31      4      293      0      1      3      200      0      3.29763
31      4      294      0      1      3      200      0      3.37285
31      4      295      0      1      3      200      0      3.23051
31      4      296      0      1      3      200      0      3.31408
31      4      297      0      1      3      200      0      3.34847
31      4      298      0      1      3      200      0      3.24928
31      4      299      0      1      3      200      0      3.40124
31      4      300      0      1      3      200      0      3.25256
31      4      301      0      1      3      200      0      3.47972
31      4      302      0      1      3      200      0      3.39639
31      4      303      0      1      3      200      0      3.46608
31      4      304      0      1      3      200      0      3.58243
31      4      305      0      1      3      200      0      3.34167
31      4      306      0      1      3      200      0      3.22923
31      4      307      0      1      3      200      0      3.16716
31      4      308      0      1      3      200      0      3.39395
31      4      309      0      1      3      200      0      3.37739
31      4      310      0      1      3      200      0      3.24168
31      4      311      0      1      3      200      0      3.51587
31      4      312      0      1      3      200      0      3.41583
31      4      313      0      1      3      200      0      3.33678
31      4      314      0      1      3      200      0      3.5036
31      4      315      0      1      3      200      0      3.42258
31      4      316      0      1      3      200      0      3.40214
31      4      317      0      1      3      200      0      3.40376
31      4      318      0      1      3      200      0      3.4761
31      4      319      0      1      3      200      0      3.52167
31      4      320      0      1      3      200      0      3.59509
31      4      321      0      1      3      200      0      3.2113
31      4      322      0      1      3      200      0      3.44515
31      4      323      0      1      3      200      0      3.56296
31      4      324      0      1      3      200      0      3.68705
31      4      325      0      1      3      200      0      3.33014
31      4      326      0      1      3      200      0      3.36177
31      4      327      0      1      3      200      0      3.75217
31      4      328      0      1      3      200      0      3.29618
31      4      329      0      1      3      200      0      3.31482
31      4      330      0      1      3      200      0      3.32928
31      4      331      0      1      3      200      0      3.24232
31      4      332      0      1      3      200      0      3.37121
31      4      333      0      1      3      200      0      3.50923
31      4      334      0      1      3      200      0      3.3144
31      4      335      0      1      3      200      0      3.32949
31      4      336      0      1      3      200      0      3.47917
31      4      337      0      1      3      200      0      3.53115
31      4      338      0      1      3      200      0      3.4212
31      4      339      0      1      3      200      0      3.53608
31      4      340      0      1      3      200      0      3.41366
31      4      341      0      1      3      200      0      3.2486
31      4      342      0      1      3      200      0      3.43366
31      4      343      0      1      3      200      0      3.48597
31      4      344      0      1      3      200      0      3.46991
31      4      345      0      1      3      200      0      3.30533
31      4      346      0      1      3      200      0      3.38862
31      4      347      0      1      3      200      0      3.49072
31      4      348      0      1      3      200      0      3.45618
31      4      349      0      1      3      200      0      3.50624
31      4      350      0      1      3      200      0      3.23569
31      4      351      0      1      3      200      0      3.53885
31      4      352      0      1      3      200      0      3.72742
31      4      353      0      1      3      200      0      3.10054
31      4      354      0      1      3      200      0      3.3358
31      4      355      0      1      3      200      0      3.34734
31      4      356      0      1      3      200      0      3.49387
31      4      357      0      1      3      200      0      3.68854
31      4      358      0      1      3      200      0      3.45885
31      4      359      0      1      3      200      0      3.22676
31      4      360      0      1      3      200      0      3.41878
31      4      361      0      1      3      200      0      3.30361
31      4      362      0      1      3      200      0      3.37654
31      4      363      0      1      3      200      0      3.80739
31      4      364      0      1      3      200      0      3.25798
31      4      365      0      1      3      200      0      3.25881
31      4      366      0      1      3      200      0      3.40692
31      4      367      0      1      3      200      0      3.36728
31      4      368      0      1      3      200      0      3.44045
31      4      369      0      1      3      200      0      3.46123
31      4      370      0      1      3      200      0      3.29734
31      4      371      0      1      3      200      0      3.45649
31      4      372      0      1      3      200      0      3.49278
31      4      373      0      1      3      200      0      3.37531
31      4      374      0      1      3      200      0      3.48962
31      4      375      0      1      3      200      0      3.58969
31      4      376      0      1      3      200      0      3.39437
31      4      377      0      1      3      200      0      3.31458
31      4      378      0      1      3      200      0      3.28514
31      4      379      0      1      3      200      0      3.34971
31      4      380      0      1      3      200      0      3.20153
31      4      381      0      1      3      200      0      3.68803
31      4      382      0      1      3      200      0      3.29723
31      4      383      0      1      3      200      0      3.48305
31      4      384      0      1      3      200      0      3.35244
31      4      385      0      1      3      200      0      3.46515
31      4      386      0      1      3      200      0      3.62492
31      4      387      0      1      3      200      0      3.39801
31      4      388      0      1      3      200      0      4.11623
31      4      389      0      1      3      200      0      3.89297
31      4      390      0      1      3      200      0      3.58314
31      4      391      0      1      3      200      0      3.49688
31      4      392      0      1      3      200      0      3.15831
31      4      393      0      1      3      200      0      3.37952
31      4      394      0      1      3      200      0      3.70239
31      4      395      0      1      3      200      0      3.65002
31      4      396      0      1      3      200      0      3.49092
31      4      397      0      1      3      200      0      3.47347
31      4      398      0      1      3      200      0      3.88486
31      4      399      0      1      3      200      0      3.64724
31      4      400      0      1      3      200      0      3.38523
31      4      401      0      1      3      200      0      3.39677
31      4      402      0      1      3      200      0      3.315
31      4      403      0      1      3      200      0      3.33599
31      4      404      0      1      3      200      0      3.14826
31      4      405      0      1      3      200      0      3.51052
31      4      406      0      1      3      200      0      3.48547
31      4      407      0      1      3      200      0      3.36906
31      4      408      0      1      3      200      0      3.33387
31      4      409      0      1      3      200      0      3.35033
31      4      410      0      1      3      200      0      3.17537
31      4      411      0      1      3      200      0      3.53784
31      4      412      0      1      3      200      0      3.28627
31      4      413      0      1      3      200      0      3.26942
31      4      414      0      1      3      200      0      3.501
31      4      415      0      1      3      200      0      3.37739
31      4      416      0      1      3      200      0      3.91303
31      4      417      0      1      3      200      0      3.50602
31      4      418      0      1      3      200      0      3.50025
31      4      419      0      1      3      200      0      3.4684
31      4      420      0      1      3      200      0      3.73695
31      4      421      0      1      3      200      0      3.54253
31      4      422      0      1      3      200      0      3.76181
31      4      423      0      1      3      200      0      3.42784
31      4      424      0      1      3      200      0      3.64266
31      4      425      0      1      3      200      0      3.45717
31      4      426      0      1      3      200      0      3.29355
31      4      427      0      1      3      200      0      3.4028
31      4      428      0      1      3      200      0      3.59857
31      4      429      0      1      3      200      0      3.5105
31      4      430      0      1      3      200      0      3.3257
31      4      431      0      1      3      200      0      3.4476
31      4      432      0      1      3      200      0      3.72533
31      4      433      0      1      3      200      0      3.62236
31      4      434      0      1      3      200      0      3.13499
31      4      435      0      1      3      200      0      3.22726
31      4      436      0      1      3      200      0      3.49982
31      4      437      0      1      3      200      0      3.35918
31      4      438      0      1      3      200      0      3.29553
31      4      439      0      1      3      200      0      3.33381
31      4      440      0      1      3      200      0      3.56037
31      4      441      0      1      3      200      0      3.42775
31      4      442      0      1      3      200      0      3.35266
31      4      443      0      1      3      200      0      3.16577
31      4      444      0      1      3      200      0      3.35469
31      4      445      0      1      3      200      0      3.29578
31      4      446      0      1      3      200      0      3.25914
31      4      447      0      1      3      200      0      3.43625
31      4      448      0      1      3      200      0      3.44434
31      4      449      0      1      3      200      0      3.64434
31      4      450      0      1      3      200      0      3.60903
31      4      451      0      1      3      200      0      3.99085
31      4      452      0      1      3      200      0      3.59724
31      4      453      0      1      3      200      0      3.38747
31      4      454      0      1      3      200      0      3.58021
31      4      455      0      1      3      200      0      3.6774
31      4      456      0      1      3      200      0      3.49098
31      4      457      0      1      3      200      0      3.4339
31      4      458      0      1      3      200      0      3.72174
31      4      459      0      1      3      200      0      3.81314
31      4      460      0      1      3      200      0      3.54486
31      4      461      0      1      3      200      0      3.40542
31      4      462      0      1      3      200      0      3.11325
31      4      463      0      1      3      200      0      3.5126
31      4      464      0      1      3      200      0      3.4308
31      4      465      0      1      3      200      0      3.51499
31      4      466      0      1      3      200      0      2.98615
31      4      467      0      1      3      200      0      3.70066
31      4      468      0      1      3      200      0      3.32862
31      4      469      0      1      3      200      0      3.31269
31      4      470      0      1      3      200      0      3.3788
31      4      471      0      1      3      200      0      3.41283
31      4      472      0      1      3      200      0      3.18513
31      4      473      0      1      3      200      0      3.21867
31      4      474      0      1      3      200      0      3.27602
31      4      475      0      1      3      200      0      3.33762
31      4      476      0      1      3      200      0      3.45296
31      4      477      0      1      3      200      0      3.62802
31      4      478      0      1      3      200      0      3.7791
31      4      479      0      1      3      200      0      3.48426
31      4      480      0      1      3      200      0      3.6492
31      4      481      0      1      3      200      0      2.79825
31      4      482      0      1      3      200      0      3.72232
31      4      483      0      1      3      200      0      3.37833
31      4      484      0      1      3      200      0      3.1612
31      4      485      0      1      3      200      0      3.35455
31      4      486      0      1      3      200      0      3.27486
31      4      487      0      1      3      200      0      3.87827
31      4      488      0      1      3      200      0      3.20849
31      4      489      0      1      3      200      0      3.14846
31      4      490      0      1      3      200      0      3.19586
31      4      491      0      1      3      200      0      3.24241
31      4      492      0      1      3      200      0      3.38544
31      4      493      0      1      3      200      0      3.32646
31      4      494      0      1      3      200      0      2.94589
31      4      495      0      1      3      200      0      2.99985
31      4      496      0      1      3      200      0      3.14946
31      4      497      0      1      3      200      0      3.2288
31      4      498      0      1      3      200      0      3.27787
31      4      499      0      1      3      200      0      3.05433
31      4      500      0      1      3      200      0      3.18819
31      4      501      0      1      3      200      0      3.12313
31      4      502      0      1      3      200      0      2.90366
31      4      503      0      1      3      200      0      3.19826
31      4      504      0      1      3      200      0      3.14122
31      4      505      0      1      3      200      0      3.10189
31      4      506      0      1      3      200      0      3.35019
31      4      507      0      1      3      200      0      3.10991
31      4      508      0      1      3      200      0      3.15676
31      4      509      0      1      3      200      0      3.19758
31      5      0      0      1      3      200      0      3.08874
31      5      1      0      1      3      200      0      3.02167
31      5      2      0      1      3      200      0      3.12114
31      5      3      0      1      3      200      0      3.48759
31      5      4      0      1      3      200      0      3.21968
31      5      5      0      1      3      200      0      3.28223
31      5      6      0      1      3      200      0      3.42032
31      5      7      0      1      3      200      0      3.25189
31      5      8      0      1      3      200      0      3.0821
31      5      9      0      1      3      200      0      3.29748
31      5      10      0      1      3      200      0      3.00845
31      5      11      0      1      3      200      0      3.10521
31      5      12      0      1      3      200      0      3.21515
31      5      13      0      1      3      200      0      3.06819
31      5      14      0      1      3      200      0      2.92104
31      5      15      0      1      3      200      0      3.11627
31      5      16      0      1      3      200      0      3.38236
31      5      17      0      1      3      200      0      3.18815
31      5      18      0      1      3      200      0      2.91018
31      5      19      0      1      3      200      0      2.87186
31      5      20      0      1      3      200      0      3.18272
31      5      21      0      1      3      200      0      3.11711
31      5      22      0      1      3      200      0      3.13059
31      5      23      0      1      3      200      0      3.18431
31      5      24      0      1      3      200      0      3.07328
31      5      25      0      1      3      200      0      3.14547
31      5      26      0      1      3      200      0      3.19409
31      5      27      0      1      3      200      0      3.05033
31      5      28      0      1      3      200      0      3.13724
31      5      29      0      1      3      200      0      3.03763
31      5      30      0      1      3      200      0      2.80446
31      5      31      0      1      3      200      0      3.16604
31      5      32      0      1      3      200      0      3.07346
31      5      33      0      1      3      200      0      3.0661
31      5      34      0      1      3      200      0      3.42063
31      5      35      0      1      3      200      0      3.32277
31      5      36      0      1      3      200      0      3.24903
31      5      37      0      1      3      200      0      3.25112
31      5      38      0      1      3      200      0      3.45778
31      5      39      0      1      3      200      0      3.21591
31      5      40      0      1      3      200      0      3.39688
31      5      41      0      1      3      200      0      3.49296
31      5      42      0      1      3      200      0      3.41947
31      5      43      0      1      3      200      0      3.29555
31      5      44      0      1      3      200      0      3.13179
31      5      45      0      1      3      200      0      3.37417
31      5      46      0      1      3      200      0      3.26189
31      5      47      0      1      3      200      0      3.26853
31      5      48      0      1      3      200      0      3.11739
31      5      49      0      1      3      200      0      3.02624
31      5      50      0      1      3      200      0      3.19357
31      5      51      0      1      3      200      0      3.18246
31      5      52      0      1      3      200      0      3.36816
31      5      53      0      1      3      200      0      3.24496
31      5      54      0      1      3      200      0      3.37316
31      5      55      0      1      3      200      0      3.10986
31      5      56      0      1      3      200      0      3.28563
31      5      57      0      1      3      200      0      3.11329
31      5      58      0      1      3      200      0      3.21569
31      5      59      0      1      3      200      0      3.12105
31      5      60      0      1      3      200      0      3.41074
31      5      61      0      1      3      200      0      3.39597
31      5      62      0      1      3      200      0      3.10653
31      5      63      0      1      3      200      0      3.14757
31      5      64      0      1      3      200      0      3.32763
31      5      65      0      1      3      200      0      3.08087
31      5      66      0      1      3      200      0      3.18038
31      5      67      0      1      3      200      0      3.00202
31      5      68      0      1      3      200      0      3.15245
31      5      69      0      1      3      200      0      2.96707
31      5      70      0      1      3      200      0      3.14007
31      5      71      0      1      3      200      0      3.15689
31      5      72      0      1      3      200      0      3.21245
31      5      73      0      1      3      200      0      3.3352
31      5      74      0      1      3      200      0      3.09313
31      5      75      0      1      3      200      0      3.1377
31      5      76      0      1      3      200      0      3.44106
31      5      77      0      1      3      200      0      3.13993
31      5      78      0      1      3      200      0      3.28939
31      5      79      0      1      3      200      0      3.10859
31      5      80      0      1      3      200      0      3.06405
31      5      81      0      1      3      200      0      3.24052
31      5      82      0      1      3      200      0      3.07664
31      5      83      0      1      3      200      0      3.33812
31      5      84      0      1      3      200      0      3.1959
31      5      85      0      1      3      200      0      3.06804
31      5      86      0      1      3      200      0      2.99604
31      5      87      0      1      3      200      0      3.35841
31      5      88      0      1      3      200      0      3.28453
31      5      89      0      1      3      200      0      3.3904
31      5      90      0      1      3      200      0      3.40003
31      5      91      0      1      3      200      0      3.44618
31      5      92      0      1      3      200      0      3.6509
31      5      93      0      1      3      200      0      3.53408
31      5      94      0      1      3      200      0      3.18886
31      5      95      0      1      3      200      0      3.21333
31      5      96      0      1      3      200      0      3.11367
31      5      97      0      1      3      200      0      3.11156
31      5      98      0      1      3      200      0      3.368
31      5      99      0      1      3      200      0      3.42821
31      5      100      0      1      3      200      0      3.30756
31      5      101      0      1      3      200      0      3.43145
31      5      102      0      1      3      200      0      3.42752
31      5      103      0      1      3      200      0      3.34004
31      5      104      0      1      3      200      0      3.3786
31      5      105      0      1      3      200      0      3.34016
31      5      106      0      1      3      200      0      3.08577
31      5      107      0      1      3      200      0      3.12587
31      5      108      0      1      3      200      0      3.14713
31      5      109      0      1      3      200      0      3.23453
31      5      110      0      1      3      200      0      3.17912
31      5      111      0      1      3      200      0      3.28784
31      5      112      0      1      3      200      0      3.1615
31      5      113      0      1      3      200      0      3.08514
31      5      114      0      1      3      200      0      3.17854
31      5      115      0      1      3      200      0      3.10204
31      5      116      0      1      3      200      0      3.16261
31      5      117      0      1      3      200      0      3.48996
31      5      118      0      1      3      200      0      3.18998
31      5      119      0      1      3      200      0      3.20718
31      5      120      0      1      3      200      0      3.40041
31      5      121      0      1      3      200      0      3.40725
31      5      122      0      1      3      200      0      3.09689
31      5      123      0      1      3      200      0      3.01658
31      5      124      0      1      3      200      0      3.31702
31      5      125      0      1      3      200      0      3.32487
31      5      126      0      1      3      200      0      3.11997
31      5      127      0      1      3      200      0      3.24739
31      5      128      0      1      3      200      0      3.27928
31      5      129      0      1      3      200      0      3.09722
31      5      130      0      1      3      200      0      3.30436
31      5      131      0      1      3      200      0      3.45927
31      5      132      0      1      3      200      0      3.53956
31      5      133      0      1      3      200      0      3.34411
31      5      134      0      1      3      200      0      3.37289
31      5      135      0      1      3      200      0      3.27358
31      5      136      0      1      3      200      0      3.17441
31      5      137      0      1      3      200      0      3.2365
31      5      138      0      1      3      200      0      3.1425
31      5      139      0      1      3      200      0      3.23401
31      5      140      0      1      3      200      0      3.2975
31      5      141      0      1      3      200      0      3.35677
31      5      142      0      1      3      200      0      3.01032
31      5      143      0      1      3      200      0      3.39942
31      5      144      0      1      3      200      0      3.47617
31      5      145      0      1      3      200      0      3.27183
31      5      146      0      1      3      200      0      3.38533
31      5      147      0      1      3      200      0      3.17684
31      5      148      0      1      3      200      0      3.40519
31      5      149      0      1      3      200      0      3.41494
31      5      150      0      1      3      200      0      3.52309
31      5      151      0      1      3      200      0      3.37143
31      5      152      0      1      3      200      0      3.27157
31      5      153      0      1      3      200      0      3.25697
31      5      154      0      1      3      200      0      2.97401
31      5      155      0      1      3      200      0      3.45436
31      5      156      0      1      3      200      0      3.51103
31      5      157      0      1      3      200      0      3.24292
31      5      158      0      1      3      200      0      3.3232
31      5      159      0      1      3      200      0      3.35305
31      5      160      0      1      3      200      0      3.56387
31      5      161      0      1      3      200      0      3.17362
31      5      162      0      1      3      200      0      3.53133
31      5      163      0      1      3      200      0      3.35844
31      5      164      0      1      3      200      0      3.24975
31      5      165      0      1      3      200      0      3.43695
31      5      166      0      1      3      200      0      3.49244
31      5      167      0      1      3      200      0      3.41573
31      5      168      0      1      3      200      0      3.31792
31      5      169      0      1      3      200      0      3.33968
31      5      170      0      1      3      200      0      3.24072
31      5      171      0      1      3      200      0      3.24155
31      5      172      0      1      3      200      0      3.31204
31      5      173      0      1      3      200      0      3.33806
31      5      174      0      1      3      200      0      3.47843
31      5      175      0      1      3      200      0      3.08736
31      5      176      0      1      3      200      0      3.44682
31      5      177      0      1      3      200      0      3.36853
31      5      178      0      1      3      200      0      3.34718
31      5      179      0      1      3      200      0      3.09131
31      5      180      0      1      3      200      0      3.34792
31      5      181      0      1      3      200      0      3.22478
31      5      182      0      1      3      200      0      3.36561
31      5      183      0      1      3      200      0      3.40257
31      5      184      0      1      3      200      0      3.35162
31      5      185      0      1      3      200      0      3.30701
31      5      186      0      1      3      200      0      3.29265
31      5      187      0      1      3      200      0      3.31933
31      5      188      0      1      3      200      0      3.46477
31      5      189      0      1      3      200      0      3.41375
31      5      190      0      1      3      200      0      3.20924
31      5      191      0      1      3      200      0      3.21549
31      5      192      0      1      3      200      0      3.20308
31      5      193      0      1      3      200      0      3.45572
31      5      194      0      1      3      200      0      3.36386
31      5      195      0      1      3      200      0      3.58985
31      5      196      0      1      3      200      0      3.41103
31      5      197      0      1      3      200      0      3.29797
31      5      198      0      1      3      200      0      3.27553
31      5      199      0      1      3      200      0      3.47458
31      5      200      0      1      3      200      0      3.52908
31      5      201      0      1      3      200      0      3.35099
31      5      202      0      1      3      200      0      2.95114
31      5      203      0      1      3      200      0      3.36222
31      5      204      0      1      3      200      0      3.2207
31      5      205      0      1      3      200      0      3.48712
31      5      206      0      1      3      200      0      3.51379
31      5      207      0      1      3      200      0      3.04894
31      5      208      0      1      3      200      0      3.3882
31      5      209      0      1      3      200      0      3.398
31      5      210      0      1      3      200      0      3.28655
31      5      211      0      1      3      200      0      3.40108
31      5      212      0      1      3      200      0      3.31386
31      5      213      0      1      3      200      0      3.24214
31      5      214      0      1      3      200      0      3.23191
31      5      215      0      1      3      200      0      3.03371
31      5      216      0      1      3      200      0      3.38481
31      5      217      0      1      3      200      0      3.42536
31      5      218      0      1      3      200      0      3.13678
31      5      219      0      1      3      200      0      3.11813
31      5      220      0      1      3      200      0      3.35256
31      5      221      0      1      3      200      0      3.38946
31      5      222      0      1      3      200      0      3.30362
31      5      223      0      1      3      200      0      3.40403
31      5      224      0      1      3      200      0      3.39047
31      5      225      0      1      3      200      0      3.4359
31      5      226      0      1      3      200      0      3.33183
31      5      227      0      1      3      200      0      3.59213
31      5      228      0      1      3      200      0      3.23311
31      5      229      0      1      3      200      0      3.34235
31      5      230      0      1      3      200      0      3.27898
31      5      231      0      1      3      200      0      3.53877
31      5      232      0      1      3      200      0      3.36482
31      5      233      0      1      3      200      0      3.26399
31      5      234      0      1      3      200      0      3.20624
31      5      235      0      1      3      200      0      3.21481
31      5      236      0      1      3      200      0      3.31523
31      5      237      0      1      3      200      0      3.24376
31      5      238      0      1      3      200      0      3.17642
31      5      239      0      1      3      200      0      3.08635
31      5      240      0      1      3      200      0      3.32199
31      5      241      0      1      3      200      0      3.27551
31      5      242      0      1      3      200      0      3.06748
31      5      243      0      1      3      200      0      3.19155
31      5      244      0      1      3      200      0      3.40165
31      5      245      0      1      3      200      0      3.36109
31      5      246      0      1      3      200      0      3.0596
31      5      247      0      1      3      200      0      3.20144
31      5      248      0      1      3      200      0      3.20244
31      5      249      0      1      3      200      0      3.42658
31      5      250      0      1      3      200      0      3.06239
31      5      251      0      1      3      200      0      3.24843
31      5      252      0      1      3      200      0      3.27422
31      5      253      0      1      3      200      0      3.27876
31      5      254      0      1      3      200      0      3.05571
31      5      255      0      1      3      200      0      3.41071
31      5      256      0      1      3      200      0      3.24305
31      5      257      0      1      3      200      0      3.44813
31      5      258      0      1      3      200      0      3.61709
31      5      259      0      1      3      200      0      3.41447
31      5      260      0      1      3      200      0      3.18213
31      5      261      0      1      3      200      0      3.25427
31      5      262      0      1      3      200      0      3.51236
31      5      263      0      1      3      200      0      3.47856
31      5      264      0      1      3      200      0      3.42012
31      5      265      0      1      3      200      0      3.29993
31      5      266      0      1      3      200      0      3.17104
31      5      267      0      1      3      200      0      3.02784
31      5      268      0      1      3      200      0      3.37626
31      5      269      0      1      3      200      0      3.16281
31      5      270      0      1      3      200      0      3.14565
31      5      271      0      1      3      200      0      3.3006
31      5      272      0      1      3      200      0      3.17725
31      5      273      0      1      3      200      0      3.09733
31      5      274      0      1      3      200      0      3.2728
31      5      275      0      1      3      200      0      3.24736
31      5      276      0      1      3      200      0      3.36551
31      5      277      0      1      3      200      0      3.19617
31      5      278      0      1      3      200      0      3.12289
31      5      279      0      1      3      200      0      3.17586
31      5      280      0      1      3      200      0      3.24978
31      5      281      0      1      3      200      0      3.2717
31      5      282      0      1      3      200      0      3.1668
31      5      283      0      1      3      200      0      3.2718
31      5      284      0      1      3      200      0      3.06246
31      5      285      0      1      3      200      0      3.04503
31      5      286      0      1      3      200      0      3.14668
31      5      287      0      1      3      200      0      3.18861
31      5      288      0      1      3      200      0      3.04969
31      5      289      0      1      3      200      0      3.09737
31      5      290      0      1      3      200      0      3.51822
31      5      291      0      1      3      200      0      3.52372
31      5      292      0      1      3      200      0      3.21536
31      5      293      0      1      3      200      0      3.11154
31      5      294      0      1      3      200      0      3.37968
31      5      295      0      1      3      200      0      3.28663
31      5      296      0      1      3      200      0      3.26514
31      5      297      0      1      3      200      0      3.20784
31      5      298      0      1      3      200      0      3.01314
31      5      299      0      1      3      200      0      3.0721
31      5      300      0      1      3      200      0      3.25269
31      5      301      0      1      3      200      0      3.41004
31      5      302      0      1      3      200      0      2.91351
31      5      303      0      1      3      200      0      3.09128
31      5      304      0      1      3      200      0      3.12552
31      5      305      0      1      3      200      0      3.47432
31      5      306      0      1      3      200      0      3.10155
31      5      307      0      1      3      200      0      3.04025
31      5      308      0      1      3      200      0      3.07566
31      5      309      0      1      3      200      0      3.28835
31      5      310      0      1      3      200      0      3.17085
31      5      311      0      1      3      200      0      3.08702
31      5      312      0      1      3      200      0      3.26739
31      5      313      0      1      3      200      0      3.30547
31      5      314      0      1      3      200      0      3.0771
31      5      315      0      1      3      200      0      3.26003
31      5      316      0      1      3      200      0      3.0286
31      5      317      0      1      3      200      0      3.49543
31      5      318      0      1      3      200      0      3.19314
31      5      319      0      1      3      200      0      3.07755
31      5      320      0      1      3      200      0      2.95255
31      5      321      0      1      3      200      0      3.08638
31      5      322      0      1      3      200      0      3.48336
31      5      323      0      1      3      200      0      3.5127
31      5      324      0      1      3      200      0      3.30935
31      5      325      0      1      3      200      0      3.275
31      5      326      0      1      3      200      0      3.13494
31      5      327      0      1      3      200      0      3.42824
31      5      328      0      1      3      200      0      3.16207
31      5      329      0      1      3      200      0      3.36184
31      5      330      0      1      3      200      0      3.38889
31      5      331      0      1      3      200      0      3.06844
31      5      332      0      1      3      200      0      3.03963
31      5      333      0      1      3      200      0      3.34736
31      5      334      0      1      3      200      0      3.33544
31      5      335      0      1      3      200      0      3.26983
31      5      336      0      1      3      200      0      3.21493
31      5      337      0      1      3      200      0      3.3243
31      5      338      0      1      3      200      0      3.22532
31      5      339      0      1      3      200      0      3.09063
31      5      340      0      1      3      200      0      3.2095
31      5      341      0      1      3      200      0      3.21524
31      5      342      0      1      3      200      0      3.25271
31      5      343      0      1      3      200      0      3.00886
31      5      344      0      1      3      200      0      3.19322
31      5      345      0      1      3      200      0      3.2646
31      5      346      0      1      3      200      0      3.16243
31      5      347      0      1      3      200      0      3.23639
31      5      348      0      1      3      200      0      3.32964
31      5      349      0      1      3      200      0      3.12901
31      5      350      0      1      3      200      0      3.34228
31      5      351      0      1      3      200      0      3.22842
31      5      352      0      1      3      200      0      3.07028
31      5      353      0      1      3      200      0      2.94658
31      5      354      0      1      3      200      0      3.00025
31      5      355      0      1      3      200      0      3.27029
31      5      356      0      1      3      200      0      3.13934
31      5      357      0      1      3      200      0      3.32472
31      5      358      0      1      3      200      0      2.93135
31      5      359      0      1      3      200      0      3.16248
31      5      360      0      1      3      200      0      3.0625
31      5      361      0      1      3      200      0      3.17174
31      5      362      0      1      3      200      0      2.9619
31      5      363      0      1      3      200      0      2.88253
31      5      364      0      1      3      200      0      3.15837
31      5      365      0      1      3      200      0      2.85446
31      5      366      0      1      3      200      0      2.90936
31      5      367      0      1      3      200      0      3.06499
31      5      368      0      1      3      200      0      2.9052
31      5      369      0      1      3      200      0      2.75196
31      5      370      0      1      3      200      0      2.72945
31      5      371      0      1      3      200      0      2.89949
31      5      372      0      1      3      200      0      2.90451
31      5      373      0      1      3      200      0      2.75282
31      5      374      0      1      3      200      0      2.80082
31      5      375      0      1      3      200      0      2.82714
31      5      376      0      1      3      200      0      2.80633
31      5      377      0      1      3      200      0      2.93547
31      5      378      0      1      3      200      0      3.05177
31      5      379      0      1      3      200      0      2.78734
31      5      380      0      1      3      200      0      3.25099
31      5      381      0      1      3      200      0      2.79222
31      5      382      0      1      3      200      0      2.86891
31      5      383      0      1      3      200      0      2.89
31      5      384      0      1      3      200      0      2.96626
31      5      385      0      1      3      200      0      2.88564
31      5      386      0      1      3      200      0      3.19292
31      5      387      0      1      3      200      0      2.97278
31      5      388      0      1      3      200      0      3.03929
31      5      389      0      1      3      200      0      2.98132
31      5      390      0      1      3      200      0      3.19513
31      5      391      0      1      3      200      0      2.89753
31      5      392      0      1      3      200      0      2.90711
31      5      393      0      1      3      200      0      2.92123
31      5      394      0      1      3      200      0      2.85221
31      5      395      0      1      3      200      0      2.61411
31      5      396      0      1      3      200      0      3.04685
31      5      397      0      1      3      200      0      2.77327
31      5      398      0      1      3      200      0      2.92747
31      5      399      0      1      3      200      0      2.5723
31      5      400      0      1      3      200      0      2.89374
31      5      401      0      1      3      200      0      2.91897
31      5      402      0      1      3      200      0      2.8942
31      5      403      0      1      3      200      0      2.83138
31      5      404      0      1      3      200      0      3.06859
31      5      405      0      1      3      200      0      2.8395
31      5      406      0      1      3      200      0      2.90558
31      5      407      0      1      3      200      0      2.7666
31      5      408      0      1      3      200      0      2.7174
31      5      409      0      1      3      200      0      2.7453
31      5      410      0      1      3      200      0      2.59914
31      5      411      0      1      3      200      0      2.86028
31      5      412      0      1      3      200      0      2.85073
31      5      413      0      1      3      200      0      2.61694
31      5      414      0      1      3      200      0      2.6838
31      5      415      0      1      3      200      0      2.47732
31      5      416      0      1      3      200      0      2.61773
31      5      417      0      1      3      200      0      2.61085
31      5      418      0      1      3      200      0      2.77515
31      5      419      0      1      3      200      0      3.07901
31      5      420      0      1      3      200      0      2.96772
31      5      421      0      1      3      200      0      3.05348
31      5      422      0      1      3      200      0      2.95714
31      5      423      0      1      3      200      0      2.91019
31      5      424      0      1      3      200      0      2.71307
31      5      425      0      1      3      200      0      2.88789
31      5      426      0      1      3      200      0      2.83105
31      5      427      0      1      3      200      0      2.68417
31      5      428      0      1      3      200      0      2.8379
31      5      429      0      1      3      200      0      3.04242
31      5      430      0      1      3      200      0      2.77686
31      5      431      0      1      3      200      0      2.76473
31      5      432      0      1      3      200      0      2.95181
31      5      433      0      1      3      200      0      2.74709
31      5      434      0      1      3      200      0      2.91089
31      5      435      0      1      3      200      0      2.88966
31      5      436      0      1      3      200      0      2.83728
31      5      437      0      1      3      200      0      2.90248
31      5      438      0      1      3      200      0      2.65182
31      5      439      0      1      3      200      0      2.94346
31      5      440      0      1      3      200      0      3.02757
31      5      441      0      1      3      200      0      3.088
31      5      442      0      1      3      200      0      2.6314
31      5      443      0      1      3      200      0      2.78352
31      5      444      0      1      3      200      0      2.70659
31      5      445      0      1      3      200      0      2.9529
31      5      446      0      1      3      200      0      2.90013
31      5      447      0      1      3      200      0      2.88814
31      5      448      0      1      3      200      0      2.78208
31      5      449      0      1      3      200      0      3.07745
31      5      450      0      1      3      200      0      2.89114
31      5      451      0      1      3      200      0      2.89075
31      5      452      0      1      3      200      0      3.08971
31      5      453      0      1      3      200      0      2.98024
31      5      454      0      1      3      200      0      3.08777
31      5      455      0      1      3      200      0      2.99506
31      5      456      0      1      3      200      0      2.86018
31      5      457      0      1      3      200      0      2.96419
31      5      458      0      1      3      200      0      2.80372
31      5      459      0      1      3      200      0      2.61845
31      5      460      0      1      3      200      0      2.84005
31      5      461      0      1      3      200      0      2.79448
31      5      462      0      1      3      200      0      2.78055
31      5      463      0      1      3      200      0      2.68626
31      5      464      0      1      3      200      0      2.87412
31      5      465      0      1      3      200      0      2.64564
31      5      466      0      1      3      200      0      2.81743
31      5      467      0      1      3      200      0      2.84985
31      5      468      0      1      3      200      0      2.57736
31      5      469      0      1      3      200      0      2.76764
31      5      470      0      1      3      200      0      2.61859
31      5      471      0      1      3      200      0      2.63402
31      5      472      0      1      3      200      0      2.97127
31      5      473      0      1      3      200      0      2.7821
31      5      474      0      1      3      200      0      2.91756
31      5      475      0      1      3      200      0      2.86774
31      5      476      0      1      3      200      0      2.5943
31      5      477      0      1      3      200      0      2.83266
31      5      478      0      1      3      200      0      2.67113
31      5      479      0      1      3      200      0      2.623
31      5      480      0      1      3      200      0      2.6692
31      5      481      0      1      3      200      0      2.67977
31      5      482      0      1      3      200      0      2.80987
31      5      483      0      1      3      200      0      2.80648
31      5      484      0      1      3      200      0      3.20333
31      5      485      0      1      3      200      0      3.02317
31      5      486      0      1      3      200      0      3.09415
31      5      487      0      1      3      200      0      2.83922
31      5      488      0      1      3      200      0      2.98844
31      5      489      0      1      3      200      0      2.79321
31      5      490      0      1      3      200      0      2.75166
31      5      491      0      1      3      200      0      2.63964
31      5      492      0      1      3      200      0      2.79989
31      5      493      0      1      3      200      0      3.00157
31      5      494      0      1      3      200      0      2.79106
31      5      495      0      1      3      200      0      2.98552
31      5      496      0      1      3      200      0      2.67838
31      5      497      0      1      3      200      0      2.87069
31      5      498      0      1      3      200      0      2.88293
31      5      499      0      1      3      200      0      2.81952
31      5      500      0      1      3      200      0      2.86166
31      5      501      0      1      3      200      0      2.79629
31      5      502      0      1      3      200      0      2.94106
31      5      503      0      1      3      200      0      2.79131
31      5      504      0      1      3      200      0      2.83377
31      5      505      0      1      3      200      0      2.77376
31      5      506      0      1      3      200      0      2.8416
31      5      507      0      1      3      200      0      2.72628
31      5      508      0      1      3      200      0      2.88718
31      5      509      0      1      3      200      0      2.84026
31      5      510      0      1      3      200      0      2.77166
31      5      511      0      1      3      200      0      2.78465
31      5      512      0      1      3      200      0      2.81157
31      5      513      0      1      3      200      0      2.84524
31      5      514      0      1      3      200      0      3.14497
31      5      515      0      1      3      200      0      2.81744
31      5      516      0      1      3      200      0      3.01411
31      5      517      0      1      3      200      0      3.31008
31      5      518      0      1      3      200      0      3.0292
31      5      519      0      1      3      200      0      2.94041
31      5      520      0      1      3      200      0      2.8687
31      5      521      0      1      3      200      0      2.88211
31      5      522      0      1      3      200      0      2.85876
31      5      523      0      1      3      200      0      3.02322
31      5      524      0      1      3      200      0      2.93493
31      5      525      0      1      3      200      0      2.84498
31      5      526      0      1      3      200      0      3.02422
31      5      527      0      1      3      200      0      2.89454
31      5      528      0      1      3      200      0      2.70926
31      5      529      0      1      3      200      0      2.98974
31      5      530      0      1      3      200      0      3.06073
31      5      531      0      1      3      200      0      2.55707
31      5      532      0      1      3      200      0      2.86192
31      5      533      0      1      3      200      0      2.89374
31      5      534      0      1      3      200      0      3.00033
31      5      535      0      1      3      200      0      2.8617
31      5      536      0      1      3      200      0      2.75605
31      5      537      0      1      3      200      0      2.75507
31      5      538      0      1      3      200      0      2.72756
31      5      539      0      1      3      200      0      2.7825
31      5      540      0      1      3      200      0      3.01769
31      5      541      0      1      3      200      0      2.86181
31      5      542      0      1      3      200      0      2.99973
31      5      543      0      1      3      200      0      2.72883
31      5      544      0      1      3      200      0      2.93942
31      5      545      0      1      3      200      0      3.07394
31      5      546      0      1      3      200      0      3.07596
31      5      547      0      1      3      200      0      3.01421
31      5      548      0      1      3      200      0      2.91341
31      5      549      0      1      3      200      0      3.10621
31      5      550      0      1      3      200      0      3.01732
31      5      551      0      1      3      200      0      3.1254
31      5      552      0      1      3      200      0      2.71444
31      5      553      0      1      3      200      0      2.83986
31      5      554      0      1      3      200      0      2.7917
31      5      555      0      1      3      200      0      2.86205
31      5      556      0      1      3      200      0      2.90849
31      5      557      0      1      3      200      0      2.96882
31      5      558      0      1      3      200      0      2.96483
31      5      559      0      1      3      200      0      3.16497
31      5      560      0      1      3      200      0      2.63596
31      5      561      0      1      3      200      0      2.87632
31      5      562      0      1      3      200      0      3.06245
31      5      563      0      1      3      200      0      2.99694
31      5      564      0      1      3      200      0      3.00033
31      5      565      0      1      3      200      0      3.12826
31      5      566      0      1      3      200      0      3.00036
31      5      567      0      1      3      200      0      3.02432
31      5      568      0      1      3      200      0      3.02475
31      5      569      0      1      3      200      0      2.85631
31      5      570      0      1      3      200      0      2.98541
31      5      571      0      1      3      200      0      2.82414
31      5      572      0      1      3      200      0      3.14974
31      5      573      0      1      3      200      0      2.84958
31      5      574      0      1      3      200      0      2.80171
31      5      575      0      1      3      200      0      3.00282
31      5      576      0      1      3      200      0      2.70875
31      5      577      0      1      3      200      0      2.87447
31      5      578      0      1      3      200      0      2.99517
31      5      579      0      1      3      200      0      3.02186
31      5      580      0      1      3      200      0      2.93642
31      5      581      0      1      3      200      0      2.74169
31      5      582      0      1      3      200      0      2.95992
31      5      583      0      1      3      200      0      3.13354
31      5      584      0      1      3      200      0      2.64147
31      5      585      0      1      3      200      0      3.08317
31      5      586      0      1      3      200      0      3.14719
31      5      587      0      1      3      200      0      3.18771
31      5      588      0      1      3      200      0      3.19205
31      5      589      0      1      3      200      0      3.00561
31      5      590      0      1      3      200      0      3.04501
31      5      591      0      1      3      200      0      3.21581
31      5      592      0      1      3      200      0      2.74948
31      5      593      0      1      3      200      0      2.92625
31      5      594      0      1      3      200      0      2.77148
31      5      595      0      1      3      200      0      2.86381
31      5      596      0      1      3      200      0      2.8417
31      5      597      0      1      3      200      0      2.93897
31      5      598      0      1      3      200      0      3.0463
31      5      599      0      1      3      200      0      3.01552
31      5      600      0      1      3      200      0      2.68726
31      5      601      0      1      3      200      0      2.82606
31      5      602      0      1      3      200      0      2.97295
31      5      603      0      1      3      200      0      2.84257
31      5      604      0      1      3      200      0      3.04103
31      5      605      0      1      3      200      0      2.80677
31      5      606      0      1      3      200      0      2.55793
31      5      607      0      1      3      200      0      3.05244
31      5      608      0      1      3      200      0      2.89253
31      5      609      0      1      3      200      0      2.68847
31      5      610      0      1      3      200      0      2.93523
31      5      611      0      1      3      200      0      2.91652
31      5      612      0      1      3      200      0      2.97071
31      5      613      0      1      3      200      0      2.81566
31      5      614      0      1      3      200      0      3.03533
31      5      615      0      1      3      200      0      2.95829
31      5      616      0      1      3      200      0      2.7216
31      5      617      0      1      3      200      0      3.16221
31      5      618      0      1      3      200      0      2.87369
31      5      619      0      1      3      200      0      2.82256
31      5      620      0      1      3      200      0      2.66344
31      5      621      0      1      3      200      0      2.94965
31      5      622      0      1      3      200      0      2.70406
31      5      623      0      1      3      200      0      2.76458
31      5      624      0      1      3      200      0      2.93544
31      5      625      0      1      3      200      0      2.96838
31      5      626      0      1      3      200      0      2.87524
31      5      627      0      1      3      200      0      3.03963
31      5      628      0      1      3      200      0      2.94656
31      5      629      0      1      3      200      0      3.0075
31      5      630      0      1      3      200      0      2.942
31      5      631      0      1      3      200      0      2.72544
31      5      632      0      1      3      200      0      2.85801
31      5      633      0      1      3      200      0      2.93445
31      5      634      0      1      3      200      0      2.82821
31      5      635      0      1      3      200      0      2.74219
31      5      636      0      1      3      200      0      2.95666
31      5      637      0      1      3      200      0      3.14499
31      5      638      0      1      3      200      0      3.04077
31      5      639      0      1      3      200      0      2.89992
31      5      640      0      1      3      200      0      2.92572
31      5      641      0      1      3      200      0      2.76808
31      5      642      0      1      3      200      0      3.01392
31      5      643      0      1      3      200      0      3.05831
31      5      644      0      1      3      200      0      3.11178
31      5      645      0      1      3      200      0      3.08889
31      5      646      0      1      3      200      0      3.07705
31      5      647      0      1      3      200      0      3.08169
31      5      648      0      1      3      200      0      2.80257
31      5      649      0      1      3      200      0      3.08877
31      5      650      0      1      3      200      0      2.82187
31      5      651      0      1      3      200      0      2.74828
31      5      652      0      1      3      200      0      3.04739
31      5      653      0      1      3      200      0      2.87327
31      5      654      0      1      3      200      0      2.84959
31      5      655      0      1      3      200      0      2.90276
31      5      656      0      1      3      200      0      2.87754
31      5      657      0      1      3      200      0      2.85886
31      5      658      0      1      3      200      0      2.83275
31      5      659      0      1      3      200      0      2.84362
31      5      660      0      1      3      200      0      2.93631
31      5      661      0      1      3      200      0      3.03999
31      5      662      0      1      3      200      0      2.74346
31      5      663      0      1      3      200      0      2.8345
31      5      664      0      1      3      200      0      2.9278
31      5      665      0      1      3      200      0      2.94499
31      5      666      0      1      3      200      0      2.77714
31      5      667      0      1      3      200      0      2.97986
31      5      668      0      1      3      200      0      2.90594
31      5      669      0      1      3      200      0      3.08118
31      5      670      0      1      3      200      0      2.91686
31      5      671      0      1      3      200      0      3.10545
31      5      672      0      1      3      200      0      2.88604
31      5      673      0      1      3      200      0      2.52549
31      5      674      0      1      3      200      0      2.95559
31      5      675      0      1      3      200      0      2.78055
31      5      676      0      1      3      200      0      2.93293
31      5      677      0      1      3      200      0      2.96527
31      5      678      0      1      3      200      0      2.90103
31      5      679      0      1      3      200      0      2.83959
31      5      680      0      1      3      200      0      2.93613
31      5      681      0      1      3      200      0      2.86138
31      5      682      0      1      3      200      0      2.80603
31      5      683      0      1      3      200      0      2.84829
31      5      684      0      1      3      200      0      2.82249
31      5      685      0      1      3      200      0      2.57646
31      5      686      0      1      3      200      0      2.52126
31      5      687      0      1      3      200      0      2.81651
31      5      688      0      1      3      200      0      2.95621
31      5      689      0      1      3      200      0      2.98342
31      5      690      0      1      3      200      0      2.86189
31      5      691      0      1      3      200      0      2.75953
31      5      692      0      1      3      200      0      2.89011
31      5      693      0      1      3      200      0      2.9262
31      5      694      0      1      3      200      0      2.83128
31      5      695      0      1      3      200      0      2.94321
31      5      696      0      1      3      200      0      2.78327
31      5      697      0      1      3      200      0      2.89027
31      5      698      0      1      3      200      0      2.75231
31      5      699      0      1      3      200      0      2.74977
31      5      700      0      1      3      200      0      2.98017
31      5      701      0      1      3      200      0      2.87947
31      5      702      0      1      3      200      0      2.96279
31      5      703      0      1      3      200      0      2.65627
31      5      704      0      1      3      200      0      2.97399
31      5      705      0      1      3      200      0      2.79844
31      5      706      0      1      3      200      0      3.15932
31      5      707      0      1      3      200      0      3.31993
31      5      708      0      1      3      200      0      2.97668
31      5      709      0      1      3      200      0      3.00911
31      5      710      0      1      3      200      0      3.07771
31      5      711      0      1      3      200      0      3.1381
31      5      712      0      1      3      200      0      3.03183
31      5      713      0      1      3      200      0      2.9792
31      5      714      0      1      3      200      0      2.82915
31      5      715      0      1      3      200      0      2.73952
31      5      716      0      1      3      200      0      3.04409
31      5      717      0      1      3      200      0      2.71482
31      5      718      0      1      3      200      0      2.82511
31      5      719      0      1      3      200      0      2.70682
31      5      720      0      1      3      200      0      2.83805
31      5      721      0      1      3      200      0      2.98457
31      5      722      0      1      3      200      0      2.78747
31      5      723      0      1      3      200      0      2.71839
31      5      724      0      1      3      200      0      2.97529
31      5      725      0      1      3      200      0      2.82603
31      5      726      0      1      3      200      0      2.82085
31      5      727      0      1      3      200      0      2.96105
31      5      728      0      1      3      200      0      2.78777
31      5      729      0      1      3      200      0      2.87107
31      5      730      0      1      3      200      0      2.8345
31      5      731      0      1      3      200      0      2.94656
31      5      732      0      1      3      200      0      3.02827
31      5      733      0      1      3      200      0      2.87866
31      5      734      0      1      3      200      0      3.01252
31      5      735      0      1      3      200      0      2.87782
31      5      736      0      1      3      200      0      2.94953
31      5      737      0      1      3      200      0      2.9148
31      5      738      0      1      3      200      0      3.03206
31      5      739      0      1      3      0      0      0
31      5      740      0      1      3      200      0      3.00682
31      5      741      0      1      3      200      0      3.1341
31      5      742      0      1      3      200      0      2.87643
31      5      743      0      1      3      200      0      2.94939
31      5      744      0      1      3      200      0      2.8682
31      5      745      0      1      3      200      0      2.75476
31      5      746      0      1      3      200      0      2.88923
31      5      747      0      1      3      200      0      2.77937
31      5      748      0      1      3      200      0      3.03211
31      5      749      0      1      3      200      0      3.00336
31      5      750      0      1      3      200      0      2.91966
31      5      751      0      1      3      200      0      3.03396
31      5      752      0      1      3      200      0      2.81134
31      5      753      0      1      3      200      0      3.09986
31      5      754      0      1      3      200      0      3.0532
31      5      755      0      1      3      200      0      2.91353
31      5      756      0      1      3      200      0      2.95804
31      5      757      0      1      3      200      0      2.90784
31      5      758      0      1      3      200      0      2.89855
31      5      759      0      1      3      200      0      2.95666
31      5      760      0      1      3      200      0      3.0282
31      5      761      0      1      3      200      0      2.92871
31      5      762      0      1      3      200      0      3.00318
31      5      763      0      1      3      200      0      2.92762
31      5      764      0      1      3      200      0      3.00362
31      5      765      0      1      3      200      0      2.77003
31      5      766      0      1      3      200      0      2.93312
31      5      767      0      1      3      200      0      2.91186
31      5      768      0      1      3      200      0      2.98493
31      5      769      0      1      3      200      0      2.7675
31      5      770      0      1      3      200      0      2.99402
31      5      771      0      1      3      200      0      3.01122
31      5      772      0      1      3      200      0      3.13763
31      5      773      0      1      3      200      0      3.22357
31      5      774      0      1      3      200      0      3.08802
31      5      775      0      1      3      200      0      2.90443
31      5      776      0      1      3      200      0      2.91241
31      5      777      0      1      3      200      0      3.03068
31      5      778      0      1      3      200      0      2.90343
31      5      779      0      1      3      200      0      3.06633
31      5      780      0      1      3      200      0      2.86191
31      5      781      0      1      3      200      0      2.94477
31      5      782      0      1      3      200      0      2.8664
31      5      783      0      1      3      200      0      2.86789
31      5      784      0      1      3      200      0      2.99539
31      5      785      0      1      3      200      0      2.91622
31      5      786      0      1      3      200      0      2.87422
31      5      787      0      1      3      200      0      2.72984
31      5      788      0      1      3      200      0      2.96061
31      5      789      0      1      3      200      0      2.97527
31      5      790      0      1      3      200      0      2.91654
31      5      791      0      1      3      200      0      3.08962
31      5      792      0      1      3      200      0      2.83128
31      5      793      0      1      3      200      0      2.93443
31      5      794      0      1      3      200      0      3.20196
31      5      795      0      1      3      200      0      3.0283
31      5      796      0      1      3      200      0      3.04289
31      5      797      0      1      3      200      0      2.95224
31      5      798      0      1      3      200      0      2.71517
31      5      799      0      1      3      200      0      2.90305
31      6      0      0      1      3      0      0      0
31      6      1      0      1      3      200      0      3.04094
31      6      2      0      1      3      200      0      3.30298
31      6      3      0      1      3      200      0      3.33749
31      6      4      0      1      3      200      0      3.04402
31      6      5      0      1      3      200      0      3.00553
31      6      6      0      1      3      200      0      2.94014
31      6      7      0      1      3      200      0      2.93819
31      6      8      0      1      3      200      0      3.1112
31      6      9      0      1      3      200      0      2.90717
31      6      10      0      1      3      200      0      3.36697
31      6      11      0      1      3      200      0      2.98766
31      6      12      0      1      3      200      0      3.19746
31      6      13      0      1      3      200      0      3.37093
31      6      14      0      1      3      200      0      3.39525
31      6      15      0      1      3      200      0      3.18927
31      6      16      0      1      3      200      0      3.29241
31      6      17      0      1      3      200      0      3.17805
31      6      18      0      1      3      200      0      3.28792
31      6      19      0      1      3      200      0      3.33467
31      6      20      0      1      3      200      0      3.11368
31      6      21      0      1      3      200      0      3.34798
31      6      22      0      1      3      200      0      3.21543
31      6      23      0      1      3      200      0      3.13069
31      6      24      0      1      3      200      0      3.10985
31      6      25      0      1      3      200      0      3.58036
31      6      26      0      1      3      200      0      3.30504
31      6      27      0      1      3      200      0      3.41982
31      6      28      0      1      3      200      0      3.25598
31      6      29      0      1      3      200      0      3.21319
31      6      30      0      1      3      200      0      3.36823
31      6      31      0      1      3      200      0      3.31675
31      6      32      0      1      3      200      0      3.78144
31      6      33      0      1      3      200      0      3.45131
31      6      34      0      1      3      200      0      4.1399
31      6      35      0      1      3      200      0      3.51258
31      6      36      0      1      3      200      0      4.31583
31      6      37      0      1      3      200      0      3.79655
31      6      38      0      1      3      200      0      3.58432
31      6      39      0      1      3      200      0      3.51927
31      6      40      0      1      3      200      0      3.62232
31      6      41      0      1      3      200      0      3.29409
31      6      42      0      1      3      200      0      3.44944
31      6      43      0      1      3      200      0      3.59223
31      6      44      0      1      3      200      0      3.47378
31      6      45      0      1      3      200      0      3.47045
31      6      46      0      1      3      200      0      3.41356
31      6      47      0      1      3      200      0      3.99987
31      6      48      0      1      3      200      0      3.27616
31      6      49      0      1      3      200      0      3.56489
31      6      50      0      1      3      200      0      3.69531
31      6      51      0      1      3      200      0      2.96907
31      6      52      0      1      3      200      0      3.58077
31      6      53      0      1      3      200      0      3.50096
31      6      54      0      1      3      200      0      3.40441
31      6      55      0      1      3      200      0      3.32886
31      6      56      0      1      3      200      0      3.50478
31      6      57      0      1      3      200      0      3.47586
31      6      58      0      1      3      200      0      3.35459
31      6      59      0      1      3      200      0      3.33738
31      6      60      0      1      3      200      0      2.26511
31      6      61      0      1      3      200      0      3.61809
31      6      62      0      1      3      200      0      3.70715
31      6      63      0      1      3      200      0      4.564
31      6      64      0      1      3      200      0      3.25716
31      6      65      0      1      3      200      0      3.25291
31      6      66      0      1      3      200      0      3.55588
31      6      67      0      1      3      200      0      3.57754
31      6      68      0      1      3      200      0      3.53466
31      6      69      0      1      3      200      0      3.41597
31      6      70      0      1      3      200      0      3.19188
31      6      71      0      1      3      200      0      3.2222
31      6      72      0      1      3      200      0      3.43433
31      6      73      0      1      3      200      0      3.60194
31      6      74      0      1      3      200      0      3.42472
31      6      75      0      1      3      200      0      3.53591
31      6      76      0      1      3      200      0      3.45959
31      6      77      0      1      3      200      0      3.57433
31      6      78      0      1      3      200      0      3.56911
31      6      79      0      1      3      200      0      3.46662
31      6      80      0      1      3      200      0      3.50667
31      6      81      0      1      3      200      0      3.55362
31      6      82      0      1      3      200      0      3.27322
31      6      83      0      1      3      200      0      3.77606
31      6      84      0      1      3      200      0      3.24253
31      6      85      0      1      3      200      0      3.38912
31      6      86      0      1      3      200      0      3.44709
31      6      87      0      1      3      200      0      3.08816
31      6      88      0      1      3      200      0      3.45327
31      6      89      0      1      3      200      0      3.3871
31      6      90      0      1      3      200      0      3.48044
31      6      91      0      1      3      200      0      3.36837
31      6      92      0      1      3      200      0      3.7185
31      6      93      0      1      3      200      0      3.31397
31      6      94      0      1      3      200      0      3.38982
31      6      95      0      1      3      200      0      3.48756
31      6      96      0      1      3      200      0      3.92191
31      6      97      0      1      3      200      0      3.76123
31      6      98      0      1      3      200      0      4.12286
31      6      99      0      1      3      200      0      3.78506
31      6      100      0      1      3      200      0      3.96066
31      6      101      0      1      3      200      0      3.56195
31      6      102      0      1      3      200      0      3.38122
31      6      103      0      1      3      200      0      3.67026
31      6      104      0      1      3      200      0      3.5518
31      6      105      0      1      3      200      0      3.55568
31      6      106      0      1      3      200      0      3.45057
31      6      107      0      1      3      200      0      3.5655
31      6      108      0      1      3      200      0      3.60491
31      6      109      0      1      3      200      0      3.90385
31      6      110      0      1      3      200      0      3.54913
31      6      111      0      1      3      200      0      3.69639
31      6      112      0      1      3      200      0      3.66914
31      6      113      0      1      3      200      0      3.57319
31      6      114      0      1      3      200      0      3.75897
31      6      115      0      1      3      200      0      3.63419
31      6      116      0      1      3      200      0      3.57391
31      6      117      0      1      3      200      0      3.48249
31      6      118      0      1      3      200      0      3.56298
31      6      119      0      1      3      200      0      3.59512
31      6      120      0      1      3      200      0      3.43561
31      6      121      0      1      3      200      0      3.34294
31      6      122      0      1      3      200      0      3.64684
31      6      123      0      1      3      200      0      3.566
31      6      124      0      1      3      200      0      3.65527
31      6      125      0      1      3      200      0      3.43474
31      6      126      0      1      3      200      0      3.91104
31      6      127      0      1      3      200      0      4.95484
31      6      128      0      1      3      200      0      4.20421
31      6      129      0      1      3      200      0      3.68891
31      6      130      0      1      3      200      0      4.07388
31      6      131      0      1      3      200      0      3.58038
31      6      132      0      1      3      200      0      4.04622
31      6      133      0      1      3      200      0      3.67513
31      6      134      0      1      3      200      0      3.76867
31      6      135      0      1      3      200      0      3.70437
31      6      136      0      1      3      200      0      3.72432
31      6      137      0      1      3      200      0      3.9961
31      6      138      0      1      3      200      0      3.71145
31      6      139      0      1      3      200      0      3.811
31      6      140      0      1      3      200      0      3.38224
31      6      141      0      1      3      200      0      3.75647
31      6      142      0      1      3      200      0      3.4381
31      6      143      0      1      3      200      0      3.93807
31      6      144      0      1      3      200      0      3.42154
31      6      145      0      1      3      200      0      3.6197
31      6      146      0      1      3      200      0      3.69757
31      6      147      0      1      3      200      0      3.62055
31      6      148      0      1      3      200      0      3.62217
31      6      149      0      1      3      200      0      3.53714
31      6      150      0      1      3      200      0      3.65345
31      6      151      0      1      3      200      0      3.57616
31      6      152      0      1      3      200      0      3.70286
31      6      153      0      1      3      200      0      3.49751
31      6      154      0      1      3      200      0      3.77004
31      6      155      0      1      3      200      0      3.4653
31      6      156      0      1      3      200      0      3.75905
31      6      157      0      1      3      200      0      3.58575
31      6      158      0      1      3      200      0      3.67371
31      6      159      0      1      3      200      0      4.74718
31      6      160      0      1      3      200      0      3.38407
31      6      161      0      1      3      200      0      3.52278
31      6      162      0      1      3      200      0      3.54719
31      6      163      0      1      3      200      0      3.72571
31      6      164      0      1      3      200      0      3.76858
31      6      165      0      1      3      200      0      3.4742
31      6      166      0      1      3      200      0      3.47316
31      6      167      0      1      3      200      0      3.48601
31      6      168      0      1      3      200      0      3.49349
31      6      169      0      1      3      200      0      3.56892
31      6      170      0      1      3      200      0      3.64487
31      6      171      0      1      3      200      0      3.2912
31      6      172      0      1      3      200      0      4.12752
31      6      173      0      1      3      200      0      3.43539
31      6      174      0      1      3      200      0      3.58569
31      6      175      0      1      3      200      0      3.59978
31      6      176      0      1      3      200      0      3.77331
31      6      177      0      1      3      200      0      3.85594
31      6      178      0      1      3      200      0      3.61671
31      6      179      0      1      3      200      0      3.68779
31      6      180      0      1      3      200      0      3.64508
31      6      181      0      1      3      200      0      3.52492
31      6      182      0      1      3      200      0      3.61681
31      6      183      0      1      3      200      0      3.55734
31      6      184      0      1      3      200      0      3.37813
31      6      185      0      1      3      200      0      3.22855
31      6      186      0      1      3      200      0      3.47639
31      6      187      0      1      3      200      0      3.57086
31      6      188      0      1      3      200      0      3.41817
31      6      189      0      1      3      200      0      3.46019
31      6      190      0      1      3      200      0      3.23907
31      6      191      0      1      3      200      0      3.36102
31      6      192      0      1      3      200      0      3.80729
31      6      193      0      1      3      200      0      3.59873
31      6      194      0      1      3      200      0      3.50898
31      6      195      0      1      3      200      0      3.45686
31      6      196      0      1      3      200      0      3.20044
31      6      197      0      1      3      200      0      3.22598
31      6      198      0      1      3      200      0      3.32317
31      6      199      0      1      3      200      0      3.35408
31      6      200      0      1      3      200      0      3.35064
31      6      201      0      1      3      200      0      3.32604
31      6      202      0      1      3      200      0      3.51232
31      6      203      0      1      3      200      0      3.29971
31      6      204      0      1      3      200      0      3.25198
31      6      205      0      1      3      200      0      3.34369
31      6      206      0      1      3      200      0      3.40796
31      6      207      0      1      3      200      0      3.11497
31      6      208      0      1      3      200      0      3.421
31      6      209      0      1      3      200      0      3.41797
31      6      210      0      1      3      200      0      3.15362
31      6      211      0      1      3      200      0      3.35741
31      6      212      0      1      3      200      0      3.22538
31      6      213      0      1      3      200      0      3.1704
31      6      214      0      1      3      200      0      3.40824
31      6      215      0      1      3      200      0      3.3587
31      6      216      0      1      3      200      0      3.54923
31      6      217      0      1      3      200      0      3.45816
31      6      218      0      1      3      200      0      3.81717
31      6      219      0      1      3      200      0      3.56477
31      6      220      0      1      3      200      0      3.8166
31      6      221      0      1      3      200      0      3.4979
31      6      222      0      1      3      200      0      3.60106
31      6      223      0      1      3      200      0      4.18831
31      6      224      0      1      3      200      0      2.40024
31      6      225      0      1      3      200      0      3.12468
31      6      226      0      1      3      200      0      3.10165
31      6      227      0      1      3      200      0      3.32272
31      6      228      0      1      3      200      0      3.30492
31      6      229      0      1      3      200      0      3.33249
31      6      230      0      1      3      200      0      2.9158
31      6      231      0      1      3      200      0      3.14802
31      6      232      0      1      3      200      0      3.3082
31      6      233      0      1      3      200      0      3.18272
31      6      234      0      1      3      200      0      3.13822
31      6      235      0      1      3      200      0      3.3008
31      6      236      0      1      3      200      0      3.11677
31      6      237      0      1      3      200      0      3.42443
31      6      238      0      1      3      200      0      2.78959
31      6      239      0      1      3      200      0      2.4636
31      6      240      0      1      3      200      0      2.97777
31      6      241      0      1      3      200      0      3.20787
31      6      242      0      1      3      200      0      2.92019
31      6      243      0      1      3      200      0      2.92354
31      6      244      0      1      3      200      0      3.02879
31      6      245      0      1      3      200      0      2.92488
31      6      246      0      1      3      200      0      3.19898
31      6      247      0      1      3      200      0      3.14791
31      6      248      0      1      3      200      0      2.94094
31      6      249      0      1      3      200      0      2.81322
31      6      250      0      1      3      200      0      3.0864
31      6      251      0      1      3      200      0      2.74013
31      6      252      0      1      3      200      0      -0.055213
31      6      253      0      1      3      200      0      2.93257
31      6      254      0      1      3      200      0      3.23021
31      6      255      0      1      3      200      0      3.07234
31      6      256      0      1      3      0      0      0
31      6      257      0      1      3      200      0      2.98949
31      6      258      0      1      3      200      0      3.1779
31      6      259      0      1      3      200      0      3.00475
31      6      260      0      1      3      200      0      3.2562
31      6      261      0      1      3      200      0      2.95368
31      6      262      0      1      3      200      0      3.1871
31      6      263      0      1      3      200      0      2.91934
31      6      264      0      1      3      200      0      3.10165
31      6      265      0      1      3      200      0      3.15543
31      6      266      0      1      3      200      0      3.13123
31      6      267      0      1      3      200      0      3.01444
31      6      268      0      1      3      200      0      3.10057
31      6      269      0      1      3      200      0      3.02262
31      6      270      0      1      3      200      0      2.71684
31      6      271      0      1      3      200      0      2.80996
31      6      272      0      1      3      200      0      2.68486
31      6      273      0      1      3      200      0      3.10066
31      6      274      0      1      3      200      0      3.08768
31      6      275      0      1      3      200      0      3.03568
31      6      276      0      1      3      200      0      2.9725
31      6      277      0      1      3      200      0      3.04187
31      6      278      0      1      3      200      0      3.15007
31      6      279      0      1      3      200      0      3.05324
31      6      280      0      1      3      200      0      2.95782
31      6      281      0      1      3      200      0      3.05855
31      6      282      0      1      3      200      0      2.81347
31      6      283      0      1      3      200      0      2.9323
31      6      284      0      1      3      200      0      3.12331
31      6      285      0      1      3      200      0      3.09115
31      6      286      0      1      3      200      0      3.08603
31      6      287      0      1      3      200      0      3.02852
31      6      288      0      1      3      200      0      2.75669
31      6      289      0      1      3      200      0      3.14333
31      6      290      0      1      3      200      0      3.05822
31      6      291      0      1      3      200      0      2.95716
31      6      292      0      1      3      200      0      3.11862
31      6      293      0      1      3      200      0      3.21157
31      6      294      0      1      3      200      0      3.17004
31      6      295      0      1      3      200      0      3.14446
31      6      296      0      1      3      200      0      2.91445
31      6      297      0      1      3      200      0      2.8154
31      6      298      0      1      3      200      0      2.95063
31      6      299      0      1      3      200      0      3.19333
31      6      300      0      1      3      200      0      2.74526
31      6      301      0      1      3      200      0      3.00606
31      6      302      0      1      3      200      0      3.02638
31      6      303      0      1      3      200      0      3.03703
31      6      304      0      1      3      200      0      2.7201
31      6      305      0      1      3      200      0      2.98452
31      6      306      0      1      3      200      0      2.86521
31      6      307      0      1      3      200      0      2.97218
31      6      308      0      1      3      200      0      2.96127
31      6      309      0      1      3      200      0      3.15751
31      6      310      0      1      3      200      0      2.93519
31      6      311      0      1      3      200      0      3.21474
31      6      312      0      1      3      200      0      2.93501
31      6      313      0      1      3      200      0      3.12264
31      6      314      0      1      3      200      0      2.75312
31      6      315      0      1      3      200      0      3.04959
31      6      316      0      1      3      200      0      2.92301
31      6      317      0      1      3      200      0      3.04657
31      6      318      0      1      3      200      0      2.70214
31      6      319      0      1      3      200      0      2.96788
31      6      320      0      1      3      200      0      2.97307
31      6      321      0      1      3      200      0      3.18478
31      6      322      0      1      3      200      0      2.88909
31      6      323      0      1      3      200      0      3.06005
31      6      324      0      1      3      200      0      2.69376
31      6      325      0      1      3      200      0      2.7974
31      6      326      0      1      3      200      0      2.85542
31      6      327      0      1      3      200      0      2.87157
31      6      328      0      1      3      200      0      3.24413
31      6      329      0      1      3      200      0      3.37314
31      6      330      0      1      3      200      0      3.34142
31      6      331      0      1      3      200      0      2.80763
31      6      332      0      1      3      200      0      3.07624
31      6      333      0      1      3      200      0      2.72677
31      6      334      0      1      3      200      0      2.96035
31      6      335      0      1      3      200      0      3.00973
31      6      336      0      1      3      200      0      2.79288
31      6      337      0      1      3      200      0      3.06556
31      6      338      0      1      3      200      0      2.68761
31      6      339      0      1      3      200      0      2.68747
31      6      340      0      1      3      200      0      2.84415
31      6      341      0      1      3      200      0      3.04655
31      6      342      0      1      3      200      0      3.18941
31      6      343      0      1      3      200      0      2.88415
31      6      344      0      1      3      200      0      2.77428
31      6      345      0      1      3      200      0      3.06625
31      6      346      0      1      3      200      0      2.71821
31      6      347      0      1      3      200      0      2.88139
31      6      348      0      1      3      200      0      3.02841
31      6      349      0      1      3      200      0      3.15958
31      6      350      0      1      3      200      0      3.22386
31      6      351      0      1      3      200      0      2.67248
31      6      352      0      1      3      200      0      2.73435
31      6      353      0      1      3      200      0      2.75398
31      6      354      0      1      3      200      0      2.97532
31      6      355      0      1      3      200      0      2.96418
31      6      356      0      1      3      200      0      3.21767
31      6      357      0      1      3      200      0      2.46241
31      6      358      0      1      3      200      0      2.94185
31      6      359      0      1      3      200      0      3.07399
31      6      360      0      1      3      200      0      2.79738
31      6      361      0      1      3      200      0      2.96108
31      6      362      0      1      3      200      0      3.05379
31      6      363      0      1      3      200      0      3.0236
31      6      364      0      1      3      200      0      2.65917
31      6      365      0      1      3      200      0      2.72747
31      6      366      0      1      3      200      0      3.14552
31      6      367      0      1      3      200      0      2.81406
31      6      368      0      1      3      200      0      2.80901
31      6      369      0      1      3      200      0      3.36522
31      6      370      0      1      3      200      0      2.95123
31      6      371      0      1      3      200      0      3.39746
31      6      372      0      1      3      200      0      2.87273
31      6      373      0      1      3      200      0      3.06527
31      6      374      0      1      3      200      0      1.85443
31      6      375      0      1      3      200      0      2.83535
31      6      376      0      1      3      200      0      0.85999
31      6      377      0      1      3      200      0      2.87542
31      6      378      0      1      3      200      0      2.71448
31      6      379      0      1      3      200      0      2.61353
31      6      380      0      1      3      200      0      2.97496
31      6      381      0      1      3      200      0      3.16618
31      6      382      0      1      3      0      0      0
31      6      383      0      1      3      200      0      2.92206
31      6      384      0      1      3      200      0      3.03232
31      6      385      0      1      3      200      0      2.79525
31      6      386      0      1      3      200      0      2.90217
31      6      387      0      1      3      200      0      3.42839
31      6      388      0      1      3      200      0      2.9031
31      6      389      0      1      3      200      0      3.12041
31      6      390      0      1      3      200      0      2.98491
31      6      391      0      1      3      200      0      2.83982
31      6      392      0      1      3      200      0      2.94476
31      6      393      0      1      3      200      0      2.97053
31      6      394      0      1      3      200      0      3.13592
31      6      395      0      1      3      200      0      2.91452
31      6      396      0      1      3      200      0      2.75133
31      6      397      0      1      3      200      0      2.95176
31      6      398      0      1      3      200      0      2.86449
31      6      399      0      1      3      200      0      2.90938
31      6      400      0      1      3      200      0      2.8276
31      6      401      0      1      3      200      0      2.78063
31      6      402      0      1      3      200      0      2.86858
31      6      403      0      1      3      200      0      2.78473
31      6      404      0      1      3      200      0      2.74361
31      6      405      0      1      3      200      0      3.06658
31      6      406      0      1      3      200      0      2.88042
31      6      407      0      1      3      200      0      3.02709
31      6      408      0      1      3      200      0      3.17974
31      6      409      0      1      3      200      0      3.05453
31      6      410      0      1      3      200      0      2.93679
31      6      411      0      1      3      200      0      2.78276
31      6      412      0      1      3      200      0      2.87066
31      6      413      0      1      3      200      0      3.10794
31      6      414      0      1      3      200      0      3.00798
31      6      415      0      1      3      200      0      2.78564
31      6      416      0      1      3      200      0      3.29964
31      6      417      0      1      3      200      0      3.24673
31      6      418      0      1      3      200      0      3.00752
31      6      419      0      1      3      200      0      3.13602
31      6      420      0      1      3      200      0      3.14704
31      6      421      0      1      3      200      0      3.18822
31      6      422      0      1      3      200      0      3.1918
31      6      423      0      1      3      200      0      3.30456
31      6      424      0      1      3      200      0      3.14439
31      6      425      0      1      3      200      0      3.29054
31      6      426      0      1      3      200      0      2.81873
31      6      427      0      1      3      200      0      3.21303
31      6      428      0      1      3      200      0      3.23654
31      6      429      0      1      3      200      0      3.0848
31      6      430      0      1      3      200      0      3.20258
31      6      431      0      1      3      200      0      2.90561
31      6      432      0      1      3      200      0      2.9546
31      6      433      0      1      3      200      0      3.1336
31      6      434      0      1      3      200      0      3.11078
31      6      435      0      1      3      200      0      3.17541
31      6      436      0      1      3      200      0      2.99615
31      6      437      0      1      3      200      0      2.87985
31      6      438      0      1      3      200      0      3.20636
31      6      439      0      1      3      200      0      3.06567
31      6      440      0      1      3      200      0      3.38019
31      6      441      0      1      3      200      0      3.07316
31      6      442      0      1      3      200      0      3.29533
31      6      443      0      1      3      200      0      3.18277
31      6      444      0      1      3      200      0      3.28351
31      6      445      0      1      3      200      0      3.25921
31      6      446      0      1      3      200      0      3.03328
31      6      447      0      1      3      200      0      3.09525
31      6      448      0      1      3      200      0      3.2617
31      6      449      0      1      3      200      0      2.97281
31      6      450      0      1      3      200      0      3.07916
31      6      451      0      1      3      200      0      3.21296
31      6      452      0      1      3      200      0      3.31038
31      6      453      0      1      3      200      0      2.99008
31      6      454      0      1      3      200      0      3.27854
31      6      455      0      1      3      200      0      3.39733
31      6      456      0      1      3      200      0      3.35079
31      6      457      0      1      3      200      0      3.14841
31      6      458      0      1      3      200      0      3.08904
31      6      459      0      1      3      200      0      2.87758
31      6      460      0      1      3      200      0      2.87277
31      6      461      0      1      3      200      0      3.22366
31      6      462      0      1      3      200      0      2.82742
31      6      463      0      1      3      200      0      3.18427
31      6      464      0      1      3      200      0      3.17507
31      6      465      0      1      3      200      0      3.12596
31      6      466      0      1      3      200      0      2.92622
31      6      467      0      1      3      200      0      3.22189
31      6      468      0      1      3      200      0      2.96409
31      6      469      0      1      3      200      0      2.76868
31      6      470      0      1      3      200      0      3.20786
31      6      471      0      1      3      200      0      3.00646
31      6      472      0      1      3      200      0      3.20848
31      6      473      0      1      3      200      0      3.18502
31      6      474      0      1      3      200      0      3.30662
31      6      475      0      1      3      200      0      3.19217
31      6      476      0      1      3      200      0      2.99998
31      6      477      0      1      3      200      0      3.39146
31      6      478      0      1      3      200      0      2.81701
31      6      479      0      1      3      200      0      3.0973
31      6      480      0      1      3      200      0      3.07487
31      6      481      0      1      3      200      0      3.12603
31      6      482      0      1      3      200      0      3.42151
31      6      483      0      1      3      200      0      2.97035
31      6      484      0      1      3      200      0      3.2607
31      6      485      0      1      3      200      0      3.30304
31      6      486      0      1      3      200      0      3.13021
31      6      487      0      1      3      200      0      3.25924
31      6      488      0      1      3      200      0      3.25516
31      6      489      0      1      3      200      0      3.23143
31      6      490      0      1      3      200      0      2.96294
31      6      491      0      1      3      200      0      1.22977
31      6      492      0      1      3      200      0      2.65144
31      6      493      0      1      3      200      0      3.07397
31      6      494      0      1      3      200      0      3.22138
31      6      495      0      1      3      200      0      3.21367
31      6      496      0      1      3      200      0      3.07864
31      6      497      0      1      3      200      0      2.92909
31      6      498      0      1      3      200      0      3.30985
31      6      499      0      1      3      200      0      3.13665
31      6      500      0      1      3      200      0      3.34977
31      6      501      0      1      3      200      0      3.22957
31      6      502      0      1      3      200      0      3.34494
31      6      503      0      1      3      200      0      3.56262
31      6      504      0      1      3      200      0      3.15422
31      6      505      0      1      3      200      0      3.3395
31      6      506      0      1      3      200      0      3.65607
31      6      507      0      1      3      200      0      3.22449
31      6      508      0      1      3      200      0      3.08135
31      6      509      0      1      3      200      0      2.99927
31      6      510      0      1      3      200      0      3.28617
31      6      511      0      1      3      200      0      3.34409
31      6      512      0      1      3      200      0      3.00068
31      6      513      0      1      3      200      0      2.89143
31      6      514      0      1      3      200      0      3.07806
31      6      515      0      1      3      200      0      3.0601
31      6      516      0      1      3      200      0      3.12051
31      6      517      0      1      3      200      0      2.84792
31      6      518      0      1      3      200      0      3.39658
31      6      519      0      1      3      200      0      2.99807
31      6      520      0      1      3      200      0      3.14289
31      6      521      0      1      3      200      0      3.08845
31      6      522      0      1      3      200      0      3.0642
31      6      523      0      1      3      200      0      3.09795
31      6      524      0      1      3      200      0      3.07021
31      6      525      0      1      3      200      0      3.23232
31      6      526      0      1      3      200      0      3.20164
31      6      527      0      1      3      200      0      3.10957
31      6      528      0      1      3      200      0      3.03183
31      6      529      0      1      3      200      0      3.11356
31      6      530      0      1      3      200      0      3.05536
31      6      531      0      1      3      200      0      2.94562
31      6      532      0      1      3      200      0      3.33107
31      6      533      0      1      3      200      0      3.22305
31      6      534      0      1      3      200      0      3.1251
31      6      535      0      1      3      200      0      3.62435
31      6      536      0      1      3      200      0      3.0845
31      6      537      0      1      3      200      0      3.28967
31      7      0      0      1      3      200      0      2.77034
31      7      1      0      1      3      200      0      2.90101
31      7      2      0      1      3      200      0      3.20243
31      7      3      0      1      3      200      0      3.02119
31      7      4      0      1      3      200      0      3.03195
31      7      5      0      1      3      200      0      2.797
31      7      6      0      1      3      200      0      2.94055
31      7      7      0      1      3      200      0      3.01723
31      7      8      0      1      3      200      0      3.09767
31      7      9      0      1      3      200      0      3.18918
31      7      10      0      1      3      200      0      3.2506
31      7      11      0      1      3      200      0      3.13305
31      7      12      0      1      3      200      0      3.24348
31      7      13      0      1      3      200      0      3.05323
31      7      14      0      1      3      200      0      3.10014
31      7      15      0      1      3      200      0      3.28556
31      7      16      0      1      3      200      0      3.22676
31      7      17      0      1      3      200      0      3.06679
31      7      18      0      1      3      200      0      3.16798
31      7      19      0      1      3      200      0      3.12087
31      7      20      0      1      3      200      0      3.09861
31      7      21      0      1      3      200      0      3.01331
31      7      22      0      1      3      200      0      2.84102
31      7      23      0      1      3      200      0      2.72083
31      7      24      0      1      3      200      0      2.91283
31      7      25      0      1      3      200      0      3.00099
31      7      26      0      1      3      200      0      2.46849
31      7      27      0      1      3      200      0      2.89183
31      7      28      0      1      3      200      0      2.56191
31      7      29      0      1      3      200      0      3.12732
31      7      30      0      1      3      200      0      2.92265
31      7      31      0      1      3      200      0      2.83512
31      7      32      0      1      3      200      0      2.91612
31      7      33      0      1      3      200      0      2.5676
31      7      34      0      1      3      200      0      3.19331
31      7      35      0      1      3      200      0      2.74569
31      7      36      0      1      3      200      0      3.28581
31      7      37      0      1      3      200      0      3.10797
31      7      38      0      1      3      200      0      3.25444
31      7      39      0      1      3      200      0      3.30134
31      7      40      0      1      3      200      0      2.76281
31      7      41      0      1      3      200      0      3.1683
31      7      42      0      1      3      200      0      2.86663
31      7      43      0      1      3      200      0      3.24656
31      7      44      0      1      3      200      0      3.12418
31      7      45      0      1      3      200      0      3.07418
31      7      46      0      1      3      200      0      3.1369
31      7      47      0      1      3      200      0      3.01789
31      7      48      0      1      3      200      0      3.33026
31      7      49      0      1      3      200      0      3.2356
31      7      50      0      1      3      200      0      3.13488
31      7      51      0      1      3      200      0      3.4392
31      7      52      0      1      3      200      0      2.77599
31      7      53      0      1      3      200      0      2.91237
31      7      54      0      1      3      200      0      3.19824
31      7      55      0      1      3      200      0      3.20857
31      7      56      0      1      3      200      0      3.04108
31      7      57      0      1      3      200      0      3.1314
31      7      58      0      1      3      200      0      3.16997
31      7      59      0      1      3      200      0      3.29136
31      7      60      0      1      3      200      0      2.58662
31      7      61      0      1      3      200      0      3.15291
31      7      62      0      1      3      200      0      3.09186
31      7      63      0      1      3      200      0      2.92547
31      7      64      0      1      3      200      0      3.07528
31      7      65      0      1      3      200      0      3.08598
31      7      66      0      1      3      200      0      3.17785
31      7      67      0      1      3      200      0      3.30762
31      7      68      0      1      3      200      0      3.09647
31      7      69      0      1      3      200      0      3.0618
31      7      70      0      1      3      200      0      3.26615
31      7      71      0      1      3      200      0      3.14963
31      7      72      0      1      3      200      0      3.08101
31      7      73      0      1      3      200      0      3.31933
31      7      74      0      1      3      200      0      3.12837
31      7      75      0      1      3      200      0      3.39797
31      7      76      0      1      3      200      0      3.13491
31      7      77      0      1      3      200      0      3.33696
31      7      78      0      1      3      200      0      3.23818
31      7      79      0      1      3      200      0      3.22631
31      7      80      0      1      3      200      0      3.16795
31      7      81      0      1      3      200      0      3.27419
31      7      82      0      1      3      200      0      3.2107
31      7      83      0      1      3      200      0      3.14747
31      7      84      0      1      3      200      0      3.29816
31      7      85      0      1      3      200      0      3.06355
31      7      86      0      1      3      200      0      3.06024
31      7      87      0      1      3      200      0      3.16753
31      7      88      0      1      3      200      0      3.21127
31      7      89      0      1      3      200      0      3.23704
31      7      90      0      1      3      200      0      3.44489
31      7      91      0      1      3      200      0      3.45117
31      7      92      0      1      3      200      0      3.41561
31      7      93      0      1      3      0      0      0
31      7      94      0      1      3      200      0      3.05321
31      7      95      0      1      3      200      0      2.84274
31      7      96      0      1      3      200      0      3.08772
31      7      97      0      1      3      200      0      3.09195
31      7      98      0      1      3      200      0      3.28178
31      7      99      0      1      3      200      0      3.40571
31      7      100      0      1      3      200      0      3.53608
31      7      101      0      1      3      200      0      3.50749
31      7      102      0      1      3      200      0      3.28783
31      7      103      0      1      3      200      0      3.29719
31      7      104      0      1      3      200      0      3.06889
31      7      105      0      1      3      200      0      3.17432
31      7      106      0      1      3      200      0      3.16948
31      7      107      0      1      3      200      0      3.29628
31      7      108      0      1      3      200      0      2.98814
31      7      109      0      1      3      200      0      3.03378
31      7      110      0      1      3      200      0      3.03606
31      7      111      0      1      3      200      0      3.34936
31      7      112      0      1      3      200      0      3.20176
31      7      113      0      1      3      200      0      3.06529
31      7      114      0      1      3      200      0      3.24276
31      7      115      0      1      3      200      0      3.30443
31      7      116      0      1      3      200      0      3.30214
31      7      117      0      1      3      200      0      3.17025
31      7      118      0      1      3      200      0      3.27248
31      7      119      0      1      3      200      0      3.29742
31      7      120      0      1      3      200      0      3.08186
31      7      121      0      1      3      200      0      3.27225
31      7      122      0      1      3      200      0      2.94621
31      7      123      0      1      3      200      0      3.13837
31      7      124      0      1      3      200      0      3.22227
31      7      125      0      1      3      200      0      3.06788
31      7      126      0      1      3      200      0      3.26369
31      7      127      0      1      3      200      0      3.12088
31      7      128      0      1      3      200      0      4.58696
31      7      129      0      1      3      200      0      3.52133
31      7      130      0      1      3      200      0      3.62505
31      7      131      0      1      3      200      0      3.69621
31      7      132      0      1      3      200      0      3.24514
31      7      133      0      1      3      200      0      3.53003
31      7      134      0      1      3      200      0      3.34687
31      7      135      0      1      3      200      0      3.50458
31      7      136      0      1      3      200      0      3.3229
31      7      137      0      1      3      200      0      3.61103
31      7      138      0      1      3      200      0      3.47435
31      7      139      0      1      3      200      0      3.59298
31      7      140      0      1      3      200      0      3.26087
31      7      141      0      1      3      200      0      3.32181
31      7      142      0      1      3      200      0      3.4611
31      7      143      0      1      3      200      0      3.50807
31      7      144      0      1      3      200      0      3.53706
31      7      145      0      1      3      200      0      3.23602
31      7      146      0      1      3      200      0      3.44491
31      7      147      0      1      3      200      0      3.20574
31      7      148      0      1      3      200      0      3.63087
31      7      149      0      1      3      200      0      3.35014
31      7      150      0      1      3      200      0      3.64922
31      7      151      0      1      3      200      0      3.36134
31      7      152      0      1      3      200      0      3.65601
31      7      153      0      1      3      200      0      3.42543
31      7      154      0      1      3      200      0      3.50159
31      7      155      0      1      3      200      0      3.96593
31      7      156      0      1      3      200      0      3.62274
31      7      157      0      1      3      200      0      3.84362
31      7      158      0      1      3      200      0      3.53564
31      7      159      0      1      3      200      0      3.72089
31      7      160      0      1      3      200      0      4.16185
31      7      161      0      1      3      200      0      3.37057
31      7      162      0      1      3      200      0      3.51761
31      7      163      0      1      3      200      0      3.72673
31      7      164      0      1      3      200      0      3.50255
31      7      165      0      1      3      200      0      3.56013
31      7      166      0      1      3      200      0      3.21777
31      7      167      0      1      3      200      0      3.75382
31      7      168      0      1      3      200      0      3.31189
31      7      169      0      1      3      200      0      3.69631
31      7      170      0      1      3      200      0      3.4446
31      7      171      0      1      3      200      0      3.67079
31      7      172      0      1      3      200      0      3.29707
31      7      173      0      1      3      200      0      3.50265
31      7      174      0      1      3      200      0      3.70189
31      7      175      0      1      3      200      0      3.70401
31      7      176      0      1      3      200      0      3.88412
31      7      177      0      1      3      200      0      3.27407
31      7      178      0      1      3      200      0      3.46548
31      7      179      0      1      3      200      0      3.50462
31      7      180      0      1      3      200      0      3.47893
31      7      181      0      1      3      200      0      3.32152
31      7      182      0      1      3      200      0      3.43299
31      7      183      0      1      3      200      0      3.28908
31      7      184      0      1      3      200      0      3.37921
31      7      185      0      1      3      200      0      3.40625
31      7      186      0      1      3      200      0      3.66186
31      7      187      0      1      3      200      0      3.56436
31      7      188      0      1      3      200      0      3.45054
31      7      189      0      1      3      200      0      3.73441
31      7      190      0      1      3      200      0      3.61403
31      7      191      0      1      3      200      0      4.45827
31      7      192      0      1      3      200      0      4.53417
31      7      193      0      1      3      200      0      3.57111
31      7      194      0      1      3      200      0      3.12212
31      7      195      0      1      3      200      0      3.44201
31      7      196      0      1      3      200      0      3.27641
31      7      197      0      1      3      200      0      3.63458
31      7      198      0      1      3      200      0      3.49747
31      7      199      0      1      3      200      0      3.44389
31      7      200      0      1      3      200      0      3.61041
31      7      201      0      1      3      200      0      3.6126
31      7      202      0      1      3      200      0      3.45191
31      7      203      0      1      3      200      0      3.361
31      7      204      0      1      3      200      0      3.36472
31      7      205      0      1      3      200      0      3.62571
31      7      206      0      1      3      200      0      3.54905
31      7      207      0      1      3      200      0      3.44652
31      7      208      0      1      3      200      0      3.45848
31      7      209      0      1      3      200      0      3.43623
31      7      210      0      1      3      200      0      3.60495
31      7      211      0      1      3      200      0      3.62949
31      7      212      0      1      3      200      0      3.71832
31      7      213      0      1      3      200      0      3.54413
31      7      214      0      1      3      200      0      3.68836
31      7      215      0      1      3      200      0      3.55554
31      7      216      0      1      3      200      0      3.26751
31      7      217      0      1      3      200      0      3.38708
31      7      218      0      1      3      200      0      3.52625
31      7      219      0      1      3      200      0      3.80706
31      7      220      0      1      3      200      0      3.43495
31      7      221      0      1      3      200      0      4.01517
31      7      222      0      1      3      200      0      3.53863
31      7      223      0      1      3      200      0      3.80565
31      7      224      0      1      3      200      0      4.33272
31      7      225      0      1      3      200      0      3.55923
31      7      226      0      1      3      200      0      3.55412
31      7      227      0      1      3      200      0      3.42659
31      7      228      0      1      3      200      0      3.25698
31      7      229      0      1      3      200      0      3.3989
31      7      230      0      1      3      200      0      3.46857
31      7      231      0      1      3      200      0      3.59848
31      7      232      0      1      3      200      0      3.51693
31      7      233      0      1      3      200      0      3.44119
31      7      234      0      1      3      200      0      3.52611
31      7      235      0      1      3      200      0      3.46093
31      7      236      0      1      3      200      0      3.3191
31      7      237      0      1      3      200      0      3.58915
31      7      238      0      1      3      200      0      3.46765
31      7      239      0      1      3      200      0      3.60453
31      7      240      0      1      3      200      0      3.54058
31      7      241      0      1      3      200      0      3.29926
31      7      242      0      1      3      200      0      3.34653
31      7      243      0      1      3      200      0      3.4106
31      7      244      0      1      3      200      0      3.48284
31      7      245      0      1      3      200      0      3.97178
31      7      246      0      1      3      200      0      3.46122
31      7      247      0      1      3      200      0      3.25449
31      7      248      0      1      3      200      0      3.42047
31      7      249      0      1      3      200      0      3.62675
31      7      250      0      1      3      200      0      3.19936
31      7      251      0      1      3      200      0      3.99521
31      7      252      0      1      3      200      0      3.48352
31      7      253      0      1      3      200      0      3.91254
31      7      254      0      1      3      200      0      3.60579
31      7      255      0      1      3      200      0      3.83357
31      7      256      0      1      3      200      0      3.96927
31      7      257      0      1      3      200      0      3.52599
31      7      258      0      1      3      200      0      3.46863
31      7      259      0      1      3      200      0      3.57498
31      7      260      0      1      3      200      0      3.50914
31      7      261      0      1      3      200      0      3.52414
31      7      262      0      1      3      200      0      3.60622
31      7      263      0      1      3      200      0      3.46265
31      7      264      0      1      3      200      0      3.316
31      7      265      0      1      3      200      0      3.43618
31      7      266      0      1      3      200      0      3.32615
31      7      267      0      1      3      200      0      3.69502
31      7      268      0      1      3      200      0      3.31054
31      7      269      0      1      3      200      0      3.58679
31      7      270      0      1      3      200      0      3.53308
31      7      271      0      1      3      200      0      3.24352
31      7      272      0      1      3      200      0      3.49662
31      7      273      0      1      3      200      0      3.16362
31      7      274      0      1      3      200      0      3.58891
31      7      275      0      1      3      200      0      3.40466
31      7      276      0      1      3      200      0      3.64606
31      7      277      0      1      3      200      0      3.4837
31      7      278      0      1      3      200      0      3.48626
31      7      279      0      1      3      200      0      3.16215
31      7      280      0      1      3      200      0      3.63363
31      7      281      0      1      3      200      0      3.5192
31      7      282      0      1      3      200      0      3.4877
31      7      283      0      1      3      200      0      3.8315
31      7      284      0      1      3      200      0      3.6923
31      7      285      0      1      3      200      0      4.01746
31      7      286      0      1      3      200      0      3.47618
31      7      287      0      1      3      200      0      4.13277
31      7      288      0      1      3      200      0      3.73241
31      7      289      0      1      3      200      0      3.59965
31      7      290      0      1      3      200      0      4.04792
31      7      291      0      1      3      200      0      3.42908
31      7      292      0      1      3      200      0      4.1206
31      7      293      0      1      3      200      0      3.52714
31      7      294      0      1      3      200      0      3.46443
31      7      295      0      1      3      200      0      3.30458
31      7      296      0      1      3      200      0      3.50288
31      7      297      0      1      3      200      0      3.63456
31      7      298      0      1      3      200      0      3.47353
31      7      299      0      1      3      200      0      3.4281
31      7      300      0      1      3      200      0      3.44783
31      7      301      0      1      3      200      0      3.45357
31      7      302      0      1      3      200      0      3.58776
31      7      303      0      1      3      200      0      3.45626
31      7      304      0      1      3      200      0      3.56043
31      7      305      0      1      3      200      0      3.39109
31      7      306      0      1      3      200      0      3.76606
31      7      307      0      1      3      200      0      3.36608
31      7      308      0      1      3      200      0      3.33324
31      7      309      0      1      3      200      0      3.4032
31      7      310      0      1      3      200      0      3.61129
31      7      311      0      1      3      200      0      3.47063
31      7      312      0      1      3      200      0      3.49725
31      7      313      0      1      3      200      0      3.57989
31      7      314      0      1      3      200      0      3.46065
31      7      315      0      1      3      200      0      3.59506
31      7      316      0      1      3      200      0      3.39989
31      7      317      0      1      3      200      0      3.48761
31      7      318      0      1      3      200      0      3.27914
31      7      319      0      1      3      200      0      4.49738
31      7      320      0      1      3      200      0      4.26426
31      7      321      0      1      3      200      0      3.53756
31      7      322      0      1      3      200      0      3.51627
31      7      323      0      1      3      200      0      3.86304
31      7      324      0      1      3      200      0      3.47257
31      7      325      0      1      3      200      0      3.42721
31      7      326      0      1      3      200      0      3.12976
31      7      327      0      1      3      200      0      3.57518
31      7      328      0      1      3      200      0      3.33013
31      7      329      0      1      3      200      0      3.25082
31      7      330      0      1      3      200      0      3.28978
31      7      331      0      1      3      200      0      3.61074
31      7      332      0      1      3      200      0      3.41012
31      7      333      0      1      3      200      0      3.43839
31      7      334      0      1      3      200      0      3.36193
31      7      335      0      1      3      200      0      3.4035
31      7      336      0      1      3      200      0      3.36856
31      7      337      0      1      3      200      0      3.38951
31      7      338      0      1      3      200      0      3.14556
31      7      339      0      1      3      200      0      3.49285
31      7      340      0      1      3      200      0      3.45542
31      7      341      0      1      3      200      0      3.42498
31      7      342      0      1      3      200      0      3.47041
31      7      343      0      1      3      200      0      3.18529
31      7      344      0      1      3      200      0      3.43375
31      7      345      0      1      3      200      0      3.33325
31      7      346      0      1      3      200      0      3.3336
31      7      347      0      1      3      200      0      3.58585
31      7      348      0      1      3      200      0      3.4778
31      7      349      0      1      3      200      0      4.05807
31      7      350      0      1      3      200      0      3.79647
31      7      351      0      1      3      200      0      3.80092
31      7      352      0      1      3      200      0      3.88146
31      7      353      0      1      3      200      0      3.35094
31      7      354      0      1      3      200      0      3.35508
31      7      355      0      1      3      200      0      3.38704
31      7      356      0      1      3      200      0      3.16587
31      7      357      0      1      3      200      0      3.29577
31      7      358      0      1      3      200      0      3.16734
31      7      359      0      1      3      200      0      3.37803
31      7      360      0      1      3      200      0      3.07054
31      7      361      0      1      3      200      0      3.29775
31      7      362      0      1      3      200      0      3.16072
31      7      363      0      1      3      200      0      3.6417
31      7      364      0      1      3      200      0      3.30464
31      7      365      0      1      3      200      0      3.64876
31      7      366      0      1      3      200      0      3.44951
31      7      367      0      1      3      200      0      3.31788
31      7      368      0      1      3      200      0      3.4152
31      7      369      0      1      3      200      0      3.10796
31      7      370      0      1      3      200      0      3.64885
31      7      371      0      1      3      200      0      3.17172
31      7      372      0      1      3      200      0      3.36539
31      7      373      0      1      3      200      0      3.14582
31      7      374      0      1      3      200      0      3.60716
31      7      375      0      1      3      200      0      3.11203
31      7      376      0      1      3      200      0      3.4582
31      7      377      0      1      3      200      0      3.26346
31      7      378      0      1      3      200      0      3.45517
31      7      379      0      1      3      200      0      3.57082
31      7      380      0      1      3      200      0      3.21882
31      7      381      0      1      3      200      0      3.65531
31      7      382      0      1      3      200      0      3.48468
31      7      383      0      1      3      200      0      4.00122
31      7      384      0      1      3      200      0      3.21504
31      7      385      0      1      3      200      0      3.26098
31      7      386      0      1      3      200      0      3.25238
31      7      387      0      1      3      200      0      3.48441
31      7      388      0      1      3      200      0      3.10878
31      7      389      0      1      3      200      0      3.32838
31      7      390      0      1      3      200      0      3.11365
31      7      391      0      1      3      200      0      3.37012
31      7      392      0      1      3      200      0      3.04293
31      7      393      0      1      3      200      0      3.17916
31      7      394      0      1      3      200      0      3.23354
31      7      395      0      1      3      200      0      3.16816
31      7      396      0      1      3      200      0      3.08563
31      7      397      0      1      3      200      0      2.9775
31      7      398      0      1      3      200      0      3.04284
31      7      399      0      1      3      200      0      3.24976
31      7      400      0      1      3      200      0      3.06873
31      7      401      0      1      3      200      0      3.24649
31      7      402      0      1      3      200      0      3.35999
31      7      403      0      1      3      200      0      3.26808
31      7      404      0      1      3      200      0      3.339
31      7      405      0      1      3      200      0      3.23659
31      7      406      0      1      3      200      0      3.21653
31      7      407      0      1      3      200      0      3.43628
31      7      408      0      1      3      200      0      3.26943
31      7      409      0      1      3      200      0      3.34652
31      7      410      0      1      3      200      0      3.10434
31      7      411      0      1      3      200      0      3.34727
31      7      412      0      1      3      200      0      3.04999
31      7      413      0      1      3      200      0      3.07039
31      7      414      0      1      3      200      0      3.14798
31      7      415      0      1      3      200      0      3.21662
31      7      416      0      1      3      200      0      3.00186
31      7      417      0      1      3      200      0      3.28705
31      7      418      0      1      3      200      0      3.05818
31      7      419      0      1      3      200      0      3.04927
31      7      420      0      1      3      200      0      3.01486
31      7      421      0      1      3      200      0      2.56723
31      7      422      0      1      3      200      0      2.97554
31      7      423      0      1      3      200      0      3.01979
31      7      424      0      1      3      200      0      3.09259
31      7      425      0      1      3      200      0      2.90372
31      7      426      0      1      3      200      0      2.96598
31      7      427      0      1      3      200      0      2.99214
31      7      428      0      1      3      200      0      2.93797
31      7      429      0      1      3      200      0      2.86508
31      7      430      0      1      3      200      0      2.80328
31      7      431      0      1      3      0      0      0
31      7      432      0      1      3      200      0      3.10507
31      7      433      0      1      3      200      0      2.87446
31      7      434      0      1      3      200      0      3.0352
31      7      435      0      1      3      200      0      2.99238
31      7      436      0      1      3      200      0      2.92441
31      7      437      0      1      3      200      0      3.24111
31      7      438      0      1      3      200      0      3.07545
31      7      439      0      1      3      200      0      3.24356
31      7      440      0      1      3      200      0      3.10609
31      7      441      0      1      3      200      0      3.12273
31      7      442      0      1      3      200      0      2.90531
31      7      443      0      1      3      200      0      3.22147
31      7      444      0      1      3      200      0      3.17741
31      7      445      0      1      3      200      0      3.31242
31      7      446      0      1      3      200      0      3.30873
31      7      447      0      1      3      200      0      2.94643
31      7      448      0      1      3      200      0      3.20444
31      7      449      0      1      3      200      0      2.91409
31      7      450      0      1      3      200      0      2.83275
31      7      451      0      1      3      200      0      2.87713
31      7      452      0      1      3      200      0      2.85684
31      7      453      0      1      3      200      0      2.93974
31      7      454      0      1      3      200      0      2.99989
31      7      455      0      1      3      200      0      2.98834
31      7      456      0      1      3      200      0      2.83157
31      7      457      0      1      3      200      0      2.75183
31      7      458      0      1      3      200      0      2.77196
31      7      459      0      1      3      200      0      2.866
31      7      460      0      1      3      200      0      2.76699
31      7      461      0      1      3      200      0      3.08995
31      7      462      0      1      3      200      0      2.95753
31      7      463      0      1      3      200      0      2.90108
31      7      464      0      1      3      200      0      2.86918
31      7      465      0      1      3      200      0      2.81589
31      7      466      0      1      3      200      0      3.21735
31      7      467      0      1      3      200      0      3.02376
31      7      468      0      1      3      200      0      3.17067
31      7      469      0      1      3      200      0      3.08532
31      7      470      0      1      3      200      0      3.07649
31      7      471      0      1      3      200      0      2.96065
31      7      472      0      1      3      200      0      2.63624
31      7      473      0      1      3      200      0      2.76812
31      7      474      0      1      3      200      0      2.8586
31      7      475      0      1      3      200      0      2.7671
31      7      476      0      1      3      200      0      2.98147
31      7      477      0      1      3      200      0      2.95497
31      7      478      0      1      3      200      0      2.87817
31      7      479      0      1      3      200      0      2.60562
31      7      480      0      1      3      200      0      2.60525
31      7      481      0      1      3      200      0      2.80557
31      7      482      0      1      3      200      0      2.87593
31      7      483      0      1      3      200      0      2.87365
31      7      484      0      1      3      200      0      2.79044
31      7      485      0      1      3      200      0      2.82615
31      7      486      0      1      3      200      0      2.78532
31      7      487      0      1      3      200      0      2.7358
31      7      488      0      1      3      200      0      2.64533
31      7      489      0      1      3      200      0      2.83188
31      7      490      0      1      3      200      0      2.67661
31      7      491      0      1      3      200      0      3.08614
31      7      492      0      1      3      200      0      2.94093
31      7      493      0      1      3      200      0      2.78887
31      7      494      0      1      3      200      0      2.9235
31      7      495      0      1      3      200      0      2.86162
31      7      496      0      1      3      200      0      2.85312
31      7      497      0      1      3      200      0      3.14362
31      7      498      0      1      3      200      0      2.98871
31      7      499      0      1      3      200      0      3.17646
31      7      500      0      1      3      200      0      2.8108
31      7      501      0      1      3      200      0      2.80414
31      7      502      0      1      3      200      0      2.96441
31      7      503      0      1      3      200      0      3.09614
31      7      504      0      1      3      200      0      3.05476
31      7      505      0      1      3      200      0      2.80572
31      7      506      0      1      3      200      0      2.96641
31      7      507      0      1      3      200      0      2.80017
31      7      508      0      1      3      200      0      2.95614
31      7      509      0      1      3      200      0      2.95104
31      7      510      0      1      3      200      0      3.12845
31      7      511      0      1      3      200      0      2.84199
31      7      512      0      1      3      200      0      3.02053
31      7      513      0      1      3      200      0      2.79434
31      7      514      0      1      3      200      0      3.24141
31      7      515      0      1      3      200      0      2.89284
31      7      516      0      1      3      200      0      3.23655
31      7      517      0      1      3      200      0      3.16894
31      7      518      0      1      3      200      0      2.87173
31      7      519      0      1      3      200      0      2.98162
31      7      520      0      1      3      200      0      2.98375
31      7      521      0      1      3      200      0      3.04257
31      7      522      0      1      3      200      0      2.88059
31      7      523      0      1      3      200      0      2.98579
31      7      524      0      1      3      200      0      2.80131
31      7      525      0      1      3      200      0      2.7211
31      7      526      0      1      3      200      0      2.61935
31      7      527      0      1      3      200      0      2.62745
31      7      528      0      1      3      200      0      2.97441
31      7      529      0      1      3      200      0      2.81271
31      7      530      0      1      3      200      0      2.88833
31      7      531      0      1      3      200      0      2.9872
31      7      532      0      1      3      200      0      2.7649
31      7      533      0      1      3      200      0      2.96061
31      7      534      0      1      3      200      0      2.72446
31      7      535      0      1      3      200      0      3.04292
31      7      536      0      1      3      200      0      2.91352
31      7      537      0      1      3      200      0      2.85497
31      7      538      0      1      3      200      0      2.72332
31      7      539      0      1      3      200      0      2.70408
31      7      540      0      1      3      200      0      3.15932
31      7      541      0      1      3      200      0      3.18088
31      7      542      0      1      3      200      0      2.93938
31      7      543      0      1      3      200      0      2.95551
31      7      544      0      1      3      200      0      2.66605
31      7      545      0      1      3      200      0      2.78798
31      7      546      0      1      3      200      0      2.85524
31      7      547      0      1      3      200      0      2.94756
31      7      548      0      1      3      200      0      2.98478
31      7      549      0      1      3      200      0      2.68906
31      7      550      0      1      3      200      0      3.21098
31      7      551      0      1      3      200      0      2.99299
31      7      552      0      1      3      200      0      3.06091
31      7      553      0      1      3      200      0      3.22029
31      7      554      0      1      3      200      0      2.99266
31      7      555      0      1      3      200      0      3.13862
31      7      556      0      1      3      200      0      3.16949
31      7      557      0      1      3      200      0      3.06032
31      7      558      0      1      3      200      0      2.84441
31      7      559      0      1      3      200      0      2.96391
31      7      560      0      1      3      200      0      2.98622
31      7      561      0      1      3      200      0      3.04736
31      7      562      0      1      3      200      0      3.0576
31      7      563      0      1      3      200      0      2.82814
31      7      564      0      1      3      200      0      3.17765
31      7      565      0      1      3      200      0      2.89638
31      7      566      0      1      3      200      0      3.17716
31      7      567      0      1      3      200      0      3.10907
31      7      568      0      1      3      200      0      3.01086
31      7      569      0      1      3      200      0      2.98814
31      7      570      0      1      3      200      0      3.04262
31      7      571      0      1      3      200      0      2.96452
31      7      572      0      1      3      200      0      3.24979
31      7      573      0      1      3      200      0      3.04511
31      7      574      0      1      3      200      0      2.87051
31      7      575      0      1      3      200      0      2.69867
31      7      576      0      1      3      200      0      2.80098
31      7      577      0      1      3      200      0      3.13522
31      7      578      0      1      3      200      0      2.81364
31      7      579      0      1      3      200      0      2.81891
31      7      580      0      1      3      200      0      2.83326
31      7      581      0      1      3      200      0      2.77491
31      7      582      0      1      3      200      0      3.11026
31      7      583      0      1      3      200      0      3.06743
31      7      584      0      1      3      200      0      2.92161
31      7      585      0      1      3      200      0      2.9449
31      7      586      0      1      3      200      0      2.87965
31      7      587      0      1      3      200      0      3.04541
31      7      588      0      1      3      200      0      2.83874
31      7      589      0      1      3      200      0      3.0758
31      7      590      0      1      3      200      0      2.76398
31      7      591      0      1      3      200      0      3.03275
31      7      592      0      1      3      200      0      3.11526
31      7      593      0      1      3      200      0      2.7557
31      7      594      0      1      3      200      0      2.99252
31      7      595      0      1      3      200      0      2.98364
31      7      596      0      1      3      200      0      3.08425
31      7      597      0      1      3      200      0      3.03039
31      7      598      0      1      3      200      0      2.98618
31      7      599      0      1      3      200      0      2.91838
31      7      600      0      1      3      200      0      3.02203
31      7      601      0      1      3      200      0      3.06115
31      7      602      0      1      3      200      0      2.74741
31      7      603      0      1      3      200      0      2.84931
31      7      604      0      1      3      200      0      2.9394
31      7      605      0      1      3      200      0      3.00024
31      7      606      0      1      3      200      0      2.65957
31      7      607      0      1      3      200      0      2.95829
31      7      608      0      1      3      200      0      3.00442
31      7      609      0      1      3      200      0      3.00762
31      7      610      0      1      3      200      0      3.0185
31      7      611      0      1      3      200      0      2.99985
31      7      612      0      1      3      200      0      2.90557
31      7      613      0      1      3      200      0      3.00546
31      7      614      0      1      3      200      0      3.05163
31      7      615      0      1      3      200      0      2.94437
31      7      616      0      1      3      200      0      3.08432
31      7      617      0      1      3      200      0      2.76371
31      7      618      0      1      3      200      0      2.91895
31      7      619      0      1      3      200      0      2.85014
31      7      620      0      1      3      200      0      3.01009
31      7      621      0      1      3      200      0      3.03627
31      7      622      0      1      3      200      0      3.05468
31      7      623      0      1      3      200      0      3.03656
31      7      624      0      1      3      200      0      3.17946
31      7      625      0      1      3      200      0      2.91017
31      7      626      0      1      3      200      0      2.84758
31      7      627      0      1      3      200      0      3.26295
31      7      628      0      1      3      200      0      2.87132
31      7      629      0      1      3      200      0      3.10839
31      7      630      0      1      3      200      0      3.05281
31      7      631      0      1      3      200      0      3.11477
31      7      632      0      1      3      200      0      3.15826
31      7      633      0      1      3      200      0      2.98659
31      7      634      0      1      3      200      0      3.03791
31      7      635      0      1      3      200      0      2.94973
31      7      636      0      1      3      200      0      3.06301
31      7      637      0      1      3      200      0      3.08499
31      7      638      0      1      3      200      0      2.84662
31      7      639      0      1      3      200      0      2.87844
31      7      640      0      1      3      200      0      2.99018
31      7      641      0      1      3      200      0      2.95526
31      7      642      0      1      3      200      0      2.87112
31      7      643      0      1      3      200      0      2.96112
31      7      644      0      1      3      200      0      3.02754
31      7      645      0      1      3      200      0      3.00512
31      7      646      0      1      3      200      0      2.90454
31      7      647      0      1      3      200      0      3.04156
31      7      648      0      1      3      200      0      3.1514
31      7      649      0      1      3      200      0      2.89496
31      7      650      0      1      3      200      0      3.12977
31      7      651      0      1      3      200      0      3.01453
31      7      652      0      1      3      200      0      2.90604
31      7      653      0      1      3      200      0      2.98027
31      7      654      0      1      3      200      0      2.86389
31      7      655      0      1      3      200      0      2.96841
31      7      656      0      1      3      200      0      2.86481
31      7      657      0      1      3      200      0      3.01495
31      7      658      0      1      3      200      0      2.80317
31      7      659      0      1      3      200      0      2.74168
31      7      660      0      1      3      200      0      2.87349
31      7      661      0      1      3      200      0      3.15271
31      7      662      0      1      3      200      0      2.91186
31      7      663      0      1      3      200      0      2.89255
31      7      664      0      1      3      200      0      2.85356
31      7      665      0      1      3      200      0      3.15636
31      7      666      0      1      3      200      0      2.87318
31      7      667      0      1      3      200      0      3.33905
31      7      668      0      1      3      200      0      2.90784
31      7      669      0      1      3      200      0      2.9929
31      7      670      0      1      3      200      0      3.0019
31      7      671      0      1      3      200      0      3.0374
31      7      672      0      1      3      200      0      2.86668
31      7      673      0      1      3      200      0      2.78964
31      7      674      0      1      3      200      0      2.95626
31      7      675      0      1      3      200      0      3.17844
31      7      676      0      1      3      200      0      2.82381
31      7      677      0      1      3      200      0      2.85268
31      7      678      0      1      3      200      0      2.91932
31      7      679      0      1      3      200      0      2.74457
31      7      680      0      1      3      200      0      2.86661
31      7      681      0      1      3      200      0      2.94295
31      7      682      0      1      3      200      0      3.21408
31      7      683      0      1      3      200      0      2.75586
31      7      684      0      1      3      200      0      2.91021
31      7      685      0      1      3      200      0      2.9786
31      7      686      0      1      3      200      0      3.10084
31      7      687      0      1      3      200      0      3.06724
31      7      688      0      1      3      200      0      2.65787
31      7      689      0      1      3      200      0      2.99212
31      7      690      0      1      3      200      0      2.968
31      7      691      0      1      3      200      0      3.21987
31      7      692      0      1      3      200      0      3.07281
31      7      693      0      1      3      200      0      3.25555
31      7      694      0      1      3      200      0      2.97126
31      7      695      0      1      3      200      0      3.07256
31      7      696      0      1      3      200      0      3.10717
31      7      697      0      1      3      200      0      3.16794
31      7      698      0      1      3      200      0      2.86645
31      7      699      0      1      3      200      0      3.2344
31      7      700      0      1      3      200      0      3.18752
31      7      701      0      1      3      200      0      3.18784
31      7      702      0      1      3      200      0      2.9817
31      7      703      0      1      3      200      0      2.93872
31      7      704      0      1      3      200      0      3.17642
31      7      705      0      1      3      200      0      2.98796
31      7      706      0      1      3      200      0      3.20172
31      7      707      0      1      3      200      0      3.07026
31      7      708      0      1      3      200      0      3.08004
31      7      709      0      1      3      200      0      2.84124
31      7      710      0      1      3      200      0      3.14764
31      7      711      0      1      3      200      0      3.0912
31      7      712      0      1      3      200      0      3.23511
31      7      713      0      1      3      200      0      3.02635
31      7      714      0      1      3      200      0      2.74718
31      7      715      0      1      3      200      0      2.8648
31      7      716      0      1      3      200      0      2.91904
31      7      717      0      1      3      200      0      3.09215
31      7      718      0      1      3      200      0      2.86273
31      7      719      0      1      3      200      0      2.96839
31      7      720      0      1      3      200      0      2.74339
31      7      721      0      1      3      200      0      3.05546
31      7      722      0      1      3      200      0      2.79328
31      7      723      0      1      3      200      0      2.97146
31      7      724      0      1      3      200      0      2.89336
31      7      725      0      1      3      200      0      2.87928
31      7      726      0      1      3      200      0      3.13023
31      7      727      0      1      3      200      0      3.06435
31      7      728      0      1      3      200      0      3.12606
31      7      729      0      1      3      200      0      3.10973
31      7      730      0      1      3      200      0      3.2062
31      7      731      0      1      3      200      0      3.17353
31      7      732      0      1      3      200      0      3.05918
31      7      733      0      1      3      200      0      3.10756
31      7      734      0      1      3      200      0      3.07153
31      7      735      0      1      3      200      0      3.10975
31      7      736      0      1      3      200      0      3.07583
31      7      737      0      1      3      200      0      2.89114
31      7      738      0      1      3      200      0      3.24316
31      7      739      0      1      3      200      0      3.1804
31      7      740      0      1      3      200      0      3.06125
31      7      741      0      1      3      200      0      2.9988
31      7      742      0      1      3      200      0      3.10249
31      7      743      0      1      3      200      0      2.93824
31      7      744      0      1      3      200      0      2.84855
31      7      745      0      1      3      200      0      3.06365
31      7      746      0      1      3      200      0      3.01545
31      7      747      0      1      3      200      0      3.07887
31      7      748      0      1      3      200      0      2.90381
31      7      749      0      1      3      200      0      2.76643
31      7      750      0      1      3      200      0      2.8667
31      7      751      0      1      3      200      0      2.98295
31      7      752      0      1      3      200      0      2.80858
31      7      753      0      1      3      200      0      2.91945
31      7      754      0      1      3      200      0      2.83522
31      7      755      0      1      3      200      0      2.91456
31      7      756      0      1      3      200      0      3.07108
31      7      757      0      1      3      200      0      2.95651
31      7      758      0      1      3      200      0      3.02478
31      7      759      0      1      3      200      0      2.97069
31      7      760      0      1      3      200      0      3.03163
31      7      761      0      1      3      200      0      3.10054
31      7      762      0      1      3      200      0      2.94895
31      7      763      0      1      3      200      0      3.15415
31      7      764      0      1      3      200      0      3.12098
31      7      765      0      1      3      200      0      3.03695
31      7      766      0      1      3      200      0      3.05278
31      7      767      0      1      3      200      0      2.89467
31      7      768      0      1      3      200      0      2.9416
31      7      769      0      1      3      200      0      2.86345
31      7      770      0      1      3      200      0      2.96968
31      7      771      0      1      3      200      0      3.11762
31      7      772      0      1      3      200      0      3.05081
31      7      773      0      1      3      200      0      3.20892
31      7      774      0      1      3      200      0      3.23969
31      7      775      0      1      3      200      0      3.25502
31      7      776      0      1      3      200      0      3.19247
31      7      777      0      1      3      200      0      3.32816
31      7      778      0      1      3      200      0      2.75616
31      7      779      0      1      3      200      0      3.0046
31      7      780      0      1      3      200      0      2.94229
31      7      781      0      1      3      200      0      3.03485
31      7      782      0      1      3      200      0      3.08582
31      7      783      0      1      3      200      0      2.90023
31      7      784      0      1      3      200      0      2.83013
31      7      785      0      1      3      200      0      2.91976
31      7      786      0      1      3      200      0      3.09736
31      7      787      0      1      3      200      0      2.95376
31      7      788      0      1      3      200      0      3.10898
31      7      789      0      1      3      200      0      3.14759
31      7      790      0      1      3      200      0      3.07436
31      7      791      0      1      3      200      0      3.18633
31      7      792      0      1      3      200      0      3.07257
31      7      793      0      1      3      200      0      2.8003
31      7      794      0      1      3      200      0      3.16314
31      7      795      0      1      3      200      0      2.91545
31      7      796      0      1      3      200      0      3.34178
31      7      797      0      1      3      200      0      3.34711
31      7      798      0      1      3      200      0      3.10845
31      7      799      0      1      3      200      0      3.17976
31      7      800      0      1      3      200      0      2.97728
31      7      801      0      1      3      200      0      2.99289
31      7      802      0      1      3      200      0      2.98703
31      7      803      0      1      3      200      0      3.31267
31      7      804      0      1      3      200      0      3.01361
31      7      805      0      1      3      200      0      3.119
31      7      806      0      1      3      200      0      3.34453
31      7      807      0      1      3      200      0      3.25513
31      7      808      0      1      3      200      0      3.06837
31      7      809      0      1      3      200      0      3.29581
31      7      810      0      1      3      200      0      3.2428
31      7      811      0      1      3      200      0      3.10735
31      7      812      0      1      3      200      0      2.83269
31      7      813      0      1      3      200      0      3.12021
31      7      814      0      1      3      200      0      3.0136
31      7      815      0      1      3      200      0      3.07686
31      7      816      0      1      3      200      0      2.9637
31      7      817      0      1      3      200      0      3.04252
31      7      818      0      1      3      200      0      2.77054
31      7      819      0      1      3      200      0      2.95081
31      7      820      0      1      3      200      0      2.82358
31      7      821      0      1      3      200      0      2.91728
31      7      822      0      1      3      200      0      3.18522
31      7      823      0      1      3      200      0      3.43038
31      7      824      0      1      3      200      0      3.42655
31      7      825      0      1      3      200      0      3.34515
31      7      826      0      1      3      200      0      3.2137
31      7      827      0      1      3      200      0      3.24848
31      7      828      0      1      3      200      0      3.11786
31      7      829      0      1      3      200      0      3.09868
31      7      830      0      1      3      200      0      3.26224
31      7      831      0      1      3      200      0      2.98616
31      7      832      0      1      3      200      0      3.18295
31      7      833      0      1      3      200      0      2.87779
31      7      834      0      1      3      200      0      3.24265
31      7      835      0      1      3      200      0      2.93824
31      7      836      0      1      3      200      0      3.06691
31      7      837      0      1      3      200      0      2.94035
31      7      838      0      1      3      200      0      3.44467
31      7      839      0      1      3      200      0      3.31759
31      7      840      0      1      3      200      0      3.01623
31      7      841      0      1      3      200      0      3.24884
31      7      842      0      1      3      200      0      2.62129
31      7      843      0      1      3      200      0      3.12518
31      7      844      0      1      3      200      0      2.94753
31      7      845      0      1      3      200      0      2.98143
31      7      846      0      1      3      200      0      2.91906
31      7      847      0      1      3      200      0      2.98372
31      7      848      0      1      3      200      0      2.87419
31      7      849      0      1      3      200      0      3.14086
31      7      850      0      1      3      200      0      3.12076
31      7      851      0      1      3      200      0      2.9927
31      7      852      0      1      3      200      0      3.12549
31      7      853      0      1      3      200      0      3.2695
31      7      854      0      1      3      200      0      3.411
31      7      855      0      1      3      200      0      3.07783
31      7      856      0      1      3      200      0      3.28441
31      7      857      0      1      3      200      0      3.09074
31      7      858      0      1      3      200      0      3.33506
31      7      859      0      1      3      200      0      3.00184
31      7      860      0      1      3      200      0      3.267
31      7      861      0      1      3      200      0      3.25341
31      7      862      0      1      3      200      0      3.0235
31      7      863      0      1      3      200      0      3.25099
31      7      864      0      1      3      200      0      3.10298
31      7      865      0      1      3      200      0      2.8762
31      7      866      0      1      3      200      0      3.03737
31      7      867      0      1      3      200      0      3.17628
31      7      868      0      1      3      200      0      3.14201
31      7      869      0      1      3      200      0      3.15367
31      7      870      0      1      3      200      0      3.16028
31      7      871      0      1      3      200      0      3.21022
31      7      872      0      1      3      200      0      3.04638
31      7      873      0      1      3      200      0      3.23383
31      7      874      0      1      3      200      0      2.95836
31      7      875      0      1      3      200      0      3.10342
31      7      876      0      1      3      200      0      3.0235
31      7      877      0      1      3      200      0      3.222
31      7      878      0      1      3      200      0      2.94933
31      7      879      0      1      3      200      0      2.79209
31      7      880      0      1      3      200      0      3.02292
31      7      881      0      1      3      200      0      3.09582
31      7      882      0      1      3      200      0      2.90107
31      7      883      0      1      3      200      0      2.96738
31      7      884      0      1      3      200      0      3.10911
31      7      885      0      1      3      200      0      2.89591
31      7      886      0      1      3      200      0      3.06315
31      7      887      0      1      3      200      0      3.04244
31      7      888      0      1      3      200      0      3.12537
31      7      889      0      1      3      200      0      2.98046
31      7      890      0      1      3      200      0      3.29566
31      7      891      0      1      3      200      0      3.12204
31      7      892      0      1      3      200      0      3.26664
31      7      893      0      1      3      200      0      3.07831
31      7      894      0      1      3      200      0      3.07095
31      7      895      0      1      3      200      0      3.13105
31      7      896      0      1      3      200      0      3.15862
31      7      897      0      1      3      200      0      3.10745
31      7      898      0      1      3      200      0      3.01893
31      7      899      0      1      3      200      0      3.20926
31      7      900      0      1      3      200      0      3.20428
31      7      901      0      1      3      200      0      3.43559
31      7      902      0      1      3      200      0      3.00779
31      7      903      0      1      3      200      0      3.04889
31      7      904      0      1      3      200      0      3.31276
31      7      905      0      1      3      200      0      3.01398
31      7      906      0      1      3      200      0      3.05683
31      7      907      0      1      3      200      0      2.79734
31      7      908      0      1      3      200      0      2.9716
31      7      909      0      1      3      0      0      0
