##
#  file: HodoPHCParam_Dummy
#  date: 2016.06.15
#  note: first version
#
#
#######################################################################
# CId	PlId	Seg	UorD	Type	nParam	p0	p1	...
#
#	Type=0 no correction will be performed
#	Type=1 ct=t-p[0]/sqrt(a-p[1])+p[2]
#	Type=2 ct=p[0]*a*a + p[1]*a + p[2] for Fiber
#
#######################################################################
#ID 1:RF
#ID 2:TAG-SF
#ID 3:TAG-PL
#######################################################################
# T0                                                                 #
#######################################################################
11	0	0	0	0	3	0.0416466 -0.801462 0.93261
11	0	0	1	0	3	0.0257652 -0.213325 0.167654
#######################################################################
# TOF Up                                                              #
#######################################################################
14      0      0      0      1      3      4.51607      0      4.19217
14      0      1      0      1      3      3.62314      0      4.29464
14      0      2      0      1      3      2.01501      0      2.97636
14      0      3      0      1      3      1.17828      0      1.13833
14      0      4      0      1      3      1.89143      0      1.87297
14      0      5      0      1      3      1.60906      0      1.54683
14      0      6      0      1      3      1.70438      0      1.4193
14      0      7      0      1      3      1.69022      0      1.55459
14      0      8      0      1      3      2.52004      0      2.21838
14      0      9      0      1      3      2.47835      0      2.47933
14      0      10      0      1      3      1.75406      0      1.82873
14      0      11      0      1      3      1.86325      0      1.89931
14      0      12      0      1      3      1.39668      0      0.794908
14      0      13      0      1      3      1.50082      0      1.10727
14      0      14      0      1      3      1.99888      0      1.65996
14      0      15      0      1      3      1.64413      0      1.21153
14      0      16      0      1      3      2.15165      0      1.73611
14      0      17      0      1      3      1.6547      0      1.22729
14      0      18      0      1      3      1.73951      0      1.48647
14      0      19      0      1      3      1.62422      0      1.39571
14      0      20      0      1      3      1.73662      0      1.55172
14      0      21      0      1      3      1.99097      0      1.75732
14      0      22      0      1      3      1.833      0      1.63838
14      0      23      0      1      3      2.18523      0      2.11518
14      0      24      0      1      3      1.48054      0      1.0713
14      0      25      0      1      3      1.74741      0      1.51774
14      0      26      0      1      3      1.64612      0      1.2122
14      0      27      0      1      3      1.85554      0      1.73691
14      0      28      0      1      3      1.17389      0      0.834335
14      0      29      0      1      3      1.86104      0      1.57087
14      0      30      0      1      3      1.53074      0      1.03909
14      0      31      0      1      3      1.55577      0      1.04832
14      0      32      0      1      3      1.33012      0      0.671809
14      0      33      0      1      3      1.42897      0      1.00373
14      0      34      0      1      3      1.73376      0      1.15303
14      0      35      0      1      3      1.14127      0      0.667568
14      0      36      0      1      3      1.67574      0      1.61743
14      0      37      0      1      3      1.65247      0      1.61164
14      0      38      0      1      3      1.64509      0      1.9968
14      0      39      0      1      3      2.56424      0      2.49699
14      0      40      0      1      3      1.6185      0      1.67666
14      0      41      0      1      3      1.81424      0      1.81778
14      0      42      0      1      3      1.64562      0      1.52716
14      0      43      0      1      3      1.63316      0      1.64272
14      0      44      0      1      3      1.30688      0      1.29299
14      0      45      0      1      3      2.2661      0      2.12521
14      0      46      0      1      3      1.16043      0      1.70084
14      0      47      0      1      3      2.70771      0      2.45417
#######################################################################
# TOF Down                                                            #
#######################################################################
14      0      0      1      1      3      3.18525      0      3.57163
14      0      1      1      1      3      3.95968      0      2.80255
14      0      2      1      1      3      2.53506      0      1.91531
14      0      3      1      1      3      3.25441      0      3.09657
14      0      4      1      1      3      1.73487      0      1.63733
14      0      5      1      1      3      2.12375      0      2.01986
14      0      6      1      1      3      2.40679      0      2.28309
14      0      7      1      1      3      2.24393      0      2.16224
14      0      8      1      1      3      2.74865      0      2.46174
14      0      9      1      1      3      2.95346      0      2.40321
14      0      10      1      1      3      2.37573      0      2.25625
14      0      11      1      1      3      2.12344      0      1.96952
14      0      12      1      1      3      1.84441      0      1.83717
14      0      13      1      1      3      2.24106      0      2.23832
14      0      14      1      1      3      1.92861      0      1.86321
14      0      15      1      1      3      1.99453      0      2.05019
14      0      16      1      1      3      2.03088      0      2.05252
14      0      17      1      1      3      1.90446      0      1.93562
14      0      18      1      1      3      2.03451      0      2.07438
14      0      19      1      1      3      2.22074      0      2.20769
14      0      20      1      1      3      2.05386      0      2.05056
14      0      21      1      1      3      2.15663      0      2.10926
14      0      22      1      1      3      1.90776      0      1.79417
14      0      23      1      1      3      1.68475      0      1.68249
14      0      24      1      1      3      2.17721      0      2.07886
14      0      25      1      1      3      2.18596      0      2.18337
14      0      26      1      1      3      2.21332      0      2.08737
14      0      27      1      1      3      1.93394      0      1.89432
14      0      28      1      1      3      2.41588      0      2.32641
14      0      29      1      1      3      2.44449      0      2.46382
14      0      30      1      1      3      2.50556      0      2.51462
14      0      31      1      1      3      2.60652      0      2.54913
14      0      32      1      1      3      2.33964      0      2.35898
14      0      33      1      1      3      2.6532      0      2.66846
14      0      34      1      1      3      1.66126      0      1.54867
14      0      35      1      1      3      2.70598      0      2.60017
14      0      36      1      1      3      2.33704      0      2.30304
14      0      37      1      1      3      2.38959      0      2.36208
14      0      38      1      1      3      2.96073      0      2.83692
14      0      39      1      1      3      3.36382      0      2.9023
14      0      40      1      1      3      2.26701      0      2.20645
14      0      41      1      1      3      2.18162      0      2.14283
14      0      42      1      1      3      2.18389      0      2.12509
14      0      43      1      1      3      2.29291      0      2.25666
14      0      44      1      1      3      2.82804      0      2.83261
14      0      45      1      1      3      2.34984      0      2.92272
14      0      46      1      1      3      1.55864      0      1.45686
14      0      47      1      1      3      3.85756      0      3.32766
#######################################################################
# CFT                                                                 #
#######################################################################
31      0      0      0      1      3      200      0      4.03458
31      0      1      0      1      3      200      0      4.16517
31      0      2      0      1      3      200      0      3.99727
31      0      3      0      1      3      200      0      4.07776
31      0      4      0      1      3      200      0      3.68876
31      0      5      0      1      3      200      0      3.70749
31      0      6      0      1      3      200      0      3.70025
31      0      7      0      1      3      200      0      3.91184
31      0      8      0      1      3      200      0      3.62021
31      0      9      0      1      3      200      0      3.88807
31      0      10      0      1      3      200      0      3.68708
31      0      11      0      1      3      200      0      3.95364
31      0      12      0      1      3      200      0      3.93178
31      0      13      0      1      3      200      0      4.0572
31      0      14      0      1      3      200      0      3.74541
31      0      15      0      1      3      200      0      3.68219
31      0      16      0      1      3      200      0      3.48065
31      0      17      0      1      3      200      0      3.88919
31      0      18      0      1      3      200      0      3.7458
31      0      19      0      1      3      200      0      3.84852
31      0      20      0      1      3      200      0      3.7948
31      0      21      0      1      3      200      0      3.81655
31      0      22      0      1      3      200      0      4.06838
31      0      23      0      1      3      200      0      3.85737
31      0      24      0      1      3      200      0      4.09509
31      0      25      0      1      3      200      0      3.85757
31      0      26      0      1      3      200      0      3.80631
31      0      27      0      1      3      200      0      3.75745
31      0      28      0      1      3      200      0      3.78977
31      0      29      0      1      3      200      0      3.92814
31      0      30      0      1      3      200      0      3.98191
31      0      31      0      1      3      200      0      3.90658
31      0      32      0      1      3      200      0      4.00872
31      0      33      0      1      3      200      0      3.89549
31      0      34      0      1      3      200      0      4.19649
31      0      35      0      1      3      200      0      3.9804
31      0      36      0      1      3      200      0      3.96275
31      0      37      0      1      3      200      0      4.04459
31      0      38      0      1      3      200      0      4.09075
31      0      39      0      1      3      200      0      4.04193
31      0      40      0      1      3      200      0      3.97066
31      0      41      0      1      3      200      0      3.97815
31      0      42      0      1      3      200      0      4.00601
31      0      43      0      1      3      200      0      3.68789
31      0      44      0      1      3      200      0      3.77724
31      0      45      0      1      3      200      0      3.95651
31      0      46      0      1      3      200      0      4.04041
31      0      47      0      1      3      200      0      3.77321
31      0      48      0      1      3      200      0      3.97641
31      0      49      0      1      3      200      0      3.69234
31      0      50      0      1      3      200      0      3.94594
31      0      51      0      1      3      200      0      3.78155
31      0      52      0      1      3      200      0      3.54625
31      0      53      0      1      3      200      0      3.75029
31      0      54      0      1      3      200      0      3.84594
31      0      55      0      1      3      200      0      3.70206
31      0      56      0      1      3      200      0      3.6601
31      0      57      0      1      3      200      0      3.65678
31      0      58      0      1      3      200      0      3.90886
31      0      59      0      1      3      200      0      3.74999
31      0      60      0      1      3      200      0      3.80499
31      0      61      0      1      3      200      0      3.70718
31      0      62      0      1      3      200      0      3.73469
31      0      63      0      1      3      200      0      3.77681
31      0      64      0      1      3      200      0      3.73692
31      0      65      0      1      3      200      0      4.09485
31      0      66      0      1      3      200      0      3.82694
31      0      67      0      1      3      200      0      3.99988
31      0      68      0      1      3      200      0      3.46192
31      0      69      0      1      3      200      0      3.53647
31      0      70      0      1      3      200      0      3.97483
31      0      71      0      1      3      200      0      3.97259
31      0      72      0      1      3      200      0      4.15648
31      0      73      0      1      3      200      0      3.82254
31      0      74      0      1      3      200      0      3.77476
31      0      75      0      1      3      200      0      3.8916
31      0      76      0      1      3      200      0      3.83892
31      0      77      0      1      3      200      0      3.81933
31      0      78      0      1      3      200      0      3.94433
31      0      79      0      1      3      200      0      3.98446
31      0      80      0      1      3      200      0      3.88222
31      0      81      0      1      3      200      0      4.15554
31      0      82      0      1      3      200      0      3.71249
31      0      83      0      1      3      200      0      3.75177
31      0      84      0      1      3      200      0      3.90214
31      0      85      0      1      3      200      0      3.8124
31      0      86      0      1      3      200      0      4.0727
31      0      87      0      1      3      200      0      3.794
31      0      88      0      1      3      200      0      4.13254
31      0      89      0      1      3      200      0      3.90421
31      0      90      0      1      3      200      0      3.74163
31      0      91      0      1      3      200      0      4.12691
31      0      92      0      1      3      200      0      3.83236
31      0      93      0      1      3      200      0      3.90315
31      0      94      0      1      3      200      0      3.95758
31      0      95      0      1      3      200      0      3.7601
31      0      96      0      1      3      200      0      4.50068
31      0      97      0      1      3      200      0      4.07272
31      0      98      0      1      3      200      0      3.88722
31      0      99      0      1      3      200      0      3.99092
31      0      100      0      1      3      200      0      3.84006
31      0      101      0      1      3      200      0      3.83623
31      0      102      0      1      3      200      0      3.63621
31      0      103      0      1      3      200      0      3.98027
31      0      104      0      1      3      200      0      4.10056
31      0      105      0      1      3      200      0      3.78685
31      0      106      0      1      3      200      0      3.73649
31      0      107      0      1      3      200      0      3.84317
31      0      108      0      1      3      200      0      3.70504
31      0      109      0      1      3      200      0      4.06607
31      0      110      0      1      3      200      0      4.17709
31      0      111      0      1      3      200      0      3.95842
31      0      112      0      1      3      200      0      3.81254
31      0      113      0      1      3      200      0      4.21232
31      0      114      0      1      3      200      0      4.06045
31      0      115      0      1      3      200      0      3.96703
31      0      116      0      1      3      200      0      3.89102
31      0      117      0      1      3      200      0      3.89938
31      0      118      0      1      3      200      0      3.96436
31      0      119      0      1      3      200      0      3.78217
31      0      120      0      1      3      200      0      3.93988
31      0      121      0      1      3      200      0      3.95739
31      0      122      0      1      3      200      0      3.91518
31      0      123      0      1      3      200      0      4.20532
31      0      124      0      1      3      200      0      3.99451
31      0      125      0      1      3      200      0      4.24929
31      0      126      0      1      3      200      0      3.92941
31      0      127      0      1      3      200      0      4.24846
31      0      128      0      1      3      200      0      4.54544
31      0      129      0      1      3      200      0      4.07558
31      0      130      0      1      3      200      0      3.93185
31      0      131      0      1      3      200      0      4.01257
31      0      132      0      1      3      200      0      3.81852
31      0      133      0      1      3      200      0      3.71468
31      0      134      0      1      3      200      0      3.88847
31      0      135      0      1      3      200      0      4.00644
31      0      136      0      1      3      200      0      3.81412
31      0      137      0      1      3      200      0      3.56654
31      0      138      0      1      3      200      0      3.909
31      0      139      0      1      3      200      0      3.99248
31      0      140      0      1      3      200      0      3.88288
31      0      141      0      1      3      200      0      3.86256
31      0      142      0      1      3      200      0      4.12267
31      0      143      0      1      3      200      0      4.24822
31      0      144      0      1      3      200      0      3.95943
31      0      145      0      1      3      200      0      4.12505
31      0      146      0      1      3      200      0      3.97487
31      0      147      0      1      3      200      0      4.0328
31      0      148      0      1      3      200      0      4.19287
31      0      149      0      1      3      200      0      3.90535
31      0      150      0      1      3      200      0      3.88505
31      0      151      0      1      3      200      0      4.25057
31      0      152      0      1      3      200      0      4.12734
31      0      153      0      1      3      200      0      3.8424
31      0      154      0      1      3      200      0      3.94806
31      0      155      0      1      3      200      0      4.29928
31      0      156      0      1      3      200      0      3.98453
31      0      157      0      1      3      200      0      4.06788
31      0      158      0      1      3      200      0      4.02148
31      0      159      0      1      3      200      0      4.371
31      0      160      0      1      3      200      0      3.88121
31      0      161      0      1      3      200      0      3.71819
31      0      162      0      1      3      200      0      4.12719
31      0      163      0      1      3      200      0      3.85748
31      0      164      0      1      3      200      0      3.9545
31      0      165      0      1      3      200      0      4.113
31      0      166      0      1      3      200      0      4.20418
31      0      167      0      1      3      200      0      3.72138
31      0      168      0      1      3      200      0      4.07619
31      0      169      0      1      3      200      0      3.74209
31      0      170      0      1      3      200      0      4.29164
31      0      171      0      1      3      200      0      3.76811
31      0      172      0      1      3      200      0      4.395
31      0      173      0      1      3      200      0      3.7826
31      0      174      0      1      3      200      0      4.14318
31      0      175      0      1      3      200      0      3.90057
31      0      176      0      1      3      200      0      4.0924
31      0      177      0      1      3      200      0      4.56814
31      0      178      0      1      3      200      0      4.20848
31      0      179      0      1      3      200      0      3.94481
31      0      180      0      1      3      200      0      3.75908
31      0      181      0      1      3      200      0      3.96877
31      0      182      0      1      3      200      0      4.01414
31      0      183      0      1      3      200      0      4.14304
31      0      184      0      1      3      200      0      4.10023
31      0      185      0      1      3      200      0      4.12286
31      0      186      0      1      3      200      0      3.90984
31      0      187      0      1      3      200      0      3.94961
31      0      188      0      1      3      200      0      4.16656
31      0      189      0      1      3      200      0      3.77981
31      0      190      0      1      3      200      0      3.85855
31      0      191      0      1      3      200      0      3.87052
31      0      192      0      1      3      200      0      4.20448
31      0      193      0      1      3      200      0      4.16126
31      0      194      0      1      3      200      0      3.99371
31      0      195      0      1      3      200      0      4.19051
31      0      196      0      1      3      200      0      4.22847
31      0      197      0      1      3      200      0      4.01488
31      0      198      0      1      3      200      0      4.19888
31      0      199      0      1      3      200      0      4.0989
31      0      200      0      1      3      200      0      4.2737
31      0      201      0      1      3      200      0      4.17025
31      0      202      0      1      3      200      0      3.9723
31      0      203      0      1      3      200      0      4.12677
31      0      204      0      1      3      200      0      4.11489
31      0      205      0      1      3      200      0      3.93734
31      0      206      0      1      3      200      0      3.81147
31      0      207      0      1      3      200      0      3.98691
31      0      208      0      1      3      200      0      4.0976
31      0      209      0      1      3      200      0      3.94246
31      0      210      0      1      3      200      0      4.20703
31      0      211      0      1      3      200      0      3.91762
31      0      212      0      1      3      200      0      4.04441
31      0      213      0      1      3      200      0      4.06315
31      0      214      0      1      3      200      0      4.10448
31      0      215      0      1      3      200      0      3.8975
31      0      216      0      1      3      200      0      4.1187
31      0      217      0      1      3      200      0      3.88239
31      0      218      0      1      3      200      0      3.91239
31      0      219      0      1      3      200      0      3.79336
31      0      220      0      1      3      200      0      3.98807
31      0      221      0      1      3      200      0      4.0789
31      0      222      0      1      3      200      0      4.12372
31      0      223      0      1      3      200      0      3.99941
31      0      224      0      1      3      200      0      4.23783
31      0      225      0      1      3      200      0      4.10695
31      0      226      0      1      3      200      0      4.22141
31      0      227      0      1      3      200      0      4.04576
31      0      228      0      1      3      200      0      4.02507
31      0      229      0      1      3      200      0      4.04765
31      0      230      0      1      3      200      0      4.20126
31      0      231      0      1      3      200      0      4.00232
31      0      232      0      1      3      200      0      3.88163
31      0      233      0      1      3      200      0      3.90321
31      0      234      0      1      3      200      0      3.79306
31      0      235      0      1      3      200      0      3.96656
31      0      236      0      1      3      200      0      3.69406
31      0      237      0      1      3      200      0      4.14158
31      0      238      0      1      3      200      0      3.92977
31      0      239      0      1      3      200      0      4.04295
31      0      240      0      1      3      200      0      3.8464
31      0      241      0      1      3      200      0      4.21367
31      0      242      0      1      3      200      0      3.93639
31      0      243      0      1      3      200      0      3.92783
31      0      244      0      1      3      200      0      4.10018
31      0      245      0      1      3      200      0      3.95807
31      0      246      0      1      3      200      0      3.97849
31      0      247      0      1      3      200      0      3.85832
31      0      248      0      1      3      200      0      3.97905
31      0      249      0      1      3      200      0      3.91386
31      0      250      0      1      3      200      0      3.91775
31      0      251      0      1      3      200      0      4.40494
31      0      252      0      1      3      200      0      4.09581
31      0      253      0      1      3      200      0      4.13487
31      0      254      0      1      3      200      0      4.10734
31      0      255      0      1      3      200      0      4.54998
31      0      256      0      1      3      200      0      3.86879
31      0      257      0      1      3      200      0      4.02854
31      0      258      0      1      3      200      0      3.83519
31      0      259      0      1      3      200      0      3.97457
31      0      260      0      1      3      200      0      4.04517
31      0      261      0      1      3      200      0      3.90152
31      0      262      0      1      3      200      0      3.91827
31      0      263      0      1      3      200      0      3.93904
31      0      264      0      1      3      200      0      4.02445
31      0      265      0      1      3      200      0      3.95857
31      0      266      0      1      3      200      0      4.11231
31      0      267      0      1      3      200      0      4.1481
31      0      268      0      1      3      200      0      3.91337
31      0      269      0      1      3      200      0      3.9511
31      0      270      0      1      3      200      0      3.98448
31      0      271      0      1      3      200      0      3.98551
31      0      272      0      1      3      200      0      4.11617
31      0      273      0      1      3      200      0      4.07784
31      0      274      0      1      3      200      0      3.82653
31      0      275      0      1      3      200      0      3.97619
31      0      276      0      1      3      200      0      3.88383
31      0      277      0      1      3      200      0      3.97199
31      0      278      0      1      3      200      0      3.97328
31      0      279      0      1      3      200      0      3.99636
31      0      280      0      1      3      200      0      3.87355
31      0      281      0      1      3      200      0      3.90313
31      0      282      0      1      3      200      0      3.82741
31      0      283      0      1      3      200      0      3.94643
31      0      284      0      1      3      200      0      3.7773
31      0      285      0      1      3      200      0      3.95448
31      0      286      0      1      3      200      0      3.96673
31      0      287      0      1      3      200      0      4.1229
31      0      288      0      1      3      200      0      3.78892
31      0      289      0      1      3      200      0      3.55437
31      0      290      0      1      3      200      0      3.92676
31      0      291      0      1      3      200      0      3.65832
31      0      292      0      1      3      200      0      3.71721
31      0      293      0      1      3      200      0      3.58109
31      0      294      0      1      3      200      0      4.06644
31      0      295      0      1      3      200      0      3.58594
31      0      296      0      1      3      200      0      3.94324
31      0      297      0      1      3      200      0      3.71264
31      0      298      0      1      3      200      0      3.69776
31      0      299      0      1      3      200      0      3.91709
31      0      300      0      1      3      200      0      3.78456
31      0      301      0      1      3      200      0      3.79194
31      0      302      0      1      3      200      0      4.00413
31      0      303      0      1      3      200      0      3.91881
31      0      304      0      1      3      200      0      3.84738
31      0      305      0      1      3      200      0      4.0236
31      0      306      0      1      3      200      0      3.96831
31      0      307      0      1      3      200      0      3.91157
31      0      308      0      1      3      200      0      4.0393
31      0      309      0      1      3      200      0      4.04897
31      0      310      0      1      3      200      0      3.90585
31      0      311      0      1      3      200      0      4.01785
31      0      312      0      1      3      200      0      4.01545
31      0      313      0      1      3      200      0      4.01501
31      0      314      0      1      3      200      0      3.78383
31      0      315      0      1      3      200      0      3.94304
31      0      316      0      1      3      200      0      4.01577
31      0      317      0      1      3      200      0      3.65756
31      0      318      0      1      3      200      0      3.90141
31      0      319      0      1      3      200      0      3.91991
31      0      320      0      1      3      200      0      4.00254
31      0      321      0      1      3      200      0      3.91508
31      0      322      0      1      3      200      0      4.07292
31      0      323      0      1      3      200      0      3.88424
31      0      324      0      1      3      200      0      4.01164
31      0      325      0      1      3      200      0      3.82252
31      0      326      0      1      3      200      0      3.91811
31      0      327      0      1      3      200      0      3.79359
31      0      328      0      1      3      200      0      3.95952
31      0      329      0      1      3      200      0      3.85128
31      0      330      0      1      3      200      0      3.89768
31      0      331      0      1      3      200      0      4.0307
31      0      332      0      1      3      200      0      3.63702
31      0      333      0      1      3      200      0      3.92239
31      0      334      0      1      3      200      0      4.03238
31      0      335      0      1      3      200      0      3.99021
31      0      336      0      1      3      200      0      3.91962
31      0      337      0      1      3      200      0      3.76114
31      0      338      0      1      3      200      0      3.93862
31      0      339      0      1      3      200      0      3.95737
31      0      340      0      1      3      200      0      3.78018
31      0      341      0      1      3      200      0      3.92041
31      0      342      0      1      3      200      0      3.73497
31      0      343      0      1      3      200      0      3.75495
31      0      344      0      1      3      200      0      3.73311
31      0      345      0      1      3      200      0      3.94238
31      0      346      0      1      3      200      0      3.7352
31      0      347      0      1      3      200      0      3.67779
31      0      348      0      1      3      200      0      3.79595
31      0      349      0      1      3      200      0      3.70598
31      0      350      0      1      3      200      0      4.07612
31      0      351      0      1      3      200      0      3.68405
31      0      352      0      1      3      200      0      4.23153
31      0      353      0      1      3      200      0      4.13662
31      0      354      0      1      3      200      0      4.09307
31      0      355      0      1      3      200      0      3.94129
31      0      356      0      1      3      200      0      4.33258
31      0      357      0      1      3      200      0      4.21222
31      0      358      0      1      3      200      0      4.37945
31      0      359      0      1      3      200      0      4.12512
31      0      360      0      1      3      200      0      4.30664
31      0      361      0      1      3      200      0      4.4181
31      0      362      0      1      3      200      0      4.11124
31      0      363      0      1      3      200      0      4.4757
31      0      364      0      1      3      200      0      4.31833
31      0      365      0      1      3      200      0      4.3357
31      0      366      0      1      3      200      0      4.1166
31      0      367      0      1      3      200      0      4.4913
31      0      368      0      1      3      200      0      4.26883
31      0      369      0      1      3      200      0      4.4454
31      0      370      0      1      3      200      0      4.0192
31      0      371      0      1      3      200      0      4.55185
31      0      372      0      1      3      200      0      4.10651
31      0      373      0      1      3      200      0      4.1457
31      0      374      0      1      3      200      0      3.78176
31      0      375      0      1      3      200      0      4.23657
31      0      376      0      1      3      200      0      4.09531
31      0      377      0      1      3      200      0      4.10106
31      0      378      0      1      3      200      0      4.11654
31      0      379      0      1      3      200      0      4.1503
31      0      380      0      1      3      200      0      3.97447
31      0      381      0      1      3      200      0      3.89432
31      0      382      0      1      3      200      0      4.01371
31      0      383      0      1      3      200      0      4.3773
31      0      384      0      1      3      200      0      4.12101
31      0      385      0      1      3      200      0      4.1469
31      0      386      0      1      3      200      0      4.20804
31      0      387      0      1      3      200      0      3.89441
31      0      388      0      1      3      200      0      4.26595
31      0      389      0      1      3      200      0      4.02308
31      0      390      0      1      3      200      0      4.32022
31      0      391      0      1      3      200      0      4.35501
31      0      392      0      1      3      200      0      4.27872
31      0      393      0      1      3      200      0      4.04471
31      0      394      0      1      3      200      0      4.25107
31      0      395      0      1      3      200      0      4.32043
31      0      396      0      1      3      200      0      4.2635
31      0      397      0      1      3      200      0      3.77241
31      0      398      0      1      3      200      0      4.31378
31      0      399      0      1      3      200      0      3.98915
31      0      400      0      1      3      200      0      3.87636
31      0      401      0      1      3      200      0      3.79186
31      0      402      0      1      3      200      0      3.8989
31      0      403      0      1      3      200      0      3.9711
31      0      404      0      1      3      200      0      3.87108
31      0      405      0      1      3      200      0      3.79621
31      0      406      0      1      3      200      0      4.05219
31      0      407      0      1      3      200      0      3.62083
31      0      408      0      1      3      200      0      3.97034
31      0      409      0      1      3      200      0      3.58958
31      0      410      0      1      3      200      0      3.89404
31      0      411      0      1      3      200      0      3.87379
31      0      412      0      1      3      200      0      3.70697
31      0      413      0      1      3      200      0      3.73501
31      0      414      0      1      3      200      0      4.25727
31      0      415      0      1      3      200      0      4.03666
31      0      416      0      1      3      200      0      3.86976
31      0      417      0      1      3      200      0      3.92696
31      0      418      0      1      3      200      0      4.11649
31      0      419      0      1      3      200      0      3.90541
31      0      420      0      1      3      200      0      4.0183
31      0      421      0      1      3      200      0      3.78633
31      0      422      0      1      3      200      0      3.89871
31      0      423      0      1      3      200      0      4.01529
31      0      424      0      1      3      200      0      3.90697
31      0      425      0      1      3      200      0      3.89388
31      1      0      0      1      3      200      0      3.94319
31      1      1      0      1      3      200      0      3.75981
31      1      2      0      1      3      200      0      3.9178
31      1      3      0      1      3      200      0      3.93458
31      1      4      0      1      3      200      0      3.89634
31      1      5      0      1      3      200      0      4.07086
31      1      6      0      1      3      200      0      3.67836
31      1      7      0      1      3      200      0      3.62369
31      1      8      0      1      3      200      0      3.97621
31      1      9      0      1      3      200      0      3.50224
31      1      10      0      1      3      200      0      3.86443
31      1      11      0      1      3      200      0      3.89804
31      1      12      0      1      3      200      0      3.79241
31      1      13      0      1      3      200      0      3.44476
31      1      14      0      1      3      200      0      3.79122
31      1      15      0      1      3      200      0      3.67345
31      1      16      0      1      3      200      0      3.49308
31      1      17      0      1      3      200      0      3.83187
31      1      18      0      1      3      200      0      3.84377
31      1      19      0      1      3      200      0      3.59284
31      1      20      0      1      3      200      0      3.8278
31      1      21      0      1      3      200      0      3.5808
31      1      22      0      1      3      200      0      3.69486
31      1      23      0      1      3      200      0      3.81524
31      1      24      0      1      3      200      0      3.72228
31      1      25      0      1      3      200      0      3.60348
31      1      26      0      1      3      200      0      3.59798
31      1      27      0      1      3      200      0      3.79009
31      1      28      0      1      3      200      0      3.73104
31      1      29      0      1      3      200      0      3.61623
31      1      30      0      1      3      200      0      3.9588
31      1      31      0      1      3      200      0      4.06822
31      1      32      0      1      3      200      0      3.7061
31      1      33      0      1      3      200      0      3.53479
31      1      34      0      1      3      200      0      3.71878
31      1      35      0      1      3      200      0      3.75437
31      1      36      0      1      3      200      0      3.68255
31      1      37      0      1      3      200      0      3.91465
31      1      38      0      1      3      200      0      3.70815
31      1      39      0      1      3      200      0      3.79734
31      1      40      0      1      3      200      0      3.61678
31      1      41      0      1      3      200      0      3.98829
31      1      42      0      1      3      200      0      3.80655
31      1      43      0      1      3      200      0      3.85895
31      1      44      0      1      3      200      0      3.74211
31      1      45      0      1      3      200      0      3.70884
31      1      46      0      1      3      200      0      3.71991
31      1      47      0      1      3      200      0      3.73559
31      1      48      0      1      3      200      0      3.66501
31      1      49      0      1      3      200      0      3.83142
31      1      50      0      1      3      200      0      3.9802
31      1      51      0      1      3      200      0      3.80474
31      1      52      0      1      3      200      0      3.98543
31      1      53      0      1      3      200      0      3.78879
31      1      54      0      1      3      200      0      3.92921
31      1      55      0      1      3      200      0      4.2864
31      1      56      0      1      3      200      0      4.07457
31      1      57      0      1      3      200      0      3.97443
31      1      58      0      1      3      200      0      4.03911
31      1      59      0      1      3      200      0      3.72149
31      1      60      0      1      3      200      0      4.01218
31      1      61      0      1      3      200      0      3.72456
31      1      62      0      1      3      200      0      3.96077
31      1      63      0      1      3      200      0      4.04809
31      1      64      0      1      3      200      0      3.6511
31      1      65      0      1      3      200      0      3.62439
31      1      66      0      1      3      200      0      3.55672
31      1      67      0      1      3      200      0      3.62551
31      1      68      0      1      3      200      0      3.53359
31      1      69      0      1      3      200      0      3.50188
31      1      70      0      1      3      200      0      3.77421
31      1      71      0      1      3      200      0      3.75608
31      1      72      0      1      3      200      0      3.75073
31      1      73      0      1      3      200      0      3.53517
31      1      74      0      1      3      200      0      3.78289
31      1      75      0      1      3      200      0      3.55702
31      1      76      0      1      3      200      0      3.68169
31      1      77      0      1      3      200      0      3.58439
31      1      78      0      1      3      200      0      3.7793
31      1      79      0      1      3      200      0      3.56939
31      1      80      0      1      3      200      0      3.49766
31      1      81      0      1      3      200      0      3.73936
31      1      82      0      1      3      200      0      3.93579
31      1      83      0      1      3      200      0      3.86575
31      1      84      0      1      3      200      0      3.88871
31      1      85      0      1      3      200      0      3.47395
31      1      86      0      1      3      200      0      3.73199
31      1      87      0      1      3      200      0      3.62316
31      1      88      0      1      3      200      0      3.58801
31      1      89      0      1      3      200      0      3.68926
31      1      90      0      1      3      200      0      3.87937
31      1      91      0      1      3      200      0      3.68413
31      1      92      0      1      3      200      0      3.60087
31      1      93      0      1      3      200      0      3.47404
31      1      94      0      1      3      200      0      3.62461
31      1      95      0      1      3      200      0      3.62653
31      1      96      0      1      3      200      0      3.46617
31      1      97      0      1      3      200      0      3.44353
31      1      98      0      1      3      200      0      3.52511
31      1      99      0      1      3      200      0      3.57278
31      1      100      0      1      3      200      0      3.53468
31      1      101      0      1      3      200      0      3.5053
31      1      102      0      1      3      200      0      3.83005
31      1      103      0      1      3      200      0      3.73737
31      1      104      0      1      3      200      0      3.48304
31      1      105      0      1      3      200      0      3.73146
31      1      106      0      1      3      200      0      3.41833
31      1      107      0      1      3      200      0      3.81382
31      1      108      0      1      3      200      0      3.43478
31      1      109      0      1      3      200      0      3.69944
31      1      110      0      1      3      200      0      3.6233
31      1      111      0      1      3      200      0      3.60206
31      1      112      0      1      3      200      0      3.44086
31      1      113      0      1      3      200      0      3.65206
31      1      114      0      1      3      200      0      3.48885
31      1      115      0      1      3      200      0      3.63882
31      1      116      0      1      3      200      0      3.55938
31      1      117      0      1      3      200      0      3.78655
31      1      118      0      1      3      200      0      3.59818
31      1      119      0      1      3      200      0      3.63691
31      1      120      0      1      3      200      0      3.61291
31      1      121      0      1      3      200      0      3.7428
31      1      122      0      1      3      200      0      3.53675
31      1      123      0      1      3      200      0      3.81311
31      1      124      0      1      3      200      0      3.65832
31      1      125      0      1      3      200      0      3.92089
31      1      126      0      1      3      200      0      3.92705
31      1      127      0      1      3      200      0      3.65845
31      1      128      0      1      3      200      0      3.65782
31      1      129      0      1      3      200      0      3.73745
31      1      130      0      1      3      200      0      3.66004
31      1      131      0      1      3      200      0      3.72846
31      1      132      0      1      3      200      0      3.5132
31      1      133      0      1      3      200      0      3.62668
31      1      134      0      1      3      200      0      3.69728
31      1      135      0      1      3      200      0      3.74518
31      1      136      0      1      3      200      0      3.48635
31      1      137      0      1      3      200      0      3.41663
31      1      138      0      1      3      200      0      3.51705
31      1      139      0      1      3      200      0      3.61065
31      1      140      0      1      3      200      0      3.70103
31      1      141      0      1      3      200      0      3.68837
31      1      142      0      1      3      200      0      3.59485
31      1      143      0      1      3      200      0      3.83589
31      1      144      0      1      3      200      0      3.53396
31      1      145      0      1      3      200      0      3.73467
31      1      146      0      1      3      200      0      3.72587
31      1      147      0      1      3      200      0      3.53732
31      1      148      0      1      3      200      0      3.60258
31      1      149      0      1      3      200      0      3.75169
31      1      150      0      1      3      200      0      3.60606
31      1      151      0      1      3      200      0      3.64445
31      1      152      0      1      3      200      0      3.54472
31      1      153      0      1      3      200      0      3.5701
31      1      154      0      1      3      200      0      3.76339
31      1      155      0      1      3      200      0      3.65213
31      1      156      0      1      3      200      0      3.51005
31      1      157      0      1      3      200      0      3.84358
31      1      158      0      1      3      200      0      3.58698
31      1      159      0      1      3      200      0      3.52741
31      1      160      0      1      3      200      0      3.67504
31      1      161      0      1      3      200      0      3.76393
31      1      162      0      1      3      200      0      3.65217
31      1      163      0      1      3      200      0      3.78018
31      1      164      0      1      3      200      0      3.71459
31      1      165      0      1      3      200      0      3.62668
31      1      166      0      1      3      200      0      3.76756
31      1      167      0      1      3      200      0      3.58851
31      1      168      0      1      3      200      0      3.61857
31      1      169      0      1      3      200      0      3.59436
31      1      170      0      1      3      200      0      3.49442
31      1      171      0      1      3      200      0      3.57039
31      1      172      0      1      3      200      0      3.60592
31      1      173      0      1      3      200      0      3.76079
31      1      174      0      1      3      200      0      3.84399
31      1      175      0      1      3      200      0      3.65249
31      1      176      0      1      3      200      0      3.47107
31      1      177      0      1      3      200      0      3.47393
31      1      178      0      1      3      200      0      3.5694
31      1      179      0      1      3      200      0      3.70628
31      1      180      0      1      3      200      0      3.77555
31      1      181      0      1      3      200      0      3.68269
31      1      182      0      1      3      200      0      3.8699
31      1      183      0      1      3      200      0      3.6974
31      1      184      0      1      3      200      0      3.75023
31      1      185      0      1      3      200      0      3.70933
31      1      186      0      1      3      200      0      3.68397
31      1      187      0      1      3      200      0      3.8045
31      1      188      0      1      3      200      0      3.77052
31      1      189      0      1      3      200      0      3.91265
31      1      190      0      1      3      200      0      3.73248
31      1      191      0      1      3      200      0      3.61018
31      1      192      0      1      3      200      0      3.70583
31      1      193      0      1      3      200      0      3.51992
31      1      194      0      1      3      200      0      3.59378
31      1      195      0      1      3      200      0      3.67352
31      1      196      0      1      3      200      0      3.71778
31      1      197      0      1      3      200      0      3.63009
31      1      198      0      1      3      200      0      3.63437
31      1      199      0      1      3      200      0      3.57292
31      1      200      0      1      3      200      0      3.5286
31      1      201      0      1      3      200      0      3.74633
31      1      202      0      1      3      200      0      3.68287
31      1      203      0      1      3      200      0      3.57315
31      1      204      0      1      3      200      0      3.5709
31      1      205      0      1      3      200      0      3.49143
31      1      206      0      1      3      200      0      3.6362
31      1      207      0      1      3      200      0      3.54713
31      1      208      0      1      3      200      0      3.66435
31      1      209      0      1      3      200      0      3.58378
31      1      210      0      1      3      200      0      3.65909
31      1      211      0      1      3      200      0      3.64676
31      1      212      0      1      3      200      0      3.70071
31      1      213      0      1      3      200      0      3.81452
31      1      214      0      1      3      200      0      3.69031
31      1      215      0      1      3      200      0      3.66905
31      1      216      0      1      3      200      0      3.66557
31      1      217      0      1      3      200      0      3.67371
31      1      218      0      1      3      200      0      3.60098
31      1      219      0      1      3      200      0      3.74642
31      1      220      0      1      3      200      0      3.78696
31      1      221      0      1      3      200      0      3.54088
31      1      222      0      1      3      200      0      3.68628
31      1      223      0      1      3      200      0      3.8486
31      1      224      0      1      3      200      0      4.15892
31      1      225      0      1      3      200      0      3.86814
31      1      226      0      1      3      200      0      3.74727
31      1      227      0      1      3      200      0      3.5478
31      1      228      0      1      3      200      0      3.84946
31      1      229      0      1      3      200      0      3.82388
31      1      230      0      1      3      200      0      3.95969
31      1      231      0      1      3      200      0      3.63217
31      1      232      0      1      3      200      0      3.84038
31      1      233      0      1      3      200      0      3.75046
31      1      234      0      1      3      200      0      3.57224
31      1      235      0      1      3      200      0      3.77645
31      1      236      0      1      3      200      0      3.59505
31      1      237      0      1      3      200      0      3.67935
31      1      238      0      1      3      200      0      3.7197
31      1      239      0      1      3      200      0      3.94804
31      1      240      0      1      3      200      0      3.90982
31      1      241      0      1      3      200      0      3.66701
31      1      242      0      1      3      200      0      3.76508
31      1      243      0      1      3      200      0      3.87172
31      1      244      0      1      3      200      0      3.7557
31      1      245      0      1      3      200      0      3.69439
31      1      246      0      1      3      200      0      3.47866
31      1      247      0      1      3      200      0      3.88418
31      1      248      0      1      3      200      0      3.68842
31      1      249      0      1      3      200      0      3.48102
31      1      250      0      1      3      200      0      3.91347
31      1      251      0      1      3      200      0      4.07021
31      1      252      0      1      3      200      0      3.5817
31      1      253      0      1      3      200      0      4.0914
31      1      254      0      1      3      200      0      3.84487
31      1      255      0      1      3      200      0      4.29931
31      1      256      0      1      3      200      0      4.16427
31      1      257      0      1      3      200      0      3.97445
31      1      258      0      1      3      200      0      3.68215
31      1      259      0      1      3      200      0      3.85426
31      1      260      0      1      3      200      0      3.87729
31      1      261      0      1      3      200      0      3.88544
31      1      262      0      1      3      200      0      3.55957
31      1      263      0      1      3      200      0      3.52223
31      1      264      0      1      3      200      0      3.83208
31      1      265      0      1      3      200      0      3.90519
31      1      266      0      1      3      200      0      3.85436
31      1      267      0      1      3      200      0      3.86047
31      1      268      0      1      3      200      0      3.73423
31      1      269      0      1      3      200      0      3.97848
31      1      270      0      1      3      200      0      3.51855
31      1      271      0      1      3      200      0      3.89838
31      1      272      0      1      3      200      0      3.72131
31      1      273      0      1      3      200      0      3.8027
31      1      274      0      1      3      200      0      3.76845
31      1      275      0      1      3      200      0      3.78506
31      1      276      0      1      3      200      0      3.868
31      1      277      0      1      3      200      0      3.90136
31      1      278      0      1      3      200      0      3.97843
31      1      279      0      1      3      200      0      3.8108
31      1      280      0      1      3      200      0      3.83474
31      1      281      0      1      3      200      0      3.55998
31      1      282      0      1      3      200      0      3.85731
31      1      283      0      1      3      200      0      4.28645
31      1      284      0      1      3      200      0      3.86434
31      1      285      0      1      3      200      0      4.34363
31      1      286      0      1      3      200      0      3.65415
31      1      287      0      1      3      200      0      3.94928
31      1      288      0      1      3      200      0      4.14773
31      1      289      0      1      3      200      0      3.9293
31      1      290      0      1      3      200      0      3.70313
31      1      291      0      1      3      200      0      3.76297
31      1      292      0      1      3      200      0      3.78873
31      1      293      0      1      3      200      0      4.04842
31      1      294      0      1      3      200      0      3.81292
31      1      295      0      1      3      200      0      3.76426
31      1      296      0      1      3      200      0      3.83137
31      1      297      0      1      3      200      0      3.84709
31      1      298      0      1      3      200      0      4.03861
31      1      299      0      1      3      200      0      3.89567
31      1      300      0      1      3      200      0      3.81215
31      1      301      0      1      3      200      0      3.91704
31      1      302      0      1      3      200      0      3.8103
31      1      303      0      1      3      200      0      3.81182
31      1      304      0      1      3      200      0      4.06867
31      1      305      0      1      3      200      0      3.87726
31      1      306      0      1      3      200      0      3.76557
31      1      307      0      1      3      200      0      3.57731
31      1      308      0      1      3      200      0      3.64589
31      1      309      0      1      3      200      0      3.91943
31      1      310      0      1      3      200      0      3.80153
31      1      311      0      1      3      200      0      3.69987
31      1      312      0      1      3      200      0      3.88437
31      1      313      0      1      3      200      0      3.67436
31      1      314      0      1      3      200      0      3.63121
31      1      315      0      1      3      200      0      4.15131
31      1      316      0      1      3      200      0      4.07533
31      1      317      0      1      3      200      0      4.09565
31      1      318      0      1      3      200      0      3.67619
31      1      319      0      1      3      200      0      4.27243
31      1      320      0      1      3      200      0      4.10355
31      1      321      0      1      3      200      0      3.52385
31      1      322      0      1      3      200      0      3.77552
31      1      323      0      1      3      200      0      3.92916
31      1      324      0      1      3      200      0      3.79288
31      1      325      0      1      3      200      0      3.65184
31      1      326      0      1      3      200      0      4.03047
31      1      327      0      1      3      200      0      3.78399
31      1      328      0      1      3      200      0      4.02003
31      1      329      0      1      3      200      0      3.88403
31      1      330      0      1      3      200      0      3.82486
31      1      331      0      1      3      200      0      4.01146
31      1      332      0      1      3      200      0      3.83265
31      1      333      0      1      3      200      0      4.06128
31      1      334      0      1      3      200      0      3.73677
31      1      335      0      1      3      200      0      3.7627
31      1      336      0      1      3      200      0      3.75941
31      1      337      0      1      3      200      0      3.56092
31      1      338      0      1      3      200      0      3.83358
31      1      339      0      1      3      200      0      3.90121
31      1      340      0      1      3      200      0      3.70366
31      1      341      0      1      3      200      0      3.71571
31      1      342      0      1      3      200      0      3.87899
31      1      343      0      1      3      200      0      3.78157
31      1      344      0      1      3      200      0      3.90731
31      1      345      0      1      3      200      0      3.94815
31      1      346      0      1      3      200      0      3.96553
31      1      347      0      1      3      200      0      3.92434
31      1      348      0      1      3      200      0      3.76737
31      1      349      0      1      3      200      0      3.87184
31      1      350      0      1      3      200      0      3.89023
31      1      351      0      1      3      200      0      4.37825
31      1      352      0      1      3      200      0      3.64306
31      1      353      0      1      3      200      0      3.77995
31      1      354      0      1      3      200      0      3.78834
31      1      355      0      1      3      200      0      3.72444
31      1      356      0      1      3      200      0      3.49004
31      1      357      0      1      3      200      0      3.75431
31      1      358      0      1      3      200      0      3.8822
31      1      359      0      1      3      200      0      3.87999
31      1      360      0      1      3      200      0      3.8776
31      1      361      0      1      3      200      0      3.76064
31      1      362      0      1      3      200      0      3.79411
31      1      363      0      1      3      200      0      3.79416
31      1      364      0      1      3      200      0      3.66205
31      1      365      0      1      3      200      0      3.66556
31      1      366      0      1      3      200      0      3.76701
31      1      367      0      1      3      200      0      3.72974
31      1      368      0      1      3      200      0      3.99114
31      1      369      0      1      3      200      0      3.71005
31      1      370      0      1      3      200      0      3.74512
31      1      371      0      1      3      200      0      3.81186
31      1      372      0      1      3      200      0      3.72888
31      1      373      0      1      3      200      0      3.76863
31      1      374      0      1      3      200      0      3.70519
31      1      375      0      1      3      200      0      3.53272
31      1      376      0      1      3      200      0      3.72698
31      1      377      0      1      3      200      0      3.81425
31      1      378      0      1      3      200      0      3.70116
31      1      379      0      1      3      200      0      3.99909
31      1      380      0      1      3      200      0      3.7653
31      1      381      0      1      3      200      0      3.60882
31      1      382      0      1      3      200      0      3.71321
31      1      383      0      1      3      200      0      3.77572
31      1      384      0      1      3      200      0      3.79271
31      1      385      0      1      3      200      0      3.92042
31      1      386      0      1      3      200      0      3.85405
31      1      387      0      1      3      200      0      3.89407
31      1      388      0      1      3      200      0      3.78993
31      1      389      0      1      3      200      0      3.54681
31      1      390      0      1      3      200      0      3.79502
31      1      391      0      1      3      200      0      3.88441
31      1      392      0      1      3      200      0      3.92821
31      1      393      0      1      3      200      0      3.76391
31      1      394      0      1      3      200      0      3.81399
31      1      395      0      1      3      200      0      3.94851
31      1      396      0      1      3      200      0      3.86021
31      1      397      0      1      3      200      0      3.7475
31      1      398      0      1      3      200      0      3.91714
31      1      399      0      1      3      200      0      3.81843
31      1      400      0      1      3      200      0      4.10612
31      1      401      0      1      3      200      0      3.89733
31      1      402      0      1      3      200      0      3.82682
31      1      403      0      1      3      200      0      3.71569
31      1      404      0      1      3      200      0      3.78203
31      1      405      0      1      3      200      0      3.92922
31      1      406      0      1      3      200      0      3.77473
31      1      407      0      1      3      200      0      3.69306
31      1      408      0      1      3      200      0      3.87376
31      1      409      0      1      3      200      0      3.85798
31      1      410      0      1      3      200      0      3.83034
31      1      411      0      1      3      200      0      3.7793
31      1      412      0      1      3      200      0      3.94638
31      1      413      0      1      3      200      0      3.7969
31      1      414      0      1      3      200      0      3.94219
31      1      415      0      1      3      200      0      4.1729
31      1      416      0      1      3      200      0      3.96363
31      1      417      0      1      3      200      0      3.76385
31      1      418      0      1      3      200      0      3.89869
31      1      419      0      1      3      200      0      3.77819
31      1      420      0      1      3      200      0      4.02893
31      1      421      0      1      3      200      0      3.87239
31      1      422      0      1      3      200      0      3.89392
31      1      423      0      1      3      200      0      3.8991
31      1      424      0      1      3      200      0      3.92135
31      1      425      0      1      3      200      0      3.95924
31      1      426      0      1      3      200      0      3.95224
31      1      427      0      1      3      200      0      4.05522
31      1      428      0      1      3      200      0      4.05248
31      1      429      0      1      3      200      0      4.08514
31      1      430      0      1      3      200      0      3.64236
31      1      431      0      1      3      200      0      3.89955
31      1      432      0      1      3      200      0      4.06989
31      1      433      0      1      3      200      0      3.86899
31      1      434      0      1      3      200      0      4.06269
31      1      435      0      1      3      200      0      3.90882
31      1      436      0      1      3      200      0      3.85796
31      1      437      0      1      3      200      0      3.7196
31      1      438      0      1      3      200      0      4.10976
31      1      439      0      1      3      200      0      3.84198
31      1      440      0      1      3      200      0      3.88304
31      1      441      0      1      3      200      0      3.80043
31      1      442      0      1      3      200      0      3.78688
31      1      443      0      1      3      200      0      3.56384
31      1      444      0      1      3      200      0      3.95952
31      1      445      0      1      3      200      0      3.72635
31      1      446      0      1      3      200      0      3.6914
31      1      447      0      1      3      200      0      3.94701
31      1      448      0      1      3      200      0      3.86314
31      1      449      0      1      3      200      0      3.63729
31      1      450      0      1      3      200      0      3.99474
31      1      451      0      1      3      200      0      3.93081
31      1      452      0      1      3      200      0      3.88427
31      1      453      0      1      3      200      0      3.57522
31      1      454      0      1      3      200      0      4.21711
31      1      455      0      1      3      200      0      3.63734
31      1      456      0      1      3      200      0      3.87503
31      1      457      0      1      3      200      0      3.73694
31      1      458      0      1      3      200      0      4.02088
31      1      459      0      1      3      200      0      3.90596
31      1      460      0      1      3      200      0      4.0522
31      1      461      0      1      3      200      0      3.74848
31      1      462      0      1      3      200      0      3.93334
31      1      463      0      1      3      200      0      3.68953
31      1      464      0      1      3      200      0      4.11807
31      1      465      0      1      3      200      0      3.75714
31      1      466      0      1      3      200      0      3.83156
31      1      467      0      1      3      200      0      3.7402
31      1      468      0      1      3      200      0      3.89605
31      1      469      0      1      3      200      0      3.86209
31      1      470      0      1      3      200      0      3.90047
31      1      471      0      1      3      200      0      3.76507
31      1      472      0      1      3      200      0      3.92018
31      1      473      0      1      3      200      0      3.96167
31      1      474      0      1      3      200      0      3.69395
31      1      475      0      1      3      200      0      3.59969
31      1      476      0      1      3      200      0      3.7862
31      1      477      0      1      3      200      0      3.6395
31      1      478      0      1      3      200      0      3.88743
31      1      479      0      1      3      200      0      3.96185
31      1      480      0      1      3      200      0      3.70036
31      1      481      0      1      3      200      0      3.5764
31      1      482      0      1      3      200      0      3.8369
31      1      483      0      1      3      200      0      3.9758
31      1      484      0      1      3      200      0      3.751
31      1      485      0      1      3      200      0      3.62496
31      1      486      0      1      3      200      0      3.78013
31      1      487      0      1      3      200      0      3.77262
31      1      488      0      1      3      200      0      3.58015
31      1      489      0      1      3      200      0      3.81695
31      1      490      0      1      3      200      0      3.66729
31      1      491      0      1      3      200      0      3.62081
31      1      492      0      1      3      200      0      3.63813
31      1      493      0      1      3      200      0      3.58015
31      1      494      0      1      3      200      0      3.6783
31      1      495      0      1      3      200      0      3.73598
31      1      496      0      1      3      200      0      3.84961
31      1      497      0      1      3      200      0      3.58496
31      1      498      0      1      3      200      0      3.72385
31      1      499      0      1      3      200      0      3.73122
31      1      500      0      1      3      200      0      3.44403
31      1      501      0      1      3      200      0      3.87333
31      1      502      0      1      3      200      0      3.63692
31      1      503      0      1      3      200      0      3.63243
31      1      504      0      1      3      200      0      3.67798
31      1      505      0      1      3      200      0      3.67473
31      1      506      0      1      3      200      0      3.87884
31      1      507      0      1      3      200      0      3.75628
31      1      508      0      1      3      200      0      3.6248
31      1      509      0      1      3      200      0      3.6783
31      1      510      0      1      3      200      0      3.65943
31      1      511      0      1      3      200      0      3.71405
31      1      512      0      1      3      200      0      3.68281
31      1      513      0      1      3      200      0      3.89229
31      1      514      0      1      3      200      0      3.53855
31      1      515      0      1      3      200      0      3.82098
31      1      516      0      1      3      200      0      3.58917
31      1      517      0      1      3      200      0      4.02771
31      1      518      0      1      3      200      0      3.84116
31      1      519      0      1      3      200      0      4.05553
31      1      520      0      1      3      200      0      3.94248
31      1      521      0      1      3      200      0      4.00969
31      1      522      0      1      3      200      0      3.94399
31      1      523      0      1      3      200      0      4.00812
31      1      524      0      1      3      200      0      3.94467
31      1      525      0      1      3      200      0      3.98988
31      1      526      0      1      3      200      0      3.81836
31      1      527      0      1      3      200      0      4.09544
31      1      528      0      1      3      200      0      3.86179
31      1      529      0      1      3      200      0      3.95692
31      1      530      0      1      3      200      0      3.87984
31      1      531      0      1      3      200      0      4.03828
31      1      532      0      1      3      200      0      3.83664
31      1      533      0      1      3      200      0      3.83745
31      1      534      0      1      3      200      0      3.8177
31      1      535      0      1      3      200      0      3.71335
31      1      536      0      1      3      200      0      3.86962
31      1      537      0      1      3      200      0      3.81529
31      1      538      0      1      3      200      0      3.73069
31      1      539      0      1      3      200      0      3.89677
31      1      540      0      1      3      200      0      3.5795
31      1      541      0      1      3      200      0      3.80477
31      1      542      0      1      3      200      0      3.96998
31      1      543      0      1      3      200      0      3.85267
31      1      544      0      1      3      200      0      3.81178
31      1      545      0      1      3      200      0      3.97681
31      1      546      0      1      3      200      0      4.04701
31      1      547      0      1      3      200      0      4.01621
31      1      548      0      1      3      200      0      3.95945
31      1      549      0      1      3      200      0      3.93375
31      1      550      0      1      3      200      0      3.88238
31      1      551      0      1      3      200      0      3.84631
31      1      552      0      1      3      200      0      3.78846
31      1      553      0      1      3      200      0      3.99416
31      1      554      0      1      3      200      0      3.80394
31      1      555      0      1      3      200      0      3.79058
31      1      556      0      1      3      200      0      3.72091
31      1      557      0      1      3      200      0      3.89586
31      1      558      0      1      3      200      0      3.8356
31      1      559      0      1      3      200      0      3.80709
31      1      560      0      1      3      200      0      3.77871
31      1      561      0      1      3      200      0      3.78858
31      1      562      0      1      3      200      0      3.87465
31      1      563      0      1      3      200      0      3.62555
31      1      564      0      1      3      200      0      3.59279
31      1      565      0      1      3      200      0      3.71014
31      1      566      0      1      3      200      0      3.52628
31      1      567      0      1      3      200      0      3.71444
31      1      568      0      1      3      200      0      3.58049
31      1      569      0      1      3      200      0      3.65878
31      1      570      0      1      3      200      0      3.50723
31      1      571      0      1      3      200      0      3.59142
31      1      572      0      1      3      200      0      3.79516
31      1      573      0      1      3      200      0      3.8405
31      1      574      0      1      3      200      0      3.7061
31      1      575      0      1      3      200      0      4.08244
31      1      576      0      1      3      200      0      3.74709
31      1      577      0      1      3      200      0      3.59552
31      1      578      0      1      3      200      0      3.74919
31      1      579      0      1      3      200      0      3.63841
31      1      580      0      1      3      200      0      3.93731
31      1      581      0      1      3      200      0      3.74665
31      1      582      0      1      3      200      0      3.897
31      1      583      0      1      3      200      0      3.67343
31      2      0      0      1      3      200      0      4.57
31      2      1      0      1      3      200      0      4.24779
31      2      2      0      1      3      200      0      4.23573
31      2      3      0      1      3      200      0      4.43824
31      2      4      0      1      3      200      0      4.42723
31      2      5      0      1      3      200      0      3.88478
31      2      6      0      1      3      200      0      3.91059
31      2      7      0      1      3      200      0      4.45929
31      2      8      0      1      3      200      0      3.96968
31      2      9      0      1      3      200      0      4.2
31      2      10      0      1      3      200      0      3.80442
31      2      11      0      1      3      200      0      4.18924
31      2      12      0      1      3      200      0      3.92988
31      2      13      0      1      3      200      0      3.90706
31      2      14      0      1      3      200      0      3.86095
31      2      15      0      1      3      200      0      4.2856
31      2      16      0      1      3      200      0      4.29888
31      2      17      0      1      3      200      0      4.19135
31      2      18      0      1      3      200      0      3.91871
31      2      19      0      1      3      200      0      3.855
31      2      20      0      1      3      200      0      3.87657
31      2      21      0      1      3      200      0      3.80763
31      2      22      0      1      3      200      0      4.06983
31      2      23      0      1      3      200      0      3.7946
31      2      24      0      1      3      200      0      4.09728
31      2      25      0      1      3      200      0      3.99242
31      2      26      0      1      3      200      0      3.95407
31      2      27      0      1      3      200      0      4.04464
31      2      28      0      1      3      200      0      4.1397
31      2      29      0      1      3      200      0      3.84246
31      2      30      0      1      3      200      0      3.95852
31      2      31      0      1      3      200      0      5.12093
31      2      32      0      1      3      200      0      4.03712
31      2      33      0      1      3      200      0      3.91619
31      2      34      0      1      3      200      0      4.24235
31      2      35      0      1      3      200      0      4.11949
31      2      36      0      1      3      200      0      4.24757
31      2      37      0      1      3      200      0      3.8113
31      2      38      0      1      3      200      0      3.57246
31      2      39      0      1      3      200      0      3.961
31      2      40      0      1      3      200      0      4.10119
31      2      41      0      1      3      200      0      3.93782
31      2      42      0      1      3      200      0      3.76417
31      2      43      0      1      3      200      0      3.79572
31      2      44      0      1      3      200      0      3.76084
31      2      45      0      1      3      200      0      3.85599
31      2      46      0      1      3      200      0      3.83775
31      2      47      0      1      3      200      0      3.83361
31      2      48      0      1      3      200      0      4.0565
31      2      49      0      1      3      200      0      3.7704
31      2      50      0      1      3      200      0      3.87185
31      2      51      0      1      3      200      0      3.42464
31      2      52      0      1      3      200      0      3.79693
31      2      53      0      1      3      200      0      3.63348
31      2      54      0      1      3      200      0      3.78305
31      2      55      0      1      3      200      0      3.88376
31      2      56      0      1      3      200      0      3.95615
31      2      57      0      1      3      200      0      3.90597
31      2      58      0      1      3      200      0      4.05811
31      2      59      0      1      3      200      0      4.05626
31      2      60      0      1      3      200      0      3.67865
31      2      61      0      1      3      200      0      3.69974
31      2      62      0      1      3      200      0      3.98052
31      2      63      0      1      3      200      0      4.73708
31      2      64      0      1      3      200      0      4.27857
31      2      65      0      1      3      200      0      4.13393
31      2      66      0      1      3      200      0      3.69311
31      2      67      0      1      3      200      0      3.44807
31      2      68      0      1      3      200      0      4.10093
31      2      69      0      1      3      200      0      4.08265
31      2      70      0      1      3      200      0      4.05629
31      2      71      0      1      3      200      0      3.7573
31      2      72      0      1      3      200      0      3.81367
31      2      73      0      1      3      200      0      3.99615
31      2      74      0      1      3      200      0      3.81849
31      2      75      0      1      3      200      0      3.72987
31      2      76      0      1      3      200      0      3.75678
31      2      77      0      1      3      200      0      3.8749
31      2      78      0      1      3      200      0      3.92754
31      2      79      0      1      3      200      0      4.36084
31      2      80      0      1      3      200      0      4.06051
31      2      81      0      1      3      200      0      4.19253
31      2      82      0      1      3      200      0      4.12604
31      2      83      0      1      3      200      0      4.01483
31      2      84      0      1      3      200      0      4.08214
31      2      85      0      1      3      200      0      3.61298
31      2      86      0      1      3      200      0      3.62266
31      2      87      0      1      3      200      0      3.71407
31      2      88      0      1      3      200      0      3.74712
31      2      89      0      1      3      200      0      3.85375
31      2      90      0      1      3      200      0      3.89824
31      2      91      0      1      3      200      0      3.99804
31      2      92      0      1      3      200      0      3.97554
31      2      93      0      1      3      200      0      3.76608
31      2      94      0      1      3      200      0      3.95132
31      2      95      0      1      3      200      0      4.72229
31      2      96      0      1      3      200      0      4.23788
31      2      97      0      1      3      200      0      3.69272
31      2      98      0      1      3      200      0      4.33188
31      2      99      0      1      3      200      0      4.02449
31      2      100      0      1      3      200      0      4.41473
31      2      101      0      1      3      200      0      3.8787
31      2      102      0      1      3      200      0      3.81505
31      2      103      0      1      3      200      0      3.976
31      2      104      0      1      3      200      0      3.88311
31      2      105      0      1      3      200      0      3.8793
31      2      106      0      1      3      200      0      4.24527
31      2      107      0      1      3      200      0      3.72755
31      2      108      0      1      3      200      0      4.22407
31      2      109      0      1      3      200      0      4.20073
31      2      110      0      1      3      200      0      3.96686
31      2      111      0      1      3      200      0      3.83799
31      2      112      0      1      3      200      0      3.97157
31      2      113      0      1      3      200      0      3.91986
31      2      114      0      1      3      200      0      4.23838
31      2      115      0      1      3      200      0      3.96083
31      2      116      0      1      3      200      0      3.83663
31      2      117      0      1      3      200      0      4.085
31      2      118      0      1      3      200      0      4.14169
31      2      119      0      1      3      200      0      4.00442
31      2      120      0      1      3      200      0      3.9915
31      2      121      0      1      3      200      0      3.90772
31      2      122      0      1      3      200      0      3.98719
31      2      123      0      1      3      200      0      3.93826
31      2      124      0      1      3      200      0      3.77001
31      2      125      0      1      3      200      0      3.78818
31      2      126      0      1      3      200      0      3.8941
31      2      127      0      1      3      200      0      4.42509
31      2      128      0      1      3      200      0      4.38879
31      2      129      0      1      3      200      0      4.03246
31      2      130      0      1      3      200      0      4.11136
31      2      131      0      1      3      200      0      3.94044
31      2      132      0      1      3      200      0      4.40975
31      2      133      0      1      3      200      0      3.97879
31      2      134      0      1      3      200      0      3.83141
31      2      135      0      1      3      200      0      3.91559
31      2      136      0      1      3      200      0      3.85071
31      2      137      0      1      3      200      0      3.79666
31      2      138      0      1      3      200      0      3.85835
31      2      139      0      1      3      200      0      3.88
31      2      140      0      1      3      200      0      3.74989
31      2      141      0      1      3      200      0      4.10897
31      2      142      0      1      3      200      0      3.77501
31      2      143      0      1      3      200      0      3.96918
31      2      144      0      1      3      200      0      4.29351
31      2      145      0      1      3      200      0      4.03012
31      2      146      0      1      3      200      0      4.13546
31      2      147      0      1      3      200      0      3.84899
31      2      148      0      1      3      200      0      4.0095
31      2      149      0      1      3      200      0      4.02423
31      2      150      0      1      3      200      0      4.12944
31      2      151      0      1      3      200      0      3.86475
31      2      152      0      1      3      200      0      3.96319
31      2      153      0      1      3      200      0      3.91764
31      2      154      0      1      3      200      0      3.92297
31      2      155      0      1      3      200      0      3.78085
31      2      156      0      1      3      200      0      4.11901
31      2      157      0      1      3      200      0      3.71059
31      2      158      0      1      3      200      0      5.78285
31      2      159      0      1      3      200      0      4.17483
31      2      160      0      1      3      200      0      4.80677
31      2      161      0      1      3      200      0      3.99013
31      2      162      0      1      3      200      0      4.1241
31      2      163      0      1      3      200      0      3.97341
31      2      164      0      1      3      200      0      4.2898
31      2      165      0      1      3      200      0      3.93765
31      2      166      0      1      3      200      0      3.90943
31      2      167      0      1      3      200      0      3.95633
31      2      168      0      1      3      200      0      3.79963
31      2      169      0      1      3      200      0      3.82275
31      2      170      0      1      3      200      0      3.98179
31      2      171      0      1      3      200      0      4.12833
31      2      172      0      1      3      200      0      3.84433
31      2      173      0      1      3      200      0      4.06449
31      2      174      0      1      3      200      0      4.10019
31      2      175      0      1      3      200      0      3.98557
31      2      176      0      1      3      200      0      3.91883
31      2      177      0      1      3      200      0      4.0955
31      2      178      0      1      3      200      0      3.80849
31      2      179      0      1      3      200      0      3.87613
31      2      180      0      1      3      200      0      3.88334
31      2      181      0      1      3      200      0      4.10123
31      2      182      0      1      3      200      0      4.00752
31      2      183      0      1      3      200      0      4.00128
31      2      184      0      1      3      200      0      4.05182
31      2      185      0      1      3      200      0      3.94854
31      2      186      0      1      3      200      0      3.7748
31      2      187      0      1      3      200      0      3.86224
31      2      188      0      1      3      200      0      3.9484
31      2      189      0      1      3      200      0      4.03652
31      2      190      0      1      3      200      0      4.0207
31      2      191      0      1      3      200      0      4.44733
31      2      192      0      1      3      200      0      3.96974
31      2      193      0      1      3      200      0      4.06005
31      2      194      0      1      3      200      0      4.16645
31      2      195      0      1      3      200      0      3.76138
31      2      196      0      1      3      200      0      4.36401
31      2      197      0      1      3      200      0      3.73388
31      2      198      0      1      3      200      0      4.28659
31      2      199      0      1      3      200      0      3.93006
31      2      200      0      1      3      200      0      4.01309
31      2      201      0      1      3      200      0      3.87707
31      2      202      0      1      3      200      0      3.79378
31      2      203      0      1      3      200      0      3.68261
31      2      204      0      1      3      200      0      3.84182
31      2      205      0      1      3      200      0      3.9635
31      2      206      0      1      3      200      0      3.75595
31      2      207      0      1      3      200      0      3.99165
31      2      208      0      1      3      200      0      3.78539
31      2      209      0      1      3      200      0      3.67292
31      2      210      0      1      3      200      0      3.65756
31      2      211      0      1      3      200      0      3.57007
31      2      212      0      1      3      200      0      3.69561
31      2      213      0      1      3      200      0      3.97017
31      2      214      0      1      3      200      0      3.76124
31      2      215      0      1      3      200      0      3.91755
31      2      216      0      1      3      200      0      3.8596
31      2      217      0      1      3      200      0      3.7748
31      2      218      0      1      3      200      0      4.06455
31      2      219      0      1      3      200      0      3.64823
31      2      220      0      1      3      200      0      3.61916
31      2      221      0      1      3      200      0      3.87173
31      2      222      0      1      3      200      0      3.87926
31      2      223      0      1      3      200      0      4.49912
31      2      224      0      1      3      200      0      4.45711
31      2      225      0      1      3      200      0      3.94935
31      2      226      0      1      3      200      0      4.12788
31      2      227      0      1      3      200      0      4.08144
31      2      228      0      1      3      200      0      4.34788
31      2      229      0      1      3      200      0      3.91618
31      2      230      0      1      3      200      0      3.88375
31      2      231      0      1      3      200      0      4.15565
31      2      232      0      1      3      200      0      3.77923
31      2      233      0      1      3      200      0      3.97003
31      2      234      0      1      3      200      0      3.88966
31      2      235      0      1      3      200      0      3.79078
31      2      236      0      1      3      200      0      3.66657
31      2      237      0      1      3      200      0      3.99949
31      2      238      0      1      3      200      0      3.71455
31      2      239      0      1      3      200      0      4.00854
31      2      240      0      1      3      200      0      3.79491
31      2      241      0      1      3      200      0      3.95082
31      2      242      0      1      3      200      0      4.16939
31      2      243      0      1      3      200      0      3.90192
31      2      244      0      1      3      200      0      4.00152
31      2      245      0      1      3      200      0      3.85273
31      2      246      0      1      3      200      0      3.85188
31      2      247      0      1      3      200      0      4.00849
31      2      248      0      1      3      200      0      4.19659
31      2      249      0      1      3      200      0      3.8115
31      2      250      0      1      3      200      0      3.96178
31      2      251      0      1      3      200      0      4.12831
31      2      252      0      1      3      200      0      3.75964
31      2      253      0      1      3      200      0      4.26165
31      2      254      0      1      3      200      0      3.95574
31      2      255      0      1      3      200      0      4.53831
31      2      256      0      1      3      200      0      4.24455
31      2      257      0      1      3      200      0      4.038
31      2      258      0      1      3      200      0      4.09758
31      2      259      0      1      3      200      0      3.92588
31      2      260      0      1      3      200      0      3.95331
31      2      261      0      1      3      200      0      3.91104
31      2      262      0      1      3      200      0      3.92132
31      2      263      0      1      3      200      0      4.01957
31      2      264      0      1      3      200      0      3.94136
31      2      265      0      1      3      200      0      4.12717
31      2      266      0      1      3      200      0      4.13572
31      2      267      0      1      3      200      0      4.00278
31      2      268      0      1      3      200      0      3.77445
31      2      269      0      1      3      200      0      4.06499
31      2      270      0      1      3      200      0      3.6674
31      2      271      0      1      3      200      0      3.96744
31      2      272      0      1      3      200      0      4.10482
31      2      273      0      1      3      200      0      4.0624
31      2      274      0      1      3      200      0      4.09129
31      2      275      0      1      3      200      0      3.98059
31      2      276      0      1      3      200      0      3.98565
31      2      277      0      1      3      200      0      3.8767
31      2      278      0      1      3      200      0      4.02348
31      2      279      0      1      3      200      0      3.80328
31      2      280      0      1      3      200      0      3.79755
31      2      281      0      1      3      200      0      3.80817
31      2      282      0      1      3      200      0      3.92229
31      2      283      0      1      3      200      0      4.13316
31      2      284      0      1      3      200      0      3.96297
31      2      285      0      1      3      200      0      3.68531
31      2      286      0      1      3      200      0      4.0094
31      2      287      0      1      3      200      0      4.50514
31      2      288      0      1      3      200      0      4.36272
31      2      289      0      1      3      200      0      4.07558
31      2      290      0      1      3      200      0      4.01018
31      2      291      0      1      3      200      0      3.7078
31      2      292      0      1      3      200      0      3.85766
31      2      293      0      1      3      200      0      4.04062
31      2      294      0      1      3      200      0      3.89848
31      2      295      0      1      3      200      0      4.13824
31      2      296      0      1      3      200      0      4.00136
31      2      297      0      1      3      200      0      4.02304
31      2      298      0      1      3      200      0      3.87146
31      2      299      0      1      3      200      0      3.91023
31      2      300      0      1      3      200      0      3.93237
31      2      301      0      1      3      200      0      4.077
31      2      302      0      1      3      200      0      3.87323
31      2      303      0      1      3      200      0      3.85984
31      2      304      0      1      3      200      0      4.18674
31      2      305      0      1      3      200      0      4.20167
31      2      306      0      1      3      200      0      3.88564
31      2      307      0      1      3      200      0      4.04969
31      2      308      0      1      3      200      0      4.01664
31      2      309      0      1      3      200      0      3.73218
31      2      310      0      1      3      200      0      4.10614
31      2      311      0      1      3      200      0      3.57935
31      2      312      0      1      3      200      0      3.92152
31      2      313      0      1      3      200      0      3.9336
31      2      314      0      1      3      200      0      4.11801
31      2      315      0      1      3      200      0      3.95905
31      2      316      0      1      3      200      0      4.17055
31      2      317      0      1      3      200      0      3.89598
31      2      318      0      1      3      200      0      3.89506
31      2      319      0      1      3      200      0      4.41629
31      2      320      0      1      3      200      0      4.4468
31      2      321      0      1      3      200      0      3.82723
31      2      322      0      1      3      200      0      4.06049
31      2      323      0      1      3      200      0      4.12377
31      2      324      0      1      3      200      0      4.16496
31      2      325      0      1      3      200      0      3.86054
31      2      326      0      1      3      200      0      3.79157
31      2      327      0      1      3      200      0      3.67984
31      2      328      0      1      3      200      0      3.60529
31      2      329      0      1      3      200      0      3.9203
31      2      330      0      1      3      200      0      4.16661
31      2      331      0      1      3      200      0      4.13393
31      2      332      0      1      3      200      0      4.08697
31      2      333      0      1      3      200      0      3.81675
31      2      334      0      1      3      200      0      4.12929
31      2      335      0      1      3      200      0      3.65613
31      2      336      0      1      3      200      0      3.84361
31      2      337      0      1      3      200      0      4.11698
31      2      338      0      1      3      200      0      4.09672
31      2      339      0      1      3      200      0      3.94168
31      2      340      0      1      3      200      0      4.19185
31      2      341      0      1      3      200      0      3.87742
31      2      342      0      1      3      200      0      3.95482
31      2      343      0      1      3      200      0      4.2799
31      2      344      0      1      3      200      0      3.79044
31      2      345      0      1      3      200      0      4.07177
31      2      346      0      1      3      200      0      4.30912
31      2      347      0      1      3      200      0      4.0721
31      2      348      0      1      3      200      0      4.15739
31      2      349      0      1      3      200      0      3.96306
31      2      350      0      1      3      200      0      4.06877
31      2      351      0      1      3      200      0      4.57222
31      2      352      0      1      3      200      0      4.43615
31      2      353      0      1      3      200      0      4.03046
31      2      354      0      1      3      200      0      4.27817
31      2      355      0      1      3      200      0      3.9493
31      2      356      0      1      3      200      0      4.3466
31      2      357      0      1      3      200      0      4.01262
31      2      358      0      1      3      200      0      4.03152
31      2      359      0      1      3      200      0      4.46754
31      2      360      0      1      3      200      0      3.73279
31      2      361      0      1      3      200      0      3.93886
31      2      362      0      1      3      200      0      4.00018
31      2      363      0      1      3      200      0      3.505
31      2      364      0      1      3      200      0      3.90942
31      2      365      0      1      3      200      0      3.91283
31      2      366      0      1      3      200      0      3.93006
31      2      367      0      1      3      200      0      3.73337
31      2      368      0      1      3      200      0      4.08106
31      2      369      0      1      3      200      0      3.7612
31      2      370      0      1      3      200      0      3.76859
31      2      371      0      1      3      200      0      3.97456
31      2      372      0      1      3      200      0      4.08107
31      2      373      0      1      3      200      0      4.18959
31      2      374      0      1      3      200      0      4.31922
31      2      375      0      1      3      200      0      3.71813
31      2      376      0      1      3      200      0      4.026
31      2      377      0      1      3      200      0      3.9256
31      2      378      0      1      3      200      0      4.06393
31      2      379      0      1      3      200      0      3.86393
31      2      380      0      1      3      200      0      4.04015
31      2      381      0      1      3      200      0      4.20262
31      2      382      0      1      3      200      0      4.30189
31      2      383      0      1      3      200      0      4.39641
31      2      384      0      1      3      200      0      4.35188
31      2      385      0      1      3      200      0      4.05148
31      2      386      0      1      3      200      0      4.60965
31      2      387      0      1      3      200      0      3.92695
31      2      388      0      1      3      200      0      4.52473
31      2      389      0      1      3      200      0      4.10792
31      2      390      0      1      3      200      0      3.91958
31      2      391      0      1      3      200      0      3.95772
31      2      392      0      1      3      200      0      4.13573
31      2      393      0      1      3      200      0      3.84699
31      2      394      0      1      3      200      0      3.92222
31      2      395      0      1      3      200      0      4.05726
31      2      396      0      1      3      200      0      3.76117
31      2      397      0      1      3      200      0      4.2866
31      2      398      0      1      3      200      0      4.10623
31      2      399      0      1      3      200      0      3.99269
31      2      400      0      1      3      200      0      4.15198
31      2      401      0      1      3      200      0      4.23776
31      2      402      0      1      3      200      0      4.22602
31      2      403      0      1      3      200      0      3.93694
31      2      404      0      1      3      200      0      3.94798
31      2      405      0      1      3      200      0      3.84236
31      2      406      0      1      3      200      0      3.95272
31      2      407      0      1      3      200      0      3.84859
31      2      408      0      1      3      200      0      4.05387
31      2      409      0      1      3      200      0      3.98376
31      2      410      0      1      3      200      0      3.99733
31      2      411      0      1      3      200      0      4.01376
31      2      412      0      1      3      200      0      4.21891
31      2      413      0      1      3      200      0      3.92426
31      2      414      0      1      3      200      0      4.1611
31      2      415      0      1      3      200      0      4.69901
31      2      416      0      1      3      200      0      4.46639
31      2      417      0      1      3      200      0      4.15737
31      2      418      0      1      3      200      0      4.28265
31      2      419      0      1      3      200      0      4.15508
31      2      420      0      1      3      200      0      4.39052
31      2      421      0      1      3      200      0      4.02333
31      2      422      0      1      3      200      0      4.3329
31      2      423      0      1      3      200      0      4.57731
31      2      424      0      1      3      200      0      3.96679
31      2      425      0      1      3      200      0      4.19165
31      2      426      0      1      3      200      0      4.08321
31      2      427      0      1      3      200      0      4.19178
31      2      428      0      1      3      200      0      3.87138
31      2      429      0      1      3      200      0      4.35739
31      2      430      0      1      3      200      0      3.95695
31      2      431      0      1      3      200      0      3.95499
31      2      432      0      1      3      200      0      4.18448
31      2      433      0      1      3      200      0      4.11872
31      2      434      0      1      3      200      0      4.33023
31      2      435      0      1      3      200      0      3.89279
31      2      436      0      1      3      200      0      4.49129
31      2      437      0      1      3      200      0      4.14608
31      2      438      0      1      3      200      0      4.28084
31      2      439      0      1      3      200      0      3.7864
31      2      440      0      1      3      200      0      4.29865
31      2      441      0      1      3      200      0      3.81406
31      2      442      0      1      3      200      0      4.1163
31      2      443      0      1      3      200      0      3.57845
31      2      444      0      1      3      200      0      4.04933
31      2      445      0      1      3      200      0      3.88838
31      2      446      0      1      3      200      0      4.0479
31      2      447      0      1      3      200      0      4.4349
31      2      448      0      1      3      200      0      4.41597
31      2      449      0      1      3      200      0      4.1134
31      2      450      0      1      3      200      0      4.35713
31      2      451      0      1      3      200      0      3.94967
31      2      452      0      1      3      200      0      4.33778
31      2      453      0      1      3      200      0      3.99835
31      2      454      0      1      3      200      0      3.97891
31      2      455      0      1      3      200      0      3.98599
31      2      456      0      1      3      200      0      3.77674
31      2      457      0      1      3      200      0      4.18321
31      2      458      0      1      3      200      0      3.88173
31      2      459      0      1      3      200      0      4.07959
31      2      460      0      1      3      200      0      4.00512
31      2      461      0      1      3      200      0      4.07416
31      2      462      0      1      3      0      0      53.625
31      2      463      0      1      3      200      0      4.10546
31      2      464      0      1      3      200      0      4.20919
31      2      465      0      1      3      200      0      4.06466
31      2      466      0      1      3      200      0      4.07998
31      2      467      0      1      3      200      0      3.73351
31      2      468      0      1      3      200      0      4.24977
31      2      469      0      1      3      200      0      3.81413
31      2      470      0      1      3      200      0      3.96203
31      2      471      0      1      3      200      0      3.70509
31      3      0      0      1      3      200      0      4.43748
31      3      1      0      1      3      200      0      3.77581
31      3      2      0      1      3      200      0      3.989
31      3      3      0      1      3      200      0      3.91027
31      3      4      0      1      3      200      0      3.82161
31      3      5      0      1      3      200      0      3.78413
31      3      6      0      1      3      200      0      3.83441
31      3      7      0      1      3      200      0      3.83101
31      3      8      0      1      3      200      0      3.87571
31      3      9      0      1      3      200      0      3.89834
31      3      10      0      1      3      200      0      3.79302
31      3      11      0      1      3      200      0      3.97217
31      3      12      0      1      3      200      0      3.76372
31      3      13      0      1      3      200      0      3.82877
31      3      14      0      1      3      200      0      3.77846
31      3      15      0      1      3      200      0      4.00449
31      3      16      0      1      3      200      0      3.96266
31      3      17      0      1      3      200      0      3.82879
31      3      18      0      1      3      200      0      3.91932
31      3      19      0      1      3      200      0      3.88878
31      3      20      0      1      3      200      0      3.75497
31      3      21      0      1      3      200      0      4.00236
31      3      22      0      1      3      200      0      3.62113
31      3      23      0      1      3      200      0      4.05121
31      3      24      0      1      3      200      0      3.93925
31      3      25      0      1      3      200      0      3.77809
31      3      26      0      1      3      200      0      3.68159
31      3      27      0      1      3      200      0      4.31223
31      3      28      0      1      3      200      0      4.01354
31      3      29      0      1      3      200      0      4.05614
31      3      30      0      1      3      200      0      3.71388
31      3      31      0      1      3      200      0      3.85205
31      3      32      0      1      3      200      0      4.19166
31      3      33      0      1      3      200      0      3.95871
31      3      34      0      1      3      200      0      4.11015
31      3      35      0      1      3      200      0      3.75194
31      3      36      0      1      3      200      0      3.74031
31      3      37      0      1      3      200      0      3.62443
31      3      38      0      1      3      200      0      4.01405
31      3      39      0      1      3      200      0      4.01752
31      3      40      0      1      3      200      0      3.73523
31      3      41      0      1      3      200      0      3.88153
31      3      42      0      1      3      200      0      3.92683
31      3      43      0      1      3      200      0      3.78045
31      3      44      0      1      3      200      0      3.90085
31      3      45      0      1      3      200      0      3.87305
31      3      46      0      1      3      200      0      3.719
31      3      47      0      1      3      200      0      3.79025
31      3      48      0      1      3      200      0      3.88669
31      3      49      0      1      3      200      0      3.94992
31      3      50      0      1      3      200      0      4.04792
31      3      51      0      1      3      200      0      3.83495
31      3      52      0      1      3      200      0      3.85914
31      3      53      0      1      3      200      0      3.7595
31      3      54      0      1      3      200      0      3.78664
31      3      55      0      1      3      200      0      3.60584
31      3      56      0      1      3      200      0      3.91304
31      3      57      0      1      3      200      0      3.9903
31      3      58      0      1      3      200      0      4.14758
31      3      59      0      1      3      200      0      4.05221
31      3      60      0      1      3      200      0      3.77821
31      3      61      0      1      3      200      0      4.03651
31      3      62      0      1      3      200      0      3.96117
31      3      63      0      1      3      200      0      4.27832
31      3      64      0      1      3      0      0      0
31      3      65      0      1      3      200      0      3.91705
31      3      66      0      1      3      200      0      3.87781
31      3      67      0      1      3      200      0      4.00187
31      3      68      0      1      3      200      0      3.83804
31      3      69      0      1      3      200      0      3.96986
31      3      70      0      1      3      200      0      3.63481
31      3      71      0      1      3      200      0      4.04116
31      3      72      0      1      3      200      0      3.78732
31      3      73      0      1      3      200      0      3.938
31      3      74      0      1      3      200      0      3.82551
31      3      75      0      1      3      200      0      4.0839
31      3      76      0      1      3      200      0      3.70783
31      3      77      0      1      3      200      0      4.05535
31      3      78      0      1      3      200      0      3.91113
31      3      79      0      1      3      200      0      3.763
31      3      80      0      1      3      200      0      3.9375
31      3      81      0      1      3      200      0      4.02718
31      3      82      0      1      3      200      0      4.32166
31      3      83      0      1      3      200      0      3.43161
31      3      84      0      1      3      200      0      3.88155
31      3      85      0      1      3      200      0      3.92453
31      3      86      0      1      3      200      0      3.94571
31      3      87      0      1      3      200      0      3.66183
31      3      88      0      1      3      200      0      3.91888
31      3      89      0      1      3      200      0      3.95528
31      3      90      0      1      3      200      0      3.93736
31      3      91      0      1      3      200      0      4.15107
31      3      92      0      1      3      200      0      3.85828
31      3      93      0      1      3      200      0      4.31258
31      3      94      0      1      3      200      0      4.02668
31      3      95      0      1      3      200      0      4.4328
31      3      96      0      1      3      200      0      4.24382
31      3      97      0      1      3      200      0      3.74409
31      3      98      0      1      3      200      0      3.74732
31      3      99      0      1      3      200      0      3.85217
31      3      100      0      1      3      200      0      3.72037
31      3      101      0      1      3      200      0      3.7384
31      3      102      0      1      3      200      0      3.85972
31      3      103      0      1      3      200      0      4.09977
31      3      104      0      1      3      200      0      4.13175
31      3      105      0      1      3      200      0      3.94173
31      3      106      0      1      3      200      0      3.9576
31      3      107      0      1      3      200      0      3.8834
31      3      108      0      1      3      200      0      3.9643
31      3      109      0      1      3      200      0      3.79623
31      3      110      0      1      3      200      0      3.86654
31      3      111      0      1      3      200      0      3.8305
31      3      112      0      1      3      200      0      3.71344
31      3      113      0      1      3      200      0      4.17394
31      3      114      0      1      3      200      0      3.81242
31      3      115      0      1      3      200      0      3.87956
31      3      116      0      1      3      200      0      3.99822
31      3      117      0      1      3      200      0      3.81616
31      3      118      0      1      3      200      0      3.68343
31      3      119      0      1      3      200      0      3.91508
31      3      120      0      1      3      200      0      3.79253
31      3      121      0      1      3      200      0      3.7002
31      3      122      0      1      3      200      0      3.72382
31      3      123      0      1      3      200      0      4.07299
31      3      124      0      1      3      200      0      3.57788
31      3      125      0      1      3      200      0      4.08775
31      3      126      0      1      3      200      0      3.95548
31      3      127      0      1      3      200      0      4.0032
31      3      128      0      1      3      200      0      4.31964
31      3      129      0      1      3      200      0      3.71547
31      3      130      0      1      3      200      0      3.63028
31      3      131      0      1      3      200      0      3.9532
31      3      132      0      1      3      200      0      3.70818
31      3      133      0      1      3      200      0      4.07389
31      3      134      0      1      3      200      0      3.90317
31      3      135      0      1      3      200      0      4.05595
31      3      136      0      1      3      200      0      3.94672
31      3      137      0      1      3      200      0      4.07038
31      3      138      0      1      3      200      0      3.92387
31      3      139      0      1      3      200      0      3.84999
31      3      140      0      1      3      200      0      3.60075
31      3      141      0      1      3      200      0      3.84923
31      3      142      0      1      3      200      0      3.90347
31      3      143      0      1      3      200      0      3.90872
31      3      144      0      1      3      200      0      3.78406
31      3      145      0      1      3      200      0      3.8187
31      3      146      0      1      3      200      0      3.82526
31      3      147      0      1      3      200      0      3.83511
31      3      148      0      1      3      200      0      3.8518
31      3      149      0      1      3      200      0      3.88948
31      3      150      0      1      3      200      0      3.73977
31      3      151      0      1      3      200      0      3.89298
31      3      152      0      1      3      200      0      4.01339
31      3      153      0      1      3      200      0      3.89674
31      3      154      0      1      3      200      0      3.77016
31      3      155      0      1      3      200      0      4.1247
31      3      156      0      1      3      200      0      3.87548
31      3      157      0      1      3      200      0      4.20381
31      3      158      0      1      3      200      0      3.78733
31      3      159      0      1      3      200      0      4.33325
31      3      160      0      1      3      200      0      4.21899
31      3      161      0      1      3      200      0      3.79198
31      3      162      0      1      3      200      0      3.80924
31      3      163      0      1      3      200      0      3.94899
31      3      164      0      1      3      200      0      3.88025
31      3      165      0      1      3      200      0      3.95401
31      3      166      0      1      3      200      0      3.71396
31      3      167      0      1      3      200      0      3.88141
31      3      168      0      1      3      200      0      3.86567
31      3      169      0      1      3      200      0      3.96565
31      3      170      0      1      3      200      0      3.8298
31      3      171      0      1      3      200      0      4.00277
31      3      172      0      1      3      200      0      4.03922
31      3      173      0      1      3      200      0      3.84177
31      3      174      0      1      3      200      0      3.87679
31      3      175      0      1      3      200      0      3.79658
31      3      176      0      1      3      200      0      3.89857
31      3      177      0      1      3      200      0      3.63294
31      3      178      0      1      3      200      0      3.84774
31      3      179      0      1      3      200      0      3.94217
31      3      180      0      1      3      200      0      3.95351
31      3      181      0      1      3      200      0      3.78791
31      3      182      0      1      3      200      0      3.86045
31      3      183      0      1      3      200      0      3.69624
31      3      184      0      1      3      200      0      4.04919
31      3      185      0      1      3      200      0      3.79343
31      3      186      0      1      3      200      0      3.93053
31      3      187      0      1      3      200      0      4.03127
31      3      188      0      1      3      200      0      3.93372
31      3      189      0      1      3      200      0      4.48147
31      3      190      0      1      3      200      0      3.87754
31      3      191      0      1      3      200      0      3.97478
31      3      192      0      1      3      200      0      4.28057
31      3      193      0      1      3      200      0      3.7154
31      3      194      0      1      3      200      0      4.04574
31      3      195      0      1      3      200      0      3.71782
31      3      196      0      1      3      200      0      4.13363
31      3      197      0      1      3      200      0      3.81375
31      3      198      0      1      3      200      0      4.12415
31      3      199      0      1      3      200      0      4.00491
31      3      200      0      1      3      200      0      3.93461
31      3      201      0      1      3      200      0      4.00588
31      3      202      0      1      3      200      0      3.8992
31      3      203      0      1      3      200      0      3.92599
31      3      204      0      1      3      200      0      3.78989
31      3      205      0      1      3      200      0      3.72667
31      3      206      0      1      3      200      0      3.80234
31      3      207      0      1      3      200      0      3.76195
31      3      208      0      1      3      200      0      3.96179
31      3      209      0      1      3      200      0      3.94569
31      3      210      0      1      3      200      0      3.77641
31      3      211      0      1      3      200      0      3.75644
31      3      212      0      1      3      200      0      3.81377
31      3      213      0      1      3      200      0      3.79286
31      3      214      0      1      3      200      0      3.97827
31      3      215      0      1      3      200      0      3.95023
31      3      216      0      1      3      200      0      3.99616
31      3      217      0      1      3      200      0      3.7498
31      3      218      0      1      3      200      0      3.85716
31      3      219      0      1      3      200      0      3.84672
31      3      220      0      1      3      200      0      3.91572
31      3      221      0      1      3      200      0      3.6894
31      3      222      0      1      3      200      0      3.83817
31      3      223      0      1      3      200      0      4.29349
31      3      224      0      1      3      200      0      3.91036
31      3      225      0      1      3      200      0      3.75763
31      3      226      0      1      3      200      0      3.76015
31      3      227      0      1      3      200      0      3.6519
31      3      228      0      1      3      200      0      3.71472
31      3      229      0      1      3      200      0      3.67252
31      3      230      0      1      3      200      0      3.90377
31      3      231      0      1      3      200      0      3.82929
31      3      232      0      1      3      200      0      3.62148
31      3      233      0      1      3      200      0      3.85843
31      3      234      0      1      3      200      0      3.80614
31      3      235      0      1      3      200      0      3.91502
31      3      236      0      1      3      200      0      3.71676
31      3      237      0      1      3      200      0      3.72299
31      3      238      0      1      3      200      0      3.80312
31      3      239      0      1      3      200      0      3.67289
31      3      240      0      1      3      200      0      3.68988
31      3      241      0      1      3      200      0      3.80104
31      3      242      0      1      3      200      0      3.95597
31      3      243      0      1      3      200      0      3.9526
31      3      244      0      1      3      200      0      3.83165
31      3      245      0      1      3      200      0      3.69051
31      3      246      0      1      3      200      0      3.85552
31      3      247      0      1      3      200      0      3.76217
31      3      248      0      1      3      200      0      3.94012
31      3      249      0      1      3      200      0      3.70495
31      3      250      0      1      3      200      0      3.83932
31      3      251      0      1      3      200      0      4.11533
31      3      252      0      1      3      200      0      3.84329
31      3      253      0      1      3      200      0      4.06339
31      3      254      0      1      3      200      0      3.68914
31      3      255      0      1      3      200      0      4.12262
31      3      256      0      1      3      200      0      3.98333
31      3      257      0      1      3      200      0      3.50637
31      3      258      0      1      3      200      0      3.86342
31      3      259      0      1      3      200      0      3.79198
31      3      260      0      1      3      200      0      3.87855
31      3      261      0      1      3      200      0      3.68
31      3      262      0      1      3      200      0      3.62288
31      3      263      0      1      3      200      0      3.74438
31      3      264      0      1      3      200      0      3.72652
31      3      265      0      1      3      200      0      3.97396
31      3      266      0      1      3      200      0      3.75329
31      3      267      0      1      3      200      0      3.95278
31      3      268      0      1      3      200      0      3.69911
31      3      269      0      1      3      200      0      3.72551
31      3      270      0      1      3      200      0      3.79235
31      3      271      0      1      3      200      0      3.92334
31      3      272      0      1      3      200      0      3.96053
31      3      273      0      1      3      200      0      3.7722
31      3      274      0      1      3      200      0      3.92477
31      3      275      0      1      3      200      0      3.69405
31      3      276      0      1      3      200      0      3.70956
31      3      277      0      1      3      200      0      3.62976
31      3      278      0      1      3      200      0      3.81803
31      3      279      0      1      3      200      0      3.43916
31      3      280      0      1      3      200      0      3.94389
31      3      281      0      1      3      200      0      3.81951
31      3      282      0      1      3      200      0      3.71698
31      3      283      0      1      3      200      0      4.06823
31      3      284      0      1      3      200      0      3.76274
31      3      285      0      1      3      200      0      4.07698
31      3      286      0      1      3      200      0      3.77762
31      3      287      0      1      3      200      0      4.10382
31      3      288      0      1      3      200      0      4.2999
31      3      289      0      1      3      200      0      3.79224
31      3      290      0      1      3      200      0      3.61344
31      3      291      0      1      3      200      0      3.71428
31      3      292      0      1      3      200      0      3.69278
31      3      293      0      1      3      200      0      3.90956
31      3      294      0      1      3      200      0      3.93687
31      3      295      0      1      3      200      0      3.95068
31      3      296      0      1      3      200      0      3.75277
31      3      297      0      1      3      200      0      3.78689
31      3      298      0      1      3      200      0      3.76766
31      3      299      0      1      3      200      0      3.92232
31      3      300      0      1      3      200      0      3.61079
31      3      301      0      1      3      200      0      3.86272
31      3      302      0      1      3      200      0      3.91303
31      3      303      0      1      3      200      0      3.84929
31      3      304      0      1      3      200      0      3.83003
31      3      305      0      1      3      200      0      3.65664
31      3      306      0      1      3      200      0      3.87557
31      3      307      0      1      3      200      0      3.68571
31      3      308      0      1      3      200      0      3.83823
31      3      309      0      1      3      200      0      3.58414
31      3      310      0      1      3      200      0      3.94053
31      3      311      0      1      3      200      0      3.60039
31      3      312      0      1      3      200      0      3.8274
31      3      313      0      1      3      200      0      3.83839
31      3      314      0      1      3      200      0      3.63153
31      3      315      0      1      3      200      0      4.0311
31      3      316      0      1      3      200      0      3.87484
31      3      317      0      1      3      200      0      3.90924
31      3      318      0      1      3      200      0      3.78662
31      3      319      0      1      3      200      0      4.20329
31      3      320      0      1      3      200      0      4.30576
31      3      321      0      1      3      200      0      3.70424
31      3      322      0      1      3      200      0      3.95452
31      3      323      0      1      3      200      0      4.0223
31      3      324      0      1      3      200      0      3.76054
31      3      325      0      1      3      200      0      3.64219
31      3      326      0      1      3      200      0      3.87653
31      3      327      0      1      3      200      0      3.84309
31      3      328      0      1      3      200      0      3.66746
31      3      329      0      1      3      200      0      3.76697
31      3      330      0      1      3      200      0      3.84836
31      3      331      0      1      3      200      0      3.70049
31      3      332      0      1      3      200      0      4.03984
31      3      333      0      1      3      200      0      3.78068
31      3      334      0      1      3      200      0      3.5396
31      3      335      0      1      3      200      0      3.61338
31      3      336      0      1      3      200      0      3.81532
31      3      337      0      1      3      200      0      3.89117
31      3      338      0      1      3      200      0      3.95542
31      3      339      0      1      3      200      0      3.49677
31      3      340      0      1      3      200      0      4.08531
31      3      341      0      1      3      200      0      3.68938
31      3      342      0      1      3      200      0      3.79745
31      3      343      0      1      3      200      0      3.58919
31      3      344      0      1      3      200      0      3.74529
31      3      345      0      1      3      200      0      3.79649
31      3      346      0      1      3      200      0      3.8147
31      3      347      0      1      3      200      0      4.15507
31      3      348      0      1      3      200      0      3.72279
31      3      349      0      1      3      200      0      4.16423
31      3      350      0      1      3      200      0      3.81786
31      3      351      0      1      3      200      0      4.51195
31      3      352      0      1      3      200      0      4.23981
31      3      353      0      1      3      200      0      3.91423
31      3      354      0      1      3      200      0      3.73203
31      3      355      0      1      3      200      0      3.8514
31      3      356      0      1      3      200      0      4.00143
31      3      357      0      1      3      200      0      3.97049
31      3      358      0      1      3      200      0      3.61924
31      3      359      0      1      3      200      0      3.75131
31      3      360      0      1      3      200      0      3.60986
31      3      361      0      1      3      200      0      3.86979
31      3      362      0      1      3      200      0      3.83291
31      3      363      0      1      3      200      0      3.79877
31      3      364      0      1      3      200      0      3.91967
31      3      365      0      1      3      200      0      3.63586
31      3      366      0      1      3      200      0      3.65863
31      3      367      0      1      3      200      0      3.57168
31      3      368      0      1      3      200      0      3.85368
31      3      369      0      1      3      200      0      3.63627
31      3      370      0      1      3      200      0      3.78693
31      3      371      0      1      3      200      0      3.86689
31      3      372      0      1      3      200      0      3.6784
31      3      373      0      1      3      200      0      3.99905
31      3      374      0      1      3      200      0      3.62379
31      3      375      0      1      3      200      0      3.81198
31      3      376      0      1      3      200      0      3.7136
31      3      377      0      1      3      200      0      3.78348
31      3      378      0      1      3      200      0      3.91205
31      3      379      0      1      3      200      0      4.13754
31      3      380      0      1      3      200      0      3.88747
31      3      381      0      1      3      200      0      4.05401
31      3      382      0      1      3      200      0      3.97554
31      3      383      0      1      3      200      0      4.04561
31      3      384      0      1      3      0      0      0
31      3      385      0      1      3      200      0      3.73585
31      3      386      0      1      3      0      0      0
31      3      387      0      1      3      200      0      3.72157
31      3      388      0      1      3      200      0      -0.75212
31      3      389      0      1      3      200      0      3.80242
31      3      390      0      1      3      200      0      3.89783
31      3      391      0      1      3      200      0      3.77524
31      3      392      0      1      3      200      0      3.80569
31      3      393      0      1      3      200      0      3.66845
31      3      394      0      1      3      200      0      3.83255
31      3      395      0      1      3      200      0      3.8863
31      3      396      0      1      3      200      0      3.72406
31      3      397      0      1      3      200      0      3.87408
31      3      398      0      1      3      200      0      3.88339
31      3      399      0      1      3      200      0      3.48631
31      3      400      0      1      3      200      0      3.52859
31      3      401      0      1      3      200      0      3.79803
31      3      402      0      1      3      200      0      3.67689
31      3      403      0      1      3      200      0      3.61881
31      3      404      0      1      3      200      0      3.80796
31      3      405      0      1      3      200      0      3.76948
31      3      406      0      1      3      200      0      3.79265
31      3      407      0      1      3      200      0      3.6588
31      3      408      0      1      3      200      0      3.61753
31      3      409      0      1      3      200      0      3.6701
31      3      410      0      1      3      200      0      3.54641
31      3      411      0      1      3      200      0      3.84582
31      3      412      0      1      3      200      0      3.81628
31      3      413      0      1      3      200      0      3.50041
31      3      414      0      1      3      200      0      3.8569
31      3      415      0      1      3      200      0      3.9348
31      3      416      0      1      3      200      0      4.23048
31      3      417      0      1      3      200      0      3.59611
31      3      418      0      1      3      200      0      3.93462
31      3      419      0      1      3      200      0      3.89913
31      3      420      0      1      3      200      0      3.76784
31      3      421      0      1      3      200      0      3.6743
31      3      422      0      1      3      200      0      3.88389
31      3      423      0      1      3      200      0      3.7585
31      3      424      0      1      3      200      0      3.82885
31      3      425      0      1      3      200      0      3.93951
31      3      426      0      1      3      200      0      3.77879
31      3      427      0      1      3      200      0      3.95944
31      3      428      0      1      3      200      0      3.63883
31      3      429      0      1      3      200      0      3.98432
31      3      430      0      1      3      200      0      3.92266
31      3      431      0      1      3      200      0      3.62738
31      3      432      0      1      3      200      0      3.79868
31      3      433      0      1      3      200      0      4.04626
31      3      434      0      1      3      200      0      3.70849
31      3      435      0      1      3      200      0      3.59973
31      3      436      0      1      3      200      0      3.65656
31      3      437      0      1      3      200      0      3.84796
31      3      438      0      1      3      200      0      4.00996
31      3      439      0      1      3      200      0      3.67581
31      3      440      0      1      3      200      0      4.07233
31      3      441      0      1      3      200      0      3.64654
31      3      442      0      1      3      200      0      3.77304
31      3      443      0      1      3      200      0      4.04309
31      3      444      0      1      3      200      0      3.96519
31      3      445      0      1      3      200      0      4.3351
31      3      446      0      1      3      200      0      3.97199
31      3      447      0      1      3      200      0      4.38971
31      3      448      0      1      3      200      0      3.98458
31      3      449      0      1      3      200      0      3.97892
31      3      450      0      1      3      200      0      3.95615
31      3      451      0      1      3      200      0      3.82402
31      3      452      0      1      3      200      0      3.90385
31      3      453      0      1      3      200      0      3.86153
31      3      454      0      1      3      200      0      4.13213
31      3      455      0      1      3      200      0      3.69446
31      3      456      0      1      3      200      0      3.73863
31      3      457      0      1      3      200      0      4.02221
31      3      458      0      1      3      200      0      3.71726
31      3      459      0      1      3      200      0      3.89221
31      3      460      0      1      3      200      0      3.85771
31      3      461      0      1      3      200      0      3.83107
31      3      462      0      1      3      200      0      3.99669
31      3      463      0      1      3      200      0      3.89333
31      3      464      0      1      3      200      0      3.75354
31      3      465      0      1      3      200      0      3.85273
31      3      466      0      1      3      200      0      4.24405
31      3      467      0      1      3      200      0      3.98785
31      3      468      0      1      3      200      0      3.88706
31      3      469      0      1      3      200      0      3.96222
31      3      470      0      1      3      200      0      4.01154
31      3      471      0      1      3      200      0      4.13669
31      3      472      0      1      3      200      0      3.98711
31      3      473      0      1      3      200      0      3.8077
31      3      474      0      1      3      200      0      3.73157
31      3      475      0      1      3      200      0      4.30469
31      3      476      0      1      3      200      0      3.85654
31      3      477      0      1      3      200      0      4.00954
31      3      478      0      1      3      200      0      4.07282
31      3      479      0      1      3      200      0      4.40392
31      3      480      0      1      3      200      0      4.67834
31      3      481      0      1      3      200      0      3.96998
31      3      482      0      1      3      200      0      3.95439
31      3      483      0      1      3      200      0      3.99698
31      3      484      0      1      3      200      0      3.82536
31      3      485      0      1      3      200      0      4.11066
31      3      486      0      1      3      200      0      3.61726
31      3      487      0      1      3      200      0      3.83859
31      3      488      0      1      3      200      0      3.72462
31      3      489      0      1      3      200      0      4.08828
31      3      490      0      1      3      200      0      3.88785
31      3      491      0      1      3      200      0      3.85298
31      3      492      0      1      3      200      0      3.81011
31      3      493      0      1      3      200      0      3.72713
31      3      494      0      1      3      200      0      3.84846
31      3      495      0      1      3      200      0      4.02936
31      3      496      0      1      3      200      0      4.01786
31      3      497      0      1      3      200      0      3.8855
31      3      498      0      1      3      200      0      3.75684
31      3      499      0      1      3      200      0      3.74328
31      3      500      0      1      3      200      0      3.851
31      3      501      0      1      3      200      0      3.86452
31      3      502      0      1      3      200      0      4.12689
31      3      503      0      1      3      200      0      3.97456
31      3      504      0      1      3      200      0      3.96038
31      3      505      0      1      3      200      0      3.92024
31      3      506      0      1      3      200      0      3.90513
31      3      507      0      1      3      200      0      4.28302
31      3      508      0      1      3      200      0      3.92581
31      3      509      0      1      3      200      0      4.2822
31      3      510      0      1      3      200      0      3.94949
31      3      511      0      1      3      200      0      4.35518
31      3      512      0      1      3      200      0      4.58199
31      3      513      0      1      3      200      0      3.89795
31      3      514      0      1      3      200      0      3.78082
31      3      515      0      1      3      200      0      3.92048
31      3      516      0      1      3      200      0      3.81098
31      3      517      0      1      3      200      0      4.09851
31      3      518      0      1      3      200      0      3.93789
31      3      519      0      1      3      200      0      3.97818
31      3      520      0      1      3      200      0      4.14141
31      3      521      0      1      3      200      0      4.12727
31      3      522      0      1      3      200      0      4.13829
31      3      523      0      1      3      200      0      3.85511
31      3      524      0      1      3      200      0      4.1344
31      3      525      0      1      3      200      0      3.95151
31      3      526      0      1      3      200      0      3.89941
31      3      527      0      1      3      200      0      3.66731
31      3      528      0      1      3      200      0      3.81842
31      3      529      0      1      3      200      0      3.99187
31      3      530      0      1      3      200      0      3.91009
31      3      531      0      1      3      200      0      4.04024
31      3      532      0      1      3      200      0      3.64281
31      3      533      0      1      3      200      0      4.05009
31      3      534      0      1      3      200      0      3.7721
31      3      535      0      1      3      200      0      3.90984
31      3      536      0      1      3      200      0      3.97941
31      3      537      0      1      3      200      0      3.74573
31      3      538      0      1      3      200      0      4.01766
31      3      539      0      1      3      200      0      4.17407
31      3      540      0      1      3      200      0      3.91741
31      3      541      0      1      3      200      0      4.68334
31      3      542      0      1      3      200      0      3.76994
31      3      543      0      1      3      200      0      4.13293
31      3      544      0      1      3      200      0      4.11727
31      3      545      0      1      3      200      0      3.79128
31      3      546      0      1      3      200      0      3.87258
31      3      547      0      1      3      200      0      3.85682
31      3      548      0      1      3      200      0      3.92149
31      3      549      0      1      3      200      0      3.87263
31      3      550      0      1      3      200      0      3.73712
31      3      551      0      1      3      200      0      4.01412
31      3      552      0      1      3      200      0      3.82088
31      3      553      0      1      3      200      0      3.95107
31      3      554      0      1      3      200      0      4.00317
31      3      555      0      1      3      200      0      3.95192
31      3      556      0      1      3      200      0      3.8519
31      3      557      0      1      3      200      0      3.92459
31      3      558      0      1      3      200      0      3.83673
31      3      559      0      1      3      200      0      3.7859
31      3      560      0      1      3      200      0      3.86377
31      3      561      0      1      3      200      0      3.96569
31      3      562      0      1      3      200      0      3.82857
31      3      563      0      1      3      200      0      3.88825
31      3      564      0      1      3      200      0      3.89136
31      3      565      0      1      3      200      0      3.9051
31      3      566      0      1      3      200      0      3.97479
31      3      567      0      1      3      200      0      3.78626
31      3      568      0      1      3      200      0      3.86717
31      3      569      0      1      3      200      0      4.18863
31      3      570      0      1      3      200      0      4.01188
31      3      571      0      1      3      200      0      4.13202
31      3      572      0      1      3      200      0      4.06473
31      3      573      0      1      3      200      0      4.06116
31      3      574      0      1      3      200      0      4.01909
31      3      575      0      1      3      200      0      4.30167
31      3      576      0      1      3      200      0      4.19369
31      3      577      0      1      3      200      0      4.03203
31      3      578      0      1      3      200      0      3.78654
31      3      579      0      1      3      200      0      4.14664
31      3      580      0      1      3      200      0      3.80076
31      3      581      0      1      3      200      0      3.94266
31      3      582      0      1      3      200      0      3.89209
31      3      583      0      1      3      200      0      4.04279
31      3      584      0      1      3      200      0      3.95501
31      3      585      0      1      3      200      0      4.02323
31      3      586      0      1      3      200      0      3.91556
31      3      587      0      1      3      200      0      4.07277
31      3      588      0      1      3      200      0      3.65705
31      3      589      0      1      3      200      0      3.9012
31      3      590      0      1      3      200      0      3.61913
31      3      591      0      1      3      200      0      3.78246
31      3      592      0      1      3      200      0      3.86936
31      3      593      0      1      3      200      0      3.61701
31      3      594      0      1      3      200      0      3.89394
31      3      595      0      1      3      200      0      3.65231
31      3      596      0      1      3      200      0      3.69069
31      3      597      0      1      3      200      0      3.69361
31      3      598      0      1      3      200      0      3.68019
31      3      599      0      1      3      200      0      3.71405
31      3      600      0      1      3      200      0      3.73392
31      3      601      0      1      3      200      0      4.02734
31      3      602      0      1      3      200      0      3.68558
31      3      603      0      1      3      200      0      4.13448
31      3      604      0      1      3      200      0      3.69835
31      3      605      0      1      3      200      0      4.17354
31      3      606      0      1      3      200      0      3.78867
31      3      607      0      1      3      200      0      4.18771
31      3      608      0      1      3      200      0      4.49321
31      3      609      0      1      3      200      0      3.84902
31      3      610      0      1      3      200      0      3.81902
31      3      611      0      1      3      200      0      4.02199
31      3      612      0      1      3      200      0      3.6744
31      3      613      0      1      3      200      0      3.79442
31      3      614      0      1      3      200      0      3.89318
31      3      615      0      1      3      200      0      4.01111
31      3      616      0      1      3      200      0      4.22843
31      3      617      0      1      3      200      0      4.1482
31      3      618      0      1      3      200      0      3.95304
31      3      619      0      1      3      200      0      3.99436
31      3      620      0      1      3      200      0      3.79972
31      3      621      0      1      3      200      0      3.96628
31      3      622      0      1      3      200      0      3.93191
31      3      623      0      1      3      200      0      3.98708
31      3      624      0      1      3      200      0      4.16582
31      3      625      0      1      3      200      0      4.29789
31      3      626      0      1      3      200      0      3.97131
31      3      627      0      1      3      200      0      4.26518
31      3      628      0      1      3      200      0      3.95275
31      3      629      0      1      3      200      0      3.87134
31      3      630      0      1      3      200      0      3.89929
31      3      631      0      1      3      200      0      3.70848
31      3      632      0      1      3      200      0      4.05922
31      3      633      0      1      3      200      0      3.81323
31      3      634      0      1      3      200      0      4.09009
31      3      635      0      1      3      200      0      4.13091
31      3      636      0      1      3      200      0      3.84711
31      3      637      0      1      3      200      0      3.89406
31      3      638      0      1      3      200      0      3.86492
31      3      639      0      1      3      200      0      4.38516
31      3      640      0      1      3      200      0      4.51912
31      3      641      0      1      3      200      0      3.95607
31      3      642      0      1      3      200      0      3.98208
31      3      643      0      1      3      200      0      3.86825
31      3      644      0      1      3      200      0      3.75482
31      3      645      0      1      3      200      0      3.92996
31      3      646      0      1      3      200      0      3.80743
31      3      647      0      1      3      200      0      3.99864
31      3      648      0      1      3      200      0      3.98531
31      3      649      0      1      3      200      0      3.93309
31      3      650      0      1      3      200      0      3.72984
31      3      651      0      1      3      200      0      4.04078
31      3      652      0      1      3      200      0      3.83534
31      3      653      0      1      3      200      0      4.10772
31      3      654      0      1      3      200      0      4.36629
31      3      655      0      1      3      200      0      4.01322
31      3      656      0      1      3      200      0      4.10997
31      3      657      0      1      3      200      0      3.93574
31      3      658      0      1      3      200      0      3.93227
31      3      659      0      1      3      200      0      3.87613
31      3      660      0      1      3      200      0      3.92275
31      3      661      0      1      3      200      0      3.89831
31      3      662      0      1      3      200      0      4.07922
31      3      663      0      1      3      200      0      4.02113
31      3      664      0      1      3      200      0      3.87107
31      3      665      0      1      3      200      0      3.98006
31      3      666      0      1      3      200      0      3.92276
31      3      667      0      1      3      200      0      4.29017
31      3      668      0      1      3      200      0      3.96803
31      3      669      0      1      3      200      0      4.21577
31      3      670      0      1      3      200      0      4.13595
31      3      671      0      1      3      200      0      4.14225
31      3      672      0      1      3      200      0      4.09904
31      3      673      0      1      3      200      0      3.99216
31      3      674      0      1      3      200      0      4.03262
31      3      675      0      1      3      200      0      3.77361
31      3      676      0      1      3      200      0      3.98768
31      3      677      0      1      3      200      0      3.87207
31      3      678      0      1      3      200      0      4.05436
31      3      679      0      1      3      200      0      3.92765
31      3      680      0      1      3      200      0      3.75201
31      3      681      0      1      3      200      0      3.76619
31      3      682      0      1      3      200      0      3.94537
31      3      683      0      1      3      200      0      3.78969
31      3      684      0      1      3      200      0      3.72355
31      3      685      0      1      3      200      0      3.91233
31      3      686      0      1      3      200      0      3.98534
31      3      687      0      1      3      200      0      4.1905
31      3      688      0      1      3      200      0      4.09842
31      3      689      0      1      3      200      0      3.83019
31      3      690      0      1      3      200      0      4.13323
31      3      691      0      1      3      200      0      3.65743
31      4      0      0      1      3      200      0      4.47824
31      4      1      0      1      3      200      0      4.33252
31      4      2      0      1      3      200      0      4.20401
31      4      3      0      1      3      200      0      4.32957
31      4      4      0      1      3      200      0      3.94075
31      4      5      0      1      3      200      0      3.92557
31      4      6      0      1      3      200      0      4.023
31      4      7      0      1      3      200      0      4.31025
31      4      8      0      1      3      200      0      4.12451
31      4      9      0      1      3      200      0      4.09047
31      4      10      0      1      3      200      0      4.09182
31      4      11      0      1      3      200      0      4.15431
31      4      12      0      1      3      200      0      4.1847
31      4      13      0      1      3      200      0      4.24627
31      4      14      0      1      3      200      0      4.37508
31      4      15      0      1      3      200      0      4.30933
31      4      16      0      1      3      200      0      4.31773
31      4      17      0      1      3      200      0      4.22719
31      4      18      0      1      3      200      0      4.42882
31      4      19      0      1      3      200      0      4.16509
31      4      20      0      1      3      200      0      4.31385
31      4      21      0      1      3      200      0      4.34812
31      4      22      0      1      3      200      0      4.33646
31      4      23      0      1      3      200      0      4.21835
31      4      24      0      1      3      200      0      4.21799
31      4      25      0      1      3      200      0      4.17264
31      4      26      0      1      3      200      0      4.27273
31      4      27      0      1      3      200      0      4.50032
31      4      28      0      1      3      200      0      4.46481
31      4      29      0      1      3      200      0      4.35214
31      4      30      0      1      3      200      0      4.40109
31      4      31      0      1      3      200      0      4.36664
31      4      32      0      1      3      200      0      4.24859
31      4      33      0      1      3      200      0      3.89041
31      4      34      0      1      3      200      0      4.16032
31      4      35      0      1      3      200      0      3.86421
31      4      36      0      1      3      200      0      3.93086
31      4      37      0      1      3      200      0      4.13199
31      4      38      0      1      3      200      0      4.13083
31      4      39      0      1      3      200      0      4.16289
31      4      40      0      1      3      200      0      4.07834
31      4      41      0      1      3      200      0      3.85693
31      4      42      0      1      3      200      0      3.93257
31      4      43      0      1      3      200      0      3.96687
31      4      44      0      1      3      200      0      4.02048
31      4      45      0      1      3      200      0      4.05413
31      4      46      0      1      3      200      0      3.79841
31      4      47      0      1      3      200      0      3.74529
31      4      48      0      1      3      200      0      4.037
31      4      49      0      1      3      200      0      4.00487
31      4      50      0      1      3      200      0      4.09835
31      4      51      0      1      3      200      0      3.84699
31      4      52      0      1      3      200      0      3.96292
31      4      53      0      1      3      200      0      3.91556
31      4      54      0      1      3      200      0      4.04763
31      4      55      0      1      3      200      0      4.01388
31      4      56      0      1      3      200      0      3.74195
31      4      57      0      1      3      200      0      3.97923
31      4      58      0      1      3      200      0      3.92707
31      4      59      0      1      3      200      0      3.76323
31      4      60      0      1      3      200      0      3.94203
31      4      61      0      1      3      200      0      3.91637
31      4      62      0      1      3      200      0      3.99191
31      4      63      0      1      3      200      0      4.12766
31      4      64      0      1      3      200      0      4.13975
31      4      65      0      1      3      200      0      4.12771
31      4      66      0      1      3      200      0      4.03216
31      4      67      0      1      3      200      0      3.80775
31      4      68      0      1      3      200      0      3.78728
31      4      69      0      1      3      200      0      4.10533
31      4      70      0      1      3      200      0      4.09154
31      4      71      0      1      3      200      0      3.87474
31      4      72      0      1      3      200      0      3.84617
31      4      73      0      1      3      200      0      3.9711
31      4      74      0      1      3      200      0      4.21545
31      4      75      0      1      3      200      0      4.4486
31      4      76      0      1      3      200      0      4.05842
31      4      77      0      1      3      200      0      3.94937
31      4      78      0      1      3      200      0      4.03039
31      4      79      0      1      3      200      0      4.07793
31      4      80      0      1      3      200      0      3.96025
31      4      81      0      1      3      200      0      4.19355
31      4      82      0      1      3      200      0      4.00751
31      4      83      0      1      3      200      0      4.04958
31      4      84      0      1      3      200      0      4.03613
31      4      85      0      1      3      200      0      3.90751
31      4      86      0      1      3      200      0      4.11406
31      4      87      0      1      3      200      0      4.13054
31      4      88      0      1      3      200      0      4.06035
31      4      89      0      1      3      200      0      4.07103
31      4      90      0      1      3      200      0      3.86115
31      4      91      0      1      3      200      0      4.24186
31      4      92      0      1      3      200      0      3.94181
31      4      93      0      1      3      200      0      3.90035
31      4      94      0      1      3      200      0      4.10167
31      4      95      0      1      3      200      0      3.92777
31      4      96      0      1      3      200      0      3.73142
31      4      97      0      1      3      200      0      3.86788
31      4      98      0      1      3      200      0      4.07235
31      4      99      0      1      3      200      0      3.8184
31      4      100      0      1      3      200      0      4.11638
31      4      101      0      1      3      200      0      4.04738
31      4      102      0      1      3      200      0      4.01915
31      4      103      0      1      3      200      0      4.02117
31      4      104      0      1      3      200      0      3.8968
31      4      105      0      1      3      200      0      3.83878
31      4      106      0      1      3      200      0      3.75425
31      4      107      0      1      3      200      0      4.04225
31      4      108      0      1      3      200      0      -0.57685
31      4      109      0      1      3      200      0      3.76915
31      4      110      0      1      3      200      0      4.03111
31      4      111      0      1      3      200      0      4.04828
31      4      112      0      1      3      200      0      3.58752
31      4      113      0      1      3      200      0      3.94897
31      4      114      0      1      3      200      0      3.73418
31      4      115      0      1      3      200      0      3.56506
31      4      116      0      1      3      200      0      3.83603
31      4      117      0      1      3      200      0      3.81335
31      4      118      0      1      3      200      0      3.83415
31      4      119      0      1      3      200      0      3.84781
31      4      120      0      1      3      200      0      3.77813
31      4      121      0      1      3      200      0      3.87704
31      4      122      0      1      3      200      0      3.78053
31      4      123      0      1      3      200      0      3.70906
31      4      124      0      1      3      200      0      3.81406
31      4      125      0      1      3      200      0      3.74724
31      4      126      0      1      3      200      0      4.06717
31      4      127      0      1      3      200      0      3.68987
31      4      128      0      1      3      200      0      3.78968
31      4      129      0      1      3      200      0      3.91155
31      4      130      0      1      3      200      0      3.75587
31      4      131      0      1      3      200      0      3.93161
31      4      132      0      1      3      200      0      3.82499
31      4      133      0      1      3      200      0      3.77952
31      4      134      0      1      3      200      0      4.01282
31      4      135      0      1      3      200      0      3.79445
31      4      136      0      1      3      200      0      3.77441
31      4      137      0      1      3      200      0      3.57179
31      4      138      0      1      3      200      0      3.92741
31      4      139      0      1      3      200      0      3.69718
31      4      140      0      1      3      200      0      3.53326
31      4      141      0      1      3      200      0      3.88903
31      4      142      0      1      3      200      0      3.71395
31      4      143      0      1      3      200      0      3.52767
31      4      144      0      1      3      200      0      3.57006
31      4      145      0      1      3      200      0      3.73275
31      4      146      0      1      3      200      0      3.76593
31      4      147      0      1      3      200      0      3.76957
31      4      148      0      1      3      200      0      3.81258
31      4      149      0      1      3      200      0      3.95237
31      4      150      0      1      3      200      0      3.94961
31      4      151      0      1      3      200      0      3.8559
31      4      152      0      1      3      200      0      4.0956
31      4      153      0      1      3      200      0      3.9173
31      4      154      0      1      3      200      0      3.94126
31      4      155      0      1      3      200      0      3.86936
31      4      156      0      1      3      200      0      3.88209
31      4      157      0      1      3      200      0      4.01518
31      4      158      0      1      3      200      0      3.6775
31      4      159      0      1      3      200      0      3.78041
31      4      160      0      1      3      200      0      4.02963
31      4      161      0      1      3      200      0      4.01553
31      4      162      0      1      3      200      0      4.20869
31      4      163      0      1      3      200      0      4.09945
31      4      164      0      1      3      200      0      4.0594
31      4      165      0      1      3      200      0      3.92736
31      4      166      0      1      3      200      0      4.20493
31      4      167      0      1      3      200      0      4.11489
31      4      168      0      1      3      200      0      4.00563
31      4      169      0      1      3      200      0      4.08889
31      4      170      0      1      3      200      0      3.70513
31      4      171      0      1      3      200      0      3.85552
31      4      172      0      1      3      200      0      3.99434
31      4      173      0      1      3      200      0      3.86095
31      4      174      0      1      3      200      0      3.66101
31      4      175      0      1      3      200      0      3.67556
31      4      176      0      1      3      200      0      3.87902
31      4      177      0      1      3      200      0      3.9469
31      4      178      0      1      3      200      0      3.92178
31      4      179      0      1      3      200      0      3.97394
31      4      180      0      1      3      200      0      4.10425
31      4      181      0      1      3      200      0      3.96755
31      4      182      0      1      3      200      0      3.94362
31      4      183      0      1      3      200      0      3.95631
31      4      184      0      1      3      200      0      4.0271
31      4      185      0      1      3      200      0      3.91716
31      4      186      0      1      3      200      0      3.9956
31      4      187      0      1      3      200      0      3.90866
31      4      188      0      1      3      200      0      3.71499
31      4      189      0      1      3      200      0      3.90674
31      4      190      0      1      3      200      0      3.91198
31      4      191      0      1      3      200      0      3.72082
31      4      192      0      1      3      200      0      3.85691
31      4      193      0      1      3      200      0      4.02388
31      4      194      0      1      3      200      0      4.02453
31      4      195      0      1      3      200      0      4.12565
31      4      196      0      1      3      200      0      4.07568
31      4      197      0      1      3      200      0      3.87665
31      4      198      0      1      3      200      0      4.04673
31      4      199      0      1      3      200      0      4.10463
31      4      200      0      1      3      200      0      3.94591
31      4      201      0      1      3      200      0      3.86958
31      4      202      0      1      3      200      0      3.91887
31      4      203      0      1      3      200      0      3.82769
31      4      204      0      1      3      200      0      3.81748
31      4      205      0      1      3      200      0      4.03075
31      4      206      0      1      3      200      0      3.97632
31      4      207      0      1      3      200      0      3.76828
31      4      208      0      1      3      200      0      4.01091
31      4      209      0      1      3      200      0      3.88882
31      4      210      0      1      3      200      0      3.88457
31      4      211      0      1      3      200      0      3.98715
31      4      212      0      1      3      200      0      3.88069
31      4      213      0      1      3      200      0      4.08889
31      4      214      0      1      3      200      0      3.7211
31      4      215      0      1      3      200      0      4.03085
31      4      216      0      1      3      200      0      4.09329
31      4      217      0      1      3      200      0      3.84521
31      4      218      0      1      3      200      0      3.97648
31      4      219      0      1      3      200      0      4.07383
31      4      220      0      1      3      200      0      3.91047
31      4      221      0      1      3      200      0      4.07037
31      4      222      0      1      3      200      0      3.52878
31      4      223      0      1      3      200      0      3.87627
31      4      224      0      1      3      200      0      3.97717
31      4      225      0      1      3      200      0      3.95893
31      4      226      0      1      3      200      0      3.94262
31      4      227      0      1      3      200      0      3.9184
31      4      228      0      1      3      200      0      3.92011
31      4      229      0      1      3      200      0      4.05439
31      4      230      0      1      3      200      0      3.67698
31      4      231      0      1      3      200      0      4.07191
31      4      232      0      1      3      200      0      3.98777
31      4      233      0      1      3      200      0      3.88418
31      4      234      0      1      3      200      0      4.08798
31      4      235      0      1      3      200      0      4.20958
31      4      236      0      1      3      200      0      3.81581
31      4      237      0      1      3      200      0      3.86445
31      4      238      0      1      3      200      0      3.93452
31      4      239      0      1      3      200      0      4.12432
31      4      240      0      1      3      200      0      4.03514
31      4      241      0      1      3      200      0      3.92538
31      4      242      0      1      3      200      0      3.90531
31      4      243      0      1      3      200      0      4.09813
31      4      244      0      1      3      200      0      3.90738
31      4      245      0      1      3      200      0      3.98356
31      4      246      0      1      3      200      0      4.07676
31      4      247      0      1      3      200      0      3.93452
31      4      248      0      1      3      200      0      4.15017
31      4      249      0      1      3      200      0      4.06562
31      4      250      0      1      3      200      0      4.01081
31      4      251      0      1      3      200      0      4.00085
31      4      252      0      1      3      200      0      3.9241
31      4      253      0      1      3      200      0      3.91277
31      4      254      0      1      3      200      0      4.04976
31      4      255      0      1      3      200      0      3.83767
31      4      256      0      1      3      200      0      4.07075
31      4      257      0      1      3      200      0      4.04208
31      4      258      0      1      3      200      0      4.01859
31      4      259      0      1      3      200      0      3.85499
31      4      260      0      1      3      200      0      4.39422
31      4      261      0      1      3      200      0      4.20638
31      4      262      0      1      3      200      0      3.91641
31      4      263      0      1      3      200      0      3.79169
31      4      264      0      1      3      200      0      3.86066
31      4      265      0      1      3      200      0      4.12785
31      4      266      0      1      3      200      0      4.04498
31      4      267      0      1      3      200      0      3.94114
31      4      268      0      1      3      200      0      3.73804
31      4      269      0      1      3      200      0      3.72948
31      4      270      0      1      3      200      0      3.80749
31      4      271      0      1      3      200      0      3.92395
31      4      272      0      1      3      200      0      3.95736
31      4      273      0      1      3      200      0      4.1835
31      4      274      0      1      3      200      0      4.02553
31      4      275      0      1      3      200      0      3.80273
31      4      276      0      1      3      200      0      3.99433
31      4      277      0      1      3      200      0      3.81042
31      4      278      0      1      3      200      0      3.85524
31      4      279      0      1      3      200      0      4.06581
31      4      280      0      1      3      200      0      4.01878
31      4      281      0      1      3      200      0      3.83345
31      4      282      0      1      3      200      0      4.1646
31      4      283      0      1      3      200      0      4.13355
31      4      284      0      1      3      200      0      4.04303
31      4      285      0      1      3      200      0      4.22776
31      4      286      0      1      3      200      0      3.90796
31      4      287      0      1      3      200      0      4.02126
31      4      288      0      1      3      200      0      3.92169
31      4      289      0      1      3      200      0      3.98707
31      4      290      0      1      3      200      0      4.28319
31      4      291      0      1      3      200      0      4.09809
31      4      292      0      1      3      200      0      3.9961
31      4      293      0      1      3      200      0      3.89468
31      4      294      0      1      3      200      0      4.15757
31      4      295      0      1      3      200      0      3.89885
31      4      296      0      1      3      200      0      3.91692
31      4      297      0      1      3      200      0      4.0786
31      4      298      0      1      3      200      0      3.89761
31      4      299      0      1      3      200      0      4.03216
31      4      300      0      1      3      200      0      3.75128
31      4      301      0      1      3      200      0      4.19046
31      4      302      0      1      3      200      0      3.92344
31      4      303      0      1      3      200      0      4.16043
31      4      304      0      1      3      200      0      4.18253
31      4      305      0      1      3      200      0      4.02872
31      4      306      0      1      3      200      0      4.00099
31      4      307      0      1      3      200      0      3.83885
31      4      308      0      1      3      200      0      4.12073
31      4      309      0      1      3      200      0      4.04282
31      4      310      0      1      3      200      0      3.98453
31      4      311      0      1      3      200      0      4.18435
31      4      312      0      1      3      200      0      4.08972
31      4      313      0      1      3      200      0      4.10338
31      4      314      0      1      3      200      0      4.19236
31      4      315      0      1      3      200      0      4.04857
31      4      316      0      1      3      200      0      3.88161
31      4      317      0      1      3      200      0      3.99647
31      4      318      0      1      3      200      0      4.24886
31      4      319      0      1      3      200      0      4.24246
31      4      320      0      1      3      200      0      4.19234
31      4      321      0      1      3      200      0      3.91804
31      4      322      0      1      3      200      0      4.0545
31      4      323      0      1      3      200      0      4.14999
31      4      324      0      1      3      200      0      4.15481
31      4      325      0      1      3      200      0      3.8097
31      4      326      0      1      3      200      0      4.02852
31      4      327      0      1      3      200      0      4.35417
31      4      328      0      1      3      200      0      3.93977
31      4      329      0      1      3      200      0      3.92899
31      4      330      0      1      3      200      0      3.85804
31      4      331      0      1      3      200      0      4.00341
31      4      332      0      1      3      200      0      3.85545
31      4      333      0      1      3      200      0      4.05487
31      4      334      0      1      3      200      0      3.91195
31      4      335      0      1      3      200      0      3.99702
31      4      336      0      1      3      200      0      4.00616
31      4      337      0      1      3      200      0      4.05639
31      4      338      0      1      3      200      0      3.91353
31      4      339      0      1      3      200      0      4.05259
31      4      340      0      1      3      200      0      3.93215
31      4      341      0      1      3      200      0      3.81072
31      4      342      0      1      3      200      0      4.12457
31      4      343      0      1      3      200      0      3.94644
31      4      344      0      1      3      200      0      4.05568
31      4      345      0      1      3      200      0      3.8647
31      4      346      0      1      3      200      0      4.05684
31      4      347      0      1      3      200      0      4.01968
31      4      348      0      1      3      200      0      3.93922
31      4      349      0      1      3      200      0      4.01598
31      4      350      0      1      3      200      0      3.91005
31      4      351      0      1      3      200      0      4.1934
31      4      352      0      1      3      200      0      4.30488
31      4      353      0      1      3      200      0      3.73928
31      4      354      0      1      3      200      0      3.81395
31      4      355      0      1      3      200      0      3.86439
31      4      356      0      1      3      200      0      3.8477
31      4      357      0      1      3      200      0      4.10027
31      4      358      0      1      3      200      0      4.06658
31      4      359      0      1      3      200      0      3.78897
31      4      360      0      1      3      200      0      3.77615
31      4      361      0      1      3      200      0      3.68546
31      4      362      0      1      3      200      0      3.83269
31      4      363      0      1      3      200      0      4.29527
31      4      364      0      1      3      200      0      3.80411
31      4      365      0      1      3      200      0      3.69651
31      4      366      0      1      3      200      0      3.90852
31      4      367      0      1      3      200      0      3.83888
31      4      368      0      1      3      200      0      4.04178
31      4      369      0      1      3      200      0      4.04841
31      4      370      0      1      3      200      0      3.79299
31      4      371      0      1      3      200      0      4.01731
31      4      372      0      1      3      200      0      3.9833
31      4      373      0      1      3      200      0      3.9073
31      4      374      0      1      3      200      0      4.05175
31      4      375      0      1      3      200      0      3.93629
31      4      376      0      1      3      200      0      3.82514
31      4      377      0      1      3      200      0      3.80295
31      4      378      0      1      3      200      0      3.91262
31      4      379      0      1      3      200      0      3.86247
31      4      380      0      1      3      200      0      3.65201
31      4      381      0      1      3      200      0      4.11292
31      4      382      0      1      3      200      0      3.85664
31      4      383      0      1      3      200      0      3.9552
31      4      384      0      1      3      200      0      3.79272
31      4      385      0      1      3      200      0      3.98681
31      4      386      0      1      3      200      0      4.03364
31      4      387      0      1      3      200      0      3.82447
31      4      388      0      1      3      200      0      4.61568
31      4      389      0      1      3      200      0      4.26085
31      4      390      0      1      3      200      0      4.18403
31      4      391      0      1      3      200      0      4.1242
31      4      392      0      1      3      200      0      3.68942
31      4      393      0      1      3      200      0      3.9044
31      4      394      0      1      3      200      0      4.1697
31      4      395      0      1      3      200      0      4.23702
31      4      396      0      1      3      200      0      3.94135
31      4      397      0      1      3      200      0      3.95812
31      4      398      0      1      3      200      0      4.34612
31      4      399      0      1      3      200      0      4.1601
31      4      400      0      1      3      200      0      3.90831
31      4      401      0      1      3      200      0      3.80578
31      4      402      0      1      3      200      0      3.80621
31      4      403      0      1      3      200      0      3.81468
31      4      404      0      1      3      200      0      3.61319
31      4      405      0      1      3      200      0      3.98178
31      4      406      0      1      3      200      0      4.03214
31      4      407      0      1      3      200      0      3.98581
31      4      408      0      1      3      200      0      3.80175
31      4      409      0      1      3      200      0      3.88408
31      4      410      0      1      3      200      0      3.71613
31      4      411      0      1      3      200      0      4.21898
31      4      412      0      1      3      200      0      3.89265
31      4      413      0      1      3      200      0      3.69522
31      4      414      0      1      3      200      0      4.08353
31      4      415      0      1      3      200      0      3.95918
31      4      416      0      1      3      200      0      4.68128
31      4      417      0      1      3      200      0      4.30008
31      4      418      0      1      3      200      0      4.04217
31      4      419      0      1      3      200      0      3.94379
31      4      420      0      1      3      200      0      4.14951
31      4      421      0      1      3      200      0      4.0592
31      4      422      0      1      3      200      0      4.19611
31      4      423      0      1      3      200      0      3.92968
31      4      424      0      1      3      200      0      4.3021
31      4      425      0      1      3      200      0      4.15733
31      4      426      0      1      3      200      0      4.05783
31      4      427      0      1      3      200      0      4.2001
31      4      428      0      1      3      200      0      4.26235
31      4      429      0      1      3      200      0      4.17318
31      4      430      0      1      3      200      0      4.11254
31      4      431      0      1      3      200      0      4.21978
31      4      432      0      1      3      200      0      4.47352
31      4      433      0      1      3      200      0      4.51062
31      4      434      0      1      3      200      0      3.89764
31      4      435      0      1      3      200      0      4.08037
31      4      436      0      1      3      200      0      4.2357
31      4      437      0      1      3      200      0      4.1376
31      4      438      0      1      3      200      0      3.97877
31      4      439      0      1      3      200      0      4.05606
31      4      440      0      1      3      200      0      4.12693
31      4      441      0      1      3      200      0      4.14769
31      4      442      0      1      3      200      0      3.95342
31      4      443      0      1      3      200      0      4.10677
31      4      444      0      1      3      200      0      4.10927
31      4      445      0      1      3      200      0      4.02981
31      4      446      0      1      3      200      0      3.98955
31      4      447      0      1      3      200      0      4.23482
31      4      448      0      1      3      200      0      4.36753
31      4      449      0      1      3      200      0      4.46405
31      4      450      0      1      3      200      0      4.17735
31      4      451      0      1      3      200      0      4.41162
31      4      452      0      1      3      200      0      4.26074
31      4      453      0      1      3      200      0      4.01986
31      4      454      0      1      3      200      0      4.17088
31      4      455      0      1      3      200      0      4.35671
31      4      456      0      1      3      200      0      4.32655
31      4      457      0      1      3      200      0      4.33554
31      4      458      0      1      3      200      0      4.55131
31      4      459      0      1      3      200      0      4.66324
31      4      460      0      1      3      200      0      4.37977
31      4      461      0      1      3      200      0      4.23611
31      4      462      0      1      3      200      0      3.95401
31      4      463      0      1      3      200      0      4.40247
31      4      464      0      1      3      200      0      4.21994
31      4      465      0      1      3      200      0      4.44039
31      4      466      0      1      3      200      0      4.00634
31      4      467      0      1      3      200      0      4.6783
31      4      468      0      1      3      200      0      4.1336
31      4      469      0      1      3      200      0      4.33072
31      4      470      0      1      3      200      0      4.28899
31      4      471      0      1      3      200      0      4.45393
31      4      472      0      1      3      200      0      4.14739
31      4      473      0      1      3      200      0      4.15517
31      4      474      0      1      3      200      0      4.19758
31      4      475      0      1      3      200      0      4.26373
31      4      476      0      1      3      200      0      4.46362
31      4      477      0      1      3      200      0      4.49555
31      4      478      0      1      3      200      0      4.69761
31      4      479      0      1      3      200      0      4.31279
31      4      480      0      1      3      200      0      4.54935
31      4      481      0      1      3      200      0      4.53151
31      4      482      0      1      3      200      0      4.4482
31      4      483      0      1      3      200      0      4.12909
31      4      484      0      1      3      200      0      4.1315
31      4      485      0      1      3      200      0      4.06067
31      4      486      0      1      3      200      0      4.26272
31      4      487      0      1      3      200      0      4.73786
31      4      488      0      1      3      200      0      4.34461
31      4      489      0      1      3      200      0      4.25087
31      4      490      0      1      3      200      0      4.37788
31      4      491      0      1      3      200      0      4.39156
31      4      492      0      1      3      200      0      4.42817
31      4      493      0      1      3      200      0      4.36799
31      4      494      0      1      3      200      0      3.98343
31      4      495      0      1      3      200      0      4.21722
31      4      496      0      1      3      200      0      4.13691
31      4      497      0      1      3      200      0      4.2374
31      4      498      0      1      3      200      0      4.34269
31      4      499      0      1      3      200      0      4.26127
31      4      500      0      1      3      200      0      4.42359
31      4      501      0      1      3      200      0      4.16146
31      4      502      0      1      3      200      0      3.9438
31      4      503      0      1      3      200      0      4.3919
31      4      504      0      1      3      200      0      4.11602
31      4      505      0      1      3      200      0      4.33267
31      4      506      0      1      3      200      0      4.33716
31      4      507      0      1      3      200      0      4.18568
31      4      508      0      1      3      200      0      4.31408
31      4      509      0      1      3      200      0      4.47031
31      5      0      0      1      3      200      0      4.08024
31      5      1      0      1      3      200      0      4.03543
31      5      2      0      1      3      200      0      3.89003
31      5      3      0      1      3      200      0      4.24285
31      5      4      0      1      3      200      0      3.8905
31      5      5      0      1      3      200      0      4.01644
31      5      6      0      1      3      200      0      4.09854
31      5      7      0      1      3      200      0      3.91087
31      5      8      0      1      3      200      0      4.00431
31      5      9      0      1      3      200      0      4.21158
31      5      10      0      1      3      200      0      3.91694
31      5      11      0      1      3      200      0      4.00365
31      5      12      0      1      3      200      0      4.06099
31      5      13      0      1      3      200      0      3.9741
31      5      14      0      1      3      200      0      3.88873
31      5      15      0      1      3      200      0      4.01561
31      5      16      0      1      3      200      0      4.23959
31      5      17      0      1      3      200      0      4.15723
31      5      18      0      1      3      200      0      3.7907
31      5      19      0      1      3      200      0      3.78778
31      5      20      0      1      3      200      0      4.05579
31      5      21      0      1      3      200      0      4.08101
31      5      22      0      1      3      200      0      3.97892
31      5      23      0      1      3      200      0      4.01737
31      5      24      0      1      3      200      0      3.88399
31      5      25      0      1      3      200      0      4.03674
31      5      26      0      1      3      200      0      3.99611
31      5      27      0      1      3      200      0      3.92482
31      5      28      0      1      3      200      0      3.95247
31      5      29      0      1      3      200      0      3.8977
31      5      30      0      1      3      200      0      3.65567
31      5      31      0      1      3      200      0      4.06072
31      5      32      0      1      3      200      0      3.96571
31      5      33      0      1      3      200      0      3.99393
31      5      34      0      1      3      200      0      4.05809
31      5      35      0      1      3      200      0      3.95199
31      5      36      0      1      3      200      0      3.82051
31      5      37      0      1      3      200      0      3.88783
31      5      38      0      1      3      200      0      4.0457
31      5      39      0      1      3      200      0      3.75853
31      5      40      0      1      3      200      0      3.97087
31      5      41      0      1      3      200      0      4.1041
31      5      42      0      1      3      200      0      3.98942
31      5      43      0      1      3      200      0      3.89867
31      5      44      0      1      3      200      0      3.69332
31      5      45      0      1      3      200      0      3.97657
31      5      46      0      1      3      200      0      3.82418
31      5      47      0      1      3      200      0      3.83282
31      5      48      0      1      3      200      0      3.87792
31      5      49      0      1      3      200      0      3.86822
31      5      50      0      1      3      200      0      4.00729
31      5      51      0      1      3      200      0      3.9354
31      5      52      0      1      3      200      0      4.10574
31      5      53      0      1      3      200      0      4.08464
31      5      54      0      1      3      200      0      4.18295
31      5      55      0      1      3      200      0      3.96273
31      5      56      0      1      3      200      0      4.13118
31      5      57      0      1      3      200      0      3.97609
31      5      58      0      1      3      200      0      3.90926
31      5      59      0      1      3      200      0      3.89146
31      5      60      0      1      3      200      0      4.20594
31      5      61      0      1      3      200      0      4.17188
31      5      62      0      1      3      200      0      3.8966
31      5      63      0      1      3      200      0      3.97652
31      5      64      0      1      3      200      0      4.2187
31      5      65      0      1      3      200      0      3.94303
31      5      66      0      1      3      200      0      3.98833
31      5      67      0      1      3      200      0      3.84929
31      5      68      0      1      3      200      0      3.92133
31      5      69      0      1      3      200      0      3.75261
31      5      70      0      1      3      200      0      3.95047
31      5      71      0      1      3      200      0      3.93971
31      5      72      0      1      3      200      0      3.97351
31      5      73      0      1      3      200      0      4.1191
31      5      74      0      1      3      200      0      3.88835
31      5      75      0      1      3      200      0      3.97294
31      5      76      0      1      3      200      0      4.24
31      5      77      0      1      3      200      0      4.00698
31      5      78      0      1      3      200      0      4.08623
31      5      79      0      1      3      200      0      3.92014
31      5      80      0      1      3      200      0      3.81961
31      5      81      0      1      3      200      0      3.96529
31      5      82      0      1      3      200      0      3.86683
31      5      83      0      1      3      200      0      4.19851
31      5      84      0      1      3      200      0      3.99222
31      5      85      0      1      3      200      0      3.83099
31      5      86      0      1      3      200      0      3.82833
31      5      87      0      1      3      200      0      4.1582
31      5      88      0      1      3      200      0      3.76627
31      5      89      0      1      3      200      0      3.9229
31      5      90      0      1      3      200      0      3.90553
31      5      91      0      1      3      200      0      3.90871
31      5      92      0      1      3      200      0      4.15908
31      5      93      0      1      3      200      0      4.05113
31      5      94      0      1      3      200      0      3.86806
31      5      95      0      1      3      200      0      3.98234
31      5      96      0      1      3      200      0      3.64091
31      5      97      0      1      3      200      0      3.76457
31      5      98      0      1      3      200      0      3.75597
31      5      99      0      1      3      200      0      3.85402
31      5      100      0      1      3      200      0      3.60266
31      5      101      0      1      3      200      0      3.94039
31      5      102      0      1      3      200      0      3.8709
31      5      103      0      1      3      200      0      3.83035
31      5      104      0      1      3      200      0      4.0778
31      5      105      0      1      3      200      0      4.03373
31      5      106      0      1      3      200      0      3.78714
31      5      107      0      1      3      200      0      3.88691
31      5      108      0      1      3      200      0      3.77865
31      5      109      0      1      3      200      0      3.99973
31      5      110      0      1      3      200      0      4.35983
31      5      111      0      1      3      200      0      4.00943
31      5      112      0      1      3      200      0      3.64551
31      5      113      0      1      3      200      0      3.77455
31      5      114      0      1      3      200      0      3.86894
31      5      115      0      1      3      200      0      3.80766
31      5      116      0      1      3      200      0      3.82538
31      5      117      0      1      3      200      0      4.19418
31      5      118      0      1      3      200      0      3.88037
31      5      119      0      1      3      200      0      3.83984
31      5      120      0      1      3      200      0      3.69674
31      5      121      0      1      3      200      0      4.13656
31      5      122      0      1      3      200      0      3.76791
31      5      123      0      1      3      200      0      3.72465
31      5      124      0      1      3      200      0      4.05663
31      5      125      0      1      3      200      0      4.03894
31      5      126      0      1      3      200      0      3.84495
31      5      127      0      1      3      200      0      3.95964
31      5      128      0      1      3      200      0      3.7805
31      5      129      0      1      3      200      0      3.61935
31      5      130      0      1      3      200      0      3.71371
31      5      131      0      1      3      200      0      3.88656
31      5      132      0      1      3      200      0      4.02935
31      5      133      0      1      3      200      0      3.78178
31      5      134      0      1      3      200      0      3.77713
31      5      135      0      1      3      200      0      3.68588
31      5      136      0      1      3      200      0      3.6732
31      5      137      0      1      3      200      0      3.7707
31      5      138      0      1      3      200      0      3.66084
31      5      139      0      1      3      200      0      3.77908
31      5      140      0      1      3      200      0      3.83408
31      5      141      0      1      3      200      0      3.85269
31      5      142      0      1      3      200      0      3.56304
31      5      143      0      1      3      200      0      3.93827
31      5      144      0      1      3      200      0      4.03051
31      5      145      0      1      3      200      0      3.76815
31      5      146      0      1      3      200      0      3.92076
31      5      147      0      1      3      200      0      3.64131
31      5      148      0      1      3      200      0      3.89152
31      5      149      0      1      3      200      0      3.8798
31      5      150      0      1      3      200      0      4.03278
31      5      151      0      1      3      200      0      3.88133
31      5      152      0      1      3      200      0      3.77695
31      5      153      0      1      3      200      0      3.79218
31      5      154      0      1      3      200      0      3.51375
31      5      155      0      1      3      200      0      3.9537
31      5      156      0      1      3      200      0      4.00017
31      5      157      0      1      3      200      0      3.70311
31      5      158      0      1      3      200      0      3.8755
31      5      159      0      1      3      200      0      3.9114
31      5      160      0      1      3      200      0      4.03022
31      5      161      0      1      3      200      0      3.75694
31      5      162      0      1      3      200      0      3.96391
31      5      163      0      1      3      200      0      3.88071
31      5      164      0      1      3      200      0      3.69796
31      5      165      0      1      3      200      0      3.78521
31      5      166      0      1      3      200      0      3.9366
31      5      167      0      1      3      200      0      3.90859
31      5      168      0      1      3      200      0      3.8504
31      5      169      0      1      3      200      0      3.90769
31      5      170      0      1      3      200      0      3.72238
31      5      171      0      1      3      200      0      3.78614
31      5      172      0      1      3      200      0      3.7811
31      5      173      0      1      3      200      0      3.8493
31      5      174      0      1      3      200      0      3.91488
31      5      175      0      1      3      200      0      3.57829
31      5      176      0      1      3      200      0      3.91994
31      5      177      0      1      3      200      0      3.87778
31      5      178      0      1      3      200      0      3.83795
31      5      179      0      1      3      200      0      3.58529
31      5      180      0      1      3      200      0      3.87702
31      5      181      0      1      3      200      0      3.76228
31      5      182      0      1      3      200      0      3.85491
31      5      183      0      1      3      200      0      3.93429
31      5      184      0      1      3      200      0      3.8563
31      5      185      0      1      3      200      0      3.77824
31      5      186      0      1      3      200      0      3.81649
31      5      187      0      1      3      200      0      3.88932
31      5      188      0      1      3      200      0      3.94808
31      5      189      0      1      3      200      0      3.94858
31      5      190      0      1      3      200      0      3.69454
31      5      191      0      1      3      200      0      3.77473
31      5      192      0      1      3      200      0      3.67934
31      5      193      0      1      3      200      0      3.88823
31      5      194      0      1      3      200      0      3.76511
31      5      195      0      1      3      200      0      4.05257
31      5      196      0      1      3      200      0      3.88922
31      5      197      0      1      3      200      0      3.76281
31      5      198      0      1      3      200      0      3.73642
31      5      199      0      1      3      200      0      3.95688
31      5      200      0      1      3      200      0      3.96854
31      5      201      0      1      3      200      0      3.85679
31      5      202      0      1      3      200      0      3.474
31      5      203      0      1      3      200      0      3.85533
31      5      204      0      1      3      200      0      3.70292
31      5      205      0      1      3      200      0      3.95788
31      5      206      0      1      3      200      0      3.99394
31      5      207      0      1      3      200      0      3.58362
31      5      208      0      1      3      200      0      3.90649
31      5      209      0      1      3      200      0      3.94163
31      5      210      0      1      3      200      0      3.81588
31      5      211      0      1      3      200      0      3.87878
31      5      212      0      1      3      200      0      3.85553
31      5      213      0      1      3      200      0      3.68029
31      5      214      0      1      3      200      0      3.69479
31      5      215      0      1      3      200      0      3.52623
31      5      216      0      1      3      200      0      3.9118
31      5      217      0      1      3      200      0      3.91365
31      5      218      0      1      3      200      0      3.67883
31      5      219      0      1      3      200      0      3.6761
31      5      220      0      1      3      200      0      3.85935
31      5      221      0      1      3      200      0      3.85608
31      5      222      0      1      3      200      0      3.84249
31      5      223      0      1      3      200      0      3.91372
31      5      224      0      1      3      200      0      3.91446
31      5      225      0      1      3      200      0      3.96465
31      5      226      0      1      3      200      0      3.78868
31      5      227      0      1      3      200      0      4.11004
31      5      228      0      1      3      200      0      3.79154
31      5      229      0      1      3      200      0      3.78718
31      5      230      0      1      3      200      0      3.77193
31      5      231      0      1      3      200      0      4.0024
31      5      232      0      1      3      200      0      3.91608
31      5      233      0      1      3      200      0      3.82306
31      5      234      0      1      3      200      0      3.80588
31      5      235      0      1      3      200      0      3.77471
31      5      236      0      1      3      200      0      3.87919
31      5      237      0      1      3      200      0      3.82998
31      5      238      0      1      3      200      0      3.76652
31      5      239      0      1      3      200      0      3.69484
31      5      240      0      1      3      200      0      3.86535
31      5      241      0      1      3      200      0      3.86098
31      5      242      0      1      3      200      0      3.6156
31      5      243      0      1      3      200      0      3.76481
31      5      244      0      1      3      200      0      3.87181
31      5      245      0      1      3      200      0      3.87511
31      5      246      0      1      3      200      0      3.62997
31      5      247      0      1      3      200      0      3.74546
31      5      248      0      1      3      200      0      3.76555
31      5      249      0      1      3      200      0      3.94911
31      5      250      0      1      3      200      0      3.58717
31      5      251      0      1      3      200      0      3.77948
31      5      252      0      1      3      200      0      3.76228
31      5      253      0      1      3      200      0      3.76281
31      5      254      0      1      3      200      0      3.61859
31      5      255      0      1      3      200      0      3.96851
31      5      256      0      1      3      200      0      3.81017
31      5      257      0      1      3      200      0      4.04455
31      5      258      0      1      3      200      0      4.04389
31      5      259      0      1      3      200      0      3.87307
31      5      260      0      1      3      200      0      3.64231
31      5      261      0      1      3      200      0      3.6911
31      5      262      0      1      3      200      0      3.99969
31      5      263      0      1      3      200      0      4.02418
31      5      264      0      1      3      200      0      3.93008
31      5      265      0      1      3      200      0      3.7962
31      5      266      0      1      3      200      0      3.76308
31      5      267      0      1      3      200      0      3.55388
31      5      268      0      1      3      200      0      3.8954
31      5      269      0      1      3      200      0      3.72726
31      5      270      0      1      3      200      0      3.70693
31      5      271      0      1      3      200      0      3.79653
31      5      272      0      1      3      200      0      3.7037
31      5      273      0      1      3      200      0      3.63287
31      5      274      0      1      3      200      0      3.82143
31      5      275      0      1      3      200      0      3.81403
31      5      276      0      1      3      200      0      3.90747
31      5      277      0      1      3      200      0      3.66871
31      5      278      0      1      3      200      0      3.64796
31      5      279      0      1      3      200      0      3.71246
31      5      280      0      1      3      200      0      3.73191
31      5      281      0      1      3      200      0      3.86507
31      5      282      0      1      3      200      0      3.73159
31      5      283      0      1      3      200      0      3.82901
31      5      284      0      1      3      200      0      3.60518
31      5      285      0      1      3      200      0      3.61422
31      5      286      0      1      3      200      0      3.66504
31      5      287      0      1      3      200      0      3.75653
31      5      288      0      1      3      200      0      3.68962
31      5      289      0      1      3      200      0      3.68047
31      5      290      0      1      3      200      0      4.00318
31      5      291      0      1      3      200      0      3.95556
31      5      292      0      1      3      200      0      3.73754
31      5      293      0      1      3      200      0      3.66666
31      5      294      0      1      3      200      0      3.94172
31      5      295      0      1      3      200      0      3.83398
31      5      296      0      1      3      200      0      3.82111
31      5      297      0      1      3      200      0      3.77357
31      5      298      0      1      3      200      0      3.57006
31      5      299      0      1      3      200      0      3.69548
31      5      300      0      1      3      200      0      3.77025
31      5      301      0      1      3      200      0      3.92931
31      5      302      0      1      3      200      0      3.5678
31      5      303      0      1      3      200      0      3.62592
31      5      304      0      1      3      200      0      3.77298
31      5      305      0      1      3      200      0      4.08389
31      5      306      0      1      3      200      0      3.72183
31      5      307      0      1      3      200      0      3.5447
31      5      308      0      1      3      200      0      3.62517
31      5      309      0      1      3      200      0      3.91083
31      5      310      0      1      3      200      0      3.73855
31      5      311      0      1      3      200      0      3.70272
31      5      312      0      1      3      200      0      3.89337
31      5      313      0      1      3      200      0      3.85005
31      5      314      0      1      3      200      0      3.55565
31      5      315      0      1      3      200      0      3.76941
31      5      316      0      1      3      200      0      3.60937
31      5      317      0      1      3      200      0      4.04473
31      5      318      0      1      3      200      0      3.74157
31      5      319      0      1      3      200      0      3.66201
31      5      320      0      1      3      200      0      3.48176
31      5      321      0      1      3      200      0      3.79
31      5      322      0      1      3      200      0      4.01035
31      5      323      0      1      3      200      0      4.07079
31      5      324      0      1      3      200      0      3.84764
31      5      325      0      1      3      200      0      3.79502
31      5      326      0      1      3      200      0      3.70121
31      5      327      0      1      3      200      0      4.11324
31      5      328      0      1      3      200      0      3.87387
31      5      329      0      1      3      200      0      4.06347
31      5      330      0      1      3      200      0      3.97829
31      5      331      0      1      3      200      0      3.64994
31      5      332      0      1      3      200      0      3.72288
31      5      333      0      1      3      200      0      3.95
31      5      334      0      1      3      200      0      3.91742
31      5      335      0      1      3      200      0      3.94941
31      5      336      0      1      3      200      0      3.86155
31      5      337      0      1      3      200      0      3.97757
31      5      338      0      1      3      200      0      3.96347
31      5      339      0      1      3      200      0      3.68874
31      5      340      0      1      3      200      0      3.79736
31      5      341      0      1      3      200      0      3.87991
31      5      342      0      1      3      200      0      3.84747
31      5      343      0      1      3      200      0      3.62725
31      5      344      0      1      3      200      0      3.80917
31      5      345      0      1      3      200      0      3.9147
31      5      346      0      1      3      200      0      3.78696
31      5      347      0      1      3      200      0      3.91566
31      5      348      0      1      3      200      0      3.98391
31      5      349      0      1      3      200      0      3.77625
31      5      350      0      1      3      200      0      4.00429
31      5      351      0      1      3      200      0      3.94935
31      5      352      0      1      3      200      0      3.87777
31      5      353      0      1      3      200      0      3.75037
31      5      354      0      1      3      200      0      3.64454
31      5      355      0      1      3      200      0      4.00098
31      5      356      0      1      3      200      0      3.8104
31      5      357      0      1      3      200      0      3.98422
31      5      358      0      1      3      200      0      3.61334
31      5      359      0      1      3      200      0      3.83333
31      5      360      0      1      3      200      0      3.77114
31      5      361      0      1      3      200      0      3.89677
31      5      362      0      1      3      200      0      3.72404
31      5      363      0      1      3      200      0      3.63733
31      5      364      0      1      3      200      0      3.90429
31      5      365      0      1      3      200      0      3.62001
31      5      366      0      1      3      200      0      3.68039
31      5      367      0      1      3      200      0      3.85305
31      5      368      0      1      3      200      0      3.65508
31      5      369      0      1      3      200      0      3.50163
31      5      370      0      1      3      200      0      3.52143
31      5      371      0      1      3      200      0      3.69996
31      5      372      0      1      3      200      0      3.67614
31      5      373      0      1      3      200      0      3.52955
31      5      374      0      1      3      200      0      3.63456
31      5      375      0      1      3      200      0      3.62671
31      5      376      0      1      3      200      0      3.65778
31      5      377      0      1      3      200      0      3.77608
31      5      378      0      1      3      200      0      3.82747
31      5      379      0      1      3      200      0      3.60416
31      5      380      0      1      3      200      0      4.01374
31      5      381      0      1      3      200      0      3.60968
31      5      382      0      1      3      200      0      3.80632
31      5      383      0      1      3      200      0      3.73469
31      5      384      0      1      3      200      0      3.79488
31      5      385      0      1      3      200      0      3.70353
31      5      386      0      1      3      200      0      3.91736
31      5      387      0      1      3      200      0      3.72234
31      5      388      0      1      3      200      0      3.71537
31      5      389      0      1      3      200      0      3.72675
31      5      390      0      1      3      200      0      4.03489
31      5      391      0      1      3      200      0      3.67311
31      5      392      0      1      3      200      0      3.85314
31      5      393      0      1      3      200      0      3.84599
31      5      394      0      1      3      200      0      3.59542
31      5      395      0      1      3      200      0      3.40985
31      5      396      0      1      3      200      0      3.81937
31      5      397      0      1      3      200      0      3.61798
31      5      398      0      1      3      200      0      3.83355
31      5      399      0      1      3      200      0      3.46321
31      5      400      0      1      3      200      0      3.71018
31      5      401      0      1      3      200      0      3.81611
31      5      402      0      1      3      200      0      3.70281
31      5      403      0      1      3      200      0      3.72543
31      5      404      0      1      3      200      0      3.78407
31      5      405      0      1      3      200      0      3.66415
31      5      406      0      1      3      200      0      3.75221
31      5      407      0      1      3      200      0      3.56006
31      5      408      0      1      3      200      0      3.60127
31      5      409      0      1      3      200      0      3.63748
31      5      410      0      1      3      200      0      3.50954
31      5      411      0      1      3      200      0      3.82606
31      5      412      0      1      3      200      0      3.84597
31      5      413      0      1      3      200      0      3.5955
31      5      414      0      1      3      200      0      3.62526
31      5      415      0      1      3      200      0      3.59813
31      5      416      0      1      3      200      0      3.70569
31      5      417      0      1      3      200      0      3.65308
31      5      418      0      1      3      200      0      3.70556
31      5      419      0      1      3      200      0      4.00561
31      5      420      0      1      3      200      0      3.8331
31      5      421      0      1      3      200      0      3.90868
31      5      422      0      1      3      200      0      3.78519
31      5      423      0      1      3      200      0      3.71244
31      5      424      0      1      3      200      0      3.69978
31      5      425      0      1      3      200      0      3.67921
31      5      426      0      1      3      200      0      3.61086
31      5      427      0      1      3      200      0      3.59141
31      5      428      0      1      3      200      0      3.78242
31      5      429      0      1      3      200      0      3.91879
31      5      430      0      1      3      200      0      3.63262
31      5      431      0      1      3      200      0      3.67177
31      5      432      0      1      3      200      0      3.86915
31      5      433      0      1      3      200      0      3.61418
31      5      434      0      1      3      200      0      3.78535
31      5      435      0      1      3      200      0      3.82145
31      5      436      0      1      3      200      0      3.76746
31      5      437      0      1      3      200      0      3.8067
31      5      438      0      1      3      200      0      3.51589
31      5      439      0      1      3      200      0      3.80424
31      5      440      0      1      3      200      0      3.89544
31      5      441      0      1      3      200      0      3.90631
31      5      442      0      1      3      200      0      3.52405
31      5      443      0      1      3      200      0      3.71925
31      5      444      0      1      3      200      0      3.60527
31      5      445      0      1      3      200      0      3.88105
31      5      446      0      1      3      200      0      3.94254
31      5      447      0      1      3      200      0      3.86551
31      5      448      0      1      3      200      0      3.88531
31      5      449      0      1      3      200      0      4.10636
31      5      450      0      1      3      200      0      3.77479
31      5      451      0      1      3      200      0      3.77109
31      5      452      0      1      3      200      0      3.98387
31      5      453      0      1      3      200      0      3.80471
31      5      454      0      1      3      200      0      3.99557
31      5      455      0      1      3      200      0      3.9291
31      5      456      0      1      3      200      0      3.77856
31      5      457      0      1      3      200      0      3.8564
31      5      458      0      1      3      200      0      3.6261
31      5      459      0      1      3      200      0      3.60614
31      5      460      0      1      3      200      0      3.74168
31      5      461      0      1      3      200      0      3.72095
31      5      462      0      1      3      200      0      3.72902
31      5      463      0      1      3      200      0      3.6533
31      5      464      0      1      3      200      0      3.72184
31      5      465      0      1      3      200      0      3.49614
31      5      466      0      1      3      200      0      3.73326
31      5      467      0      1      3      200      0      3.75345
31      5      468      0      1      3      200      0      3.51026
31      5      469      0      1      3      200      0      3.63455
31      5      470      0      1      3      200      0      3.47439
31      5      471      0      1      3      200      0      3.53639
31      5      472      0      1      3      200      0      3.82185
31      5      473      0      1      3      200      0      3.72463
31      5      474      0      1      3      200      0      3.72294
31      5      475      0      1      3      200      0      3.75514
31      5      476      0      1      3      200      0      3.45757
31      5      477      0      1      3      200      0      3.73751
31      5      478      0      1      3      200      0      3.63641
31      5      479      0      1      3      200      0      3.59396
31      5      480      0      1      3      200      0      3.72297
31      5      481      0      1      3      200      0      3.70567
31      5      482      0      1      3      200      0      3.69494
31      5      483      0      1      3      200      0      3.70288
31      5      484      0      1      3      200      0      4.06816
31      5      485      0      1      3      200      0      3.89691
31      5      486      0      1      3      200      0      4.1147
31      5      487      0      1      3      200      0      3.7713
31      5      488      0      1      3      200      0      3.88283
31      5      489      0      1      3      200      0      3.67787
31      5      490      0      1      3      200      0      3.74117
31      5      491      0      1      3      200      0      3.66142
31      5      492      0      1      3      200      0      3.7945
31      5      493      0      1      3      200      0      3.81673
31      5      494      0      1      3      200      0      3.68422
31      5      495      0      1      3      200      0      3.92797
31      5      496      0      1      3      200      0      3.66176
31      5      497      0      1      3      200      0      3.70297
31      5      498      0      1      3      200      0      3.75455
31      5      499      0      1      3      200      0      3.79477
31      5      500      0      1      3      200      0      3.78662
31      5      501      0      1      3      200      0      3.62543
31      5      502      0      1      3      200      0      3.8653
31      5      503      0      1      3      200      0      3.67348
31      5      504      0      1      3      200      0      3.77488
31      5      505      0      1      3      200      0      3.66947
31      5      506      0      1      3      200      0      3.74818
31      5      507      0      1      3      200      0      3.70819
31      5      508      0      1      3      200      0      3.77194
31      5      509      0      1      3      200      0      3.69529
31      5      510      0      1      3      200      0      3.83045
31      5      511      0      1      3      200      0      3.82571
31      5      512      0      1      3      200      0      3.90103
31      5      513      0      1      3      200      0      3.82887
31      5      514      0      1      3      200      0      4.05393
31      5      515      0      1      3      200      0      3.72308
31      5      516      0      1      3      200      0      3.92036
31      5      517      0      1      3      200      0      4.07046
31      5      518      0      1      3      200      0      3.88228
31      5      519      0      1      3      200      0      3.92452
31      5      520      0      1      3      200      0      3.80778
31      5      521      0      1      3      200      0      3.79259
31      5      522      0      1      3      200      0      3.83467
31      5      523      0      1      3      200      0      3.88949
31      5      524      0      1      3      200      0      3.88564
31      5      525      0      1      3      200      0      3.79397
31      5      526      0      1      3      200      0      4.08948
31      5      527      0      1      3      200      0      3.8234
31      5      528      0      1      3      200      0      3.66356
31      5      529      0      1      3      200      0      3.88885
31      5      530      0      1      3      200      0      4.02247
31      5      531      0      1      3      200      0      3.46054
31      5      532      0      1      3      200      0      3.85366
31      5      533      0      1      3      200      0      3.74774
31      5      534      0      1      3      200      0      3.95109
31      5      535      0      1      3      200      0      3.78818
31      5      536      0      1      3      200      0      3.64809
31      5      537      0      1      3      200      0      3.64954
31      5      538      0      1      3      200      0      3.71758
31      5      539      0      1      3      200      0      3.64451
31      5      540      0      1      3      200      0      3.80007
31      5      541      0      1      3      200      0      3.71057
31      5      542      0      1      3      200      0      3.96081
31      5      543      0      1      3      200      0      3.74997
31      5      544      0      1      3      200      0      3.97384
31      5      545      0      1      3      200      0      4.10256
31      5      546      0      1      3      200      0      4.01855
31      5      547      0      1      3      200      0      3.89045
31      5      548      0      1      3      200      0      3.71839
31      5      549      0      1      3      200      0      4.02592
31      5      550      0      1      3      200      0      4.03032
31      5      551      0      1      3      200      0      4.14084
31      5      552      0      1      3      200      0      3.74611
31      5      553      0      1      3      200      0      3.82272
31      5      554      0      1      3      200      0      3.82218
31      5      555      0      1      3      200      0      3.82448
31      5      556      0      1      3      200      0      3.8508
31      5      557      0      1      3      200      0      3.88882
31      5      558      0      1      3      200      0      3.94085
31      5      559      0      1      3      200      0      4.11488
31      5      560      0      1      3      200      0      3.63053
31      5      561      0      1      3      200      0      3.8976
31      5      562      0      1      3      200      0      4.10397
31      5      563      0      1      3      200      0      3.88867
31      5      564      0      1      3      200      0      3.91713
31      5      565      0      1      3      200      0      4.05332
31      5      566      0      1      3      200      0      3.90587
31      5      567      0      1      3      200      0      4.0025
31      5      568      0      1      3      200      0      4.0341
31      5      569      0      1      3      200      0      3.80616
31      5      570      0      1      3      200      0      3.93766
31      5      571      0      1      3      200      0      3.82445
31      5      572      0      1      3      200      0      4.12358
31      5      573      0      1      3      200      0      3.80627
31      5      574      0      1      3      200      0      3.88944
31      5      575      0      1      3      200      0      3.96957
31      5      576      0      1      3      200      0      3.91126
31      5      577      0      1      3      200      0      3.97887
31      5      578      0      1      3      200      0      3.94864
31      5      579      0      1      3      200      0      3.85049
31      5      580      0      1      3      200      0      3.96514
31      5      581      0      1      3      200      0      3.65265
31      5      582      0      1      3      200      0      3.7596
31      5      583      0      1      3      200      0      3.96808
31      5      584      0      1      3      200      0      3.78574
31      5      585      0      1      3      200      0      4.048
31      5      586      0      1      3      200      0      3.97824
31      5      587      0      1      3      200      0      4.08057
31      5      588      0      1      3      200      0      3.99159
31      5      589      0      1      3      200      0      3.86461
31      5      590      0      1      3      200      0      4.00982
31      5      591      0      1      3      200      0      4.2292
31      5      592      0      1      3      200      0      3.82839
31      5      593      0      1      3      200      0      3.88205
31      5      594      0      1      3      200      0      3.7421
31      5      595      0      1      3      200      0      3.83468
31      5      596      0      1      3      200      0      3.83653
31      5      597      0      1      3      200      0      3.90036
31      5      598      0      1      3      200      0      3.98892
31      5      599      0      1      3      200      0      3.94405
31      5      600      0      1      3      200      0      3.72403
31      5      601      0      1      3      200      0      3.87267
31      5      602      0      1      3      200      0      3.90021
31      5      603      0      1      3      200      0      3.76909
31      5      604      0      1      3      200      0      4.02911
31      5      605      0      1      3      200      0      3.79006
31      5      606      0      1      3      200      0      3.55016
31      5      607      0      1      3      200      0      4.08921
31      5      608      0      1      3      200      0      3.92417
31      5      609      0      1      3      200      0      3.87693
31      5      610      0      1      3      200      0      3.8717
31      5      611      0      1      3      200      0      3.94862
31      5      612      0      1      3      200      0      3.79127
31      5      613      0      1      3      200      0      3.74903
31      5      614      0      1      3      200      0      3.97083
31      5      615      0      1      3      200      0      3.97448
31      5      616      0      1      3      200      0      3.7899
31      5      617      0      1      3      200      0      4.12918
31      5      618      0      1      3      200      0      3.90803
31      5      619      0      1      3      200      0      3.82123
31      5      620      0      1      3      200      0      3.67787
31      5      621      0      1      3      200      0      3.98324
31      5      622      0      1      3      200      0      3.70447
31      5      623      0      1      3      200      0      3.77997
31      5      624      0      1      3      200      0      3.96368
31      5      625      0      1      3      200      0      3.93623
31      5      626      0      1      3      200      0      3.86112
31      5      627      0      1      3      200      0      3.98883
31      5      628      0      1      3      200      0      3.89815
31      5      629      0      1      3      200      0      3.95416
31      5      630      0      1      3      200      0      3.9721
31      5      631      0      1      3      200      0      3.66473
31      5      632      0      1      3      200      0      3.84917
31      5      633      0      1      3      200      0      3.89302
31      5      634      0      1      3      200      0      3.81984
31      5      635      0      1      3      200      0      3.69359
31      5      636      0      1      3      200      0      3.94539
31      5      637      0      1      3      200      0      4.05225
31      5      638      0      1      3      200      0      4.12931
31      5      639      0      1      3      200      0      3.94381
31      5      640      0      1      3      200      0      4.02535
31      5      641      0      1      3      200      0      3.8479
31      5      642      0      1      3      200      0      3.95938
31      5      643      0      1      3      200      0      4.01421
31      5      644      0      1      3      200      0      3.94447
31      5      645      0      1      3      200      0      4.0299
31      5      646      0      1      3      200      0      4.00862
31      5      647      0      1      3      200      0      4.01106
31      5      648      0      1      3      200      0      3.81299
31      5      649      0      1      3      200      0      3.97667
31      5      650      0      1      3      200      0      3.87562
31      5      651      0      1      3      200      0      3.74575
31      5      652      0      1      3      200      0      4.08428
31      5      653      0      1      3      200      0      3.81686
31      5      654      0      1      3      200      0      3.84353
31      5      655      0      1      3      200      0      3.95558
31      5      656      0      1      3      200      0      3.81271
31      5      657      0      1      3      200      0      3.85175
31      5      658      0      1      3      200      0      3.87953
31      5      659      0      1      3      200      0      3.81583
31      5      660      0      1      3      200      0      3.90554
31      5      661      0      1      3      200      0      3.92723
31      5      662      0      1      3      200      0      3.7328
31      5      663      0      1      3      200      0      3.84807
31      5      664      0      1      3      200      0      3.85254
31      5      665      0      1      3      200      0      3.89051
31      5      666      0      1      3      200      0      3.76666
31      5      667      0      1      3      200      0      3.99138
31      5      668      0      1      3      200      0      3.9361
31      5      669      0      1      3      200      0      3.87819
31      5      670      0      1      3      200      0      3.92402
31      5      671      0      1      3      200      0      4.12479
31      5      672      0      1      3      200      0      3.93709
31      5      673      0      1      3      200      0      3.56822
31      5      674      0      1      3      200      0      3.83211
31      5      675      0      1      3      200      0      3.65818
31      5      676      0      1      3      200      0      3.78432
31      5      677      0      1      3      200      0      3.85502
31      5      678      0      1      3      200      0      3.81411
31      5      679      0      1      3      200      0      3.78067
31      5      680      0      1      3      200      0      3.8521
31      5      681      0      1      3      200      0      3.83154
31      5      682      0      1      3      200      0      3.72209
31      5      683      0      1      3      200      0      3.73467
31      5      684      0      1      3      200      0      4.12317
31      5      685      0      1      3      200      0      3.51511
31      5      686      0      1      3      200      0      3.37104
31      5      687      0      1      3      200      0      3.73872
31      5      688      0      1      3      200      0      3.70809
31      5      689      0      1      3      200      0      3.83329
31      5      690      0      1      3      200      0      4.06188
31      5      691      0      1      3      200      0      3.67596
31      5      692      0      1      3      200      0      3.66078
31      5      693      0      1      3      200      0      3.83604
31      5      694      0      1      3      200      0      3.70334
31      5      695      0      1      3      200      0      3.74729
31      5      696      0      1      3      200      0      3.81913
31      5      697      0      1      3      200      0      3.80456
31      5      698      0      1      3      200      0      3.67326
31      5      699      0      1      3      200      0      3.66987
31      5      700      0      1      3      200      0      3.91131
31      5      701      0      1      3      200      0      3.78019
31      5      702      0      1      3      200      0      3.89426
31      5      703      0      1      3      200      0      3.61237
31      5      704      0      1      3      200      0      4.29367
31      5      705      0      1      3      200      0      4.16292
31      5      706      0      1      3      200      0      4.03644
31      5      707      0      1      3      200      0      4.2541
31      5      708      0      1      3      200      0      3.76144
31      5      709      0      1      3      200      0      3.91539
31      5      710      0      1      3      200      0      4.08353
31      5      711      0      1      3      200      0      4.01481
31      5      712      0      1      3      200      0      4.14365
31      5      713      0      1      3      200      0      4.19018
31      5      714      0      1      3      200      0      4.02915
31      5      715      0      1      3      200      0      4.08357
31      5      716      0      1      3      200      0      4.2382
31      5      717      0      1      3      200      0      3.93896
31      5      718      0      1      3      200      0      4.07244
31      5      719      0      1      3      200      0      3.9543
31      5      720      0      1      3      200      0      4.0466
31      5      721      0      1      3      200      0      4.10863
31      5      722      0      1      3      200      0      3.9787
31      5      723      0      1      3      200      0      4.02722
31      5      724      0      1      3      200      0      4.20062
31      5      725      0      1      3      200      0      4.04588
31      5      726      0      1      3      200      0      4.04024
31      5      727      0      1      3      200      0      4.15098
31      5      728      0      1      3      200      0      3.97173
31      5      729      0      1      3      200      0      4.01316
31      5      730      0      1      3      200      0      4.03908
31      5      731      0      1      3      200      0      4.12235
31      5      732      0      1      3      200      0      4.1214
31      5      733      0      1      3      200      0      3.99448
31      5      734      0      1      3      200      0      4.22032
31      5      735      0      1      3      200      0      4.13474
31      5      736      0      1      3      200      0      4.07562
31      5      737      0      1      3      200      0      4.0809
31      5      738      0      1      3      200      0      3.88719
31      5      739      0      1      3      0      0      0
31      5      740      0      1      3      200      0      3.92047
31      5      741      0      1      3      200      0      4.04673
31      5      742      0      1      3      200      0      3.78659
31      5      743      0      1      3      200      0      3.7813
31      5      744      0      1      3      200      0      4.06897
31      5      745      0      1      3      200      0      3.92569
31      5      746      0      1      3      200      0      4.06391
31      5      747      0      1      3      200      0      3.92795
31      5      748      0      1      3      200      0      4.1803
31      5      749      0      1      3      200      0      4.16523
31      5      750      0      1      3      200      0      4.09257
31      5      751      0      1      3      200      0      4.20213
31      5      752      0      1      3      200      0      3.92045
31      5      753      0      1      3      200      0      4.22534
31      5      754      0      1      3      200      0      4.14749
31      5      755      0      1      3      200      0      3.98222
31      5      756      0      1      3      200      0      4.00024
31      5      757      0      1      3      200      0      4.00954
31      5      758      0      1      3      200      0      4.13094
31      5      759      0      1      3      200      0      4.11136
31      5      760      0      1      3      200      0      4.11583
31      5      761      0      1      3      200      0      4.03638
31      5      762      0      1      3      200      0      4.09257
31      5      763      0      1      3      200      0      4.14114
31      5      764      0      1      3      200      0      4.15407
31      5      765      0      1      3      200      0      3.78827
31      5      766      0      1      3      200      0      4.03465
31      5      767      0      1      3      200      0      4.01762
31      5      768      0      1      3      200      0      4.15261
31      5      769      0      1      3      200      0      3.8761
31      5      770      0      1      3      200      0      3.83451
31      5      771      0      1      3      200      0      3.92797
31      5      772      0      1      3      200      0      3.99068
31      5      773      0      1      3      200      0      4.03944
31      5      774      0      1      3      200      0      4.02333
31      5      775      0      1      3      200      0      3.79404
31      5      776      0      1      3      200      0      4.05211
31      5      777      0      1      3      200      0      4.3097
31      5      778      0      1      3      200      0      4.00031
31      5      779      0      1      3      200      0      4.16664
31      5      780      0      1      3      200      0      3.9704
31      5      781      0      1      3      200      0      4.07219
31      5      782      0      1      3      200      0      4.0269
31      5      783      0      1      3      200      0      4.07351
31      5      784      0      1      3      200      0      4.08919
31      5      785      0      1      3      200      0      4.09012
31      5      786      0      1      3      200      0      4.02639
31      5      787      0      1      3      200      0      3.81484
31      5      788      0      1      3      200      0      4.04685
31      5      789      0      1      3      200      0      4.04933
31      5      790      0      1      3      200      0      4.00081
31      5      791      0      1      3      200      0      4.13472
31      5      792      0      1      3      200      0      3.9081
31      5      793      0      1      3      200      0      3.97214
31      5      794      0      1      3      200      0      4.26441
31      5      795      0      1      3      200      0      4.12853
31      5      796      0      1      3      200      0      4.11552
31      5      797      0      1      3      200      0      3.97344
31      5      798      0      1      3      200      0      3.88299
31      5      799      0      1      3      200      0      4.0833
31      6      0      0      1      3      0      0      0
31      6      1      0      1      3      200      0      4.07472
31      6      2      0      1      3      200      0      4.31578
31      6      3      0      1      3      200      0      4.39673
31      6      4      0      1      3      200      0      4.09501
31      6      5      0      1      3      200      0      4.0372
31      6      6      0      1      3      200      0      4.0335
31      6      7      0      1      3      200      0      3.98524
31      6      8      0      1      3      200      0      3.9696
31      6      9      0      1      3      200      0      4.01728
31      6      10      0      1      3      200      0      4.35005
31      6      11      0      1      3      200      0      3.97329
31      6      12      0      1      3      200      0      4.12167
31      6      13      0      1      3      200      0      4.37809
31      6      14      0      1      3      200      0      4.29135
31      6      15      0      1      3      200      0      4.22079
31      6      16      0      1      3      200      0      4.21419
31      6      17      0      1      3      200      0      4.18181
31      6      18      0      1      3      200      0      4.36864
31      6      19      0      1      3      200      0      4.27102
31      6      20      0      1      3      200      0      4.17602
31      6      21      0      1      3      200      0      4.35134
31      6      22      0      1      3      200      0      4.1758
31      6      23      0      1      3      200      0      4.06545
31      6      24      0      1      3      200      0      3.74346
31      6      25      0      1      3      200      0      4.24261
31      6      26      0      1      3      200      0      4.04803
31      6      27      0      1      3      200      0      4.15246
31      6      28      0      1      3      200      0      3.94741
31      6      29      0      1      3      200      0      4.06185
31      6      30      0      1      3      200      0      4.37493
31      6      31      0      1      3      200      0      4.18446
31      6      32      0      1      3      200      0      4.05867
31      6      33      0      1      3      200      0      3.85331
31      6      34      0      1      3      200      0      4.16763
31      6      35      0      1      3      200      0      3.81102
31      6      36      0      1      3      200      0      4.51386
31      6      37      0      1      3      200      0      4.14904
31      6      38      0      1      3      200      0      3.9623
31      6      39      0      1      3      200      0      3.90764
31      6      40      0      1      3      200      0      3.91346
31      6      41      0      1      3      200      0      3.5722
31      6      42      0      1      3      200      0      3.88719
31      6      43      0      1      3      200      0      3.90465
31      6      44      0      1      3      200      0      3.9074
31      6      45      0      1      3      200      0      3.69613
31      6      46      0      1      3      200      0      3.91044
31      6      47      0      1      3      200      0      4.15885
31      6      48      0      1      3      200      0      3.64856
31      6      49      0      1      3      200      0      3.9375
31      6      50      0      1      3      200      0      3.94473
31      6      51      0      1      3      200      0      3.41109
31      6      52      0      1      3      200      0      3.85636
31      6      53      0      1      3      200      0      3.91773
31      6      54      0      1      3      200      0      3.64984
31      6      55      0      1      3      200      0      3.78903
31      6      56      0      1      3      200      0      3.81629
31      6      57      0      1      3      200      0      3.92172
31      6      58      0      1      3      200      0      3.66966
31      6      59      0      1      3      200      0      3.67611
31      6      60      0      1      3      200      0      3.18589
31      6      61      0      1      3      200      0      4.07859
31      6      62      0      1      3      200      0      4.04288
31      6      63      0      1      3      200      0      4.70912
31      6      64      0      1      3      200      0      3.8978
31      6      65      0      1      3      200      0      3.86084
31      6      66      0      1      3      200      0      4.07245
31      6      67      0      1      3      200      0      4.06874
31      6      68      0      1      3      200      0      4.08166
31      6      69      0      1      3      200      0      4.03411
31      6      70      0      1      3      200      0      3.8755
31      6      71      0      1      3      200      0      3.87239
31      6      72      0      1      3      200      0      4.02017
31      6      73      0      1      3      200      0      4.25553
31      6      74      0      1      3      200      0      3.91067
31      6      75      0      1      3      200      0      3.92594
31      6      76      0      1      3      200      0      3.9746
31      6      77      0      1      3      200      0      4.0662
31      6      78      0      1      3      200      0      4.09689
31      6      79      0      1      3      200      0      4.06291
31      6      80      0      1      3      200      0      3.95184
31      6      81      0      1      3      200      0      4.0131
31      6      82      0      1      3      200      0      3.85075
31      6      83      0      1      3      200      0      4.36049
31      6      84      0      1      3      200      0      3.64769
31      6      85      0      1      3      200      0      3.93291
31      6      86      0      1      3      200      0      3.93014
31      6      87      0      1      3      200      0      3.842
31      6      88      0      1      3      200      0      3.98563
31      6      89      0      1      3      200      0      3.83136
31      6      90      0      1      3      200      0      4.12907
31      6      91      0      1      3      200      0      3.90814
31      6      92      0      1      3      200      0      4.12079
31      6      93      0      1      3      200      0      3.85685
31      6      94      0      1      3      200      0      3.87814
31      6      95      0      1      3      200      0      4.01766
31      6      96      0      1      3      200      0      4.17308
31      6      97      0      1      3      200      0      4.13083
31      6      98      0      1      3      200      0      4.3053
31      6      99      0      1      3      200      0      4.00723
31      6      100      0      1      3      200      0      4.09292
31      6      101      0      1      3      200      0      3.87655
31      6      102      0      1      3      200      0      3.72736
31      6      103      0      1      3      200      0      3.97524
31      6      104      0      1      3      200      0      3.81377
31      6      105      0      1      3      200      0      3.79173
31      6      106      0      1      3      200      0      3.84091
31      6      107      0      1      3      200      0      3.80519
31      6      108      0      1      3      200      0      3.89339
31      6      109      0      1      3      200      0      4.02247
31      6      110      0      1      3      200      0      3.91997
31      6      111      0      1      3      200      0      3.93363
31      6      112      0      1      3      200      0      4.03079
31      6      113      0      1      3      200      0      4.04293
31      6      114      0      1      3      200      0      4.11892
31      6      115      0      1      3      200      0      4.06124
31      6      116      0      1      3      200      0      3.84279
31      6      117      0      1      3      200      0      3.80163
31      6      118      0      1      3      200      0      3.70542
31      6      119      0      1      3      200      0      3.93729
31      6      120      0      1      3      200      0      3.69677
31      6      121      0      1      3      200      0      3.73325
31      6      122      0      1      3      200      0      3.91016
31      6      123      0      1      3      200      0      3.80004
31      6      124      0      1      3      200      0      3.85119
31      6      125      0      1      3      200      0      3.77896
31      6      126      0      1      3      200      0      4.1152
31      6      127      0      1      3      200      0      4.93867
31      6      128      0      1      3      200      0      4.4231
31      6      129      0      1      3      200      0      3.89709
31      6      130      0      1      3      200      0      4.22409
31      6      131      0      1      3      200      0      3.72472
31      6      132      0      1      3      200      0      4.21769
31      6      133      0      1      3      200      0      3.74261
31      6      134      0      1      3      200      0      4.10844
31      6      135      0      1      3      200      0      3.81995
31      6      136      0      1      3      200      0      4.0583
31      6      137      0      1      3      200      0      4.10946
31      6      138      0      1      3      200      0      4.13341
31      6      139      0      1      3      200      0      3.98895
31      6      140      0      1      3      200      0      3.74042
31      6      141      0      1      3      200      0      3.99136
31      6      142      0      1      3      200      0      3.73301
31      6      143      0      1      3      200      0      4.03029
31      6      144      0      1      3      200      0      3.80096
31      6      145      0      1      3      200      0      3.90402
31      6      146      0      1      3      200      0      3.92063
31      6      147      0      1      3      200      0      3.8438
31      6      148      0      1      3      200      0      3.78488
31      6      149      0      1      3      200      0      3.92886
31      6      150      0      1      3      200      0      3.97992
31      6      151      0      1      3      200      0      3.93555
31      6      152      0      1      3      200      0      3.99006
31      6      153      0      1      3      200      0      3.88859
31      6      154      0      1      3      200      0      4.09702
31      6      155      0      1      3      200      0      3.83311
31      6      156      0      1      3      200      0      3.94151
31      6      157      0      1      3      200      0      3.98579
31      6      158      0      1      3      200      0      3.83639
31      6      159      0      1      3      200      0      4.79849
31      6      160      0      1      3      200      0      4.00673
31      6      161      0      1      3      200      0      4.02865
31      6      162      0      1      3      200      0      4.09645
31      6      163      0      1      3      200      0      4.04356
31      6      164      0      1      3      200      0      4.32677
31      6      165      0      1      3      200      0      3.98899
31      6      166      0      1      3      200      0      4.11619
31      6      167      0      1      3      200      0      4.03329
31      6      168      0      1      3      200      0      4.07046
31      6      169      0      1      3      200      0      4.09913
31      6      170      0      1      3      200      0      4.14278
31      6      171      0      1      3      200      0      3.80742
31      6      172      0      1      3      200      0      4.59367
31      6      173      0      1      3      200      0      3.83503
31      6      174      0      1      3      200      0      4.03256
31      6      175      0      1      3      200      0      4.10529
31      6      176      0      1      3      200      0      4.30172
31      6      177      0      1      3      200      0      4.25489
31      6      178      0      1      3      200      0      4.11667
31      6      179      0      1      3      200      0      4.20243
31      6      180      0      1      3      200      0      4.06976
31      6      181      0      1      3      200      0      3.95019
31      6      182      0      1      3      200      0      4.11167
31      6      183      0      1      3      200      0      4.22935
31      6      184      0      1      3      200      0      3.97229
31      6      185      0      1      3      200      0      3.95845
31      6      186      0      1      3      200      0      4.00961
31      6      187      0      1      3      200      0      4.04788
31      6      188      0      1      3      200      0      3.97465
31      6      189      0      1      3      200      0      4.07583
31      6      190      0      1      3      200      0      3.88442
31      6      191      0      1      3      200      0      3.92846
31      6      192      0      1      3      200      0      4.18602
31      6      193      0      1      3      200      0      4.08236
31      6      194      0      1      3      200      0      3.92931
31      6      195      0      1      3      200      0      4.04282
31      6      196      0      1      3      200      0      3.74106
31      6      197      0      1      3      200      0      3.71205
31      6      198      0      1      3      200      0      3.85394
31      6      199      0      1      3      200      0      3.88046
31      6      200      0      1      3      200      0      3.82875
31      6      201      0      1      3      200      0      3.89678
31      6      202      0      1      3      200      0      4.10526
31      6      203      0      1      3      200      0      3.84067
31      6      204      0      1      3      200      0      3.78655
31      6      205      0      1      3      200      0      3.81722
31      6      206      0      1      3      200      0      3.9973
31      6      207      0      1      3      200      0      3.55524
31      6      208      0      1      3      200      0      4.02993
31      6      209      0      1      3      200      0      3.96263
31      6      210      0      1      3      200      0      3.7993
31      6      211      0      1      3      200      0      3.9366
31      6      212      0      1      3      200      0      3.87183
31      6      213      0      1      3      200      0      3.78921
31      6      214      0      1      3      200      0      4.01033
31      6      215      0      1      3      200      0      3.95677
31      6      216      0      1      3      200      0      4.2962
31      6      217      0      1      3      200      0      4.19561
31      6      218      0      1      3      200      0      4.49579
31      6      219      0      1      3      200      0      4.32626
31      6      220      0      1      3      200      0      4.4021
31      6      221      0      1      3      200      0      4.42308
31      6      222      0      1      3      200      0      4.2303
31      6      223      0      1      3      200      0      4.37716
31      6      224      0      1      3      200      0      3.81926
31      6      225      0      1      3      200      0      3.89156
31      6      226      0      1      3      200      0      4.0005
31      6      227      0      1      3      200      0      4.02235
31      6      228      0      1      3      200      0      3.92759
31      6      229      0      1      3      200      0      3.80741
31      6      230      0      1      3      200      0      3.65275
31      6      231      0      1      3      200      0      3.76596
31      6      232      0      1      3      200      0      4.01986
31      6      233      0      1      3      200      0      3.99151
31      6      234      0      1      3      200      0      3.81748
31      6      235      0      1      3      200      0      3.99638
31      6      236      0      1      3      200      0      3.79179
31      6      237      0      1      3      200      0      4.12879
31      6      238      0      1      3      200      0      3.71541
31      6      239      0      1      3      200      0      3.65351
31      6      240      0      1      3      200      0      3.6169
31      6      241      0      1      3      200      0      3.933
31      6      242      0      1      3      200      0      3.92148
31      6      243      0      1      3      200      0      3.80092
31      6      244      0      1      3      200      0      3.91853
31      6      245      0      1      3      200      0      3.70225
31      6      246      0      1      3      200      0      4.05071
31      6      247      0      1      3      200      0      4.01991
31      6      248      0      1      3      200      0      3.91545
31      6      249      0      1      3      200      0      3.61213
31      6      250      0      1      3      200      0      3.83652
31      6      251      0      1      3      200      0      3.67727
31      6      252      0      1      3      200      0      2.63287
31      6      253      0      1      3      200      0      3.69841
31      6      254      0      1      3      200      0      3.93899
31      6      255      0      1      3      200      0      3.80327
31      6      256      0      1      3      0      0      -0.794651
31      6      257      0      1      3      200      0      4.4387
31      6      258      0      1      3      200      0      3.95523
31      6      259      0      1      3      200      0      3.79591
31      6      260      0      1      3      200      0      3.93092
31      6      261      0      1      3      200      0      3.70533
31      6      262      0      1      3      200      0      3.93764
31      6      263      0      1      3      200      0      3.8419
31      6      264      0      1      3      200      0      3.80952
31      6      265      0      1      3      200      0      3.9541
31      6      266      0      1      3      200      0      3.95418
31      6      267      0      1      3      200      0      3.93056
31      6      268      0      1      3      200      0      3.86665
31      6      269      0      1      3      200      0      3.88217
31      6      270      0      1      3      200      0      3.64031
31      6      271      0      1      3      200      0      3.75754
31      6      272      0      1      3      200      0      3.69314
31      6      273      0      1      3      200      0      4.03994
31      6      274      0      1      3      200      0      3.96417
31      6      275      0      1      3      200      0      4.10787
31      6      276      0      1      3      200      0      3.92146
31      6      277      0      1      3      200      0      3.82986
31      6      278      0      1      3      200      0      4.06817
31      6      279      0      1      3      200      0      3.97126
31      6      280      0      1      3      200      0      3.76837
31      6      281      0      1      3      200      0      3.87809
31      6      282      0      1      3      200      0      3.74415
31      6      283      0      1      3      200      0      3.82387
31      6      284      0      1      3      200      0      3.95988
31      6      285      0      1      3      200      0      3.94787
31      6      286      0      1      3      200      0      4.49865
31      6      287      0      1      3      200      0      4.04946
31      6      288      0      1      3      200      0      3.85637
31      6      289      0      1      3      200      0      4.07346
31      6      290      0      1      3      200      0      3.97977
31      6      291      0      1      3      200      0      4.03456
31      6      292      0      1      3      200      0      3.97441
31      6      293      0      1      3      200      0      4.1306
31      6      294      0      1      3      200      0      4.1107
31      6      295      0      1      3      200      0      4.12435
31      6      296      0      1      3      200      0      3.84644
31      6      297      0      1      3      200      0      3.75091
31      6      298      0      1      3      200      0      3.90845
31      6      299      0      1      3      200      0      3.9356
31      6      300      0      1      3      200      0      3.69846
31      6      301      0      1      3      200      0      4.08621
31      6      302      0      1      3      200      0      4.20841
31      6      303      0      1      3      200      0      3.97078
31      6      304      0      1      3      200      0      3.7825
31      6      305      0      1      3      200      0      3.9389
31      6      306      0      1      3      200      0      3.86219
31      6      307      0      1      3      200      0      3.94049
31      6      308      0      1      3      200      0      3.83093
31      6      309      0      1      3      200      0      4.02679
31      6      310      0      1      3      200      0      3.90014
31      6      311      0      1      3      200      0      4.06068
31      6      312      0      1      3      200      0      3.90257
31      6      313      0      1      3      200      0      3.92525
31      6      314      0      1      3      200      0      3.7615
31      6      315      0      1      3      200      0      4.00837
31      6      316      0      1      3      200      0      3.96743
31      6      317      0      1      3      200      0      4.02139
31      6      318      0      1      3      200      0      3.69464
31      6      319      0      1      3      200      0      4.0707
31      6      320      0      1      3      200      0      4.13043
31      6      321      0      1      3      200      0      4.19769
31      6      322      0      1      3      200      0      3.8727
31      6      323      0      1      3      200      0      3.91004
31      6      324      0      1      3      200      0      3.45782
31      6      325      0      1      3      200      0      3.66639
31      6      326      0      1      3      200      0      3.79283
31      6      327      0      1      3      200      0      3.9036
31      6      328      0      1      3      200      0      4.13707
31      6      329      0      1      3      200      0      4.26397
31      6      330      0      1      3      200      0      4.06557
31      6      331      0      1      3      200      0      3.77576
31      6      332      0      1      3      200      0      3.99337
31      6      333      0      1      3      200      0      3.77872
31      6      334      0      1      3      200      0      4.05158
31      6      335      0      1      3      200      0      3.89927
31      6      336      0      1      3      200      0      3.90397
31      6      337      0      1      3      200      0      4.02812
31      6      338      0      1      3      200      0      3.80362
31      6      339      0      1      3      200      0      3.60271
31      6      340      0      1      3      200      0      3.81601
31      6      341      0      1      3      200      0      3.92568
31      6      342      0      1      3      200      0      4.31622
31      6      343      0      1      3      200      0      3.96299
31      6      344      0      1      3      200      0      3.86902
31      6      345      0      1      3      200      0      4.05485
31      6      346      0      1      3      200      0      3.85388
31      6      347      0      1      3      200      0      3.88611
31      6      348      0      1      3      200      0      3.96993
31      6      349      0      1      3      200      0      4.18606
31      6      350      0      1      3      200      0      4.17804
31      6      351      0      1      3      200      0      3.70415
31      6      352      0      1      3      200      0      3.85224
31      6      353      0      1      3      200      0      3.76935
31      6      354      0      1      3      200      0      3.94258
31      6      355      0      1      3      200      0      3.93444
31      6      356      0      1      3      200      0      4.27363
31      6      357      0      1      3      200      0      3.424
31      6      358      0      1      3      200      0      4.04816
31      6      359      0      1      3      200      0      3.98454
31      6      360      0      1      3      200      0      3.82469
31      6      361      0      1      3      200      0      3.93948
31      6      362      0      1      3      200      0      3.99483
31      6      363      0      1      3      200      0      3.85139
31      6      364      0      1      3      200      0      3.75177
31      6      365      0      1      3      200      0      3.73057
31      6      366      0      1      3      200      0      4.1931
31      6      367      0      1      3      200      0      3.8888
31      6      368      0      1      3      200      0      3.67242
31      6      369      0      1      3      200      0      4.24633
31      6      370      0      1      3      200      0      3.88509
31      6      371      0      1      3      200      0      4.25934
31      6      372      0      1      3      200      0      3.81689
31      6      373      0      1      3      200      0      3.86723
31      6      374      0      1      3      200      0      4.5809
31      6      375      0      1      3      200      0      3.84816
31      6      376      0      1      3      200      0      4.12105
31      6      377      0      1      3      200      0      4.00783
31      6      378      0      1      3      200      0      3.88153
31      6      379      0      1      3      200      0      3.63146
31      6      380      0      1      3      200      0      3.98141
31      6      381      0      1      3      200      0      4.22762
31      6      382      0      1      3      0      0      0
31      6      383      0      1      3      200      0      3.83364
31      6      384      0      1      3      200      0      4.15632
31      6      385      0      1      3      200      0      3.96876
31      6      386      0      1      3      200      0      3.82516
31      6      387      0      1      3      200      0      4.37351
31      6      388      0      1      3      200      0      3.91126
31      6      389      0      1      3      200      0      4.03552
31      6      390      0      1      3      200      0      4.01664
31      6      391      0      1      3      200      0      3.83464
31      6      392      0      1      3      200      0      4.00628
31      6      393      0      1      3      200      0      3.96358
31      6      394      0      1      3      200      0      4.06423
31      6      395      0      1      3      200      0      3.81383
31      6      396      0      1      3      200      0      3.85058
31      6      397      0      1      3      200      0      3.97782
31      6      398      0      1      3      200      0      3.98653
31      6      399      0      1      3      200      0      4.04717
31      6      400      0      1      3      200      0      3.91531
31      6      401      0      1      3      200      0      3.94969
31      6      402      0      1      3      200      0      3.94428
31      6      403      0      1      3      200      0      3.85722
31      6      404      0      1      3      200      0      3.77382
31      6      405      0      1      3      200      0      4.01061
31      6      406      0      1      3      200      0      3.81412
31      6      407      0      1      3      200      0      4.03186
31      6      408      0      1      3      200      0      4.27199
31      6      409      0      1      3      200      0      4.10914
31      6      410      0      1      3      200      0      4.10101
31      6      411      0      1      3      200      0      3.84799
31      6      412      0      1      3      200      0      3.79394
31      6      413      0      1      3      200      0      4.20559
31      6      414      0      1      3      200      0      3.99384
31      6      415      0      1      3      200      0      3.93384
31      6      416      0      1      3      200      0      4.2024
31      6      417      0      1      3      200      0      4.04779
31      6      418      0      1      3      200      0      3.87502
31      6      419      0      1      3      200      0      3.95242
31      6      420      0      1      3      200      0      4.02221
31      6      421      0      1      3      200      0      4.06491
31      6      422      0      1      3      200      0      3.97056
31      6      423      0      1      3      200      0      4.02669
31      6      424      0      1      3      200      0      4.06747
31      6      425      0      1      3      200      0      4.19197
31      6      426      0      1      3      200      0      3.75591
31      6      427      0      1      3      200      0      4.13613
31      6      428      0      1      3      200      0      4.2039
31      6      429      0      1      3      200      0      4.00836
31      6      430      0      1      3      200      0      4.19009
31      6      431      0      1      3      200      0      3.94545
31      6      432      0      1      3      200      0      3.97945
31      6      433      0      1      3      200      0      4.1669
31      6      434      0      1      3      200      0      4.13559
31      6      435      0      1      3      200      0      4.20348
31      6      436      0      1      3      200      0      4.0757
31      6      437      0      1      3      200      0      4.04934
31      6      438      0      1      3      200      0      4.03461
31      6      439      0      1      3      200      0      4.02963
31      6      440      0      1      3      200      0      4.18568
31      6      441      0      1      3      200      0      3.80979
31      6      442      0      1      3      200      0      4.12916
31      6      443      0      1      3      200      0      4.14422
31      6      444      0      1      3      200      0      3.98165
31      6      445      0      1      3      200      0      3.95905
31      6      446      0      1      3      200      0      3.91156
31      6      447      0      1      3      200      0      3.99379
31      6      448      0      1      3      200      0      4.18691
31      6      449      0      1      3      200      0      4.10006
31      6      450      0      1      3      200      0      4.04362
31      6      451      0      1      3      200      0      4.2702
31      6      452      0      1      3      200      0      4.41511
31      6      453      0      1      3      200      0      4.16665
31      6      454      0      1      3      200      0      4.26119
31      6      455      0      1      3      200      0      4.40004
31      6      456      0      1      3      200      0      4.36964
31      6      457      0      1      3      200      0      4.31106
31      6      458      0      1      3      200      0      4.25554
31      6      459      0      1      3      200      0      4.17832
31      6      460      0      1      3      200      0      3.95829
31      6      461      0      1      3      200      0      4.31497
31      6      462      0      1      3      200      0      3.95402
31      6      463      0      1      3      200      0      4.2297
31      6      464      0      1      3      200      0      4.25302
31      6      465      0      1      3      200      0      4.20341
31      6      466      0      1      3      200      0      3.83151
31      6      467      0      1      3      200      0      4.27141
31      6      468      0      1      3      200      0      3.93831
31      6      469      0      1      3      200      0      3.89742
31      6      470      0      1      3      200      0      4.23661
31      6      471      0      1      3      200      0      4.06319
31      6      472      0      1      3      200      0      4.23641
31      6      473      0      1      3      200      0      4.06458
31      6      474      0      1      3      200      0      4.32936
31      6      475      0      1      3      200      0      4.2327
31      6      476      0      1      3      200      0      4.03394
31      6      477      0      1      3      200      0      4.24751
31      6      478      0      1      3      200      0      4.02473
31      6      479      0      1      3      200      0      4.16823
31      6      480      0      1      3      200      0      4.08001
31      6      481      0      1      3      200      0      4.25461
31      6      482      0      1      3      200      0      4.24221
31      6      483      0      1      3      200      0      3.80367
31      6      484      0      1      3      200      0      4.3043
31      6      485      0      1      3      200      0      4.14874
31      6      486      0      1      3      200      0      4.13735
31      6      487      0      1      3      200      0      4.18919
31      6      488      0      1      3      200      0      4.11418
31      6      489      0      1      3      200      0      4.2465
31      6      490      0      1      3      200      0      3.95433
31      6      491      0      1      3      200      0      5.15371
31      6      492      0      1      3      200      0      3.84721
31      6      493      0      1      3      200      0      3.98611
31      6      494      0      1      3      200      0      3.98419
31      6      495      0      1      3      200      0      4.16043
31      6      496      0      1      3      200      0      3.86442
31      6      497      0      1      3      200      0      3.91179
31      6      498      0      1      3      200      0      4.00827
31      6      499      0      1      3      200      0      3.94498
31      6      500      0      1      3      200      0      4.26941
31      6      501      0      1      3      200      0      4.13499
31      6      502      0      1      3      200      0      4.18482
31      6      503      0      1      3      200      0      4.3366
31      6      504      0      1      3      200      0      3.97096
31      6      505      0      1      3      200      0      4.10934
31      6      506      0      1      3      200      0      4.39733
31      6      507      0      1      3      200      0      3.99159
31      6      508      0      1      3      200      0      4.0509
31      6      509      0      1      3      200      0      4.26998
31      6      510      0      1      3      200      0      4.30763
31      6      511      0      1      3      200      0      4.21941
31      6      512      0      1      3      200      0      4.11956
31      6      513      0      1      3      200      0      4.22292
31      6      514      0      1      3      200      0      4.10702
31      6      515      0      1      3      200      0      4.19688
31      6      516      0      1      3      200      0      4.12289
31      6      517      0      1      3      200      0      3.96347
31      6      518      0      1      3      200      0      4.46274
31      6      519      0      1      3      200      0      4.30469
31      6      520      0      1      3      200      0      4.2214
31      6      521      0      1      3      200      0      4.11123
31      6      522      0      1      3      200      0      4.27695
31      6      523      0      1      3      200      0      4.15102
31      6      524      0      1      3      200      0      4.1684
31      6      525      0      1      3      200      0      4.19598
31      6      526      0      1      3      200      0      4.18758
31      6      527      0      1      3      200      0      4.11515
31      6      528      0      1      3      200      0      3.98982
31      6      529      0      1      3      200      0      4.1337
31      6      530      0      1      3      200      0      4.0411
31      6      531      0      1      3      200      0      3.97769
31      6      532      0      1      3      200      0      4.47047
31      6      533      0      1      3      200      0      4.23951
31      6      534      0      1      3      200      0      4.29879
31      6      535      0      1      3      200      0      4.59081
31      6      536      0      1      3      200      0      4.06022
31      6      537      0      1      3      200      0      4.24751
31      7      0      0      1      3      200      0      3.65708
31      7      1      0      1      3      200      0      3.66523
31      7      2      0      1      3      200      0      3.95195
31      7      3      0      1      3      200      0      3.76064
31      7      4      0      1      3      200      0      3.80046
31      7      5      0      1      3      200      0      3.62429
31      7      6      0      1      3      200      0      3.7369
31      7      7      0      1      3      200      0      3.73594
31      7      8      0      1      3      200      0      3.80549
31      7      9      0      1      3      200      0      3.86065
31      7      10      0      1      3      200      0      3.8855
31      7      11      0      1      3      200      0      3.86344
31      7      12      0      1      3      200      0      3.82457
31      7      13      0      1      3      200      0      3.64368
31      7      14      0      1      3      200      0      3.75887
31      7      15      0      1      3      200      0      3.9849
31      7      16      0      1      3      200      0      3.89052
31      7      17      0      1      3      200      0      3.68895
31      7      18      0      1      3      200      0      3.81569
31      7      19      0      1      3      200      0      3.909
31      7      20      0      1      3      200      0      3.71798
31      7      21      0      1      3      200      0      3.63033
31      7      22      0      1      3      200      0      3.61594
31      7      23      0      1      3      200      0      3.46868
31      7      24      0      1      3      200      0      3.65919
31      7      25      0      1      3      200      0      3.77576
31      7      26      0      1      3      200      0      3.67685
31      7      27      0      1      3      200      0      3.63111
31      7      28      0      1      3      200      0      3.68143
31      7      29      0      1      3      200      0      3.76103
31      7      30      0      1      3      200      0      3.66771
31      7      31      0      1      3      200      0      3.51538
31      7      32      0      1      3      200      0      3.93499
31      7      33      0      1      3      200      0      3.91036
31      7      34      0      1      3      200      0      3.86369
31      7      35      0      1      3      200      0      3.6098
31      7      36      0      1      3      200      0      3.98323
31      7      37      0      1      3      200      0      3.77752
31      7      38      0      1      3      200      0      3.93646
31      7      39      0      1      3      200      0      3.90711
31      7      40      0      1      3      200      0      3.61003
31      7      41      0      1      3      200      0      4.0789
31      7      42      0      1      3      200      0      3.78914
31      7      43      0      1      3      200      0      4.11092
31      7      44      0      1      3      200      0      3.98307
31      7      45      0      1      3      200      0      3.99768
31      7      46      0      1      3      200      0      3.91809
31      7      47      0      1      3      200      0      3.91665
31      7      48      0      1      3      200      0      4.09941
31      7      49      0      1      3      200      0      4.09301
31      7      50      0      1      3      200      0      3.90712
31      7      51      0      1      3      200      0      4.3192
31      7      52      0      1      3      200      0      3.80232
31      7      53      0      1      3      200      0      3.78443
31      7      54      0      1      3      200      0      3.98695
31      7      55      0      1      3      200      0      4.016
31      7      56      0      1      3      200      0      3.84718
31      7      57      0      1      3      200      0      4.00184
31      7      58      0      1      3      200      0      4.02502
31      7      59      0      1      3      200      0      4.13502
31      7      60      0      1      3      200      0      3.63646
31      7      61      0      1      3      200      0      4.11205
31      7      62      0      1      3      200      0      3.93652
31      7      63      0      1      3      200      0      3.90041
31      7      64      0      1      3      200      0      3.84105
31      7      65      0      1      3      200      0      3.96313
31      7      66      0      1      3      200      0      3.85784
31      7      67      0      1      3      200      0      4.01488
31      7      68      0      1      3      200      0      3.86019
31      7      69      0      1      3      200      0      3.86633
31      7      70      0      1      3      200      0      4.0488
31      7      71      0      1      3      200      0      3.9346
31      7      72      0      1      3      200      0      3.87264
31      7      73      0      1      3      200      0      4.0408
31      7      74      0      1      3      200      0      3.84651
31      7      75      0      1      3      200      0      4.10346
31      7      76      0      1      3      200      0      3.8795
31      7      77      0      1      3      200      0      4.15467
31      7      78      0      1      3      200      0      3.98405
31      7      79      0      1      3      200      0      3.95334
31      7      80      0      1      3      200      0      3.98443
31      7      81      0      1      3      200      0      4.08679
31      7      82      0      1      3      200      0      4.03129
31      7      83      0      1      3      200      0      3.85396
31      7      84      0      1      3      200      0      4.07173
31      7      85      0      1      3      200      0      3.88066
31      7      86      0      1      3      200      0      3.88756
31      7      87      0      1      3      200      0      3.90772
31      7      88      0      1      3      200      0      3.72932
31      7      89      0      1      3      200      0      -3.81888
31      7      90      0      1      3      200      0      3.93782
31      7      91      0      1      3      200      0      3.94334
31      7      92      0      1      3      200      0      3.97869
31      7      93      0      1      3      0      0      0
31      7      94      0      1      3      200      0      3.8348
31      7      95      0      1      3      200      0      3.61088
31      7      96      0      1      3      200      0      3.91058
31      7      97      0      1      3      200      0      3.8806
31      7      98      0      1      3      200      0      3.84112
31      7      99      0      1      3      200      0      3.9418
31      7      100      0      1      3      200      0      4.08911
31      7      101      0      1      3      200      0      4.09709
31      7      102      0      1      3      200      0      3.77879
31      7      103      0      1      3      200      0      3.81315
31      7      104      0      1      3      200      0      3.82703
31      7      105      0      1      3      200      0      4.01064
31      7      106      0      1      3      200      0      3.92041
31      7      107      0      1      3      200      0      4.03989
31      7      108      0      1      3      200      0      3.77757
31      7      109      0      1      3      200      0      3.76841
31      7      110      0      1      3      200      0      3.81492
31      7      111      0      1      3      200      0      4.08308
31      7      112      0      1      3      200      0      3.95371
31      7      113      0      1      3      200      0      3.78476
31      7      114      0      1      3      200      0      3.97668
31      7      115      0      1      3      200      0      4.00715
31      7      116      0      1      3      200      0      4.00772
31      7      117      0      1      3      200      0      3.94384
31      7      118      0      1      3      200      0      4.058
31      7      119      0      1      3      200      0      4.03552
31      7      120      0      1      3      200      0      3.85264
31      7      121      0      1      3      200      0      4.0014
31      7      122      0      1      3      200      0      3.69235
31      7      123      0      1      3      200      0      3.88077
31      7      124      0      1      3      200      0      3.96285
31      7      125      0      1      3      200      0      3.81817
31      7      126      0      1      3      200      0      3.95339
31      7      127      0      1      3      200      0      3.81528
31      7      128      0      1      3      200      0      4.58592
31      7      129      0      1      3      200      0      3.76168
31      7      130      0      1      3      200      0      4.0496
31      7      131      0      1      3      200      0      3.96679
31      7      132      0      1      3      200      0      3.63567
31      7      133      0      1      3      200      0      3.8368
31      7      134      0      1      3      200      0      3.78275
31      7      135      0      1      3      200      0      3.93247
31      7      136      0      1      3      200      0      3.74908
31      7      137      0      1      3      200      0      3.85005
31      7      138      0      1      3      200      0      3.90435
31      7      139      0      1      3      200      0      3.87617
31      7      140      0      1      3      200      0      3.75304
31      7      141      0      1      3      200      0      3.61456
31      7      142      0      1      3      200      0      3.82439
31      7      143      0      1      3      200      0      3.8742
31      7      144      0      1      3      200      0      3.83516
31      7      145      0      1      3      200      0      3.66489
31      7      146      0      1      3      200      0      3.71311
31      7      147      0      1      3      200      0      3.59585
31      7      148      0      1      3      200      0      4.00672
31      7      149      0      1      3      200      0      3.70609
31      7      150      0      1      3      200      0      3.98967
31      7      151      0      1      3      200      0      3.74205
31      7      152      0      1      3      200      0      3.92649
31      7      153      0      1      3      200      0      3.7374
31      7      154      0      1      3      200      0      3.81312
31      7      155      0      1      3      200      0      4.21892
31      7      156      0      1      3      200      0      3.91063
31      7      157      0      1      3      200      0      4.06699
31      7      158      0      1      3      200      0      3.90246
31      7      159      0      1      3      200      0      3.89018
31      7      160      0      1      3      200      0      4.29206
31      7      161      0      1      3      200      0      3.58853
31      7      162      0      1      3      200      0      3.90887
31      7      163      0      1      3      200      0      3.97213
31      7      164      0      1      3      200      0      3.86787
31      7      165      0      1      3      200      0      3.78561
31      7      166      0      1      3      200      0      3.67176
31      7      167      0      1      3      200      0      4.03309
31      7      168      0      1      3      200      0      3.77604
31      7      169      0      1      3      200      0      3.93875
31      7      170      0      1      3      200      0      3.87008
31      7      171      0      1      3      200      0      3.95605
31      7      172      0      1      3      200      0      3.76025
31      7      173      0      1      3      200      0      3.74026
31      7      174      0      1      3      200      0      3.95349
31      7      175      0      1      3      200      0      3.96378
31      7      176      0      1      3      200      0      4.14276
31      7      177      0      1      3      200      0      3.58646
31      7      178      0      1      3      200      0      3.69786
31      7      179      0      1      3      200      0      3.90729
31      7      180      0      1      3      200      0      3.71098
31      7      181      0      1      3      200      0      3.72589
31      7      182      0      1      3      200      0      3.67086
31      7      183      0      1      3      200      0      3.75556
31      7      184      0      1      3      200      0      3.69411
31      7      185      0      1      3      200      0      3.74098
31      7      186      0      1      3      200      0      3.8537
31      7      187      0      1      3      200      0      3.82807
31      7      188      0      1      3      200      0      3.70329
31      7      189      0      1      3      200      0      3.99169
31      7      190      0      1      3      200      0      3.8614
31      7      191      0      1      3      200      0      4.56209
31      7      192      0      1      3      200      0      4.58227
31      7      193      0      1      3      200      0      3.9279
31      7      194      0      1      3      200      0      3.64562
31      7      195      0      1      3      200      0      3.79029
31      7      196      0      1      3      200      0      3.7511
31      7      197      0      1      3      200      0      4.02653
31      7      198      0      1      3      200      0      3.9372
31      7      199      0      1      3      200      0      3.75763
31      7      200      0      1      3      200      0      3.99815
31      7      201      0      1      3      200      0      3.91398
31      7      202      0      1      3      200      0      3.9018
31      7      203      0      1      3      200      0      3.68618
31      7      204      0      1      3      200      0      3.83808
31      7      205      0      1      3      200      0      3.93741
31      7      206      0      1      3      200      0      3.81052
31      7      207      0      1      3      200      0      3.80489
31      7      208      0      1      3      200      0      3.64823
31      7      209      0      1      3      200      0      3.7809
31      7      210      0      1      3      200      0      4.01193
31      7      211      0      1      3      200      0      4.05376
31      7      212      0      1      3      200      0      3.93886
31      7      213      0      1      3      200      0      3.94766
31      7      214      0      1      3      200      0      3.9488
31      7      215      0      1      3      200      0      3.93215
31      7      216      0      1      3      200      0      3.5367
31      7      217      0      1      3      200      0      3.83182
31      7      218      0      1      3      200      0      3.79363
31      7      219      0      1      3      200      0      4.03468
31      7      220      0      1      3      200      0      3.69095
31      7      221      0      1      3      200      0      4.29542
31      7      222      0      1      3      200      0      3.86076
31      7      223      0      1      3      200      0      4.03822
31      7      224      0      1      3      200      0      4.35958
31      7      225      0      1      3      200      0      3.79286
31      7      226      0      1      3      200      0      3.97849
31      7      227      0      1      3      200      0      3.73319
31      7      228      0      1      3      200      0      3.70868
31      7      229      0      1      3      200      0      3.67425
31      7      230      0      1      3      200      0      3.86681
31      7      231      0      1      3      200      0      3.89724
31      7      232      0      1      3      200      0      3.94769
31      7      233      0      1      3      200      0      3.75099
31      7      234      0      1      3      200      0      3.91568
31      7      235      0      1      3      200      0      3.76778
31      7      236      0      1      3      200      0      3.82176
31      7      237      0      1      3      200      0      3.90461
31      7      238      0      1      3      200      0      3.6823
31      7      239      0      1      3      200      0      3.80436
31      7      240      0      1      3      200      0      3.83789
31      7      241      0      1      3      200      0      3.70275
31      7      242      0      1      3      200      0      3.64773
31      7      243      0      1      3      200      0      3.80465
31      7      244      0      1      3      200      0      3.80646
31      7      245      0      1      3      200      0      4.36471
31      7      246      0      1      3      200      0      3.692
31      7      247      0      1      3      200      0      3.65031
31      7      248      0      1      3      200      0      3.73431
31      7      249      0      1      3      200      0      4.12739
31      7      250      0      1      3      200      0      3.53843
31      7      251      0      1      3      200      0      4.24649
31      7      252      0      1      3      200      0      3.77594
31      7      253      0      1      3      200      0      4.20945
31      7      254      0      1      3      200      0      3.78008
31      7      255      0      1      3      200      0      4.03542
31      7      256      0      1      3      200      0      4.18696
31      7      257      0      1      3      200      0      3.80751
31      7      258      0      1      3      200      0      3.81649
31      7      259      0      1      3      200      0      3.76262
31      7      260      0      1      3      200      0      3.87207
31      7      261      0      1      3      200      0      3.75227
31      7      262      0      1      3      200      0      3.96204
31      7      263      0      1      3      200      0      3.67215
31      7      264      0      1      3      200      0      3.74885
31      7      265      0      1      3      200      0      3.78812
31      7      266      0      1      3      200      0      3.81584
31      7      267      0      1      3      200      0      3.97785
31      7      268      0      1      3      200      0      3.78512
31      7      269      0      1      3      200      0      3.78453
31      7      270      0      1      3      200      0      3.87657
31      7      271      0      1      3      200      0      3.59353
31      7      272      0      1      3      200      0      3.80912
31      7      273      0      1      3      200      0      3.60392
31      7      274      0      1      3      200      0      3.8538
31      7      275      0      1      3      200      0      3.91754
31      7      276      0      1      3      200      0      3.91018
31      7      277      0      1      3      200      0      3.91786
31      7      278      0      1      3      200      0      3.90136
31      7      279      0      1      3      200      0      3.63844
31      7      280      0      1      3      200      0      3.93029
31      7      281      0      1      3      200      0      3.91858
31      7      282      0      1      3      200      0      3.73688
31      7      283      0      1      3      200      0      4.15351
31      7      284      0      1      3      200      0      3.99861
31      7      285      0      1      3      200      0      4.20708
31      7      286      0      1      3      200      0      3.71472
31      7      287      0      1      3      200      0      4.27786
31      7      288      0      1      3      200      0      3.99787
31      7      289      0      1      3      200      0      3.94538
31      7      290      0      1      3      200      0      4.41303
31      7      291      0      1      3      200      0      3.75689
31      7      292      0      1      3      200      0      4.23902
31      7      293      0      1      3      200      0      3.85707
31      7      294      0      1      3      200      0      3.9627
31      7      295      0      1      3      200      0      3.63853
31      7      296      0      1      3      200      0      3.96706
31      7      297      0      1      3      200      0      3.86686
31      7      298      0      1      3      200      0      3.83472
31      7      299      0      1      3      200      0      3.78923
31      7      300      0      1      3      200      0      3.89742
31      7      301      0      1      3      200      0      3.76932
31      7      302      0      1      3      200      0      3.97427
31      7      303      0      1      3      200      0      3.73086
31      7      304      0      1      3      200      0      3.93196
31      7      305      0      1      3      200      0      3.73755
31      7      306      0      1      3      200      0      4.11277
31      7      307      0      1      3      200      0      3.88984
31      7      308      0      1      3      200      0      3.69148
31      7      309      0      1      3      200      0      3.8243
31      7      310      0      1      3      200      0      3.73923
31      7      311      0      1      3      200      0      3.91569
31      7      312      0      1      3      200      0      3.83404
31      7      313      0      1      3      200      0      4.02346
31      7      314      0      1      3      200      0      3.68061
31      7      315      0      1      3      200      0      3.91049
31      7      316      0      1      3      200      0      3.76116
31      7      317      0      1      3      200      0      4.03072
31      7      318      0      1      3      200      0      3.61984
31      7      319      0      1      3      200      0      4.60937
31      7      320      0      1      3      200      0      4.38517
31      7      321      0      1      3      200      0      3.9423
31      7      322      0      1      3      200      0      4.01883
31      7      323      0      1      3      200      0      4.1818
31      7      324      0      1      3      200      0      3.91945
31      7      325      0      1      3      200      0      3.80184
31      7      326      0      1      3      200      0      3.6582
31      7      327      0      1      3      200      0      3.94468
31      7      328      0      1      3      200      0      3.80974
31      7      329      0      1      3      200      0      3.69329
31      7      330      0      1      3      200      0      3.75936
31      7      331      0      1      3      200      0      3.89807
31      7      332      0      1      3      200      0      3.81143
31      7      333      0      1      3      200      0      3.77128
31      7      334      0      1      3      200      0      3.76657
31      7      335      0      1      3      200      0      3.80009
31      7      336      0      1      3      200      0      3.67932
31      7      337      0      1      3      200      0      3.93431
31      7      338      0      1      3      200      0      3.54695
31      7      339      0      1      3      200      0      3.8482
31      7      340      0      1      3      200      0      3.69363
31      7      341      0      1      3      200      0      3.79313
31      7      342      0      1      3      200      0      3.86462
31      7      343      0      1      3      200      0      3.84226
31      7      344      0      1      3      200      0      3.80414
31      7      345      0      1      3      200      0      3.80299
31      7      346      0      1      3      200      0      3.68268
31      7      347      0      1      3      200      0      3.91786
31      7      348      0      1      3      200      0      3.87503
31      7      349      0      1      3      200      0      4.20502
31      7      350      0      1      3      200      0      4.08755
31      7      351      0      1      3      200      0      4.15206
31      7      352      0      1      3      200      0      4.19352
31      7      353      0      1      3      200      0      3.85499
31      7      354      0      1      3      200      0      3.70656
31      7      355      0      1      3      200      0      3.82284
31      7      356      0      1      3      200      0      3.74312
31      7      357      0      1      3      200      0      3.78058
31      7      358      0      1      3      200      0      3.64759
31      7      359      0      1      3      200      0      3.83164
31      7      360      0      1      3      200      0      3.63183
31      7      361      0      1      3      200      0      3.7587
31      7      362      0      1      3      200      0      3.68199
31      7      363      0      1      3      200      0      4.03279
31      7      364      0      1      3      200      0      3.82174
31      7      365      0      1      3      200      0      3.95838
31      7      366      0      1      3      200      0      4.03477
31      7      367      0      1      3      200      0      3.81729
31      7      368      0      1      3      200      0      3.82561
31      7      369      0      1      3      200      0      3.72586
31      7      370      0      1      3      200      0      4.1047
31      7      371      0      1      3      200      0      3.73091
31      7      372      0      1      3      200      0      3.76015
31      7      373      0      1      3      200      0      3.71823
31      7      374      0      1      3      200      0      3.98204
31      7      375      0      1      3      200      0      3.62389
31      7      376      0      1      3      200      0      3.85395
31      7      377      0      1      3      200      0      3.74069
31      7      378      0      1      3      200      0      3.89514
31      7      379      0      1      3      200      0      4.02727
31      7      380      0      1      3      200      0      3.65674
31      7      381      0      1      3      200      0      4.03814
31      7      382      0      1      3      200      0      3.87729
31      7      383      0      1      3      200      0      4.30373
31      7      384      0      1      3      200      0      3.83919
31      7      385      0      1      3      200      0      3.81313
31      7      386      0      1      3      200      0      3.76399
31      7      387      0      1      3      200      0      4.02377
31      7      388      0      1      3      200      0      3.7788
31      7      389      0      1      3      200      0      3.98305
31      7      390      0      1      3      200      0      3.8083
31      7      391      0      1      3      200      0      3.94694
31      7      392      0      1      3      200      0      3.67195
31      7      393      0      1      3      200      0      3.76358
31      7      394      0      1      3      200      0      3.80524
31      7      395      0      1      3      200      0      3.75816
31      7      396      0      1      3      200      0      3.81313
31      7      397      0      1      3      200      0      3.64886
31      7      398      0      1      3      200      0      3.5991
31      7      399      0      1      3      200      0      3.91225
31      7      400      0      1      3      200      0      3.772
31      7      401      0      1      3      200      0      3.98559
31      7      402      0      1      3      200      0      3.90421
31      7      403      0      1      3      200      0      3.89455
31      7      404      0      1      3      200      0      4.05025
31      7      405      0      1      3      200      0      3.89644
31      7      406      0      1      3      200      0      3.86307
31      7      407      0      1      3      200      0      4.10529
31      7      408      0      1      3      200      0      3.95442
31      7      409      0      1      3      200      0      3.91277
31      7      410      0      1      3      200      0      3.71628
31      7      411      0      1      3      200      0      3.92014
31      7      412      0      1      3      200      0      3.81877
31      7      413      0      1      3      200      0      3.80783
31      7      414      0      1      3      200      0      3.88823
31      7      415      0      1      3      200      0      3.971
31      7      416      0      1      3      200      0      3.79315
31      7      417      0      1      3      200      0      3.98978
31      7      418      0      1      3      200      0      3.76842
31      7      419      0      1      3      200      0      3.76493
31      7      420      0      1      3      200      0      3.83046
31      7      421      0      1      3      200      0      3.32698
31      7      422      0      1      3      200      0      3.6241
31      7      423      0      1      3      200      0      3.71103
31      7      424      0      1      3      200      0      3.81896
31      7      425      0      1      3      200      0      3.67338
31      7      426      0      1      3      200      0      3.63795
31      7      427      0      1      3      200      0      3.76661
31      7      428      0      1      3      200      0      3.78419
31      7      429      0      1      3      200      0      3.61325
31      7      430      0      1      3      200      0      3.59992
31      7      431      0      1      3      0      0      0
31      7      432      0      1      3      200      0      3.82092
31      7      433      0      1      3      200      0      3.65731
31      7      434      0      1      3      200      0      3.88696
31      7      435      0      1      3      200      0      3.79544
31      7      436      0      1      3      200      0      3.59436
31      7      437      0      1      3      200      0      3.97186
31      7      438      0      1      3      200      0      3.88703
31      7      439      0      1      3      200      0      3.99276
31      7      440      0      1      3      200      0      3.73264
31      7      441      0      1      3      200      0      3.87248
31      7      442      0      1      3      200      0      3.54004
31      7      443      0      1      3      200      0      4.00332
31      7      444      0      1      3      200      0      3.89594
31      7      445      0      1      3      200      0      4.01355
31      7      446      0      1      3      200      0      4.07576
31      7      447      0      1      3      200      0      3.81562
31      7      448      0      1      3      200      0      4.21727
31      7      449      0      1      3      200      0      3.91303
31      7      450      0      1      3      200      0      3.74608
31      7      451      0      1      3      200      0      3.77425
31      7      452      0      1      3      200      0      3.79174
31      7      453      0      1      3      200      0      3.91728
31      7      454      0      1      3      200      0      3.8675
31      7      455      0      1      3      200      0      3.93121
31      7      456      0      1      3      200      0      3.79347
31      7      457      0      1      3      200      0      3.83014
31      7      458      0      1      3      200      0      3.67602
31      7      459      0      1      3      200      0      3.59231
31      7      460      0      1      3      200      0      3.56504
31      7      461      0      1      3      200      0      3.87923
31      7      462      0      1      3      200      0      3.7962
31      7      463      0      1      3      200      0      3.79988
31      7      464      0      1      3      200      0      3.70093
31      7      465      0      1      3      200      0      3.58677
31      7      466      0      1      3      200      0      3.98278
31      7      467      0      1      3      200      0      3.77056
31      7      468      0      1      3      200      0      4.04242
31      7      469      0      1      3      200      0      4.01004
31      7      470      0      1      3      200      0      3.99666
31      7      471      0      1      3      200      0      4.03189
31      7      472      0      1      3      200      0      3.58804
31      7      473      0      1      3      200      0      3.69094
31      7      474      0      1      3      200      0      3.78161
31      7      475      0      1      3      200      0      3.73643
31      7      476      0      1      3      200      0      3.89322
31      7      477      0      1      3      200      0      3.90634
31      7      478      0      1      3      200      0      3.84939
31      7      479      0      1      3      200      0      3.66148
31      7      480      0      1      3      200      0      3.61417
31      7      481      0      1      3      200      0      3.82873
31      7      482      0      1      3      200      0      3.84715
31      7      483      0      1      3      200      0      3.8016
31      7      484      0      1      3      200      0      3.72896
31      7      485      0      1      3      200      0      3.79689
31      7      486      0      1      3      200      0      3.69158
31      7      487      0      1      3      200      0      3.78091
31      7      488      0      1      3      200      0      3.71331
31      7      489      0      1      3      200      0      3.95818
31      7      490      0      1      3      200      0      3.65459
31      7      491      0      1      3      200      0      3.97718
31      7      492      0      1      3      200      0      3.78237
31      7      493      0      1      3      200      0      3.65735
31      7      494      0      1      3      200      0      3.74703
31      7      495      0      1      3      200      0      3.67271
31      7      496      0      1      3      200      0      3.79088
31      7      497      0      1      3      200      0      4.01066
31      7      498      0      1      3      200      0      3.79324
31      7      499      0      1      3      200      0      3.97235
31      7      500      0      1      3      200      0      3.83524
31      7      501      0      1      3      200      0      3.90522
31      7      502      0      1      3      200      0      3.91309
31      7      503      0      1      3      200      0      4.03666
31      7      504      0      1      3      200      0      4.02112
31      7      505      0      1      3      200      0      3.63219
31      7      506      0      1      3      200      0      3.84193
31      7      507      0      1      3      200      0      3.82104
31      7      508      0      1      3      200      0      3.82374
31      7      509      0      1      3      200      0      3.88992
31      7      510      0      1      3      200      0      4.17649
31      7      511      0      1      3      200      0      3.89015
31      7      512      0      1      3      200      0      3.90195
31      7      513      0      1      3      200      0      3.6357
31      7      514      0      1      3      200      0      4.0835
31      7      515      0      1      3      200      0      3.70058
31      7      516      0      1      3      200      0      3.99905
31      7      517      0      1      3      200      0      3.9032
31      7      518      0      1      3      200      0      3.66109
31      7      519      0      1      3      200      0      3.72677
31      7      520      0      1      3      200      0      3.78693
31      7      521      0      1      3      200      0      3.79134
31      7      522      0      1      3      200      0      3.7504
31      7      523      0      1      3      200      0      3.84357
31      7      524      0      1      3      200      0      3.71959
31      7      525      0      1      3      200      0      3.75542
31      7      526      0      1      3      200      0      3.60804
31      7      527      0      1      3      200      0      3.63027
31      7      528      0      1      3      200      0      3.76169
31      7      529      0      1      3      200      0      3.76309
31      7      530      0      1      3      200      0      3.77589
31      7      531      0      1      3      200      0      3.9016
31      7      532      0      1      3      200      0      3.7789
31      7      533      0      1      3      200      0      3.89858
31      7      534      0      1      3      200      0      3.63948
31      7      535      0      1      3      200      0      3.8159
31      7      536      0      1      3      200      0      3.74363
31      7      537      0      1      3      200      0      3.74041
31      7      538      0      1      3      200      0      3.60964
31      7      539      0      1      3      200      0      3.76341
31      7      540      0      1      3      200      0      3.92597
31      7      541      0      1      3      200      0      4.06714
31      7      542      0      1      3      200      0      3.78242
31      7      543      0      1      3      200      0      3.7403
31      7      544      0      1      3      200      0      3.58338
31      7      545      0      1      3      200      0      3.68333
31      7      546      0      1      3      200      0      3.73403
31      7      547      0      1      3      200      0      3.86936
31      7      548      0      1      3      200      0      3.8205
31      7      549      0      1      3      200      0      3.58359
31      7      550      0      1      3      200      0      3.89103
31      7      551      0      1      3      200      0      3.97618
31      7      552      0      1      3      200      0      3.97046
31      7      553      0      1      3      200      0      4.06034
31      7      554      0      1      3      200      0      3.91659
31      7      555      0      1      3      200      0      3.98282
31      7      556      0      1      3      200      0      3.85698
31      7      557      0      1      3      200      0      3.88336
31      7      558      0      1      3      200      0      3.74476
31      7      559      0      1      3      200      0      3.83741
31      7      560      0      1      3      200      0      3.86642
31      7      561      0      1      3      200      0      4.00185
31      7      562      0      1      3      200      0      3.97758
31      7      563      0      1      3      200      0      3.87133
31      7      564      0      1      3      200      0      3.99332
31      7      565      0      1      3      200      0      3.84073
31      7      566      0      1      3      200      0      4.06707
31      7      567      0      1      3      200      0      4.04692
31      7      568      0      1      3      200      0      3.82404
31      7      569      0      1      3      200      0      3.94813
31      7      570      0      1      3      200      0      3.84083
31      7      571      0      1      3      200      0      3.87569
31      7      572      0      1      3      200      0      3.96537
31      7      573      0      1      3      200      0      3.83519
31      7      574      0      1      3      200      0      3.88062
31      7      575      0      1      3      200      0      3.69502
31      7      576      0      1      3      200      0      3.7334
31      7      577      0      1      3      200      0      4.00266
31      7      578      0      1      3      200      0      3.70528
31      7      579      0      1      3      200      0      3.77288
31      7      580      0      1      3      200      0      3.76824
31      7      581      0      1      3      200      0      3.77211
31      7      582      0      1      3      200      0      3.94216
31      7      583      0      1      3      200      0      3.96252
31      7      584      0      1      3      200      0      3.80443
31      7      585      0      1      3      200      0      3.82078
31      7      586      0      1      3      200      0      3.71122
31      7      587      0      1      3      200      0      3.82081
31      7      588      0      1      3      200      0      3.72158
31      7      589      0      1      3      200      0      4.00605
31      7      590      0      1      3      200      0      3.60306
31      7      591      0      1      3      200      0      3.87029
31      7      592      0      1      3      200      0      3.95328
31      7      593      0      1      3      200      0      3.79167
31      7      594      0      1      3      200      0      3.89941
31      7      595      0      1      3      200      0      4.01915
31      7      596      0      1      3      200      0      3.98178
31      7      597      0      1      3      200      0      3.92362
31      7      598      0      1      3      200      0      3.78131
31      7      599      0      1      3      200      0      3.9479
31      7      600      0      1      3      200      0      3.99102
31      7      601      0      1      3      200      0      4.00839
31      7      602      0      1      3      200      0      3.65326
31      7      603      0      1      3      200      0      3.65306
31      7      604      0      1      3      200      0      3.85341
31      7      605      0      1      3      200      0      4.03949
31      7      606      0      1      3      200      0      3.62335
31      7      607      0      1      3      200      0      3.82218
31      7      608      0      1      3      200      0      3.92315
31      7      609      0      1      3      200      0      3.87609
31      7      610      0      1      3      200      0      3.93577
31      7      611      0      1      3      200      0      3.84848
31      7      612      0      1      3      200      0      3.88084
31      7      613      0      1      3      200      0      4.01256
31      7      614      0      1      3      200      0      3.89234
31      7      615      0      1      3      200      0      3.89856
31      7      616      0      1      3      200      0      3.80976
31      7      617      0      1      3      200      0      3.61421
31      7      618      0      1      3      200      0      3.6902
31      7      619      0      1      3      200      0      3.65985
31      7      620      0      1      3      200      0      3.90401
31      7      621      0      1      3      200      0      3.8082
31      7      622      0      1      3      200      0      3.91125
31      7      623      0      1      3      200      0      3.87929
31      7      624      0      1      3      200      0      4.1778
31      7      625      0      1      3      200      0      3.95867
31      7      626      0      1      3      200      0      3.76656
31      7      627      0      1      3      200      0      4.22451
31      7      628      0      1      3      200      0      3.6497
31      7      629      0      1      3      200      0      4.06206
31      7      630      0      1      3      200      0      3.94279
31      7      631      0      1      3      200      0      3.97991
31      7      632      0      1      3      200      0      4.05441
31      7      633      0      1      3      200      0      3.8863
31      7      634      0      1      3      200      0      3.84894
31      7      635      0      1      3      200      0      3.76291
31      7      636      0      1      3      200      0      3.96354
31      7      637      0      1      3      200      0      3.99368
31      7      638      0      1      3      200      0      3.78709
31      7      639      0      1      3      200      0      3.85913
31      7      640      0      1      3      200      0      3.98473
31      7      641      0      1      3      200      0      3.84402
31      7      642      0      1      3      200      0      3.68513
31      7      643      0      1      3      200      0      3.85696
31      7      644      0      1      3      200      0      3.91616
31      7      645      0      1      3      200      0      3.82079
31      7      646      0      1      3      200      0      3.73221
31      7      647      0      1      3      200      0      3.82913
31      7      648      0      1      3      200      0      4.02662
31      7      649      0      1      3      200      0      3.84248
31      7      650      0      1      3      200      0      3.92828
31      7      651      0      1      3      200      0      3.85819
31      7      652      0      1      3      200      0      3.73432
31      7      653      0      1      3      200      0      3.8703
31      7      654      0      1      3      200      0      3.64123
31      7      655      0      1      3      200      0      3.7793
31      7      656      0      1      3      200      0      3.71515
31      7      657      0      1      3      200      0      3.97134
31      7      658      0      1      3      200      0      3.77828
31      7      659      0      1      3      200      0      3.67801
31      7      660      0      1      3      200      0      3.64072
31      7      661      0      1      3      200      0      3.92666
31      7      662      0      1      3      200      0      3.7672
31      7      663      0      1      3      200      0      3.77717
31      7      664      0      1      3      200      0      3.71664
31      7      665      0      1      3      200      0      3.98208
31      7      666      0      1      3      200      0      3.63215
31      7      667      0      1      3      200      0      4.02588
31      7      668      0      1      3      200      0      3.70412
31      7      669      0      1      3      200      0      3.68771
31      7      670      0      1      3      200      0      3.87455
31      7      671      0      1      3      200      0      3.80393
31      7      672      0      1      3      200      0      3.81657
31      7      673      0      1      3      200      0      3.55779
31      7      674      0      1      3      200      0      3.73984
31      7      675      0      1      3      200      0      3.83065
31      7      676      0      1      3      200      0      3.73984
31      7      677      0      1      3      200      0      3.72912
31      7      678      0      1      3      200      0      3.86606
31      7      679      0      1      3      200      0      3.68338
31      7      680      0      1      3      200      0      3.74759
31      7      681      0      1      3      200      0      3.81445
31      7      682      0      1      3      200      0      4.03911
31      7      683      0      1      3      200      0      3.57464
31      7      684      0      1      3      200      0      3.75099
31      7      685      0      1      3      200      0      3.88043
31      7      686      0      1      3      200      0      4.04096
31      7      687      0      1      3      200      0      3.88326
31      7      688      0      1      3      200      0      3.58779
31      7      689      0      1      3      200      0      3.94053
31      7      690      0      1      3      200      0      3.86036
31      7      691      0      1      3      200      0      4.12124
31      7      692      0      1      3      200      0      3.8669
31      7      693      0      1      3      200      0      4.04314
31      7      694      0      1      3      200      0      3.82173
31      7      695      0      1      3      200      0      3.86799
31      7      696      0      1      3      200      0      3.81357
31      7      697      0      1      3      200      0      3.8844
31      7      698      0      1      3      200      0      3.67673
31      7      699      0      1      3      200      0      4.01236
31      7      700      0      1      3      200      0      4.0299
31      7      701      0      1      3      200      0      3.90806
31      7      702      0      1      3      200      0      3.94473
31      7      703      0      1      3      200      0      3.89716
31      7      704      0      1      3      200      0      3.96505
31      7      705      0      1      3      200      0      3.86663
31      7      706      0      1      3      200      0      3.87615
31      7      707      0      1      3      200      0      3.82007
31      7      708      0      1      3      200      0      3.93044
31      7      709      0      1      3      200      0      3.61293
31      7      710      0      1      3      200      0      3.75024
31      7      711      0      1      3      200      0      3.77109
31      7      712      0      1      3      200      0      3.97394
31      7      713      0      1      3      200      0      3.7866
31      7      714      0      1      3      200      0      3.63568
31      7      715      0      1      3      200      0      3.93726
31      7      716      0      1      3      200      0      3.70272
31      7      717      0      1      3      200      0      3.89835
31      7      718      0      1      3      200      0      3.67206
31      7      719      0      1      3      200      0      3.82104
31      7      720      0      1      3      200      0      3.58564
31      7      721      0      1      3      200      0      3.8391
31      7      722      0      1      3      200      0      3.72462
31      7      723      0      1      3      200      0      3.93724
31      7      724      0      1      3      200      0      3.65908
31      7      725      0      1      3      200      0      3.6881
31      7      726      0      1      3      200      0      3.92356
31      7      727      0      1      3      200      0      3.82782
31      7      728      0      1      3      200      0      3.8864
31      7      729      0      1      3      200      0      3.88155
31      7      730      0      1      3      200      0      3.98562
31      7      731      0      1      3      200      0      3.90595
31      7      732      0      1      3      200      0      3.76852
31      7      733      0      1      3      200      0      3.787
31      7      734      0      1      3      200      0      3.84722
31      7      735      0      1      3      200      0      3.87566
31      7      736      0      1      3      200      0      3.85811
31      7      737      0      1      3      200      0      3.62729
31      7      738      0      1      3      200      0      3.94634
31      7      739      0      1      3      200      0      3.82776
31      7      740      0      1      3      200      0      3.87786
31      7      741      0      1      3      200      0      3.73788
31      7      742      0      1      3      200      0      3.79029
31      7      743      0      1      3      200      0      3.72235
31      7      744      0      1      3      200      0      3.61328
31      7      745      0      1      3      200      0      3.85452
31      7      746      0      1      3      200      0      3.78337
31      7      747      0      1      3      200      0      3.85689
31      7      748      0      1      3      200      0      3.81181
31      7      749      0      1      3      200      0      3.64828
31      7      750      0      1      3      200      0      3.72856
31      7      751      0      1      3      200      0      3.85888
31      7      752      0      1      3      200      0      3.72276
31      7      753      0      1      3      200      0      3.74742
31      7      754      0      1      3      200      0      3.72975
31      7      755      0      1      3      200      0      3.81187
31      7      756      0      1      3      200      0      3.97947
31      7      757      0      1      3      200      0      3.88111
31      7      758      0      1      3      200      0      3.78755
31      7      759      0      1      3      200      0      3.60163
31      7      760      0      1      3      200      0      3.80332
31      7      761      0      1      3      200      0      3.80321
31      7      762      0      1      3      200      0      3.77543
31      7      763      0      1      3      200      0      3.86225
31      7      764      0      1      3      200      0      3.90176
31      7      765      0      1      3      200      0      3.73378
31      7      766      0      1      3      200      0      3.7541
31      7      767      0      1      3      200      0      3.69651
31      7      768      0      1      3      200      0      3.75439
31      7      769      0      1      3      200      0      3.69738
31      7      770      0      1      3      200      0      3.68451
31      7      771      0      1      3      200      0      3.81068
31      7      772      0      1      3      200      0      3.69182
31      7      773      0      1      3      200      0      3.90456
31      7      774      0      1      3      200      0      3.97499
31      7      775      0      1      3      200      0      3.85308
31      7      776      0      1      3      200      0      4.00713
31      7      777      0      1      3      200      0      4.05133
31      7      778      0      1      3      200      0      3.72257
31      7      779      0      1      3      200      0      3.88139
31      7      780      0      1      3      200      0      3.86896
31      7      781      0      1      3      200      0      3.8498
31      7      782      0      1      3      200      0      4.0179
31      7      783      0      1      3      200      0      3.74743
31      7      784      0      1      3      200      0      3.66038
31      7      785      0      1      3      200      0      3.68769
31      7      786      0      1      3      200      0      3.92832
31      7      787      0      1      3      200      0      3.86565
31      7      788      0      1      3      200      0      3.95799
31      7      789      0      1      3      200      0      3.91246
31      7      790      0      1      3      200      0      3.84401
31      7      791      0      1      3      200      0      3.94679
31      7      792      0      1      3      200      0      3.96428
31      7      793      0      1      3      200      0      3.77696
31      7      794      0      1      3      200      0      4.14156
31      7      795      0      1      3      200      0      3.72069
31      7      796      0      1      3      200      0      4.03674
31      7      797      0      1      3      200      0      4.11845
31      7      798      0      1      3      200      0      3.93326
31      7      799      0      1      3      200      0      3.925
31      7      800      0      1      3      200      0      4.04438
31      7      801      0      1      3      200      0      4.00744
31      7      802      0      1      3      200      0      3.89347
31      7      803      0      1      3      200      0      4.33563
31      7      804      0      1      3      200      0      3.99786
31      7      805      0      1      3      200      0      4.12422
31      7      806      0      1      3      200      0      4.20552
31      7      807      0      1      3      200      0      4.20129
31      7      808      0      1      3      200      0      4.05549
31      7      809      0      1      3      200      0      4.31163
31      7      810      0      1      3      200      0      4.24859
31      7      811      0      1      3      200      0      4.13157
31      7      812      0      1      3      200      0      3.74956
31      7      813      0      1      3      200      0      4.05749
31      7      814      0      1      3      200      0      3.82182
31      7      815      0      1      3      200      0      3.96553
31      7      816      0      1      3      200      0      3.92805
31      7      817      0      1      3      200      0      3.85652
31      7      818      0      1      3      200      0      3.64296
31      7      819      0      1      3      200      0      3.77298
31      7      820      0      1      3      200      0      3.67546
31      7      821      0      1      3      200      0      3.74288
31      7      822      0      1      3      200      0      4.20979
31      7      823      0      1      3      200      0      4.30475
31      7      824      0      1      3      200      0      4.34108
31      7      825      0      1      3      200      0      4.31012
31      7      826      0      1      3      200      0      4.15577
31      7      827      0      1      3      200      0      4.29125
31      7      828      0      1      3      200      0      4.09259
31      7      829      0      1      3      200      0      3.99704
31      7      830      0      1      3      200      0      4.28875
31      7      831      0      1      3      200      0      3.97546
31      7      832      0      1      3      200      0      4.1229
31      7      833      0      1      3      200      0      3.96222
31      7      834      0      1      3      200      0      4.11891
31      7      835      0      1      3      200      0      3.92361
31      7      836      0      1      3      200      0      4.03514
31      7      837      0      1      3      200      0      4.00507
31      7      838      0      1      3      200      0      4.41473
31      7      839      0      1      3      200      0      4.33299
31      7      840      0      1      3      200      0      3.96903
31      7      841      0      1      3      200      0      4.18885
31      7      842      0      1      3      200      0      3.63421
31      7      843      0      1      3      200      0      4.16281
31      7      844      0      1      3      200      0      3.81307
31      7      845      0      1      3      200      0      3.89742
31      7      846      0      1      3      200      0      3.86975
31      7      847      0      1      3      200      0      4.13252
31      7      848      0      1      3      200      0      3.90126
31      7      849      0      1      3      200      0      4.1062
31      7      850      0      1      3      200      0      4.10857
31      7      851      0      1      3      200      0      4.09333
31      7      852      0      1      3      200      0      4.07138
31      7      853      0      1      3      200      0      4.33556
31      7      854      0      1      3      200      0      4.45888
31      7      855      0      1      3      200      0      4.1116
31      7      856      0      1      3      200      0      4.3454
31      7      857      0      1      3      200      0      4.01143
31      7      858      0      1      3      200      0      4.329
31      7      859      0      1      3      200      0      4.07294
31      7      860      0      1      3      200      0      4.17223
31      7      861      0      1      3      200      0      4.19241
31      7      862      0      1      3      200      0      3.99741
31      7      863      0      1      3      200      0      4.33256
31      7      864      0      1      3      200      0      4.1346
31      7      865      0      1      3      200      0      3.79138
31      7      866      0      1      3      200      0      3.85774
31      7      867      0      1      3      200      0      4.0541
31      7      868      0      1      3      200      0      4.05158
31      7      869      0      1      3      200      0      4.03604
31      7      870      0      1      3      200      0      4.00943
31      7      871      0      1      3      200      0      4.05614
31      7      872      0      1      3      200      0      3.94462
31      7      873      0      1      3      200      0      4.11501
31      7      874      0      1      3      200      0      3.93581
31      7      875      0      1      3      200      0      4.03049
31      7      876      0      1      3      200      0      3.96187
31      7      877      0      1      3      200      0      4.08437
31      7      878      0      1      3      200      0      3.8846
31      7      879      0      1      3      200      0      3.64211
31      7      880      0      1      3      200      0      4.01141
31      7      881      0      1      3      200      0      4.11037
31      7      882      0      1      3      200      0      3.95658
31      7      883      0      1      3      200      0      3.99527
31      7      884      0      1      3      200      0      4.0985
31      7      885      0      1      3      200      0      3.90612
31      7      886      0      1      3      200      0      3.99135
31      7      887      0      1      3      200      0      3.91902
31      7      888      0      1      3      200      0      4.04726
31      7      889      0      1      3      200      0      3.85879
31      7      890      0      1      3      200      0      4.18355
31      7      891      0      1      3      200      0      4.00417
31      7      892      0      1      3      200      0      3.98401
31      7      893      0      1      3      200      0      3.8919
31      7      894      0      1      3      200      0      4.02762
31      7      895      0      1      3      200      0      3.93446
31      7      896      0      1      3      200      0      4.02873
31      7      897      0      1      3      200      0      3.99465
31      7      898      0      1      3      200      0      3.90646
31      7      899      0      1      3      200      0      3.99022
31      7      900      0      1      3      200      0      4.0742
31      7      901      0      1      3      200      0      4.28674
31      7      902      0      1      3      200      0      3.93472
31      7      903      0      1      3      200      0      3.83459
31      7      904      0      1      3      200      0      4.09107
31      7      905      0      1      3      200      0      3.85264
31      7      906      0      1      3      200      0      3.96582
31      7      907      0      1      3      200      0      3.73698
31      7      908      0      1      3      200      0      3.79456
31      7      909      0      1      3      0      0      0
