##
#  file: HodoPHCParam_Dummy
#  date: 2016.06.15
#  note: first version
#
#
#######################################################################
# CId	PlId	Seg	UorD	Type	nParam	p0	p1	...
#
#	Type=0 no correction will be performed
#	Type=1 ct=t-p[0]/sqrt(a-p[1])+p[2]
#	Type=2 ct=p[0]*a*a + p[1]*a + p[2] for Fiber
#
#######################################################################
#ID 1:RF
#ID 2:TAG-SF
#ID 3:TAG-PL
#######################################################################
# T0                                                                 #
#######################################################################
11	0	0	0	0	3	0.0416466 -0.801462 0.93261
11	0	0	1	0	3	0.0257652 -0.213325 0.167654
#######################################################################
# TOF Up                                                              #
#######################################################################
14      0      0      0      1      3      4.2426      0      4.00112
14      0      1      0      1      3      3.48997      0      4.03232
14      0      2      0      1      3      1.91468      0      2.86887
14      0      3      0      1      3      1.18739      0      1.14971
14      0      4      0      1      3      1.8035      0      1.79069
14      0      5      0      1      3      1.66759      0      1.60413
14      0      6      0      1      3      1.70438      0      1.4193
14      0      7      0      1      3      1.77483      0      1.63144
14      0      8      0      1      3      2.61169      0      2.26698
14      0      9      0      1      3      2.22605      0      2.23537
14      0      10      0      1      3      1.81574      0      1.88676
14      0      11      0      1      3      1.83924      0      1.87885
14      0      12      0      1      3      1.69129      0      1.0634
14      0      13      0      1      3      1.51388      0      1.12205
14      0      14      0      1      3      1.93294      0      1.59964
14      0      15      0      1      3      1.71644      0      1.30011
14      0      16      0      1      3      2.16589      0      1.75895
14      0      17      0      1      3      1.58078      0      1.16128
14      0      18      0      1      3      1.73044      0      1.47751
14      0      19      0      1      3      1.65316      0      1.42258
14      0      20      0      1      3      1.69222      0      1.51138
14      0      21      0      1      3      1.96394      0      1.73066
14      0      22      0      1      3      1.74507      0      1.5537
14      0      23      0      1      3      2.20666      0      2.13982
14      0      24      0      1      3      1.65161      0      1.24343
14      0      25      0      1      3      1.78334      0      1.54844
14      0      26      0      1      3      1.70953      0      1.27357
14      0      27      0      1      3      1.88548      0      1.76347
14      0      28      0      1      3      1.19527      0      0.855654
14      0      29      0      1      3      1.85017      0      1.56043
14      0      30      0      1      3      1.41063      0      0.919694
14      0      31      0      1      3      1.48307      0      0.972144
14      0      32      0      1      3      1.36601      0      0.708544
14      0      33      0      1      3      1.43794      0      1.01854
14      0      34      0      1      3      1.68678      0      1.10176
14      0      35      0      1      3      1.03406      0      0.565376
14      0      36      0      1      3      1.69374      0      1.64179
14      0      37      0      1      3      1.8064      0      1.76004
14      0      38      0      1      3      1.84112      0      2.11363
14      0      39      0      1      3      2.44822      0      2.36459
14      0      40      0      1      3      1.62737      0      1.68459
14      0      41      0      1      3      1.83157      0      1.83818
14      0      42      0      1      3      1.52505      0      1.40987
14      0      43      0      1      3      1.69361      0      1.70154
14      0      44      0      1      3      1.45805      0      1.43539
14      0      45      0      1      3      2.3075      0      2.17755
14      0      46      0      1      3      0.88788      0      1.45868
14      0      47      0      1      3      2.43424      0      2.26312
#######################################################################
# TOF Down                                                            #
#######################################################################
14      0      0      1      1      3      1.64245      0      1.56827
14      0      1      1      1      3      3.73421      0      2.39733
14      0      2      1      1      3      2.31614      0      1.71402
14      0      3      1      1      3      3.19278      0      3.04183
14      0      4      1      1      3      1.90395      0      1.8114
14      0      5      1      1      3      2.14148      0      2.03625
14      0      6      1      1      3      2.40679      0      2.28309
14      0      7      1      1      3      2.28349      0      2.20566
14      0      8      1      1      3      2.66292      0      2.44643
14      0      9      1      1      3      2.86251      0      2.34984
14      0      10      1      1      3      2.18449      0      2.07165
14      0      11      1      1      3      2.14135      0      1.99133
14      0      12      1      1      3      1.76601      0      1.76282
14      0      13      1      1      3      2.17457      0      2.18226
14      0      14      1      1      3      1.7899      0      1.73834
14      0      15      1      1      3      2.07407      0      2.11326
14      0      16      1      1      3      2.04326      0      2.06819
14      0      17      1      1      3      1.99961      0      2.03305
14      0      18      1      1      3      2.00243      0      2.05064
14      0      19      1      1      3      2.32561      0      2.31755
14      0      20      1      1      3      2.05265      0      2.04868
14      0      21      1      1      3      2.1191      0      2.07599
14      0      22      1      1      3      1.93745      0      1.82372
14      0      23      1      1      3      1.80321      0      1.79928
14      0      24      1      1      3      2.2071      0      2.10855
14      0      25      1      1      3      2.23665      0      2.23385
14      0      26      1      1      3      2.15302      0      2.02799
14      0      27      1      1      3      2.06736      0      2.02428
14      0      28      1      1      3      2.46127      0      2.376
14      0      29      1      1      3      2.49471      0      2.51847
14      0      30      1      1      3      2.4624      0      2.47707
14      0      31      1      1      3      2.58083      0      2.53226
14      0      32      1      1      3      2.35273      0      2.37125
14      0      33      1      1      3      2.59222      0      2.60608
14      0      34      1      1      3      1.73904      0      1.63118
14      0      35      1      1      3      2.94338      0      2.84089
14      0      36      1      1      3      2.41323      0      2.37824
14      0      37      1      1      3      2.3371      0      2.31006
14      0      38      1      1      3      2.96112      0      2.82392
14      0      39      1      1      3      3.18927      0      2.7776
14      0      40      1      1      3      2.38587      0      2.3232
14      0      41      1      1      3      2.22244      0      2.18411
14      0      42      1      1      3      2.07384      0      2.02103
14      0      43      1      1      3      2.34281      0      2.30526
14      0      44      1      1      3      2.42367      0      2.42413
14      0      45      1      1      3      2.30983      0      2.89642
14      0      46      1      1      3      1.19892      0      1.07297
14      0      47      1      1      3      2.91141      0      2.65134
#######################################################################
# CFT                                                                 #
#######################################################################
31      0      0      0      1      3      200      0      3.72526
31      0      1      0      1      3      200      0      3.90916
31      0      2      0      1      3      200      0      3.81908
31      0      3      0      1      3      200      0      3.76455
31      0      4      0      1      3      200      0      3.48988
31      0      5      0      1      3      200      0      3.35263
31      0      6      0      1      3      200      0      3.67252
31      0      7      0      1      3      200      0      3.83911
31      0      8      0      1      3      200      0      3.63748
31      0      9      0      1      3      200      0      3.78934
31      0      10      0      1      3      200      0      3.54577
31      0      11      0      1      3      200      0      3.76084
31      0      12      0      1      3      200      0      3.81788
31      0      13      0      1      3      200      0      3.78581
31      0      14      0      1      3      200      0      3.66702
31      0      15      0      1      3      200      0      3.53292
31      0      16      0      1      3      200      0      3.19229
31      0      17      0      1      3      200      0      3.6519
31      0      18      0      1      3      200      0      3.57649
31      0      19      0      1      3      200      0      3.61451
31      0      20      0      1      3      200      0      3.50964
31      0      21      0      1      3      200      0      3.54594
31      0      22      0      1      3      200      0      3.70404
31      0      23      0      1      3      200      0      3.62383
31      0      24      0      1      3      200      0      3.78735
31      0      25      0      1      3      200      0      3.54931
31      0      26      0      1      3      200      0      3.54652
31      0      27      0      1      3      200      0      3.44952
31      0      28      0      1      3      200      0      3.43918
31      0      29      0      1      3      200      0      3.61058
31      0      30      0      1      3      200      0      3.61827
31      0      31      0      1      3      200      0      3.54181
31      0      32      0      1      3      200      0      3.68332
31      0      33      0      1      3      200      0      3.43945
31      0      34      0      1      3      200      0      3.63906
31      0      35      0      1      3      200      0      3.68348
31      0      36      0      1      3      200      0      3.61573
31      0      37      0      1      3      200      0      3.72612
31      0      38      0      1      3      200      0      3.76559
31      0      39      0      1      3      200      0      3.67467
31      0      40      0      1      3      200      0      3.43932
31      0      41      0      1      3      200      0      3.63602
31      0      42      0      1      3      200      0      3.57385
31      0      43      0      1      3      200      0      3.34985
31      0      44      0      1      3      200      0      3.50182
31      0      45      0      1      3      200      0      3.61244
31      0      46      0      1      3      200      0      3.47069
31      0      47      0      1      3      200      0      3.27078
31      0      48      0      1      3      200      0      3.65917
31      0      49      0      1      3      200      0      3.38927
31      0      50      0      1      3      200      0      3.62741
31      0      51      0      1      3      200      0      3.50006
31      0      52      0      1      3      200      0      3.24829
31      0      53      0      1      3      200      0      3.42006
31      0      54      0      1      3      200      0      3.50588
31      0      55      0      1      3      200      0      3.30242
31      0      56      0      1      3      200      0      3.37178
31      0      57      0      1      3      200      0      3.24115
31      0      58      0      1      3      200      0      3.52535
31      0      59      0      1      3      200      0      3.45134
31      0      60      0      1      3      200      0      3.49825
31      0      61      0      1      3      200      0      3.43168
31      0      62      0      1      3      200      0      3.40548
31      0      63      0      1      3      200      0      3.40422
31      0      64      0      1      3      200      0      3.36055
31      0      65      0      1      3      200      0      3.66706
31      0      66      0      1      3      200      0      3.334
31      0      67      0      1      3      200      0      3.69976
31      0      68      0      1      3      200      0      3.09231
31      0      69      0      1      3      200      0      3.22975
31      0      70      0      1      3      200      0      3.6083
31      0      71      0      1      3      200      0      3.5982
31      0      72      0      1      3      200      0      3.85953
31      0      73      0      1      3      200      0      3.47372
31      0      74      0      1      3      200      0      3.52332
31      0      75      0      1      3      200      0      3.53092
31      0      76      0      1      3      200      0      3.45211
31      0      77      0      1      3      200      0      3.39599
31      0      78      0      1      3      200      0      3.50086
31      0      79      0      1      3      200      0      3.6499
31      0      80      0      1      3      200      0      3.47477
31      0      81      0      1      3      200      0      3.82786
31      0      82      0      1      3      200      0      3.3824
31      0      83      0      1      3      200      0      3.40202
31      0      84      0      1      3      200      0      3.47273
31      0      85      0      1      3      200      0      3.39225
31      0      86      0      1      3      200      0      3.73627
31      0      87      0      1      3      200      0      3.45431
31      0      88      0      1      3      200      0      3.7117
31      0      89      0      1      3      200      0      3.61031
31      0      90      0      1      3      200      0      3.39722
31      0      91      0      1      3      200      0      3.64168
31      0      92      0      1      3      200      0      3.31358
31      0      93      0      1      3      200      0      3.54905
31      0      94      0      1      3      200      0      3.53852
31      0      95      0      1      3      200      0      3.35669
31      0      96      0      1      3      200      0      4.41757
31      0      97      0      1      3      200      0      3.70443
31      0      98      0      1      3      200      0      3.59273
31      0      99      0      1      3      200      0      3.7358
31      0      100      0      1      3      200      0      3.63571
31      0      101      0      1      3      200      0      3.56898
31      0      102      0      1      3      200      0      3.50919
31      0      103      0      1      3      200      0      3.73903
31      0      104      0      1      3      200      0      3.79714
31      0      105      0      1      3      200      0      3.42423
31      0      106      0      1      3      200      0      3.36507
31      0      107      0      1      3      200      0      3.79686
31      0      108      0      1      3      200      0      3.40022
31      0      109      0      1      3      200      0      3.7718
31      0      110      0      1      3      200      0      3.85894
31      0      111      0      1      3      200      0      3.74391
31      0      112      0      1      3      200      0      3.45816
31      0      113      0      1      3      200      0      3.96424
31      0      114      0      1      3      200      0      3.78814
31      0      115      0      1      3      200      0      3.75992
31      0      116      0      1      3      200      0      3.6575
31      0      117      0      1      3      200      0      3.62034
31      0      118      0      1      3      200      0      3.6413
31      0      119      0      1      3      200      0      3.49639
31      0      120      0      1      3      200      0      3.61952
31      0      121      0      1      3      200      0      3.48255
31      0      122      0      1      3      200      0      3.54753
31      0      123      0      1      3      200      0      4.02883
31      0      124      0      1      3      200      0      3.75184
31      0      125      0      1      3      200      0      4.1341
31      0      126      0      1      3      200      0      3.62432
31      0      127      0      1      3      200      0      4.01117
31      0      128      0      1      3      200      0      4.47503
31      0      129      0      1      3      200      0      3.87411
31      0      130      0      1      3      200      0      3.46759
31      0      131      0      1      3      200      0      3.76775
31      0      132      0      1      3      200      0      3.37393
31      0      133      0      1      3      200      0      3.41736
31      0      134      0      1      3      200      0      3.55028
31      0      135      0      1      3      200      0      3.61244
31      0      136      0      1      3      200      0      3.31394
31      0      137      0      1      3      200      0      3.31381
31      0      138      0      1      3      200      0      3.51752
31      0      139      0      1      3      200      0      3.59154
31      0      140      0      1      3      200      0      3.49896
31      0      141      0      1      3      200      0      3.65592
31      0      142      0      1      3      200      0      3.75768
31      0      143      0      1      3      200      0      3.86068
31      0      144      0      1      3      200      0      3.75812
31      0      145      0      1      3      200      0      3.89831
31      0      146      0      1      3      200      0      3.76686
31      0      147      0      1      3      200      0      3.72614
31      0      148      0      1      3      200      0      3.8897
31      0      149      0      1      3      200      0      3.68627
31      0      150      0      1      3      200      0      3.69717
31      0      151      0      1      3      200      0      4.07802
31      0      152      0      1      3      200      0      3.948
31      0      153      0      1      3      200      0      3.5271
31      0      154      0      1      3      200      0      3.70707
31      0      155      0      1      3      200      0      4.21206
31      0      156      0      1      3      200      0      3.67353
31      0      157      0      1      3      200      0      3.91313
31      0      158      0      1      3      200      0      3.78307
31      0      159      0      1      3      200      0      4.17864
31      0      160      0      1      3      200      0      3.64239
31      0      161      0      1      3      200      0      3.46245
31      0      162      0      1      3      200      0      3.80021
31      0      163      0      1      3      200      0      3.45174
31      0      164      0      1      3      200      0      3.71413
31      0      165      0      1      3      200      0      3.71806
31      0      166      0      1      3      200      0      3.71149
31      0      167      0      1      3      200      0      3.49805
31      0      168      0      1      3      200      0      3.71032
31      0      169      0      1      3      200      0      3.47912
31      0      170      0      1      3      200      0      3.9818
31      0      171      0      1      3      200      0      3.52045
31      0      172      0      1      3      200      0      4.08537
31      0      173      0      1      3      200      0      3.43612
31      0      174      0      1      3      200      0      3.88014
31      0      175      0      1      3      200      0      3.56293
31      0      176      0      1      3      200      0      3.76106
31      0      177      0      1      3      200      0      4.14734
31      0      178      0      1      3      200      0      3.94821
31      0      179      0      1      3      200      0      3.72208
31      0      180      0      1      3      200      0      3.47854
31      0      181      0      1      3      200      0      3.68245
31      0      182      0      1      3      200      0      3.83958
31      0      183      0      1      3      200      0      3.86799
31      0      184      0      1      3      200      0      3.76174
31      0      185      0      1      3      200      0      3.98576
31      0      186      0      1      3      200      0      3.65637
31      0      187      0      1      3      200      0      3.68723
31      0      188      0      1      3      200      0      3.97347
31      0      189      0      1      3      200      0      3.53383
31      0      190      0      1      3      200      0      3.63551
31      0      191      0      1      3      200      0      3.53105
31      0      192      0      1      3      200      0      4.03303
31      0      193      0      1      3      200      0      3.84226
31      0      194      0      1      3      200      0      3.78109
31      0      195      0      1      3      200      0      4.00636
31      0      196      0      1      3      200      0      3.95274
31      0      197      0      1      3      200      0      3.77807
31      0      198      0      1      3      200      0      4.02045
31      0      199      0      1      3      200      0      3.83409
31      0      200      0      1      3      200      0      4.06379
31      0      201      0      1      3      200      0      4.03141
31      0      202      0      1      3      200      0      3.75499
31      0      203      0      1      3      200      0      3.8535
31      0      204      0      1      3      200      0      3.93816
31      0      205      0      1      3      200      0      3.81648
31      0      206      0      1      3      200      0      3.66241
31      0      207      0      1      3      200      0      3.85916
31      0      208      0      1      3      200      0      3.93736
31      0      209      0      1      3      200      0      3.69813
31      0      210      0      1      3      200      0      4.08967
31      0      211      0      1      3      200      0      3.8201
31      0      212      0      1      3      200      0      3.85827
31      0      213      0      1      3      200      0      3.92476
31      0      214      0      1      3      200      0      4.06717
31      0      215      0      1      3      200      0      3.74086
31      0      216      0      1      3      200      0      4.01549
31      0      217      0      1      3      200      0      3.6873
31      0      218      0      1      3      200      0      3.80225
31      0      219      0      1      3      200      0      3.63452
31      0      220      0      1      3      200      0      3.95428
31      0      221      0      1      3      200      0      3.9908
31      0      222      0      1      3      200      0      3.94106
31      0      223      0      1      3      200      0      3.94686
31      0      224      0      1      3      200      0      4.39155
31      0      225      0      1      3      200      0      4.01797
31      0      226      0      1      3      200      0      4.18931
31      0      227      0      1      3      200      0      4.06091
31      0      228      0      1      3      200      0      3.99772
31      0      229      0      1      3      200      0      4.25766
31      0      230      0      1      3      200      0      4.03439
31      0      231      0      1      3      200      0      3.98769
31      0      232      0      1      3      200      0      3.6577
31      0      233      0      1      3      200      0      3.71931
31      0      234      0      1      3      200      0      3.64001
31      0      235      0      1      3      200      0      3.91824
31      0      236      0      1      3      200      0      3.55065
31      0      237      0      1      3      200      0      4.01578
31      0      238      0      1      3      200      0      3.80475
31      0      239      0      1      3      200      0      3.94757
31      0      240      0      1      3      200      0      3.79913
31      0      241      0      1      3      200      0      4.09473
31      0      242      0      1      3      200      0      3.95161
31      0      243      0      1      3      200      0      3.92198
31      0      244      0      1      3      200      0      4.08894
31      0      245      0      1      3      200      0      3.85284
31      0      246      0      1      3      200      0      3.79183
31      0      247      0      1      3      200      0      3.72696
31      0      248      0      1      3      200      0      3.8364
31      0      249      0      1      3      200      0      3.89713
31      0      250      0      1      3      200      0      3.85182
31      0      251      0      1      3      200      0      4.38699
31      0      252      0      1      3      200      0      3.99663
31      0      253      0      1      3      200      0      4.32015
31      0      254      0      1      3      200      0      4.11842
31      0      255      0      1      3      200      0      4.80924
31      0      256      0      1      3      200      0      3.75022
31      0      257      0      1      3      200      0      3.7617
31      0      258      0      1      3      200      0      3.60495
31      0      259      0      1      3      200      0      3.84628
31      0      260      0      1      3      200      0      3.925
31      0      261      0      1      3      200      0      3.76421
31      0      262      0      1      3      200      0      3.8301
31      0      263      0      1      3      200      0      3.79812
31      0      264      0      1      3      200      0      3.84963
31      0      265      0      1      3      200      0      3.8035
31      0      266      0      1      3      200      0      3.87186
31      0      267      0      1      3      200      0      3.90332
31      0      268      0      1      3      200      0      3.73421
31      0      269      0      1      3      200      0      3.647
31      0      270      0      1      3      200      0      3.70662
31      0      271      0      1      3      200      0      3.79564
31      0      272      0      1      3      200      0      3.81737
31      0      273      0      1      3      200      0      3.90715
31      0      274      0      1      3      200      0      3.78046
31      0      275      0      1      3      200      0      3.81553
31      0      276      0      1      3      200      0      3.61472
31      0      277      0      1      3      200      0      3.69269
31      0      278      0      1      3      200      0      3.80785
31      0      279      0      1      3      200      0      3.91636
31      0      280      0      1      3      200      0      3.75616
31      0      281      0      1      3      200      0      3.88138
31      0      282      0      1      3      200      0      3.76598
31      0      283      0      1      3      200      0      3.77401
31      0      284      0      1      3      200      0      3.66277
31      0      285      0      1      3      200      0      3.80568
31      0      286      0      1      3      200      0      4.06115
31      0      287      0      1      3      200      0      3.90112
31      0      288      0      1      3      200      0      3.5794
31      0      289      0      1      3      200      0      3.54042
31      0      290      0      1      3      200      0      3.78469
31      0      291      0      1      3      200      0      3.53101
31      0      292      0      1      3      200      0      3.5177
31      0      293      0      1      3      200      0      3.53325
31      0      294      0      1      3      200      0      3.78752
31      0      295      0      1      3      200      0      3.35968
31      0      296      0      1      3      200      0      3.77043
31      0      297      0      1      3      200      0      3.5346
31      0      298      0      1      3      200      0      3.50642
31      0      299      0      1      3      200      0      3.92681
31      0      300      0      1      3      200      0      3.54361
31      0      301      0      1      3      200      0      3.79447
31      0      302      0      1      3      200      0      3.87413
31      0      303      0      1      3      200      0      3.8357
31      0      304      0      1      3      200      0      3.53972
31      0      305      0      1      3      200      0      3.79847
31      0      306      0      1      3      200      0      3.78952
31      0      307      0      1      3      200      0      3.79185
31      0      308      0      1      3      200      0      3.81075
31      0      309      0      1      3      200      0      3.93024
31      0      310      0      1      3      200      0      3.80815
31      0      311      0      1      3      200      0      3.95492
31      0      312      0      1      3      200      0      3.97642
31      0      313      0      1      3      200      0      3.86062
31      0      314      0      1      3      200      0      3.56078
31      0      315      0      1      3      200      0      3.97335
31      0      316      0      1      3      200      0      3.77422
31      0      317      0      1      3      200      0      3.48869
31      0      318      0      1      3      200      0      3.78269
31      0      319      0      1      3      200      0      3.79991
31      0      320      0      1      3      200      0      3.7934
31      0      321      0      1      3      200      0      3.70203
31      0      322      0      1      3      200      0      3.87926
31      0      323      0      1      3      200      0      3.78118
31      0      324      0      1      3      200      0      3.94629
31      0      325      0      1      3      200      0      3.847
31      0      326      0      1      3      200      0      3.80797
31      0      327      0      1      3      200      0      3.77368
31      0      328      0      1      3      200      0      3.85606
31      0      329      0      1      3      200      0      3.88353
31      0      330      0      1      3      200      0      3.71244
31      0      331      0      1      3      200      0      3.91375
31      0      332      0      1      3      200      0      3.66697
31      0      333      0      1      3      200      0      3.8257
31      0      334      0      1      3      200      0      3.91833
31      0      335      0      1      3      200      0      3.86962
31      0      336      0      1      3      200      0      3.8137
31      0      337      0      1      3      200      0      3.63055
31      0      338      0      1      3      200      0      3.63534
31      0      339      0      1      3      200      0      3.79455
31      0      340      0      1      3      200      0      3.67727
31      0      341      0      1      3      200      0      3.96641
31      0      342      0      1      3      200      0      3.6129
31      0      343      0      1      3      200      0      3.38288
31      0      344      0      1      3      200      0      3.58254
31      0      345      0      1      3      200      0      3.67413
31      0      346      0      1      3      200      0      3.60697
31      0      347      0      1      3      200      0      3.60472
31      0      348      0      1      3      200      0      3.64433
31      0      349      0      1      3      200      0      3.56435
31      0      350      0      1      3      200      0      3.88671
31      0      351      0      1      3      200      0      3.54559
31      0      352      0      1      3      200      0      3.92784
31      0      353      0      1      3      200      0      3.78087
31      0      354      0      1      3      200      0      3.79975
31      0      355      0      1      3      200      0      3.6806
31      0      356      0      1      3      200      0      3.91393
31      0      357      0      1      3      200      0      3.83563
31      0      358      0      1      3      200      0      3.99368
31      0      359      0      1      3      200      0      3.89573
31      0      360      0      1      3      200      0      3.8301
31      0      361      0      1      3      200      0      3.93613
31      0      362      0      1      3      200      0      3.7497
31      0      363      0      1      3      200      0      4.09793
31      0      364      0      1      3      200      0      3.86874
31      0      365      0      1      3      200      0      3.96182
31      0      366      0      1      3      200      0      3.8541
31      0      367      0      1      3      200      0      4.05559
31      0      368      0      1      3      200      0      3.98634
31      0      369      0      1      3      200      0      4.20344
31      0      370      0      1      3      200      0      3.92164
31      0      371      0      1      3      200      0      4.17813
31      0      372      0      1      3      200      0      3.87805
31      0      373      0      1      3      200      0      3.69464
31      0      374      0      1      3      200      0      3.66208
31      0      375      0      1      3      200      0      3.91017
31      0      376      0      1      3      200      0      3.80291
31      0      377      0      1      3      200      0      3.87747
31      0      378      0      1      3      200      0      3.92611
31      0      379      0      1      3      200      0      3.89511
31      0      380      0      1      3      200      0      3.862
31      0      381      0      1      3      200      0      3.76292
31      0      382      0      1      3      200      0      3.80638
31      0      383      0      1      3      200      0      4.08102
31      0      384      0      1      3      200      0      3.84416
31      0      385      0      1      3      200      0      3.91224
31      0      386      0      1      3      200      0      3.89046
31      0      387      0      1      3      200      0      3.65167
31      0      388      0      1      3      200      0      4.01329
31      0      389      0      1      3      200      0      3.91808
31      0      390      0      1      3      200      0      4.03039
31      0      391      0      1      3      200      0      4.21619
31      0      392      0      1      3      200      0      4.02823
31      0      393      0      1      3      200      0      4.03213
31      0      394      0      1      3      200      0      4.04682
31      0      395      0      1      3      200      0      4.28753
31      0      396      0      1      3      200      0      4.11135
31      0      397      0      1      3      200      0      3.69423
31      0      398      0      1      3      200      0      4.11759
31      0      399      0      1      3      200      0      3.79098
31      0      400      0      1      3      200      0      3.592
31      0      401      0      1      3      200      0      3.63788
31      0      402      0      1      3      200      0      3.65828
31      0      403      0      1      3      200      0      3.76648
31      0      404      0      1      3      200      0      3.72977
31      0      405      0      1      3      200      0      3.44396
31      0      406      0      1      3      200      0      3.70107
31      0      407      0      1      3      200      0      3.521
31      0      408      0      1      3      200      0      3.67736
31      0      409      0      1      3      200      0      3.45608
31      0      410      0      1      3      200      0      3.67456
31      0      411      0      1      3      200      0      3.46583
31      0      412      0      1      3      200      0      3.52646
31      0      413      0      1      3      200      0      3.53009
31      0      414      0      1      3      200      0      3.98619
31      0      415      0      1      3      200      0      3.73502
31      0      416      0      1      3      200      0      3.61999
31      0      417      0      1      3      200      0      3.61632
31      0      418      0      1      3      200      0      3.84571
31      0      419      0      1      3      200      0      3.55617
31      0      420      0      1      3      200      0      3.64275
31      0      421      0      1      3      200      0      3.58961
31      0      422      0      1      3      200      0      3.47596
31      0      423      0      1      3      200      0      3.69948
31      0      424      0      1      3      200      0      3.60646
31      0      425      0      1      3      200      0      3.50495
31      1      0      0      1      3      200      0      3.78127
31      1      1      0      1      3      200      0      3.65506
31      1      2      0      1      3      200      0      3.74539
31      1      3      0      1      3      200      0      3.85648
31      1      4      0      1      3      200      0      3.72701
31      1      5      0      1      3      200      0      3.92796
31      1      6      0      1      3      200      0      3.5733
31      1      7      0      1      3      200      0      3.5088
31      1      8      0      1      3      200      0      3.85592
31      1      9      0      1      3      200      0      3.34971
31      1      10      0      1      3      200      0      3.77579
31      1      11      0      1      3      200      0      3.78096
31      1      12      0      1      3      200      0      3.68603
31      1      13      0      1      3      200      0      3.39139
31      1      14      0      1      3      200      0      3.68087
31      1      15      0      1      3      200      0      3.49455
31      1      16      0      1      3      200      0      3.3347
31      1      17      0      1      3      200      0      3.70746
31      1      18      0      1      3      200      0      3.71275
31      1      19      0      1      3      200      0      3.4882
31      1      20      0      1      3      200      0      3.66921
31      1      21      0      1      3      200      0      3.36431
31      1      22      0      1      3      200      0      3.54178
31      1      23      0      1      3      200      0      3.55386
31      1      24      0      1      3      200      0      3.60941
31      1      25      0      1      3      200      0      3.39653
31      1      26      0      1      3      200      0      3.41185
31      1      27      0      1      3      200      0      3.58737
31      1      28      0      1      3      200      0      3.54427
31      1      29      0      1      3      200      0      3.42734
31      1      30      0      1      3      200      0      3.76176
31      1      31      0      1      3      200      0      3.88473
31      1      32      0      1      3      200      0      3.73294
31      1      33      0      1      3      200      0      3.49012
31      1      34      0      1      3      200      0      3.68427
31      1      35      0      1      3      200      0      3.66136
31      1      36      0      1      3      200      0      3.55673
31      1      37      0      1      3      200      0      3.77545
31      1      38      0      1      3      200      0      3.51242
31      1      39      0      1      3      200      0      3.64754
31      1      40      0      1      3      200      0      3.53376
31      1      41      0      1      3      200      0      3.84706
31      1      42      0      1      3      200      0      3.65358
31      1      43      0      1      3      200      0      3.67553
31      1      44      0      1      3      200      0      3.57157
31      1      45      0      1      3      200      0      3.52603
31      1      46      0      1      3      200      0      3.48156
31      1      47      0      1      3      200      0      3.61633
31      1      48      0      1      3      200      0      3.46407
31      1      49      0      1      3      200      0      3.75987
31      1      50      0      1      3      200      0      3.76359
31      1      51      0      1      3      200      0      3.77452
31      1      52      0      1      3      200      0      3.74588
31      1      53      0      1      3      200      0      3.62247
31      1      54      0      1      3      200      0      3.70552
31      1      55      0      1      3      200      0      4.00658
31      1      56      0      1      3      200      0      3.86147
31      1      57      0      1      3      200      0      3.83155
31      1      58      0      1      3      200      0      3.79352
31      1      59      0      1      3      200      0      3.5865
31      1      60      0      1      3      200      0      3.82104
31      1      61      0      1      3      200      0      3.53651
31      1      62      0      1      3      200      0      3.75156
31      1      63      0      1      3      200      0      3.80026
31      1      64      0      1      3      200      0      3.53887
31      1      65      0      1      3      200      0      3.45792
31      1      66      0      1      3      200      0      3.50616
31      1      67      0      1      3      200      0      3.53728
31      1      68      0      1      3      200      0      3.40442
31      1      69      0      1      3      200      0      3.39913
31      1      70      0      1      3      200      0      3.66538
31      1      71      0      1      3      200      0      3.65875
31      1      72      0      1      3      200      0      3.67198
31      1      73      0      1      3      200      0      3.46072
31      1      74      0      1      3      200      0      3.68392
31      1      75      0      1      3      200      0      3.46834
31      1      76      0      1      3      200      0      3.67526
31      1      77      0      1      3      200      0      3.48216
31      1      78      0      1      3      200      0      3.67196
31      1      79      0      1      3      200      0      3.44659
31      1      80      0      1      3      200      0      3.40327
31      1      81      0      1      3      200      0      3.59733
31      1      82      0      1      3      200      0      3.80934
31      1      83      0      1      3      200      0      3.78508
31      1      84      0      1      3      200      0      3.78074
31      1      85      0      1      3      200      0      3.36916
31      1      86      0      1      3      200      0      3.6276
31      1      87      0      1      3      200      0      3.53327
31      1      88      0      1      3      200      0      3.48995
31      1      89      0      1      3      200      0      3.58071
31      1      90      0      1      3      200      0      3.78291
31      1      91      0      1      3      200      0      3.58723
31      1      92      0      1      3      200      0      3.48021
31      1      93      0      1      3      200      0      3.40766
31      1      94      0      1      3      200      0      3.59588
31      1      95      0      1      3      200      0      3.49317
31      1      96      0      1      3      200      0      3.41354
31      1      97      0      1      3      200      0      3.30117
31      1      98      0      1      3      200      0      3.43488
31      1      99      0      1      3      200      0      3.44501
31      1      100      0      1      3      200      0      3.4143
31      1      101      0      1      3      200      0      3.38506
31      1      102      0      1      3      200      0      3.72499
31      1      103      0      1      3      200      0      3.58747
31      1      104      0      1      3      200      0      3.3806
31      1      105      0      1      3      200      0      3.59461
31      1      106      0      1      3      200      0      3.30531
31      1      107      0      1      3      200      0      3.74553
31      1      108      0      1      3      200      0      3.34882
31      1      109      0      1      3      200      0      3.6653
31      1      110      0      1      3      200      0      3.55863
31      1      111      0      1      3      200      0      3.5172
31      1      112      0      1      3      200      0      3.3988
31      1      113      0      1      3      200      0      3.53772
31      1      114      0      1      3      200      0      3.34913
31      1      115      0      1      3      200      0      3.5347
31      1      116      0      1      3      200      0      3.41097
31      1      117      0      1      3      200      0      3.6233
31      1      118      0      1      3      200      0      3.49231
31      1      119      0      1      3      200      0      3.505
31      1      120      0      1      3      200      0      3.4778
31      1      121      0      1      3      200      0      3.58031
31      1      122      0      1      3      200      0      3.43085
31      1      123      0      1      3      200      0      3.72501
31      1      124      0      1      3      200      0      3.50398
31      1      125      0      1      3      200      0      3.79362
31      1      126      0      1      3      200      0      3.79245
31      1      127      0      1      3      200      0      3.48905
31      1      128      0      1      3      200      0      3.53141
31      1      129      0      1      3      200      0      3.63334
31      1      130      0      1      3      200      0      3.54087
31      1      131      0      1      3      200      0      3.63287
31      1      132      0      1      3      200      0      3.3775
31      1      133      0      1      3      200      0      3.53188
31      1      134      0      1      3      200      0      3.6302
31      1      135      0      1      3      200      0      3.67588
31      1      136      0      1      3      200      0      3.35198
31      1      137      0      1      3      200      0      3.35767
31      1      138      0      1      3      200      0      3.39902
31      1      139      0      1      3      200      0      3.51445
31      1      140      0      1      3      200      0      3.557
31      1      141      0      1      3      200      0      3.62524
31      1      142      0      1      3      200      0      3.45025
31      1      143      0      1      3      200      0      3.70485
31      1      144      0      1      3      200      0      3.47475
31      1      145      0      1      3      200      0      3.64384
31      1      146      0      1      3      200      0      3.65784
31      1      147      0      1      3      200      0      3.44115
31      1      148      0      1      3      200      0      3.47868
31      1      149      0      1      3      200      0      3.59662
31      1      150      0      1      3      200      0      3.47174
31      1      151      0      1      3      200      0      3.55131
31      1      152      0      1      3      200      0      3.51385
31      1      153      0      1      3      200      0      3.4776
31      1      154      0      1      3      200      0      3.65754
31      1      155      0      1      3      200      0      3.52013
31      1      156      0      1      3      200      0      3.39598
31      1      157      0      1      3      200      0      3.79033
31      1      158      0      1      3      200      0      3.47154
31      1      159      0      1      3      200      0      3.38994
31      1      160      0      1      3      200      0      3.58858
31      1      161      0      1      3      200      0      3.69113
31      1      162      0      1      3      200      0      3.56697
31      1      163      0      1      3      200      0      3.61612
31      1      164      0      1      3      200      0      3.57378
31      1      165      0      1      3      200      0      3.50495
31      1      166      0      1      3      200      0      3.68734
31      1      167      0      1      3      200      0      3.46695
31      1      168      0      1      3      200      0      3.49693
31      1      169      0      1      3      200      0      3.45471
31      1      170      0      1      3      200      0      3.35967
31      1      171      0      1      3      200      0      3.41543
31      1      172      0      1      3      200      0      3.45958
31      1      173      0      1      3      200      0      3.66171
31      1      174      0      1      3      200      0      3.73386
31      1      175      0      1      3      200      0      3.5579
31      1      176      0      1      3      200      0      3.39925
31      1      177      0      1      3      200      0      3.36565
31      1      178      0      1      3      200      0      3.45637
31      1      179      0      1      3      200      0      3.6586
31      1      180      0      1      3      200      0      3.68596
31      1      181      0      1      3      200      0      3.53168
31      1      182      0      1      3      200      0      3.72698
31      1      183      0      1      3      200      0      3.61482
31      1      184      0      1      3      200      0      3.65978
31      1      185      0      1      3      200      0      3.62184
31      1      186      0      1      3      200      0      3.55801
31      1      187      0      1      3      200      0      3.74411
31      1      188      0      1      3      200      0      3.66555
31      1      189      0      1      3      200      0      3.8086
31      1      190      0      1      3      200      0      3.6509
31      1      191      0      1      3      200      0      3.49672
31      1      192      0      1      3      200      0      3.59469
31      1      193      0      1      3      200      0      3.35478
31      1      194      0      1      3      200      0      3.49859
31      1      195      0      1      3      200      0      3.55324
31      1      196      0      1      3      200      0      3.64172
31      1      197      0      1      3      200      0      3.52878
31      1      198      0      1      3      200      0      3.48788
31      1      199      0      1      3      200      0      3.4426
31      1      200      0      1      3      200      0      3.38889
31      1      201      0      1      3      200      0      3.59089
31      1      202      0      1      3      200      0      3.46721
31      1      203      0      1      3      200      0      3.39451
31      1      204      0      1      3      200      0      3.46152
31      1      205      0      1      3      200      0      3.31555
31      1      206      0      1      3      200      0      3.43224
31      1      207      0      1      3      200      0      3.36042
31      1      208      0      1      3      200      0      3.51049
31      1      209      0      1      3      200      0      3.3437
31      1      210      0      1      3      200      0      3.48698
31      1      211      0      1      3      200      0      3.44283
31      1      212      0      1      3      200      0      3.58226
31      1      213      0      1      3      200      0      3.59015
31      1      214      0      1      3      200      0      3.55761
31      1      215      0      1      3      200      0      3.56066
31      1      216      0      1      3      200      0      3.46213
31      1      217      0      1      3      200      0      3.55846
31      1      218      0      1      3      200      0      3.4763
31      1      219      0      1      3      200      0      3.62582
31      1      220      0      1      3      200      0      3.66853
31      1      221      0      1      3      200      0      3.38645
31      1      222      0      1      3      200      0      3.51021
31      1      223      0      1      3      200      0      3.75574
31      1      224      0      1      3      200      0      4.21664
31      1      225      0      1      3      200      0      3.78453
31      1      226      0      1      3      200      0      3.69749
31      1      227      0      1      3      200      0      3.54494
31      1      228      0      1      3      200      0      3.7646
31      1      229      0      1      3      200      0      3.77377
31      1      230      0      1      3      200      0      3.94781
31      1      231      0      1      3      200      0      3.61285
31      1      232      0      1      3      200      0      3.84765
31      1      233      0      1      3      200      0      3.73189
31      1      234      0      1      3      200      0      3.56041
31      1      235      0      1      3      200      0      3.82869
31      1      236      0      1      3      200      0      3.43157
31      1      237      0      1      3      200      0      3.61068
31      1      238      0      1      3      200      0      3.65146
31      1      239      0      1      3      200      0      3.87294
31      1      240      0      1      3      200      0      3.84889
31      1      241      0      1      3      200      0      3.64594
31      1      242      0      1      3      200      0      3.79498
31      1      243      0      1      3      200      0      3.84795
31      1      244      0      1      3      200      0      3.7703
31      1      245      0      1      3      200      0      3.63205
31      1      246      0      1      3      200      0      3.46909
31      1      247      0      1      3      200      0      3.77193
31      1      248      0      1      3      200      0      3.69613
31      1      249      0      1      3      200      0      3.38918
31      1      250      0      1      3      200      0      3.90062
31      1      251      0      1      3      200      0      4.06705
31      1      252      0      1      3      200      0      3.57321
31      1      253      0      1      3      200      0      4.12318
31      1      254      0      1      3      200      0      3.70797
31      1      255      0      1      3      200      0      4.39044
31      1      256      0      1      3      200      0      4.32933
31      1      257      0      1      3      200      0      3.88061
31      1      258      0      1      3      200      0      3.55817
31      1      259      0      1      3      200      0      3.73257
31      1      260      0      1      3      200      0      3.61645
31      1      261      0      1      3      200      0      3.94033
31      1      262      0      1      3      200      0      3.47361
31      1      263      0      1      3      200      0      3.59024
31      1      264      0      1      3      200      0      3.75015
31      1      265      0      1      3      200      0      3.91085
31      1      266      0      1      3      200      0      3.73259
31      1      267      0      1      3      200      0      3.82414
31      1      268      0      1      3      200      0      3.59567
31      1      269      0      1      3      200      0      3.86724
31      1      270      0      1      3      200      0      3.4124
31      1      271      0      1      3      200      0      3.80483
31      1      272      0      1      3      200      0      3.63007
31      1      273      0      1      3      200      0      3.71003
31      1      274      0      1      3      200      0      3.68411
31      1      275      0      1      3      200      0      3.70978
31      1      276      0      1      3      200      0      3.73886
31      1      277      0      1      3      200      0      3.81062
31      1      278      0      1      3      200      0      3.94839
31      1      279      0      1      3      200      0      3.67292
31      1      280      0      1      3      200      0      3.71
31      1      281      0      1      3      200      0      3.41788
31      1      282      0      1      3      200      0      3.7335
31      1      283      0      1      3      200      0      4.24629
31      1      284      0      1      3      200      0      3.7966
31      1      285      0      1      3      200      0      4.42836
31      1      286      0      1      3      200      0      3.53246
31      1      287      0      1      3      200      0      4.05545
31      1      288      0      1      3      200      0      4.11643
31      1      289      0      1      3      200      0      3.8252
31      1      290      0      1      3      200      0      3.56901
31      1      291      0      1      3      200      0      3.63758
31      1      292      0      1      3      200      0      3.72187
31      1      293      0      1      3      200      0      3.9686
31      1      294      0      1      3      200      0      3.67396
31      1      295      0      1      3      200      0      3.77035
31      1      296      0      1      3      200      0      3.70692
31      1      297      0      1      3      200      0      3.7342
31      1      298      0      1      3      200      0      3.92973
31      1      299      0      1      3      200      0      3.83696
31      1      300      0      1      3      200      0      3.65397
31      1      301      0      1      3      200      0      3.777
31      1      302      0      1      3      200      0      3.66451
31      1      303      0      1      3      200      0      3.67669
31      1      304      0      1      3      200      0      3.93024
31      1      305      0      1      3      200      0      3.8295
31      1      306      0      1      3      200      0      3.67369
31      1      307      0      1      3      200      0      3.40717
31      1      308      0      1      3      200      0      3.59181
31      1      309      0      1      3      200      0      3.78258
31      1      310      0      1      3      200      0      3.72384
31      1      311      0      1      3      200      0      3.51373
31      1      312      0      1      3      200      0      3.7839
31      1      313      0      1      3      200      0      3.46587
31      1      314      0      1      3      200      0      3.53227
31      1      315      0      1      3      200      0      4.10603
31      1      316      0      1      3      200      0      3.96741
31      1      317      0      1      3      200      0      4.04786
31      1      318      0      1      3      200      0      3.52037
31      1      319      0      1      3      200      0      4.31805
31      1      320      0      1      3      200      0      3.94592
31      1      321      0      1      3      200      0      3.36242
31      1      322      0      1      3      200      0      3.54809
31      1      323      0      1      3      200      0      3.76237
31      1      324      0      1      3      200      0      3.66873
31      1      325      0      1      3      200      0      3.50151
31      1      326      0      1      3      200      0      3.84069
31      1      327      0      1      3      200      0      3.70743
31      1      328      0      1      3      200      0      3.82642
31      1      329      0      1      3      200      0      3.63059
31      1      330      0      1      3      200      0      3.57682
31      1      331      0      1      3      200      0      3.82211
31      1      332      0      1      3      200      0      3.71053
31      1      333      0      1      3      200      0      3.93552
31      1      334      0      1      3      200      0      3.62276
31      1      335      0      1      3      200      0      3.58793
31      1      336      0      1      3      200      0      3.66854
31      1      337      0      1      3      200      0      3.40841
31      1      338      0      1      3      200      0      3.66264
31      1      339      0      1      3      200      0      3.72515
31      1      340      0      1      3      200      0      3.6502
31      1      341      0      1      3      200      0      3.54494
31      1      342      0      1      3      200      0      3.82487
31      1      343      0      1      3      200      0      3.52905
31      1      344      0      1      3      200      0      3.73313
31      1      345      0      1      3      200      0      3.7162
31      1      346      0      1      3      200      0      3.89364
31      1      347      0      1      3      200      0      3.83282
31      1      348      0      1      3      200      0      3.63948
31      1      349      0      1      3      200      0      3.79338
31      1      350      0      1      3      200      0      3.688
31      1      351      0      1      3      200      0      4.41686
31      1      352      0      1      3      200      0      3.3708
31      1      353      0      1      3      200      0      3.54324
31      1      354      0      1      3      200      0      3.54117
31      1      355      0      1      3      200      0      3.50481
31      1      356      0      1      3      200      0      3.2193
31      1      357      0      1      3      200      0      3.55165
31      1      358      0      1      3      200      0      3.62443
31      1      359      0      1      3      200      0      3.56779
31      1      360      0      1      3      200      0      3.584
31      1      361      0      1      3      200      0      3.47836
31      1      362      0      1      3      200      0      3.59276
31      1      363      0      1      3      200      0      3.5764
31      1      364      0      1      3      200      0      3.41405
31      1      365      0      1      3      200      0      3.47498
31      1      366      0      1      3      200      0      3.54161
31      1      367      0      1      3      200      0      3.58609
31      1      368      0      1      3      200      0      3.78883
31      1      369      0      1      3      200      0      3.46044
31      1      370      0      1      3      200      0      3.41759
31      1      371      0      1      3      200      0      3.59061
31      1      372      0      1      3      200      0      3.49441
31      1      373      0      1      3      200      0      3.64891
31      1      374      0      1      3      200      0      3.37025
31      1      375      0      1      3      200      0      3.26576
31      1      376      0      1      3      200      0      3.44083
31      1      377      0      1      3      200      0      3.53857
31      1      378      0      1      3      200      0      3.43795
31      1      379      0      1      3      200      0      3.76408
31      1      380      0      1      3      200      0      3.4597
31      1      381      0      1      3      200      0      3.32521
31      1      382      0      1      3      200      0      3.51667
31      1      383      0      1      3      200      0      3.53667
31      1      384      0      1      3      200      0      3.49947
31      1      385      0      1      3      200      0      3.61133
31      1      386      0      1      3      200      0      3.5501
31      1      387      0      1      3      200      0      3.67641
31      1      388      0      1      3      200      0      3.62124
31      1      389      0      1      3      200      0      3.3104
31      1      390      0      1      3      200      0      3.65999
31      1      391      0      1      3      200      0      3.6057
31      1      392      0      1      3      200      0      3.68295
31      1      393      0      1      3      200      0      3.4563
31      1      394      0      1      3      200      0      3.55318
31      1      395      0      1      3      200      0      3.674
31      1      396      0      1      3      200      0      3.63466
31      1      397      0      1      3      200      0      3.41912
31      1      398      0      1      3      200      0      3.59599
31      1      399      0      1      3      200      0      3.51246
31      1      400      0      1      3      200      0      3.73564
31      1      401      0      1      3      200      0      3.68802
31      1      402      0      1      3      200      0      3.62032
31      1      403      0      1      3      200      0      3.43398
31      1      404      0      1      3      200      0      3.70415
31      1      405      0      1      3      200      0      3.77688
31      1      406      0      1      3      200      0      3.55152
31      1      407      0      1      3      200      0      3.50073
31      1      408      0      1      3      200      0      3.5401
31      1      409      0      1      3      200      0      3.66508
31      1      410      0      1      3      200      0      3.56987
31      1      411      0      1      3      200      0      3.54091
31      1      412      0      1      3      200      0      3.69257
31      1      413      0      1      3      200      0      3.4911
31      1      414      0      1      3      200      0      3.74001
31      1      415      0      1      3      200      0      3.86992
31      1      416      0      1      3      200      0      3.71887
31      1      417      0      1      3      200      0      3.5225
31      1      418      0      1      3      200      0      3.62396
31      1      419      0      1      3      200      0      3.51054
31      1      420      0      1      3      200      0      3.77455
31      1      421      0      1      3      200      0      3.66107
31      1      422      0      1      3      200      0      3.59716
31      1      423      0      1      3      200      0      3.69834
31      1      424      0      1      3      200      0      3.66951
31      1      425      0      1      3      200      0      3.67506
31      1      426      0      1      3      200      0      3.70281
31      1      427      0      1      3      200      0      3.79534
31      1      428      0      1      3      200      0      3.68793
31      1      429      0      1      3      200      0      3.87338
31      1      430      0      1      3      200      0      3.38956
31      1      431      0      1      3      200      0      3.59929
31      1      432      0      1      3      200      0      3.80301
31      1      433      0      1      3      200      0      3.62563
31      1      434      0      1      3      200      0      3.70609
31      1      435      0      1      3      200      0      3.65117
31      1      436      0      1      3      200      0      3.60073
31      1      437      0      1      3      200      0      3.44428
31      1      438      0      1      3      200      0      3.85611
31      1      439      0      1      3      200      0      3.66753
31      1      440      0      1      3      200      0      3.67955
31      1      441      0      1      3      200      0      3.61511
31      1      442      0      1      3      200      0      3.51352
31      1      443      0      1      3      200      0      3.35126
31      1      444      0      1      3      200      0      3.66399
31      1      445      0      1      3      200      0      3.51167
31      1      446      0      1      3      200      0      3.42667
31      1      447      0      1      3      200      0      3.68804
31      1      448      0      1      3      200      0      3.58283
31      1      449      0      1      3      200      0      3.30863
31      1      450      0      1      3      200      0      3.7171
31      1      451      0      1      3      200      0      3.63567
31      1      452      0      1      3      200      0      3.69382
31      1      453      0      1      3      200      0      3.35096
31      1      454      0      1      3      200      0      3.90329
31      1      455      0      1      3      200      0      3.48059
31      1      456      0      1      3      200      0      3.68693
31      1      457      0      1      3      200      0      3.56124
31      1      458      0      1      3      200      0      3.78803
31      1      459      0      1      3      200      0      3.62171
31      1      460      0      1      3      200      0      3.82049
31      1      461      0      1      3      200      0      3.47355
31      1      462      0      1      3      200      0      3.62012
31      1      463      0      1      3      200      0      3.43251
31      1      464      0      1      3      200      0      3.83419
31      1      465      0      1      3      200      0      3.44776
31      1      466      0      1      3      200      0      3.54208
31      1      467      0      1      3      200      0      3.48839
31      1      468      0      1      3      200      0      3.70039
31      1      469      0      1      3      200      0      3.57087
31      1      470      0      1      3      200      0      3.67821
31      1      471      0      1      3      200      0      3.46914
31      1      472      0      1      3      200      0      3.71609
31      1      473      0      1      3      200      0      3.75227
31      1      474      0      1      3      200      0      3.38723
31      1      475      0      1      3      200      0      3.33886
31      1      476      0      1      3      200      0      3.65282
31      1      477      0      1      3      200      0      3.40033
31      1      478      0      1      3      200      0      3.65626
31      1      479      0      1      3      200      0      3.72177
31      1      480      0      1      3      200      0      3.48264
31      1      481      0      1      3      200      0      3.29953
31      1      482      0      1      3      200      0      3.5362
31      1      483      0      1      3      200      0      3.8183
31      1      484      0      1      3      200      0      3.51571
31      1      485      0      1      3      200      0      3.34288
31      1      486      0      1      3      200      0      3.52418
31      1      487      0      1      3      200      0      3.54709
31      1      488      0      1      3      200      0      3.27147
31      1      489      0      1      3      200      0      3.5821
31      1      490      0      1      3      200      0      3.46808
31      1      491      0      1      3      200      0      3.43773
31      1      492      0      1      3      200      0      3.47735
31      1      493      0      1      3      200      0      3.35677
31      1      494      0      1      3      200      0      3.46187
31      1      495      0      1      3      200      0      3.44416
31      1      496      0      1      3      200      0      3.56862
31      1      497      0      1      3      200      0      3.35197
31      1      498      0      1      3      200      0      3.45294
31      1      499      0      1      3      200      0      3.4905
31      1      500      0      1      3      200      0      3.30193
31      1      501      0      1      3      200      0      3.63221
31      1      502      0      1      3      200      0      3.4192
31      1      503      0      1      3      200      0      3.44696
31      1      504      0      1      3      200      0      3.4672
31      1      505      0      1      3      200      0      3.37291
31      1      506      0      1      3      200      0      3.63793
31      1      507      0      1      3      200      0      3.47138
31      1      508      0      1      3      200      0      3.41057
31      1      509      0      1      3      200      0      3.46161
31      1      510      0      1      3      200      0      3.45884
31      1      511      0      1      3      200      0      3.39512
31      1      512      0      1      3      200      0      3.51989
31      1      513      0      1      3      200      0      3.76947
31      1      514      0      1      3      200      0      3.33613
31      1      515      0      1      3      200      0      3.70591
31      1      516      0      1      3      200      0      3.36141
31      1      517      0      1      3      200      0      3.84582
31      1      518      0      1      3      200      0      3.58874
31      1      519      0      1      3      200      0      3.81377
31      1      520      0      1      3      200      0      3.58516
31      1      521      0      1      3      200      0      3.85128
31      1      522      0      1      3      200      0      3.73284
31      1      523      0      1      3      200      0      3.83862
31      1      524      0      1      3      200      0      3.75837
31      1      525      0      1      3      200      0      3.71971
31      1      526      0      1      3      200      0      3.65252
31      1      527      0      1      3      200      0      3.87481
31      1      528      0      1      3      200      0      3.71088
31      1      529      0      1      3      200      0      3.72326
31      1      530      0      1      3      200      0      3.69833
31      1      531      0      1      3      200      0      3.93818
31      1      532      0      1      3      200      0      3.65475
31      1      533      0      1      3      200      0      3.64097
31      1      534      0      1      3      200      0      3.69109
31      1      535      0      1      3      200      0      3.50038
31      1      536      0      1      3      200      0      3.70175
31      1      537      0      1      3      200      0      3.57227
31      1      538      0      1      3      200      0      3.62302
31      1      539      0      1      3      200      0      3.67658
31      1      540      0      1      3      200      0      3.3845
31      1      541      0      1      3      200      0      3.62356
31      1      542      0      1      3      200      0      3.82731
31      1      543      0      1      3      200      0      3.65977
31      1      544      0      1      3      200      0      3.56185
31      1      545      0      1      3      200      0      3.71708
31      1      546      0      1      3      200      0      3.74845
31      1      547      0      1      3      200      0      3.80603
31      1      548      0      1      3      200      0      3.71417
31      1      549      0      1      3      200      0      3.60141
31      1      550      0      1      3      200      0      3.65442
31      1      551      0      1      3      200      0      3.51015
31      1      552      0      1      3      200      0      3.57694
31      1      553      0      1      3      200      0      3.71593
31      1      554      0      1      3      200      0      3.59769
31      1      555      0      1      3      200      0      3.51038
31      1      556      0      1      3      200      0      3.53267
31      1      557      0      1      3      200      0      3.65133
31      1      558      0      1      3      200      0      3.64365
31      1      559      0      1      3      200      0      3.55462
31      1      560      0      1      3      200      0      3.51467
31      1      561      0      1      3      200      0      3.59124
31      1      562      0      1      3      200      0      3.67645
31      1      563      0      1      3      200      0      3.45208
31      1      564      0      1      3      200      0      3.38585
31      1      565      0      1      3      200      0      3.47722
31      1      566      0      1      3      200      0      3.40532
31      1      567      0      1      3      200      0      3.50652
31      1      568      0      1      3      200      0      3.33315
31      1      569      0      1      3      200      0      3.43108
31      1      570      0      1      3      200      0      3.25906
31      1      571      0      1      3      200      0      3.42371
31      1      572      0      1      3      200      0      3.57726
31      1      573      0      1      3      200      0      3.80738
31      1      574      0      1      3      200      0      3.54501
31      1      575      0      1      3      200      0      3.92741
31      1      576      0      1      3      200      0      3.59241
31      1      577      0      1      3      200      0      3.46978
31      1      578      0      1      3      200      0      3.61756
31      1      579      0      1      3      200      0      3.42343
31      1      580      0      1      3      200      0      3.75052
31      1      581      0      1      3      200      0      3.58582
31      1      582      0      1      3      200      0      3.67389
31      1      583      0      1      3      200      0      3.40938
31      2      0      0      1      3      200      0      4.55706
31      2      1      0      1      3      200      0      4.10067
31      2      2      0      1      3      200      0      4.34986
31      2      3      0      1      3      200      0      4.23139
31      2      4      0      1      3      200      0      4.39847
31      2      5      0      1      3      200      0      3.93153
31      2      6      0      1      3      200      0      3.80613
31      2      7      0      1      3      200      0      4.30536
31      2      8      0      1      3      200      0      3.71735
31      2      9      0      1      3      200      0      4.24359
31      2      10      0      1      3      200      0      3.81376
31      2      11      0      1      3      200      0      4.23909
31      2      12      0      1      3      200      0      3.81541
31      2      13      0      1      3      200      0      3.95323
31      2      14      0      1      3      200      0      3.64588
31      2      15      0      1      3      200      0      4.1462
31      2      16      0      1      3      200      0      4.07358
31      2      17      0      1      3      200      0      4.09958
31      2      18      0      1      3      200      0      3.76916
31      2      19      0      1      3      200      0      3.72197
31      2      20      0      1      3      200      0      3.85799
31      2      21      0      1      3      200      0      3.80113
31      2      22      0      1      3      200      0      3.97483
31      2      23      0      1      3      200      0      3.50612
31      2      24      0      1      3      200      0      3.9846
31      2      25      0      1      3      200      0      3.72192
31      2      26      0      1      3      200      0      3.86145
31      2      27      0      1      3      200      0      3.89844
31      2      28      0      1      3      200      0      4.12874
31      2      29      0      1      3      200      0      3.59522
31      2      30      0      1      3      200      0      3.95457
31      2      31      0      1      3      200      0      5.29001
31      2      32      0      1      3      200      0      3.98975
31      2      33      0      1      3      200      0      3.87382
31      2      34      0      1      3      200      0      4.22603
31      2      35      0      1      3      200      0      4.04331
31      2      36      0      1      3      200      0      4.18801
31      2      37      0      1      3      200      0      3.75333
31      2      38      0      1      3      200      0      3.4014
31      2      39      0      1      3      200      0      3.94223
31      2      40      0      1      3      200      0      3.40446
31      2      41      0      1      3      200      0      3.89233
31      2      42      0      1      3      200      0      3.75706
31      2      43      0      1      3      200      0      3.78591
31      2      44      0      1      3      200      0      3.80688
31      2      45      0      1      3      200      0      3.84009
31      2      46      0      1      3      200      0      3.80995
31      2      47      0      1      3      200      0      3.7783
31      2      48      0      1      3      200      0      4.01204
31      2      49      0      1      3      200      0      3.85888
31      2      50      0      1      3      200      0      4.01557
31      2      51      0      1      3      200      0      3.51514
31      2      52      0      1      3      200      0      3.80955
31      2      53      0      1      3      200      0      3.48169
31      2      54      0      1      3      200      0      3.81116
31      2      55      0      1      3      200      0      3.65761
31      2      56      0      1      3      200      0      3.88395
31      2      57      0      1      3      200      0      3.85455
31      2      58      0      1      3      200      0      3.93485
31      2      59      0      1      3      200      0      3.86977
31      2      60      0      1      3      200      0      3.61702
31      2      61      0      1      3      200      0      3.69945
31      2      62      0      1      3      200      0      3.88842
31      2      63      0      1      3      200      0      4.99346
31      2      64      0      1      3      200      0      4.37219
31      2      65      0      1      3      200      0      4.08418
31      2      66      0      1      3      200      0      3.99723
31      2      67      0      1      3      200      0      3.4987
31      2      68      0      1      3      200      0      4.2259
31      2      69      0      1      3      200      0      4.17028
31      2      70      0      1      3      200      0      3.8115
31      2      71      0      1      3      200      0      3.79584
31      2      72      0      1      3      200      0      3.7697
31      2      73      0      1      3      200      0      3.98771
31      2      74      0      1      3      200      0      3.68602
31      2      75      0      1      3      200      0      3.97504
31      2      76      0      1      3      200      0      3.80568
31      2      77      0      1      3      200      0      3.84506
31      2      78      0      1      3      200      0      3.9037
31      2      79      0      1      3      200      0      4.25684
31      2      80      0      1      3      200      0      3.96787
31      2      81      0      1      3      200      0      4.32165
31      2      82      0      1      3      200      0      4.11141
31      2      83      0      1      3      200      0      3.88914
31      2      84      0      1      3      200      0      3.8351
31      2      85      0      1      3      200      0      3.736
31      2      86      0      1      3      200      0      3.73488
31      2      87      0      1      3      200      0      3.80665
31      2      88      0      1      3      200      0      3.64857
31      2      89      0      1      3      200      0      3.80202
31      2      90      0      1      3      200      0      3.92533
31      2      91      0      1      3      200      0      3.86311
31      2      92      0      1      3      200      0      4.08204
31      2      93      0      1      3      200      0      3.79701
31      2      94      0      1      3      200      0      4.00983
31      2      95      0      1      3      200      0      4.82122
31      2      96      0      1      3      200      0      4.31594
31      2      97      0      1      3      200      0      3.78388
31      2      98      0      1      3      200      0      4.40922
31      2      99      0      1      3      200      0      4.08709
31      2      100      0      1      3      200      0      4.36363
31      2      101      0      1      3      200      0      3.84789
31      2      102      0      1      3      200      0      3.79868
31      2      103      0      1      3      200      0      4.03605
31      2      104      0      1      3      200      0      3.75025
31      2      105      0      1      3      200      0      3.84265
31      2      106      0      1      3      200      0      4.27729
31      2      107      0      1      3      200      0      3.90304
31      2      108      0      1      3      200      0      4.42899
31      2      109      0      1      3      200      0      4.21076
31      2      110      0      1      3      200      0      4.09203
31      2      111      0      1      3      200      0      3.98125
31      2      112      0      1      3      200      0      4.12277
31      2      113      0      1      3      200      0      3.81831
31      2      114      0      1      3      200      0      4.34406
31      2      115      0      1      3      200      0      3.93474
31      2      116      0      1      3      200      0      3.9042
31      2      117      0      1      3      200      0      3.89206
31      2      118      0      1      3      200      0      4.15227
31      2      119      0      1      3      200      0      4.05258
31      2      120      0      1      3      200      0      3.99433
31      2      121      0      1      3      200      0      3.8523
31      2      122      0      1      3      200      0      3.90093
31      2      123      0      1      3      200      0      3.83085
31      2      124      0      1      3      200      0      3.82142
31      2      125      0      1      3      200      0      3.88391
31      2      126      0      1      3      200      0      3.83714
31      2      127      0      1      3      200      0      4.77682
31      2      128      0      1      3      200      0      4.63096
31      2      129      0      1      3      200      0      4.03698
31      2      130      0      1      3      200      0      4.36655
31      2      131      0      1      3      200      0      3.97567
31      2      132      0      1      3      200      0      4.44107
31      2      133      0      1      3      200      0      4.06311
31      2      134      0      1      3      200      0      3.70076
31      2      135      0      1      3      200      0      3.92475
31      2      136      0      1      3      200      0      3.73262
31      2      137      0      1      3      200      0      3.87833
31      2      138      0      1      3      200      0      3.83892
31      2      139      0      1      3      200      0      3.80698
31      2      140      0      1      3      200      0      3.83333
31      2      141      0      1      3      200      0      4.15544
31      2      142      0      1      3      200      0      3.50569
31      2      143      0      1      3      200      0      4.00123
31      2      144      0      1      3      200      0      4.28784
31      2      145      0      1      3      200      0      3.95756
31      2      146      0      1      3      200      0      4.24539
31      2      147      0      1      3      200      0      3.69187
31      2      148      0      1      3      200      0      4.09481
31      2      149      0      1      3      200      0      3.96119
31      2      150      0      1      3      200      0      4.09502
31      2      151      0      1      3      200      0      3.67984
31      2      152      0      1      3      200      0      3.79544
31      2      153      0      1      3      200      0      4.08203
31      2      154      0      1      3      200      0      3.91264
31      2      155      0      1      3      200      0      3.80699
31      2      156      0      1      3      200      0      4.01283
31      2      157      0      1      3      200      0      3.71152
31      2      158      0      1      3      200      0      4.45318
31      2      159      0      1      3      200      0      4.24554
31      2      160      0      1      3      200      0      4.80993
31      2      161      0      1      3      200      0      3.97784
31      2      162      0      1      3      200      0      4.23868
31      2      163      0      1      3      200      0      3.97924
31      2      164      0      1      3      200      0      4.42487
31      2      165      0      1      3      200      0      3.89452
31      2      166      0      1      3      200      0      3.77421
31      2      167      0      1      3      200      0      3.78236
31      2      168      0      1      3      200      0      3.67845
31      2      169      0      1      3      200      0      3.75992
31      2      170      0      1      3      200      0      3.94706
31      2      171      0      1      3      200      0      4.00642
31      2      172      0      1      3      200      0      3.79569
31      2      173      0      1      3      200      0      3.9342
31      2      174      0      1      3      200      0      3.82536
31      2      175      0      1      3      200      0      4.0201
31      2      176      0      1      3      200      0      3.77908
31      2      177      0      1      3      200      0      3.98274
31      2      178      0      1      3      200      0      3.79148
31      2      179      0      1      3      200      0      3.62962
31      2      180      0      1      3      200      0      3.76052
31      2      181      0      1      3      200      0      3.89892
31      2      182      0      1      3      200      0      3.88177
31      2      183      0      1      3      200      0      3.76725
31      2      184      0      1      3      200      0      3.99949
31      2      185      0      1      3      200      0      3.88476
31      2      186      0      1      3      200      0      3.82293
31      2      187      0      1      3      200      0      3.6864
31      2      188      0      1      3      200      0      4.06577
31      2      189      0      1      3      200      0      4.03908
31      2      190      0      1      3      200      0      3.81456
31      2      191      0      1      3      200      0      4.48187
31      2      192      0      1      3      200      0      3.87614
31      2      193      0      1      3      200      0      3.95932
31      2      194      0      1      3      200      0      4.28315
31      2      195      0      1      3      200      0      3.76784
31      2      196      0      1      3      200      0      4.43243
31      2      197      0      1      3      200      0      3.67231
31      2      198      0      1      3      200      0      4.17755
31      2      199      0      1      3      200      0      3.81537
31      2      200      0      1      3      200      0      3.81434
31      2      201      0      1      3      200      0      3.76994
31      2      202      0      1      3      200      0      3.77298
31      2      203      0      1      3      200      0      3.60444
31      2      204      0      1      3      200      0      3.74802
31      2      205      0      1      3      200      0      3.88007
31      2      206      0      1      3      200      0      3.60326
31      2      207      0      1      3      200      0      4.06996
31      2      208      0      1      3      200      0      3.80763
31      2      209      0      1      3      200      0      3.64246
31      2      210      0      1      3      200      0      3.52725
31      2      211      0      1      3      200      0      3.45874
31      2      212      0      1      3      200      0      3.60077
31      2      213      0      1      3      200      0      3.90859
31      2      214      0      1      3      200      0      3.66618
31      2      215      0      1      3      200      0      3.8112
31      2      216      0      1      3      200      0      3.77154
31      2      217      0      1      3      200      0      3.59425
31      2      218      0      1      3      200      0      3.74777
31      2      219      0      1      3      200      0      3.46662
31      2      220      0      1      3      200      0      3.47186
31      2      221      0      1      3      200      0      3.78145
31      2      222      0      1      3      200      0      3.66258
31      2      223      0      1      3      200      0      4.61785
31      2      224      0      1      3      200      0      4.5734
31      2      225      0      1      3      200      0      3.87231
31      2      226      0      1      3      200      0      4.25211
31      2      227      0      1      3      200      0      3.76019
31      2      228      0      1      3      200      0      4.33955
31      2      229      0      1      3      200      0      3.80723
31      2      230      0      1      3      200      0      3.89102
31      2      231      0      1      3      200      0      4.14051
31      2      232      0      1      3      200      0      3.66254
31      2      233      0      1      3      200      0      3.8373
31      2      234      0      1      3      200      0      3.66946
31      2      235      0      1      3      200      0      3.64799
31      2      236      0      1      3      200      0      3.55788
31      2      237      0      1      3      200      0      3.86571
31      2      238      0      1      3      200      0      3.70852
31      2      239      0      1      3      200      0      3.97792
31      2      240      0      1      3      200      0      3.71907
31      2      241      0      1      3      200      0      3.84177
31      2      242      0      1      3      200      0      3.84424
31      2      243      0      1      3      200      0      3.75063
31      2      244      0      1      3      200      0      3.91026
31      2      245      0      1      3      200      0      3.72791
31      2      246      0      1      3      200      0      3.77689
31      2      247      0      1      3      200      0      3.82583
31      2      248      0      1      3      200      0      4.07299
31      2      249      0      1      3      200      0      3.69615
31      2      250      0      1      3      200      0      3.88838
31      2      251      0      1      3      200      0      4.0326
31      2      252      0      1      3      200      0      3.64571
31      2      253      0      1      3      200      0      4.19801
31      2      254      0      1      3      200      0      3.72829
31      2      255      0      1      3      200      0      4.39541
31      2      256      0      1      3      200      0      4.15561
31      2      257      0      1      3      200      0      3.81305
31      2      258      0      1      3      200      0      4.09078
31      2      259      0      1      3      200      0      3.72981
31      2      260      0      1      3      200      0      4.07652
31      2      261      0      1      3      200      0      3.86331
31      2      262      0      1      3      200      0      3.85472
31      2      263      0      1      3      200      0      3.99032
31      2      264      0      1      3      200      0      3.9097
31      2      265      0      1      3      200      0      3.96935
31      2      266      0      1      3      200      0      3.78264
31      2      267      0      1      3      200      0      3.84877
31      2      268      0      1      3      200      0      3.52044
31      2      269      0      1      3      200      0      3.92729
31      2      270      0      1      3      200      0      3.36521
31      2      271      0      1      3      200      0      3.75214
31      2      272      0      1      3      200      0      3.80407
31      2      273      0      1      3      200      0      3.86476
31      2      274      0      1      3      200      0      4.17474
31      2      275      0      1      3      200      0      3.63373
31      2      276      0      1      3      200      0      3.73438
31      2      277      0      1      3      200      0      3.68665
31      2      278      0      1      3      200      0      4.0661
31      2      279      0      1      3      200      0      3.56062
31      2      280      0      1      3      200      0      3.64161
31      2      281      0      1      3      200      0      3.79781
31      2      282      0      1      3      200      0      3.75959
31      2      283      0      1      3      200      0      3.88275
31      2      284      0      1      3      200      0      3.90545
31      2      285      0      1      3      200      0      3.51179
31      2      286      0      1      3      200      0      3.77335
31      2      287      0      1      3      200      0      4.54937
31      2      288      0      1      3      200      0      4.28947
31      2      289      0      1      3      200      0      3.80189
31      2      290      0      1      3      200      0      3.97817
31      2      291      0      1      3      200      0      3.64181
31      2      292      0      1      3      200      0      3.67986
31      2      293      0      1      3      200      0      3.67809
31      2      294      0      1      3      200      0      3.70687
31      2      295      0      1      3      200      0      3.85047
31      2      296      0      1      3      200      0      3.69113
31      2      297      0      1      3      200      0      3.85272
31      2      298      0      1      3      200      0      3.69593
31      2      299      0      1      3      200      0      3.65414
31      2      300      0      1      3      200      0      3.85595
31      2      301      0      1      3      200      0      2.95272
31      2      302      0      1      3      200      0      3.30178
31      2      303      0      1      3      200      0      3.85764
31      2      304      0      1      3      200      0      3.92353
31      2      305      0      1      3      200      0      4.00146
31      2      306      0      1      3      200      0      3.66281
31      2      307      0      1      3      200      0      3.80053
31      2      308      0      1      3      200      0      3.87481
31      2      309      0      1      3      200      0      3.51552
31      2      310      0      1      3      200      0      3.86116
31      2      311      0      1      3      200      0      3.43267
31      2      312      0      1      3      200      0      3.62244
31      2      313      0      1      3      200      0      3.72543
31      2      314      0      1      3      200      0      3.78538
31      2      315      0      1      3      200      0      3.70201
31      2      316      0      1      3      200      0      3.79506
31      2      317      0      1      3      200      0      3.58213
31      2      318      0      1      3      200      0      3.71924
31      2      319      0      1      3      200      0      4.2655
31      2      320      0      1      3      200      0      4.46025
31      2      321      0      1      3      200      0      3.56018
31      2      322      0      1      3      200      0      3.91608
31      2      323      0      1      3      200      0      4.06459
31      2      324      0      1      3      200      0      4.00729
31      2      325      0      1      3      200      0      3.79659
31      2      326      0      1      3      200      0      3.47618
31      2      327      0      1      3      200      0      3.71756
31      2      328      0      1      3      200      0      3.28131
31      2      329      0      1      3      200      0      3.70367
31      2      330      0      1      3      200      0      3.90538
31      2      331      0      1      3      200      0      3.85077
31      2      332      0      1      3      200      0      3.84115
31      2      333      0      1      3      200      0      3.7637
31      2      334      0      1      3      200      0      3.81163
31      2      335      0      1      3      200      0      3.58315
31      2      336      0      1      3      200      0      3.68807
31      2      337      0      1      3      200      0      3.82971
31      2      338      0      1      3      200      0      3.94824
31      2      339      0      1      3      200      0      3.68115
31      2      340      0      1      3      200      0      4.11305
31      2      341      0      1      3      200      0      3.69607
31      2      342      0      1      3      200      0      3.70572
31      2      343      0      1      3      200      0      3.91323
31      2      344      0      1      3      200      0      3.77276
31      2      345      0      1      3      200      0      3.80868
31      2      346      0      1      3      200      0      4.14877
31      2      347      0      1      3      200      0      3.9998
31      2      348      0      1      3      200      0      3.96369
31      2      349      0      1      3      200      0      3.9497
31      2      350      0      1      3      200      0      3.81566
31      2      351      0      1      3      200      0      4.55629
31      2      352      0      1      3      200      0      4.4027
31      2      353      0      1      3      200      0      3.72473
31      2      354      0      1      3      200      0      4.13441
31      2      355      0      1      3      200      0      3.60674
31      2      356      0      1      3      200      0      4.15364
31      2      357      0      1      3      200      0      3.77184
31      2      358      0      1      3      200      0      3.83661
31      2      359      0      1      3      200      0      3.22736
31      2      360      0      1      3      200      0      3.43597
31      2      361      0      1      3      200      0      3.68795
31      2      362      0      1      3      200      0      3.70476
31      2      363      0      1      3      200      0      3.29472
31      2      364      0      1      3      200      0      3.67448
31      2      365      0      1      3      200      0      3.8043
31      2      366      0      1      3      200      0      3.76635
31      2      367      0      1      3      200      0      3.54471
31      2      368      0      1      3      200      0      3.91115
31      2      369      0      1      3      200      0      3.67063
31      2      370      0      1      3      200      0      3.4316
31      2      371      0      1      3      200      0      3.77155
31      2      372      0      1      3      200      0      3.75625
31      2      373      0      1      3      200      0      4.00535
31      2      374      0      1      3      200      0      4.04249
31      2      375      0      1      3      200      0      3.54494
31      2      376      0      1      3      200      0      3.95778
31      2      377      0      1      3      200      0      3.71279
31      2      378      0      1      3      200      0      3.92264
31      2      379      0      1      3      200      0      3.69928
31      2      380      0      1      3      200      0      3.86649
31      2      381      0      1      3      200      0      4.09563
31      2      382      0      1      3      200      0      4.17115
31      2      383      0      1      3      200      0      4.33363
31      2      384      0      1      3      200      0      4.37014
31      2      385      0      1      3      200      0      3.99135
31      2      386      0      1      3      200      0      4.51072
31      2      387      0      1      3      200      0      3.80049
31      2      388      0      1      3      200      0      4.64867
31      2      389      0      1      3      200      0      3.82916
31      2      390      0      1      3      200      0      3.70614
31      2      391      0      1      3      200      0      3.91735
31      2      392      0      1      3      200      0      4.07338
31      2      393      0      1      3      200      0      3.85422
31      2      394      0      1      3      200      0      3.71358
31      2      395      0      1      3      200      0      4.03084
31      2      396      0      1      3      200      0      3.66745
31      2      397      0      1      3      200      0      4.17312
31      2      398      0      1      3      200      0      3.9869
31      2      399      0      1      3      200      0      3.90646
31      2      400      0      1      3      200      0      3.92342
31      2      401      0      1      3      200      0      4.17337
31      2      402      0      1      3      200      0      4.15672
31      2      403      0      1      3      200      0      3.71602
31      2      404      0      1      3      200      0      3.67645
31      2      405      0      1      3      200      0      3.68334
31      2      406      0      1      3      200      0      3.22218
31      2      407      0      1      3      200      0      3.46967
31      2      408      0      1      3      200      0      3.7834
31      2      409      0      1      3      200      0      3.67692
31      2      410      0      1      3      200      0      3.95667
31      2      411      0      1      3      200      0      3.65717
31      2      412      0      1      3      200      0      3.91929
31      2      413      0      1      3      200      0      3.65818
31      2      414      0      1      3      200      0      3.99188
31      2      415      0      1      3      200      0      4.56782
31      2      416      0      1      3      200      0      4.39877
31      2      417      0      1      3      200      0      3.85183
31      2      418      0      1      3      200      0      4.09388
31      2      419      0      1      3      200      0      4.15132
31      2      420      0      1      3      200      0      4.21018
31      2      421      0      1      3      200      0      4.00536
31      2      422      0      1      3      200      0      3.97296
31      2      423      0      1      3      200      0      4.3132
31      2      424      0      1      3      200      0      3.81245
31      2      425      0      1      3      200      0      4.02686
31      2      426      0      1      3      200      0      3.86015
31      2      427      0      1      3      200      0      4.04563
31      2      428      0      1      3      200      0      3.76645
31      2      429      0      1      3      200      0      4.16631
31      2      430      0      1      3      200      0      3.71557
31      2      431      0      1      3      200      0      3.86697
31      2      432      0      1      3      200      0      3.83608
31      2      433      0      1      3      200      0      3.90909
31      2      434      0      1      3      200      0      4.09246
31      2      435      0      1      3      200      0      3.45537
31      2      436      0      1      3      200      0      4.10072
31      2      437      0      1      3      200      0      3.80787
31      2      438      0      1      3      200      0      4.11605
31      2      439      0      1      3      200      0      3.57681
31      2      440      0      1      3      200      0      4.12705
31      2      441      0      1      3      200      0      3.81762
31      2      442      0      1      3      200      0      3.72851
31      2      443      0      1      3      200      0      3.54711
31      2      444      0      1      3      200      0      3.98505
31      2      445      0      1      3      200      0      3.89794
31      2      446      0      1      3      200      0      3.65967
31      2      447      0      1      3      200      0      4.36822
31      2      448      0      1      3      200      0      4.5317
31      2      449      0      1      3      200      0      4.0068
31      2      450      0      1      3      200      0      4.41778
31      2      451      0      1      3      200      0      3.86305
31      2      452      0      1      3      200      0      4.46805
31      2      453      0      1      3      200      0      3.76362
31      2      454      0      1      3      200      0      3.78729
31      2      455      0      1      3      200      0      3.94495
31      2      456      0      1      3      200      0      3.61929
31      2      457      0      1      3      200      0      4.21643
31      2      458      0      1      3      200      0      3.66763
31      2      459      0      1      3      200      0      4.00871
31      2      460      0      1      3      200      0      3.89048
31      2      461      0      1      3      200      0      4.00545
31      2      462      0      1      3      0      0      -7.56466
31      2      463      0      1      3      200      0      4.04464
31      2      464      0      1      3      200      0      3.97245
31      2      465      0      1      3      200      0      3.96917
31      2      466      0      1      3      200      0      3.81905
31      2      467      0      1      3      200      0      3.59141
31      2      468      0      1      3      200      0      4.04209
31      2      469      0      1      3      200      0      3.78663
31      2      470      0      1      3      200      0      3.88331
31      2      471      0      1      3      200      0      3.59585
31      3      0      0      1      3      200      0      4.60697
31      3      1      0      1      3      200      0      3.72167
31      3      2      0      1      3      200      0      3.97701
31      3      3      0      1      3      200      0      3.90636
31      3      4      0      1      3      200      0      3.87165
31      3      5      0      1      3      200      0      3.72013
31      3      6      0      1      3      200      0      3.70816
31      3      7      0      1      3      200      0      3.78815
31      3      8      0      1      3      200      0      3.75236
31      3      9      0      1      3      200      0      3.8831
31      3      10      0      1      3      200      0      3.65728
31      3      11      0      1      3      200      0      3.95546
31      3      12      0      1      3      200      0      3.71206
31      3      13      0      1      3      200      0      3.84087
31      3      14      0      1      3      200      0      3.83435
31      3      15      0      1      3      200      0      3.92522
31      3      16      0      1      3      200      0      3.88957
31      3      17      0      1      3      200      0      3.78568
31      3      18      0      1      3      200      0      3.95114
31      3      19      0      1      3      200      0      3.90829
31      3      20      0      1      3      200      0      3.68818
31      3      21      0      1      3      200      0      3.99574
31      3      22      0      1      3      200      0      3.52534
31      3      23      0      1      3      200      0      4.0017
31      3      24      0      1      3      200      0      3.85771
31      3      25      0      1      3      200      0      3.74586
31      3      26      0      1      3      200      0      3.59655
31      3      27      0      1      3      200      0      4.35599
31      3      28      0      1      3      200      0      3.95216
31      3      29      0      1      3      200      0      4.10613
31      3      30      0      1      3      200      0      3.67874
31      3      31      0      1      3      200      0      3.97401
31      3      32      0      1      3      200      0      4.22978
31      3      33      0      1      3      200      0      3.95045
31      3      34      0      1      3      200      0      4.1001
31      3      35      0      1      3      200      0      3.71447
31      3      36      0      1      3      200      0      3.65631
31      3      37      0      1      3      200      0      3.66444
31      3      38      0      1      3      200      0      3.9446
31      3      39      0      1      3      200      0      3.98366
31      3      40      0      1      3      200      0      3.76639
31      3      41      0      1      3      200      0      3.94085
31      3      42      0      1      3      200      0      3.86883
31      3      43      0      1      3      200      0      3.70563
31      3      44      0      1      3      200      0      3.81675
31      3      45      0      1      3      200      0      3.92137
31      3      46      0      1      3      200      0      3.70158
31      3      47      0      1      3      200      0      3.77739
31      3      48      0      1      3      200      0      3.99578
31      3      49      0      1      3      200      0      3.82949
31      3      50      0      1      3      200      0      4.08846
31      3      51      0      1      3      200      0      3.80648
31      3      52      0      1      3      200      0      3.9267
31      3      53      0      1      3      200      0      3.68877
31      3      54      0      1      3      200      0      3.76096
31      3      55      0      1      3      200      0      3.52354
31      3      56      0      1      3      200      0      3.91138
31      3      57      0      1      3      200      0      3.94484
31      3      58      0      1      3      200      0      4.21662
31      3      59      0      1      3      200      0      4.13083
31      3      60      0      1      3      200      0      3.87496
31      3      61      0      1      3      200      0      4.12022
31      3      62      0      1      3      200      0      3.98313
31      3      63      0      1      3      200      0      4.46576
31      3      64      0      1      3      0      0      0
31      3      65      0      1      3      200      0      3.83905
31      3      66      0      1      3      200      0      3.87372
31      3      67      0      1      3      200      0      4.00665
31      3      68      0      1      3      200      0      3.75343
31      3      69      0      1      3      200      0      3.90094
31      3      70      0      1      3      200      0      3.57969
31      3      71      0      1      3      200      0      3.99748
31      3      72      0      1      3      200      0      3.69907
31      3      73      0      1      3      200      0      3.93979
31      3      74      0      1      3      200      0      3.88617
31      3      75      0      1      3      200      0      4.08554
31      3      76      0      1      3      200      0      3.64107
31      3      77      0      1      3      200      0      4.0933
31      3      78      0      1      3      200      0      3.98544
31      3      79      0      1      3      200      0      3.80317
31      3      80      0      1      3      200      0      3.9322
31      3      81      0      1      3      200      0      3.96261
31      3      82      0      1      3      200      0      4.18383
31      3      83      0      1      3      200      0      3.4519
31      3      84      0      1      3      200      0      3.78548
31      3      85      0      1      3      200      0      3.9721
31      3      86      0      1      3      200      0      3.95248
31      3      87      0      1      3      200      0      3.67732
31      3      88      0      1      3      200      0      3.94704
31      3      89      0      1      3      200      0      3.95522
31      3      90      0      1      3      200      0      3.95949
31      3      91      0      1      3      200      0      4.22077
31      3      92      0      1      3      200      0      3.88291
31      3      93      0      1      3      200      0      4.41748
31      3      94      0      1      3      200      0      3.99268
31      3      95      0      1      3      200      0      4.57743
31      3      96      0      1      3      200      0      4.5271
31      3      97      0      1      3      200      0      3.72969
31      3      98      0      1      3      200      0      3.62438
31      3      99      0      1      3      200      0      3.90058
31      3      100      0      1      3      200      0      3.68054
31      3      101      0      1      3      200      0      3.79763
31      3      102      0      1      3      200      0      3.75529
31      3      103      0      1      3      200      0      4.08322
31      3      104      0      1      3      200      0      4.009
31      3      105      0      1      3      200      0      3.97667
31      3      106      0      1      3      200      0      4.00205
31      3      107      0      1      3      200      0      3.96369
31      3      108      0      1      3      200      0      3.99886
31      3      109      0      1      3      200      0      3.87769
31      3      110      0      1      3      200      0      3.92757
31      3      111      0      1      3      200      0      3.78138
31      3      112      0      1      3      200      0      3.72292
31      3      113      0      1      3      200      0      4.19653
31      3      114      0      1      3      200      0      3.91654
31      3      115      0      1      3      200      0      3.87571
31      3      116      0      1      3      200      0      3.9353
31      3      117      0      1      3      200      0      3.73048
31      3      118      0      1      3      200      0      3.75791
31      3      119      0      1      3      200      0      3.89385
31      3      120      0      1      3      200      0      3.82932
31      3      121      0      1      3      200      0      3.64909
31      3      122      0      1      3      200      0      3.78388
31      3      123      0      1      3      200      0      4.21282
31      3      124      0      1      3      200      0      3.58691
31      3      125      0      1      3      200      0      4.17864
31      3      126      0      1      3      200      0      3.99701
31      3      127      0      1      3      200      0      4.13265
31      3      128      0      1      3      200      0      4.52831
31      3      129      0      1      3      200      0      3.828
31      3      130      0      1      3      200      0      3.62689
31      3      131      0      1      3      200      0      4.0587
31      3      132      0      1      3      200      0      3.74042
31      3      133      0      1      3      200      0      4.18093
31      3      134      0      1      3      200      0      3.98495
31      3      135      0      1      3      200      0      4.09262
31      3      136      0      1      3      200      0      3.89295
31      3      137      0      1      3      200      0      4.11489
31      3      138      0      1      3      200      0      3.98078
31      3      139      0      1      3      200      0      3.8784
31      3      140      0      1      3      200      0      3.54491
31      3      141      0      1      3      200      0      3.86528
31      3      142      0      1      3      200      0      3.85846
31      3      143      0      1      3      200      0      3.8564
31      3      144      0      1      3      200      0      3.76281
31      3      145      0      1      3      200      0      3.79807
31      3      146      0      1      3      200      0      3.8653
31      3      147      0      1      3      200      0      3.80365
31      3      148      0      1      3      200      0      3.88729
31      3      149      0      1      3      200      0      3.7896
31      3      150      0      1      3      200      0      3.71386
31      3      151      0      1      3      200      0      3.7953
31      3      152      0      1      3      200      0      4.0593
31      3      153      0      1      3      200      0      3.8499
31      3      154      0      1      3      200      0      3.86616
31      3      155      0      1      3      200      0      4.24621
31      3      156      0      1      3      200      0      3.91434
31      3      157      0      1      3      200      0      4.40245
31      3      158      0      1      3      200      0      3.81853
31      3      159      0      1      3      200      0      4.54569
31      3      160      0      1      3      200      0      4.36346
31      3      161      0      1      3      200      0      3.86213
31      3      162      0      1      3      200      0      3.76314
31      3      163      0      1      3      200      0      3.87488
31      3      164      0      1      3      200      0      3.88281
31      3      165      0      1      3      200      0      3.97061
31      3      166      0      1      3      200      0      3.64998
31      3      167      0      1      3      200      0      3.89846
31      3      168      0      1      3      200      0      3.92675
31      3      169      0      1      3      200      0      3.99863
31      3      170      0      1      3      200      0      3.7983
31      3      171      0      1      3      200      0      4.06197
31      3      172      0      1      3      200      0      3.98285
31      3      173      0      1      3      200      0      3.88722
31      3      174      0      1      3      200      0      3.8389
31      3      175      0      1      3      200      0      3.85457
31      3      176      0      1      3      200      0      3.95113
31      3      177      0      1      3      200      0      3.57165
31      3      178      0      1      3      200      0      3.92012
31      3      179      0      1      3      200      0      3.82788
31      3      180      0      1      3      200      0      3.94983
31      3      181      0      1      3      200      0      3.71726
31      3      182      0      1      3      200      0      3.8556
31      3      183      0      1      3      200      0      3.5813
31      3      184      0      1      3      200      0      4.0599
31      3      185      0      1      3      200      0      3.79953
31      3      186      0      1      3      200      0      3.93851
31      3      187      0      1      3      200      0      4.19005
31      3      188      0      1      3      200      0      3.93196
31      3      189      0      1      3      200      0      4.66627
31      3      190      0      1      3      200      0      3.92158
31      3      191      0      1      3      200      0      4.08034
31      3      192      0      1      3      200      0      4.50165
31      3      193      0      1      3      200      0      3.68898
31      3      194      0      1      3      200      0      4.2173
31      3      195      0      1      3      200      0      3.7494
31      3      196      0      1      3      200      0      4.2345
31      3      197      0      1      3      200      0      3.84508
31      3      198      0      1      3      200      0      4.10838
31      3      199      0      1      3      200      0      3.9671
31      3      200      0      1      3      200      0      3.89657
31      3      201      0      1      3      200      0      4.07793
31      3      202      0      1      3      200      0      3.87021
31      3      203      0      1      3      200      0      3.97169
31      3      204      0      1      3      200      0      3.76913
31      3      205      0      1      3      200      0      3.73067
31      3      206      0      1      3      200      0      3.78846
31      3      207      0      1      3      200      0      3.89211
31      3      208      0      1      3      200      0      3.95652
31      3      209      0      1      3      200      0      3.94666
31      3      210      0      1      3      200      0      3.79558
31      3      211      0      1      3      200      0      3.74084
31      3      212      0      1      3      200      0      3.87409
31      3      213      0      1      3      200      0      3.79049
31      3      214      0      1      3      200      0      3.9856
31      3      215      0      1      3      200      0      3.86231
31      3      216      0      1      3      200      0      4.10967
31      3      217      0      1      3      200      0      3.80981
31      3      218      0      1      3      200      0      3.92798
31      3      219      0      1      3      200      0      3.7383
31      3      220      0      1      3      200      0      3.89273
31      3      221      0      1      3      200      0      3.62576
31      3      222      0      1      3      200      0      3.94241
31      3      223      0      1      3      200      0      4.35967
31      3      224      0      1      3      200      0      4.05199
31      3      225      0      1      3      200      0      3.74261
31      3      226      0      1      3      200      0      3.72815
31      3      227      0      1      3      200      0      3.70399
31      3      228      0      1      3      200      0      3.66667
31      3      229      0      1      3      200      0      3.78517
31      3      230      0      1      3      200      0      3.80834
31      3      231      0      1      3      200      0      3.85599
31      3      232      0      1      3      200      0      3.62233
31      3      233      0      1      3      200      0      3.85029
31      3      234      0      1      3      200      0      3.70974
31      3      235      0      1      3      200      0      3.98204
31      3      236      0      1      3      200      0      3.60744
31      3      237      0      1      3      200      0      3.7166
31      3      238      0      1      3      200      0      3.74083
31      3      239      0      1      3      200      0      3.61604
31      3      240      0      1      3      200      0      3.66667
31      3      241      0      1      3      200      0      3.74065
31      3      242      0      1      3      200      0      3.91925
31      3      243      0      1      3      200      0      3.89984
31      3      244      0      1      3      200      0      3.84641
31      3      245      0      1      3      200      0      3.55769
31      3      246      0      1      3      200      0      3.78826
31      3      247      0      1      3      200      0      3.64162
31      3      248      0      1      3      200      0      3.85752
31      3      249      0      1      3      200      0      3.63769
31      3      250      0      1      3      200      0      3.87261
31      3      251      0      1      3      200      0      4.16993
31      3      252      0      1      3      200      0      3.8446
31      3      253      0      1      3      200      0      4.12776
31      3      254      0      1      3      200      0      3.61661
31      3      255      0      1      3      200      0      4.3285
31      3      256      0      1      3      200      0      4.02658
31      3      257      0      1      3      200      0      3.57605
31      3      258      0      1      3      200      0      3.85515
31      3      259      0      1      3      200      0      3.84647
31      3      260      0      1      3      200      0      3.76349
31      3      261      0      1      3      200      0      3.77938
31      3      262      0      1      3      200      0      3.53156
31      3      263      0      1      3      200      0      3.74148
31      3      264      0      1      3      200      0      3.66017
31      3      265      0      1      3      200      0      3.88818
31      3      266      0      1      3      200      0      3.56806
31      3      267      0      1      3      200      0      3.92578
31      3      268      0      1      3      200      0      3.65614
31      3      269      0      1      3      200      0      3.71305
31      3      270      0      1      3      200      0      3.75464
31      3      271      0      1      3      200      0      3.84359
31      3      272      0      1      3      200      0      3.87856
31      3      273      0      1      3      200      0      3.6764
31      3      274      0      1      3      200      0      3.91005
31      3      275      0      1      3      200      0      3.74708
31      3      276      0      1      3      200      0      3.6013
31      3      277      0      1      3      200      0      3.53481
31      3      278      0      1      3      200      0      3.84839
31      3      279      0      1      3      200      0      3.32779
31      3      280      0      1      3      200      0      3.96341
31      3      281      0      1      3      200      0      3.83909
31      3      282      0      1      3      200      0      3.65186
31      3      283      0      1      3      200      0      4.19291
31      3      284      0      1      3      200      0      3.7306
31      3      285      0      1      3      200      0      4.16298
31      3      286      0      1      3      200      0      3.68497
31      3      287      0      1      3      200      0      4.21618
31      3      288      0      1      3      200      0      4.36893
31      3      289      0      1      3      200      0      3.82605
31      3      290      0      1      3      200      0      3.55107
31      3      291      0      1      3      200      0      3.70184
31      3      292      0      1      3      200      0      3.66533
31      3      293      0      1      3      200      0      3.88637
31      3      294      0      1      3      200      0      3.85988
31      3      295      0      1      3      200      0      3.81947
31      3      296      0      1      3      200      0      3.60576
31      3      297      0      1      3      200      0      3.81366
31      3      298      0      1      3      200      0      3.78216
31      3      299      0      1      3      200      0      3.89406
31      3      300      0      1      3      200      0      3.50903
31      3      301      0      1      3      200      0      3.87919
31      3      302      0      1      3      200      0      3.79806
31      3      303      0      1      3      200      0      3.74002
31      3      304      0      1      3      200      0      3.66305
31      3      305      0      1      3      200      0      3.48892
31      3      306      0      1      3      200      0      3.76757
31      3      307      0      1      3      200      0      3.56534
31      3      308      0      1      3      200      0      3.77406
31      3      309      0      1      3      200      0      3.36808
31      3      310      0      1      3      200      0      3.86555
31      3      311      0      1      3      200      0      3.48847
31      3      312      0      1      3      200      0      3.74943
31      3      313      0      1      3      200      0      3.6809
31      3      314      0      1      3      200      0      3.57191
31      3      315      0      1      3      200      0      4.07662
31      3      316      0      1      3      200      0      3.69812
31      3      317      0      1      3      200      0      3.97087
31      3      318      0      1      3      200      0      3.74513
31      3      319      0      1      3      200      0      4.39039
31      3      320      0      1      3      200      0      4.30239
31      3      321      0      1      3      200      0      3.50174
31      3      322      0      1      3      200      0      3.86531
31      3      323      0      1      3      200      0      3.85543
31      3      324      0      1      3      200      0      3.58562
31      3      325      0      1      3      200      0      3.53676
31      3      326      0      1      3      200      0      3.87726
31      3      327      0      1      3      200      0      3.727
31      3      328      0      1      3      200      0      3.60025
31      3      329      0      1      3      200      0      3.6024
31      3      330      0      1      3      200      0      3.83061
31      3      331      0      1      3      200      0      3.57057
31      3      332      0      1      3      200      0      3.77554
31      3      333      0      1      3      200      0      3.76683
31      3      334      0      1      3      200      0      3.55446
31      3      335      0      1      3      200      0      3.47106
31      3      336      0      1      3      200      0      3.73939
31      3      337      0      1      3      200      0      3.67409
31      3      338      0      1      3      200      0      3.92216
31      3      339      0      1      3      200      0      3.40793
31      3      340      0      1      3      200      0      4.08956
31      3      341      0      1      3      200      0      3.50372
31      3      342      0      1      3      200      0      3.70002
31      3      343      0      1      3      200      0      3.51578
31      3      344      0      1      3      200      0      3.65687
31      3      345      0      1      3      200      0      3.6494
31      3      346      0      1      3      200      0      3.73419
31      3      347      0      1      3      200      0      4.11313
31      3      348      0      1      3      200      0      3.59898
31      3      349      0      1      3      200      0      4.17968
31      3      350      0      1      3      200      0      3.75602
31      3      351      0      1      3      200      0      4.57497
31      3      352      0      1      3      200      0      4.32635
31      3      353      0      1      3      200      0      3.83889
31      3      354      0      1      3      200      0      3.53602
31      3      355      0      1      3      200      0      3.6968
31      3      356      0      1      3      200      0      3.78178
31      3      357      0      1      3      200      0      3.81677
31      3      358      0      1      3      200      0      3.39322
31      3      359      0      1      3      200      0      3.55521
31      3      360      0      1      3      200      0      3.45652
31      3      361      0      1      3      200      0      3.82594
31      3      362      0      1      3      200      0      3.68762
31      3      363      0      1      3      200      0      3.70823
31      3      364      0      1      3      200      0      3.66892
31      3      365      0      1      3      200      0      3.66221
31      3      366      0      1      3      200      0      3.57645
31      3      367      0      1      3      200      0      3.55286
31      3      368      0      1      3      200      0      3.81929
31      3      369      0      1      3      200      0      3.49671
31      3      370      0      1      3      200      0      3.83309
31      3      371      0      1      3      200      0      3.69583
31      3      372      0      1      3      200      0      3.54377
31      3      373      0      1      3      200      0      3.87493
31      3      374      0      1      3      200      0      3.60238
31      3      375      0      1      3      200      0      3.75508
31      3      376      0      1      3      200      0      3.58799
31      3      377      0      1      3      200      0      3.57583
31      3      378      0      1      3      200      0      3.85362
31      3      379      0      1      3      200      0      4.14532
31      3      380      0      1      3      200      0      3.78422
31      3      381      0      1      3      200      0      4.09533
31      3      382      0      1      3      200      0      3.95772
31      3      383      0      1      3      200      0      4.01625
31      3      384      0      1      3      0      0      0
31      3      385      0      1      3      200      0      3.61803
31      3      386      0      1      3      0      0      0
31      3      387      0      1      3      200      0      3.6009
31      3      388      0      1      3      200      0      -0.75212
31      3      389      0      1      3      200      0      3.49128
31      3      390      0      1      3      200      0      3.6562
31      3      391      0      1      3      200      0      3.49677
31      3      392      0      1      3      200      0      3.71373
31      3      393      0      1      3      200      0      3.42469
31      3      394      0      1      3      200      0      3.58153
31      3      395      0      1      3      200      0      3.61586
31      3      396      0      1      3      200      0      3.57298
31      3      397      0      1      3      200      0      3.75825
31      3      398      0      1      3      200      0      3.69501
31      3      399      0      1      3      200      0      3.34536
31      3      400      0      1      3      200      0      3.33453
31      3      401      0      1      3      200      0      3.60232
31      3      402      0      1      3      200      0      3.54052
31      3      403      0      1      3      200      0      3.50379
31      3      404      0      1      3      200      0      3.69129
31      3      405      0      1      3      200      0      3.6013
31      3      406      0      1      3      200      0      3.66949
31      3      407      0      1      3      200      0      3.48883
31      3      408      0      1      3      200      0      3.35351
31      3      409      0      1      3      200      0      3.44108
31      3      410      0      1      3      200      0      3.35671
31      3      411      0      1      3      200      0      3.63284
31      3      412      0      1      3      200      0      3.66904
31      3      413      0      1      3      200      0      3.47119
31      3      414      0      1      3      200      0      3.52771
31      3      415      0      1      3      200      0      3.63776
31      3      416      0      1      3      200      0      4.21109
31      3      417      0      1      3      200      0      3.44787
31      3      418      0      1      3      200      0      3.79858
31      3      419      0      1      3      200      0      3.76595
31      3      420      0      1      3      200      0      3.61568
31      3      421      0      1      3      200      0      3.66136
31      3      422      0      1      3      200      0      3.72811
31      3      423      0      1      3      200      0      3.70941
31      3      424      0      1      3      200      0      3.55419
31      3      425      0      1      3      200      0      3.68675
31      3      426      0      1      3      200      0      3.70148
31      3      427      0      1      3      200      0      3.91351
31      3      428      0      1      3      200      0      3.40908
31      3      429      0      1      3      200      0      3.89972
31      3      430      0      1      3      200      0      3.82889
31      3      431      0      1      3      200      0      3.50671
31      3      432      0      1      3      200      0      3.61874
31      3      433      0      1      3      200      0      3.76586
31      3      434      0      1      3      200      0      3.67485
31      3      435      0      1      3      200      0      3.6081
31      3      436      0      1      3      200      0      3.5943
31      3      437      0      1      3      200      0      3.74306
31      3      438      0      1      3      200      0      3.98919
31      3      439      0      1      3      200      0      3.62439
31      3      440      0      1      3      200      0      3.94653
31      3      441      0      1      3      200      0      3.47255
31      3      442      0      1      3      200      0      3.85579
31      3      443      0      1      3      200      0      4.01244
31      3      444      0      1      3      200      0      3.81018
31      3      445      0      1      3      200      0      4.44289
31      3      446      0      1      3      200      0      3.7931
31      3      447      0      1      3      200      0      4.46328
31      3      448      0      1      3      200      0      4.10471
31      3      449      0      1      3      200      0      3.94221
31      3      450      0      1      3      200      0      3.93335
31      3      451      0      1      3      200      0      3.81377
31      3      452      0      1      3      200      0      3.64444
31      3      453      0      1      3      200      0      3.75451
31      3      454      0      1      3      200      0      3.88336
31      3      455      0      1      3      200      0      3.59744
31      3      456      0      1      3      200      0      3.58765
31      3      457      0      1      3      200      0      3.89928
31      3      458      0      1      3      200      0      3.43677
31      3      459      0      1      3      200      0      3.79835
31      3      460      0      1      3      200      0      3.75493
31      3      461      0      1      3      200      0      3.75856
31      3      462      0      1      3      200      0      3.89706
31      3      463      0      1      3      200      0      3.82247
31      3      464      0      1      3      200      0      3.62194
31      3      465      0      1      3      200      0      3.72249
31      3      466      0      1      3      200      0      4.21118
31      3      467      0      1      3      200      0      3.92985
31      3      468      0      1      3      200      0      3.85015
31      3      469      0      1      3      200      0      3.80993
31      3      470      0      1      3      200      0      3.85394
31      3      471      0      1      3      200      0      4.03995
31      3      472      0      1      3      200      0      3.97721
31      3      473      0      1      3      200      0      3.69053
31      3      474      0      1      3      200      0      3.77359
31      3      475      0      1      3      200      0      4.37773
31      3      476      0      1      3      200      0      3.87865
31      3      477      0      1      3      200      0      3.99176
31      3      478      0      1      3      200      0      4.01178
31      3      479      0      1      3      200      0      4.55631
31      3      480      0      1      3      200      0      4.81291
31      3      481      0      1      3      200      0      3.84106
31      3      482      0      1      3      200      0      3.761
31      3      483      0      1      3      200      0      3.94731
31      3      484      0      1      3      200      0      3.6041
31      3      485      0      1      3      200      0      4.01933
31      3      486      0      1      3      200      0      3.48968
31      3      487      0      1      3      200      0      3.79371
31      3      488      0      1      3      200      0      3.57555
31      3      489      0      1      3      200      0      3.97895
31      3      490      0      1      3      200      0      3.79906
31      3      491      0      1      3      200      0      3.9096
31      3      492      0      1      3      200      0      3.63718
31      3      493      0      1      3      200      0      3.63036
31      3      494      0      1      3      200      0      3.80866
31      3      495      0      1      3      200      0      4.11294
31      3      496      0      1      3      200      0      3.92794
31      3      497      0      1      3      200      0      3.85039
31      3      498      0      1      3      200      0      3.72457
31      3      499      0      1      3      200      0      3.69147
31      3      500      0      1      3      200      0      3.67085
31      3      501      0      1      3      200      0      3.82655
31      3      502      0      1      3      200      0      4.05045
31      3      503      0      1      3      200      0      4.02348
31      3      504      0      1      3      200      0      3.8681
31      3      505      0      1      3      200      0      3.71457
31      3      506      0      1      3      200      0      3.82046
31      3      507      0      1      3      200      0      4.3992
31      3      508      0      1      3      200      0      3.82571
31      3      509      0      1      3      200      0      4.35254
31      3      510      0      1      3      200      0      3.78274
31      3      511      0      1      3      200      0      4.21297
31      3      512      0      1      3      200      0      4.60701
31      3      513      0      1      3      200      0      3.87254
31      3      514      0      1      3      200      0      3.69328
31      3      515      0      1      3      200      0      3.74601
31      3      516      0      1      3      200      0      3.68371
31      3      517      0      1      3      200      0      4.04516
31      3      518      0      1      3      200      0      3.84225
31      3      519      0      1      3      200      0      3.90158
31      3      520      0      1      3      200      0      4.06652
31      3      521      0      1      3      200      0      3.94042
31      3      522      0      1      3      200      0      4.00242
31      3      523      0      1      3      200      0      3.68169
31      3      524      0      1      3      200      0      3.89437
31      3      525      0      1      3      200      0      3.92866
31      3      526      0      1      3      200      0      3.76414
31      3      527      0      1      3      200      0      3.66725
31      3      528      0      1      3      200      0      3.75391
31      3      529      0      1      3      200      0      3.87125
31      3      530      0      1      3      200      0      3.9564
31      3      531      0      1      3      200      0      4.00034
31      3      532      0      1      3      200      0      3.49397
31      3      533      0      1      3      200      0      3.91249
31      3      534      0      1      3      200      0      3.80009
31      3      535      0      1      3      200      0      3.75074
31      3      536      0      1      3      200      0      3.87027
31      3      537      0      1      3      200      0      3.67123
31      3      538      0      1      3      200      0      3.93998
31      3      539      0      1      3      200      0      4.29274
31      3      540      0      1      3      200      0      3.88026
31      3      541      0      1      3      200      0      4.71073
31      3      542      0      1      3      200      0      3.77885
31      3      543      0      1      3      200      0      4.20578
31      3      544      0      1      3      200      0      4.04433
31      3      545      0      1      3      200      0      3.68943
31      3      546      0      1      3      200      0      3.77886
31      3      547      0      1      3      200      0      3.71203
31      3      548      0      1      3      200      0      3.76602
31      3      549      0      1      3      200      0      3.88283
31      3      550      0      1      3      200      0      3.70844
31      3      551      0      1      3      200      0      3.88114
31      3      552      0      1      3      200      0      3.71229
31      3      553      0      1      3      200      0      3.82752
31      3      554      0      1      3      200      0      3.85819
31      3      555      0      1      3      200      0      3.845
31      3      556      0      1      3      200      0      3.5726
31      3      557      0      1      3      200      0      3.74333
31      3      558      0      1      3      200      0      3.76471
31      3      559      0      1      3      200      0      3.7643
31      3      560      0      1      3      200      0      3.861
31      3      561      0      1      3      200      0      3.73443
31      3      562      0      1      3      200      0      3.80569
31      3      563      0      1      3      200      0      3.69313
31      3      564      0      1      3      200      0      3.71816
31      3      565      0      1      3      200      0      3.70783
31      3      566      0      1      3      200      0      3.93069
31      3      567      0      1      3      200      0      3.57043
31      3      568      0      1      3      200      0      3.78346
31      3      569      0      1      3      200      0      4.00032
31      3      570      0      1      3      200      0      3.92536
31      3      571      0      1      3      200      0      4.00845
31      3      572      0      1      3      200      0      3.96405
31      3      573      0      1      3      200      0      4.17278
31      3      574      0      1      3      200      0      3.90254
31      3      575      0      1      3      200      0      4.4738
31      3      576      0      1      3      200      0      4.23559
31      3      577      0      1      3      200      0      3.83435
31      3      578      0      1      3      200      0      3.71642
31      3      579      0      1      3      200      0      4.08675
31      3      580      0      1      3      200      0      3.57066
31      3      581      0      1      3      200      0      3.87314
31      3      582      0      1      3      200      0      3.72629
31      3      583      0      1      3      200      0      3.93019
31      3      584      0      1      3      200      0      3.83567
31      3      585      0      1      3      200      0      3.95022
31      3      586      0      1      3      200      0      3.76326
31      3      587      0      1      3      200      0      4.09369
31      3      588      0      1      3      200      0      3.5161
31      3      589      0      1      3      200      0      3.81054
31      3      590      0      1      3      200      0      3.55809
31      3      591      0      1      3      200      0      3.71114
31      3      592      0      1      3      200      0      3.88999
31      3      593      0      1      3      200      0      3.48492
31      3      594      0      1      3      200      0      3.79849
31      3      595      0      1      3      200      0      3.55777
31      3      596      0      1      3      200      0      3.56855
31      3      597      0      1      3      200      0      3.65822
31      3      598      0      1      3      200      0      3.66913
31      3      599      0      1      3      200      0      3.69725
31      3      600      0      1      3      200      0      3.66751
31      3      601      0      1      3      200      0      4.00204
31      3      602      0      1      3      200      0      3.62369
31      3      603      0      1      3      200      0      4.10082
31      3      604      0      1      3      200      0      3.5519
31      3      605      0      1      3      200      0      4.15825
31      3      606      0      1      3      200      0      3.64205
31      3      607      0      1      3      200      0      4.25242
31      3      608      0      1      3      200      0      4.59153
31      3      609      0      1      3      200      0      3.69824
31      3      610      0      1      3      200      0      3.66816
31      3      611      0      1      3      200      0      4.02587
31      3      612      0      1      3      200      0      3.59489
31      3      613      0      1      3      200      0      3.73882
31      3      614      0      1      3      200      0      3.80373
31      3      615      0      1      3      200      0      3.94743
31      3      616      0      1      3      200      0      4.10158
31      3      617      0      1      3      200      0      4.01425
31      3      618      0      1      3      200      0      3.85414
31      3      619      0      1      3      200      0      4.00118
31      3      620      0      1      3      200      0      3.58143
31      3      621      0      1      3      200      0      3.85163
31      3      622      0      1      3      200      0      3.93951
31      3      623      0      1      3      200      0      3.86748
31      3      624      0      1      3      200      0      4.05579
31      3      625      0      1      3      200      0      4.0693
31      3      626      0      1      3      200      0      3.85375
31      3      627      0      1      3      200      0      4.17039
31      3      628      0      1      3      200      0      3.84889
31      3      629      0      1      3      200      0      3.79698
31      3      630      0      1      3      200      0      3.8068
31      3      631      0      1      3      200      0      3.50254
31      3      632      0      1      3      200      0      3.91087
31      3      633      0      1      3      200      0      3.50782
31      3      634      0      1      3      200      0      3.89106
31      3      635      0      1      3      200      0      4.09948
31      3      636      0      1      3      200      0      3.6988
31      3      637      0      1      3      200      0      3.79299
31      3      638      0      1      3      200      0      3.82033
31      3      639      0      1      3      200      0      4.37364
31      3      640      0      1      3      200      0      4.66287
31      3      641      0      1      3      200      0      3.82224
31      3      642      0      1      3      200      0      3.82197
31      3      643      0      1      3      200      0      3.82547
31      3      644      0      1      3      200      0      3.778
31      3      645      0      1      3      200      0      3.92447
31      3      646      0      1      3      200      0      3.65638
31      3      647      0      1      3      200      0      3.98257
31      3      648      0      1      3      200      0      3.89769
31      3      649      0      1      3      200      0      3.92285
31      3      650      0      1      3      200      0      3.47397
31      3      651      0      1      3      200      0      4.03369
31      3      652      0      1      3      200      0      3.57565
31      3      653      0      1      3      200      0      3.95228
31      3      654      0      1      3      200      0      4.27888
31      3      655      0      1      3      200      0      3.93468
31      3      656      0      1      3      200      0      4.08247
31      3      657      0      1      3      200      0      3.87838
31      3      658      0      1      3      200      0      3.99734
31      3      659      0      1      3      200      0      3.86581
31      3      660      0      1      3      200      0      3.85724
31      3      661      0      1      3      200      0      3.9455
31      3      662      0      1      3      200      0      4.02314
31      3      663      0      1      3      200      0      3.93155
31      3      664      0      1      3      200      0      3.78446
31      3      665      0      1      3      200      0      3.86502
31      3      666      0      1      3      200      0      3.80861
31      3      667      0      1      3      200      0      4.31255
31      3      668      0      1      3      200      0      3.86927
31      3      669      0      1      3      200      0      4.19884
31      3      670      0      1      3      200      0      4.0721
31      3      671      0      1      3      200      0      4.06199
31      3      672      0      1      3      200      0      4.13017
31      3      673      0      1      3      200      0      3.9643
31      3      674      0      1      3      200      0      4.01946
31      3      675      0      1      3      200      0      3.72784
31      3      676      0      1      3      200      0      3.92977
31      3      677      0      1      3      200      0      3.88646
31      3      678      0      1      3      200      0      3.9952
31      3      679      0      1      3      200      0      3.94108
31      3      680      0      1      3      200      0      3.78099
31      3      681      0      1      3      200      0      3.78673
31      3      682      0      1      3      200      0      3.83203
31      3      683      0      1      3      200      0      3.8498
31      3      684      0      1      3      200      0      3.69128
31      3      685      0      1      3      200      0      3.85205
31      3      686      0      1      3      200      0      3.96517
31      3      687      0      1      3      200      0      4.12103
31      3      688      0      1      3      200      0      3.98869
31      3      689      0      1      3      200      0      3.66817
31      3      690      0      1      3      200      0      4.0674
31      3      691      0      1      3      200      0      3.6419
31      4      0      0      1      3      200      0      4.22242
31      4      1      0      1      3      200      0      3.95837
31      4      2      0      1      3      200      0      3.9776
31      4      3      0      1      3      200      0      4.00131
31      4      4      0      1      3      200      0      3.74635
31      4      5      0      1      3      200      0      3.6719
31      4      6      0      1      3      200      0      3.87427
31      4      7      0      1      3      200      0      4.01879
31      4      8      0      1      3      200      0      3.92115
31      4      9      0      1      3      200      0      3.83884
31      4      10      0      1      3      200      0      3.88225
31      4      11      0      1      3      200      0      3.97758
31      4      12      0      1      3      200      0      4.16234
31      4      13      0      1      3      200      0      4.0434
31      4      14      0      1      3      200      0      4.08021
31      4      15      0      1      3      200      0      4.22457
31      4      16      0      1      3      200      0      4.1059
31      4      17      0      1      3      200      0      3.98657
31      4      18      0      1      3      200      0      4.21563
31      4      19      0      1      3      200      0      3.95117
31      4      20      0      1      3      200      0      4.01338
31      4      21      0      1      3      200      0      4.18983
31      4      22      0      1      3      200      0      4.14132
31      4      23      0      1      3      200      0      4.03362
31      4      24      0      1      3      200      0      4.08911
31      4      25      0      1      3      200      0      3.88907
31      4      26      0      1      3      200      0      4.1336
31      4      27      0      1      3      200      0      4.28322
31      4      28      0      1      3      200      0      4.19595
31      4      29      0      1      3      200      0      4.09182
31      4      30      0      1      3      200      0      4.16792
31      4      31      0      1      3      200      0      4.16042
31      4      32      0      1      3      200      0      3.87731
31      4      33      0      1      3      200      0      3.64957
31      4      34      0      1      3      200      0      3.92802
31      4      35      0      1      3      200      0      3.65997
31      4      36      0      1      3      200      0      3.86198
31      4      37      0      1      3      200      0      3.95118
31      4      38      0      1      3      200      0      3.8963
31      4      39      0      1      3      200      0      3.91644
31      4      40      0      1      3      200      0      3.71835
31      4      41      0      1      3      200      0      3.58935
31      4      42      0      1      3      200      0      3.6651
31      4      43      0      1      3      200      0      3.61917
31      4      44      0      1      3      200      0      3.66271
31      4      45      0      1      3      200      0      3.60927
31      4      46      0      1      3      200      0      3.54425
31      4      47      0      1      3      200      0      3.62133
31      4      48      0      1      3      200      0      3.85219
31      4      49      0      1      3      200      0      3.52445
31      4      50      0      1      3      200      0      3.75255
31      4      51      0      1      3      200      0      3.46839
31      4      52      0      1      3      200      0      3.59382
31      4      53      0      1      3      200      0      3.6009
31      4      54      0      1      3      200      0      3.75102
31      4      55      0      1      3      200      0      3.7017
31      4      56      0      1      3      200      0      3.38413
31      4      57      0      1      3      200      0      3.76897
31      4      58      0      1      3      200      0      3.65117
31      4      59      0      1      3      200      0      3.58729
31      4      60      0      1      3      200      0      3.62482
31      4      61      0      1      3      200      0      3.52258
31      4      62      0      1      3      200      0      3.81662
31      4      63      0      1      3      200      0      3.77193
31      4      64      0      1      3      200      0      3.9043
31      4      65      0      1      3      200      0      3.85985
31      4      66      0      1      3      200      0      3.72602
31      4      67      0      1      3      200      0      3.65353
31      4      68      0      1      3      200      0      3.62585
31      4      69      0      1      3      200      0      4.01704
31      4      70      0      1      3      200      0      3.81341
31      4      71      0      1      3      200      0      3.69707
31      4      72      0      1      3      200      0      3.51114
31      4      73      0      1      3      200      0      3.74411
31      4      74      0      1      3      200      0      3.79734
31      4      75      0      1      3      200      0      4.14671
31      4      76      0      1      3      200      0      3.90273
31      4      77      0      1      3      200      0      3.59545
31      4      78      0      1      3      200      0      3.61293
31      4      79      0      1      3      200      0      3.71776
31      4      80      0      1      3      200      0      3.70115
31      4      81      0      1      3      200      0      3.8273
31      4      82      0      1      3      200      0      3.77852
31      4      83      0      1      3      200      0      3.8989
31      4      84      0      1      3      200      0      3.64433
31      4      85      0      1      3      200      0      3.53139
31      4      86      0      1      3      200      0      3.74099
31      4      87      0      1      3      200      0      3.91037
31      4      88      0      1      3      200      0      3.79039
31      4      89      0      1      3      200      0      3.72325
31      4      90      0      1      3      200      0      3.54533
31      4      91      0      1      3      200      0      3.94519
31      4      92      0      1      3      200      0      3.70388
31      4      93      0      1      3      200      0      3.58418
31      4      94      0      1      3      200      0      3.79292
31      4      95      0      1      3      200      0      3.73263
31      4      96      0      1      3      200      0      3.45756
31      4      97      0      1      3      200      0      3.56927
31      4      98      0      1      3      200      0      3.85423
31      4      99      0      1      3      200      0      3.51395
31      4      100      0      1      3      200      0      3.89749
31      4      101      0      1      3      200      0      3.79949
31      4      102      0      1      3      200      0      3.8748
31      4      103      0      1      3      200      0      3.66295
31      4      104      0      1      3      200      0      3.70842
31      4      105      0      1      3      200      0      3.73576
31      4      106      0      1      3      200      0      3.3516
31      4      107      0      1      3      200      0      3.68202
31      4      108      0      1      3      200      0      3.46347
31      4      109      0      1      3      200      0      3.58695
31      4      110      0      1      3      200      0      3.6779
31      4      111      0      1      3      200      0      3.59277
31      4      112      0      1      3      200      0      3.23512
31      4      113      0      1      3      200      0      3.6762
31      4      114      0      1      3      200      0      3.37418
31      4      115      0      1      3      200      0      3.32865
31      4      116      0      1      3      200      0      3.36511
31      4      117      0      1      3      200      0      3.58209
31      4      118      0      1      3      200      0      3.60237
31      4      119      0      1      3      200      0      3.58911
31      4      120      0      1      3      200      0      3.48986
31      4      121      0      1      3      200      0      3.57547
31      4      122      0      1      3      200      0      3.43496
31      4      123      0      1      3      200      0      3.36893
31      4      124      0      1      3      200      0      3.45502
31      4      125      0      1      3      200      0      3.44642
31      4      126      0      1      3      200      0      3.57308
31      4      127      0      1      3      200      0      3.40471
31      4      128      0      1      3      200      0      3.38963
31      4      129      0      1      3      200      0      3.47972
31      4      130      0      1      3      200      0      3.51445
31      4      131      0      1      3      200      0      3.56556
31      4      132      0      1      3      200      0      3.52043
31      4      133      0      1      3      200      0      3.46587
31      4      134      0      1      3      200      0      3.80248
31      4      135      0      1      3      200      0      3.52497
31      4      136      0      1      3      200      0      3.43949
31      4      137      0      1      3      200      0      3.26861
31      4      138      0      1      3      200      0      3.52819
31      4      139      0      1      3      200      0      3.29233
31      4      140      0      1      3      200      0      3.28634
31      4      141      0      1      3      200      0      3.48343
31      4      142      0      1      3      200      0      3.52979
31      4      143      0      1      3      200      0      3.19196
31      4      144      0      1      3      200      0      3.27796
31      4      145      0      1      3      200      0      3.50527
31      4      146      0      1      3      200      0      3.47174
31      4      147      0      1      3      200      0      3.53517
31      4      148      0      1      3      200      0      3.57151
31      4      149      0      1      3      200      0      3.79726
31      4      150      0      1      3      200      0      3.40168
31      4      151      0      1      3      200      0      3.58229
31      4      152      0      1      3      200      0      3.63303
31      4      153      0      1      3      200      0      3.62931
31      4      154      0      1      3      200      0      3.63412
31      4      155      0      1      3      200      0      3.60781
31      4      156      0      1      3      200      0      3.5834
31      4      157      0      1      3      200      0      3.77711
31      4      158      0      1      3      200      0      3.39864
31      4      159      0      1      3      200      0      3.4632
31      4      160      0      1      3      200      0      3.80422
31      4      161      0      1      3      200      0      3.73098
31      4      162      0      1      3      200      0      3.98355
31      4      163      0      1      3      200      0      3.81854
31      4      164      0      1      3      200      0      3.80351
31      4      165      0      1      3      200      0      3.71612
31      4      166      0      1      3      200      0      3.97754
31      4      167      0      1      3      200      0      3.87218
31      4      168      0      1      3      200      0      3.65669
31      4      169      0      1      3      200      0      3.79004
31      4      170      0      1      3      200      0      3.50051
31      4      171      0      1      3      200      0      3.53009
31      4      172      0      1      3      200      0      3.70594
31      4      173      0      1      3      200      0      3.65739
31      4      174      0      1      3      200      0      3.36304
31      4      175      0      1      3      200      0      3.37674
31      4      176      0      1      3      200      0      3.59201
31      4      177      0      1      3      200      0      3.71425
31      4      178      0      1      3      200      0      3.68473
31      4      179      0      1      3      200      0      3.76654
31      4      180      0      1      3      200      0      3.84132
31      4      181      0      1      3      200      0      3.73111
31      4      182      0      1      3      200      0      3.59161
31      4      183      0      1      3      200      0      3.65964
31      4      184      0      1      3      200      0      3.77155
31      4      185      0      1      3      200      0      3.66937
31      4      186      0      1      3      200      0      3.61792
31      4      187      0      1      3      200      0      3.68258
31      4      188      0      1      3      200      0      3.40885
31      4      189      0      1      3      200      0      3.73036
31      4      190      0      1      3      200      0      3.56626
31      4      191      0      1      3      200      0      3.39813
31      4      192      0      1      3      200      0      3.59667
31      4      193      0      1      3      200      0      3.85105
31      4      194      0      1      3      200      0      3.76424
31      4      195      0      1      3      200      0      3.89414
31      4      196      0      1      3      200      0      3.88313
31      4      197      0      1      3      200      0      3.67859
31      4      198      0      1      3      200      0      3.77517
31      4      199      0      1      3      200      0      3.74624
31      4      200      0      1      3      200      0      3.69279
31      4      201      0      1      3      200      0      3.58618
31      4      202      0      1      3      200      0      3.6518
31      4      203      0      1      3      200      0      3.45138
31      4      204      0      1      3      200      0      3.65094
31      4      205      0      1      3      200      0      3.6262
31      4      206      0      1      3      200      0      3.72975
31      4      207      0      1      3      200      0      3.51616
31      4      208      0      1      3      200      0      3.9029
31      4      209      0      1      3      200      0      3.63339
31      4      210      0      1      3      200      0      3.67987
31      4      211      0      1      3      200      0      3.66537
31      4      212      0      1      3      200      0      3.59249
31      4      213      0      1      3      200      0      3.82366
31      4      214      0      1      3      200      0      3.52555
31      4      215      0      1      3      200      0      3.82529
31      4      216      0      1      3      200      0      3.92357
31      4      217      0      1      3      200      0      3.56899
31      4      218      0      1      3      200      0      3.68179
31      4      219      0      1      3      200      0      3.72259
31      4      220      0      1      3      200      0      3.64959
31      4      221      0      1      3      200      0      3.75028
31      4      222      0      1      3      200      0      3.23184
31      4      223      0      1      3      200      0      3.55229
31      4      224      0      1      3      200      0      3.76381
31      4      225      0      1      3      200      0      3.65875
31      4      226      0      1      3      200      0      3.69061
31      4      227      0      1      3      200      0      3.65451
31      4      228      0      1      3      200      0      3.77149
31      4      229      0      1      3      200      0      3.6983
31      4      230      0      1      3      200      0      3.43318
31      4      231      0      1      3      200      0      3.80527
31      4      232      0      1      3      200      0      3.81451
31      4      233      0      1      3      200      0      3.63186
31      4      234      0      1      3      200      0      3.74121
31      4      235      0      1      3      200      0      3.94207
31      4      236      0      1      3      200      0      3.60617
31      4      237      0      1      3      200      0      3.76009
31      4      238      0      1      3      200      0      3.63
31      4      239      0      1      3      200      0      3.95517
31      4      240      0      1      3      200      0      3.93193
31      4      241      0      1      3      200      0      3.67443
31      4      242      0      1      3      200      0      3.70074
31      4      243      0      1      3      200      0      3.8426
31      4      244      0      1      3      200      0      3.72037
31      4      245      0      1      3      200      0      3.77447
31      4      246      0      1      3      200      0      3.88586
31      4      247      0      1      3      200      0      3.60394
31      4      248      0      1      3      200      0      3.96432
31      4      249      0      1      3      200      0      3.82822
31      4      250      0      1      3      200      0      3.82275
31      4      251      0      1      3      200      0      3.79166
31      4      252      0      1      3      200      0      3.81805
31      4      253      0      1      3      200      0      3.68365
31      4      254      0      1      3      200      0      3.70201
31      4      255      0      1      3      200      0      3.64065
31      4      256      0      1      3      200      0      3.84685
31      4      257      0      1      3      200      0      3.63746
31      4      258      0      1      3      200      0      3.71249
31      4      259      0      1      3      200      0      3.7035
31      4      260      0      1      3      200      0      4.19921
31      4      261      0      1      3      200      0      4.01023
31      4      262      0      1      3      200      0      3.75381
31      4      263      0      1      3      200      0      3.65722
31      4      264      0      1      3      200      0      3.62644
31      4      265      0      1      3      200      0      3.90542
31      4      266      0      1      3      200      0      3.78539
31      4      267      0      1      3      200      0      3.77214
31      4      268      0      1      3      200      0      3.44429
31      4      269      0      1      3      200      0      3.46025
31      4      270      0      1      3      200      0      3.58069
31      4      271      0      1      3      200      0      3.67313
31      4      272      0      1      3      200      0      3.89847
31      4      273      0      1      3      200      0      3.89064
31      4      274      0      1      3      200      0      3.80778
31      4      275      0      1      3      200      0      3.47129
31      4      276      0      1      3      200      0      3.68803
31      4      277      0      1      3      200      0      3.50483
31      4      278      0      1      3      200      0      3.64432
31      4      279      0      1      3      200      0      3.75932
31      4      280      0      1      3      200      0      3.78175
31      4      281      0      1      3      200      0      3.62886
31      4      282      0      1      3      200      0      3.8447
31      4      283      0      1      3      200      0      3.85711
31      4      284      0      1      3      200      0      3.82224
31      4      285      0      1      3      200      0      3.86745
31      4      286      0      1      3      200      0      3.54945
31      4      287      0      1      3      200      0      3.74407
31      4      288      0      1      3      200      0      3.69943
31      4      289      0      1      3      200      0      3.79667
31      4      290      0      1      3      200      0      4.11454
31      4      291      0      1      3      200      0      4.1347
31      4      292      0      1      3      200      0      3.85144
31      4      293      0      1      3      200      0      3.76835
31      4      294      0      1      3      200      0      3.85311
31      4      295      0      1      3      200      0      3.80853
31      4      296      0      1      3      200      0      3.65889
31      4      297      0      1      3      200      0      3.73569
31      4      298      0      1      3      200      0      3.67329
31      4      299      0      1      3      200      0      3.83982
31      4      300      0      1      3      200      0      3.65877
31      4      301      0      1      3      200      0      3.89002
31      4      302      0      1      3      200      0      3.77469
31      4      303      0      1      3      200      0      4.00955
31      4      304      0      1      3      200      0      4.02524
31      4      305      0      1      3      200      0      3.76352
31      4      306      0      1      3      200      0      3.70505
31      4      307      0      1      3      200      0      3.57754
31      4      308      0      1      3      200      0      3.89238
31      4      309      0      1      3      200      0      3.85891
31      4      310      0      1      3      200      0      3.65991
31      4      311      0      1      3      200      0      3.99548
31      4      312      0      1      3      200      0      3.81251
31      4      313      0      1      3      200      0      3.69055
31      4      314      0      1      3      200      0      3.96326
31      4      315      0      1      3      200      0      3.89739
31      4      316      0      1      3      200      0      3.90578
31      4      317      0      1      3      200      0      3.90937
31      4      318      0      1      3      200      0      3.865
31      4      319      0      1      3      200      0      4.07729
31      4      320      0      1      3      200      0      4.0873
31      4      321      0      1      3      200      0      3.7254
31      4      322      0      1      3      200      0      3.83887
31      4      323      0      1      3      200      0      3.97356
31      4      324      0      1      3      200      0      4.01625
31      4      325      0      1      3      200      0      3.73843
31      4      326      0      1      3      200      0      3.84347
31      4      327      0      1      3      200      0      4.09891
31      4      328      0      1      3      200      0      3.70161
31      4      329      0      1      3      200      0      3.78539
31      4      330      0      1      3      200      0      3.70693
31      4      331      0      1      3      200      0      3.7438
31      4      332      0      1      3      200      0      3.79725
31      4      333      0      1      3      200      0      3.898
31      4      334      0      1      3      200      0      3.83195
31      4      335      0      1      3      200      0      3.86985
31      4      336      0      1      3      200      0      3.78511
31      4      337      0      1      3      200      0      3.88804
31      4      338      0      1      3      200      0      3.95567
31      4      339      0      1      3      200      0      3.94757
31      4      340      0      1      3      200      0      3.77846
31      4      341      0      1      3      200      0      3.65226
31      4      342      0      1      3      200      0      3.93181
31      4      343      0      1      3      200      0      3.92126
31      4      344      0      1      3      200      0      3.87267
31      4      345      0      1      3      200      0      3.57957
31      4      346      0      1      3      200      0      3.79511
31      4      347      0      1      3      200      0      3.99476
31      4      348      0      1      3      200      0      3.83681
31      4      349      0      1      3      200      0      3.81639
31      4      350      0      1      3      200      0      3.56486
31      4      351      0      1      3      200      0      4.18303
31      4      352      0      1      3      200      0      3.9921
31      4      353      0      1      3      200      0      3.59403
31      4      354      0      1      3      200      0      3.7815
31      4      355      0      1      3      200      0      3.84203
31      4      356      0      1      3      200      0      3.79801
31      4      357      0      1      3      200      0      4.12819
31      4      358      0      1      3      200      0      3.84825
31      4      359      0      1      3      200      0      3.61301
31      4      360      0      1      3      200      0      3.74247
31      4      361      0      1      3      200      0      3.65737
31      4      362      0      1      3      200      0      3.6468
31      4      363      0      1      3      200      0      4.18726
31      4      364      0      1      3      200      0      3.5979
31      4      365      0      1      3      200      0      3.63363
31      4      366      0      1      3      200      0      3.80427
31      4      367      0      1      3      200      0      3.62311
31      4      368      0      1      3      200      0      3.81887
31      4      369      0      1      3      200      0      3.88073
31      4      370      0      1      3      200      0      3.64611
31      4      371      0      1      3      200      0      3.80001
31      4      372      0      1      3      200      0      3.77793
31      4      373      0      1      3      200      0      3.75221
31      4      374      0      1      3      200      0      3.74049
31      4      375      0      1      3      200      0      3.86944
31      4      376      0      1      3      200      0      3.67801
31      4      377      0      1      3      200      0      3.53566
31      4      378      0      1      3      200      0      3.64752
31      4      379      0      1      3      200      0      3.77308
31      4      380      0      1      3      200      0      3.53045
31      4      381      0      1      3      200      0      3.9665
31      4      382      0      1      3      200      0      3.49698
31      4      383      0      1      3      200      0      3.84061
31      4      384      0      1      3      200      0      3.62782
31      4      385      0      1      3      200      0      3.68417
31      4      386      0      1      3      200      0      3.92617
31      4      387      0      1      3      200      0      3.75567
31      4      388      0      1      3      200      0      4.52824
31      4      389      0      1      3      200      0      4.33395
31      4      390      0      1      3      200      0      3.91978
31      4      391      0      1      3      200      0      3.81876
31      4      392      0      1      3      200      0      3.45317
31      4      393      0      1      3      200      0      3.77831
31      4      394      0      1      3      200      0      3.83367
31      4      395      0      1      3      200      0      3.92307
31      4      396      0      1      3      200      0      3.95409
31      4      397      0      1      3      200      0      3.81433
31      4      398      0      1      3      200      0      4.20902
31      4      399      0      1      3      200      0      3.91344
31      4      400      0      1      3      200      0      3.68217
31      4      401      0      1      3      200      0      3.62364
31      4      402      0      1      3      200      0      3.7761
31      4      403      0      1      3      200      0      3.75488
31      4      404      0      1      3      200      0      3.42621
31      4      405      0      1      3      200      0      3.79499
31      4      406      0      1      3      200      0      3.86825
31      4      407      0      1      3      200      0      3.72347
31      4      408      0      1      3      200      0      3.59936
31      4      409      0      1      3      200      0      3.77283
31      4      410      0      1      3      200      0      3.51946
31      4      411      0      1      3      200      0      3.97729
31      4      412      0      1      3      200      0      3.65148
31      4      413      0      1      3      200      0      3.61504
31      4      414      0      1      3      200      0      3.79826
31      4      415      0      1      3      200      0      3.69741
31      4      416      0      1      3      200      0      4.50061
31      4      417      0      1      3      200      0      4.16202
31      4      418      0      1      3      200      0      3.86772
31      4      419      0      1      3      200      0      3.79486
31      4      420      0      1      3      200      0      4.09782
31      4      421      0      1      3      200      0      3.82498
31      4      422      0      1      3      200      0      4.1668
31      4      423      0      1      3      200      0      3.8232
31      4      424      0      1      3      200      0      4.09282
31      4      425      0      1      3      200      0      3.93353
31      4      426      0      1      3      200      0      3.77072
31      4      427      0      1      3      200      0      3.90173
31      4      428      0      1      3      200      0      4.1716
31      4      429      0      1      3      200      0      4.00887
31      4      430      0      1      3      200      0      3.86185
31      4      431      0      1      3      200      0      4.17882
31      4      432      0      1      3      200      0      4.27451
31      4      433      0      1      3      200      0      4.42062
31      4      434      0      1      3      200      0      3.85926
31      4      435      0      1      3      200      0      3.88287
31      4      436      0      1      3      200      0      4.02792
31      4      437      0      1      3      200      0      4.00608
31      4      438      0      1      3      200      0      3.78191
31      4      439      0      1      3      200      0      3.85849
31      4      440      0      1      3      200      0      4.0894
31      4      441      0      1      3      200      0      4.12702
31      4      442      0      1      3      200      0      3.98165
31      4      443      0      1      3      200      0      3.87462
31      4      444      0      1      3      200      0      3.81727
31      4      445      0      1      3      200      0      3.94948
31      4      446      0      1      3      200      0      4.07185
31      4      447      0      1      3      200      0      3.98152
31      4      448      0      1      3      200      0      3.97365
31      4      449      0      1      3      200      0      4.14118
31      4      450      0      1      3      200      0      4.04984
31      4      451      0      1      3      200      0      4.39001
31      4      452      0      1      3      200      0      3.86667
31      4      453      0      1      3      200      0      3.72272
31      4      454      0      1      3      200      0      4.0881
31      4      455      0      1      3      200      0      4.19368
31      4      456      0      1      3      200      0      4.10399
31      4      457      0      1      3      200      0      4.03992
31      4      458      0      1      3      200      0      4.26517
31      4      459      0      1      3      200      0      4.50912
31      4      460      0      1      3      200      0      4.26355
31      4      461      0      1      3      200      0      4.12521
31      4      462      0      1      3      200      0      3.78134
31      4      463      0      1      3      200      0      4.23206
31      4      464      0      1      3      200      0      4.00887
31      4      465      0      1      3      200      0      4.18311
31      4      466      0      1      3      200      0      3.89424
31      4      467      0      1      3      200      0      4.29961
31      4      468      0      1      3      200      0      3.95041
31      4      469      0      1      3      200      0      4.01117
31      4      470      0      1      3      200      0      4.05332
31      4      471      0      1      3      200      0      4.20526
31      4      472      0      1      3      200      0      3.86177
31      4      473      0      1      3      200      0      4.12619
31      4      474      0      1      3      200      0      4.06728
31      4      475      0      1      3      200      0      4.05163
31      4      476      0      1      3      200      0      4.18518
31      4      477      0      1      3      200      0      4.15012
31      4      478      0      1      3      200      0      4.4472
31      4      479      0      1      3      200      0      4.33053
31      4      480      0      1      3      200      0      4.59782
31      4      481      0      1      3      200      0      3.99772
31      4      482      0      1      3      200      0      4.3121
31      4      483      0      1      3      200      0      3.94441
31      4      484      0      1      3      200      0      3.7974
31      4      485      0      1      3      200      0      3.92161
31      4      486      0      1      3      200      0      3.79495
31      4      487      0      1      3      200      0      4.49284
31      4      488      0      1      3      200      0      4.08857
31      4      489      0      1      3      200      0      3.99882
31      4      490      0      1      3      200      0      4.17222
31      4      491      0      1      3      200      0      4.10387
31      4      492      0      1      3      200      0      4.02314
31      4      493      0      1      3      200      0      4.01969
31      4      494      0      1      3      200      0      3.85304
31      4      495      0      1      3      200      0      3.83225
31      4      496      0      1      3      200      0      3.95451
31      4      497      0      1      3      200      0      3.99119
31      4      498      0      1      3      200      0      4.11972
31      4      499      0      1      3      200      0      3.88821
31      4      500      0      1      3      200      0      3.95172
31      4      501      0      1      3      200      0      3.88973
31      4      502      0      1      3      200      0      3.67462
31      4      503      0      1      3      200      0      4.1703
31      4      504      0      1      3      200      0      3.85972
31      4      505      0      1      3      200      0      4.11762
31      4      506      0      1      3      200      0      3.98268
31      4      507      0      1      3      200      0      3.79159
31      4      508      0      1      3      200      0      3.96811
31      4      509      0      1      3      200      0      4.15615
31      5      0      0      1      3      200      0      3.88653
31      5      1      0      1      3      200      0      3.93404
31      5      2      0      1      3      200      0      3.7283
31      5      3      0      1      3      200      0      4.14949
31      5      4      0      1      3      200      0      3.73818
31      5      5      0      1      3      200      0      3.88574
31      5      6      0      1      3      200      0      3.91451
31      5      7      0      1      3      200      0      3.74362
31      5      8      0      1      3      200      0      3.8774
31      5      9      0      1      3      200      0      4.11597
31      5      10      0      1      3      200      0      3.8006
31      5      11      0      1      3      200      0      3.79287
31      5      12      0      1      3      200      0      3.89302
31      5      13      0      1      3      200      0      3.84172
31      5      14      0      1      3      200      0      3.66788
31      5      15      0      1      3      200      0      3.84077
31      5      16      0      1      3      200      0      4.13432
31      5      17      0      1      3      200      0      3.84806
31      5      18      0      1      3      200      0      3.61241
31      5      19      0      1      3      200      0      3.66943
31      5      20      0      1      3      200      0      3.87822
31      5      21      0      1      3      200      0      3.88183
31      5      22      0      1      3      200      0      3.79201
31      5      23      0      1      3      200      0      3.89195
31      5      24      0      1      3      200      0      3.80857
31      5      25      0      1      3      200      0      3.92919
31      5      26      0      1      3      200      0      3.82937
31      5      27      0      1      3      200      0      3.66374
31      5      28      0      1      3      200      0      3.76231
31      5      29      0      1      3      200      0      3.66753
31      5      30      0      1      3      200      0      3.48548
31      5      31      0      1      3      200      0      3.84089
31      5      32      0      1      3      200      0      3.80955
31      5      33      0      1      3      200      0      3.86262
31      5      34      0      1      3      200      0      3.87835
31      5      35      0      1      3      200      0      3.79964
31      5      36      0      1      3      200      0      3.7275
31      5      37      0      1      3      200      0      3.72024
31      5      38      0      1      3      200      0      3.94494
31      5      39      0      1      3      200      0      3.68227
31      5      40      0      1      3      200      0      3.87562
31      5      41      0      1      3      200      0      3.95869
31      5      42      0      1      3      200      0      3.95052
31      5      43      0      1      3      200      0      3.72801
31      5      44      0      1      3      200      0      3.61461
31      5      45      0      1      3      200      0      3.88528
31      5      46      0      1      3      200      0      3.73628
31      5      47      0      1      3      200      0      3.80979
31      5      48      0      1      3      200      0      3.81828
31      5      49      0      1      3      200      0      3.70366
31      5      50      0      1      3      200      0      3.86532
31      5      51      0      1      3      200      0      3.82776
31      5      52      0      1      3      200      0      4.05899
31      5      53      0      1      3      200      0      3.97445
31      5      54      0      1      3      200      0      4.04033
31      5      55      0      1      3      200      0      3.84987
31      5      56      0      1      3      200      0      4.0294
31      5      57      0      1      3      200      0      3.80344
31      5      58      0      1      3      200      0      3.79025
31      5      59      0      1      3      200      0      3.71742
31      5      60      0      1      3      200      0      4.05616
31      5      61      0      1      3      200      0      4.00651
31      5      62      0      1      3      200      0      3.81198
31      5      63      0      1      3      200      0      3.80993
31      5      64      0      1      3      200      0      4.02676
31      5      65      0      1      3      200      0      3.79179
31      5      66      0      1      3      200      0      3.79593
31      5      67      0      1      3      200      0      3.69075
31      5      68      0      1      3      200      0      3.81975
31      5      69      0      1      3      200      0      3.62113
31      5      70      0      1      3      200      0      3.84067
31      5      71      0      1      3      200      0      3.79368
31      5      72      0      1      3      200      0      3.89324
31      5      73      0      1      3      200      0      3.9166
31      5      74      0      1      3      200      0      3.80502
31      5      75      0      1      3      200      0      3.72959
31      5      76      0      1      3      200      0      4.05281
31      5      77      0      1      3      200      0      3.8529
31      5      78      0      1      3      200      0      3.96884
31      5      79      0      1      3      200      0      3.82018
31      5      80      0      1      3      200      0      3.70597
31      5      81      0      1      3      200      0      3.82596
31      5      82      0      1      3      200      0      3.72655
31      5      83      0      1      3      200      0      4.04794
31      5      84      0      1      3      200      0      3.87909
31      5      85      0      1      3      200      0      3.69971
31      5      86      0      1      3      200      0      3.69271
31      5      87      0      1      3      200      0      3.98392
31      5      88      0      1      3      200      0      3.64496
31      5      89      0      1      3      200      0      3.77396
31      5      90      0      1      3      200      0      3.79992
31      5      91      0      1      3      200      0      3.81705
31      5      92      0      1      3      200      0      4.02497
31      5      93      0      1      3      200      0      3.89628
31      5      94      0      1      3      200      0      3.80743
31      5      95      0      1      3      200      0      3.84517
31      5      96      0      1      3      200      0      3.66108
31      5      97      0      1      3      200      0      3.66223
31      5      98      0      1      3      200      0      3.76943
31      5      99      0      1      3      200      0      3.84509
31      5      100      0      1      3      200      0      3.73426
31      5      101      0      1      3      200      0      3.86247
31      5      102      0      1      3      200      0      3.78329
31      5      103      0      1      3      200      0      3.71687
31      5      104      0      1      3      200      0      4.01342
31      5      105      0      1      3      200      0      3.92502
31      5      106      0      1      3      200      0      3.70951
31      5      107      0      1      3      200      0      3.73761
31      5      108      0      1      3      200      0      3.75558
31      5      109      0      1      3      200      0      3.86043
31      5      110      0      1      3      200      0      3.80132
31      5      111      0      1      3      200      0      3.89705
31      5      112      0      1      3      200      0      3.79578
31      5      113      0      1      3      200      0      3.67453
31      5      114      0      1      3      200      0      3.81811
31      5      115      0      1      3      200      0      3.69957
31      5      116      0      1      3      200      0      3.75195
31      5      117      0      1      3      200      0      4.02639
31      5      118      0      1      3      200      0      3.76956
31      5      119      0      1      3      200      0      3.75063
31      5      120      0      1      3      200      0      4.00678
31      5      121      0      1      3      200      0      3.99974
31      5      122      0      1      3      200      0      3.65427
31      5      123      0      1      3      200      0      3.64566
31      5      124      0      1      3      200      0      3.92504
31      5      125      0      1      3      200      0      3.97334
31      5      126      0      1      3      200      0      3.67893
31      5      127      0      1      3      200      0      3.82418
31      5      128      0      1      3      200      0      3.68535
31      5      129      0      1      3      200      0      3.50834
31      5      130      0      1      3      200      0      3.65826
31      5      131      0      1      3      200      0      3.87815
31      5      132      0      1      3      200      0      3.99377
31      5      133      0      1      3      200      0      3.70044
31      5      134      0      1      3      200      0      3.76636
31      5      135      0      1      3      200      0      3.64787
31      5      136      0      1      3      200      0      3.55961
31      5      137      0      1      3      200      0      3.67159
31      5      138      0      1      3      200      0      3.49289
31      5      139      0      1      3      200      0      3.64867
31      5      140      0      1      3      200      0      3.70344
31      5      141      0      1      3      200      0      3.72106
31      5      142      0      1      3      200      0      3.42452
31      5      143      0      1      3      200      0      3.83861
31      5      144      0      1      3      200      0      3.90214
31      5      145      0      1      3      200      0      3.61923
31      5      146      0      1      3      200      0      3.83564
31      5      147      0      1      3      200      0      3.55829
31      5      148      0      1      3      200      0      3.79906
31      5      149      0      1      3      200      0      3.76434
31      5      150      0      1      3      200      0      3.95984
31      5      151      0      1      3      200      0      3.77799
31      5      152      0      1      3      200      0      3.66093
31      5      153      0      1      3      200      0      3.76374
31      5      154      0      1      3      200      0      3.43831
31      5      155      0      1      3      200      0      3.84179
31      5      156      0      1      3      200      0      3.93538
31      5      157      0      1      3      200      0      3.61618
31      5      158      0      1      3      200      0      3.77773
31      5      159      0      1      3      200      0      3.76359
31      5      160      0      1      3      200      0      3.93414
31      5      161      0      1      3      200      0      3.57764
31      5      162      0      1      3      200      0      3.93333
31      5      163      0      1      3      200      0      3.79566
31      5      164      0      1      3      200      0      3.59721
31      5      165      0      1      3      200      0      3.70803
31      5      166      0      1      3      200      0      3.88791
31      5      167      0      1      3      200      0      3.77465
31      5      168      0      1      3      200      0      3.71739
31      5      169      0      1      3      200      0      3.72694
31      5      170      0      1      3      200      0      3.63761
31      5      171      0      1      3      200      0      3.58298
31      5      172      0      1      3      200      0      3.72201
31      5      173      0      1      3      200      0      3.70564
31      5      174      0      1      3      200      0      3.75231
31      5      175      0      1      3      200      0      3.45685
31      5      176      0      1      3      200      0      3.83199
31      5      177      0      1      3      200      0      3.71647
31      5      178      0      1      3      200      0      3.70754
31      5      179      0      1      3      200      0      3.49787
31      5      180      0      1      3      200      0      3.76022
31      5      181      0      1      3      200      0      3.62126
31      5      182      0      1      3      200      0      3.77165
31      5      183      0      1      3      200      0      3.86023
31      5      184      0      1      3      200      0      3.70644
31      5      185      0      1      3      200      0      3.71022
31      5      186      0      1      3      200      0      3.72079
31      5      187      0      1      3      200      0      3.7127
31      5      188      0      1      3      200      0      3.89795
31      5      189      0      1      3      200      0      3.79568
31      5      190      0      1      3      200      0      3.57831
31      5      191      0      1      3      200      0      3.64081
31      5      192      0      1      3      200      0      3.59951
31      5      193      0      1      3      200      0      3.83355
31      5      194      0      1      3      200      0      3.78352
31      5      195      0      1      3      200      0      4.02249
31      5      196      0      1      3      200      0      3.73985
31      5      197      0      1      3      200      0      3.69485
31      5      198      0      1      3      200      0      3.67529
31      5      199      0      1      3      200      0      3.87032
31      5      200      0      1      3      200      0      3.91381
31      5      201      0      1      3      200      0      3.76616
31      5      202      0      1      3      200      0      3.35138
31      5      203      0      1      3      200      0      3.65369
31      5      204      0      1      3      200      0      3.59567
31      5      205      0      1      3      200      0      3.83222
31      5      206      0      1      3      200      0      3.82951
31      5      207      0      1      3      200      0      3.44941
31      5      208      0      1      3      200      0      3.71443
31      5      209      0      1      3      200      0      3.80651
31      5      210      0      1      3      200      0      3.68797
31      5      211      0      1      3      200      0      3.76415
31      5      212      0      1      3      200      0      3.72065
31      5      213      0      1      3      200      0      3.56858
31      5      214      0      1      3      200      0      3.57725
31      5      215      0      1      3      200      0      3.3707
31      5      216      0      1      3      200      0      3.73596
31      5      217      0      1      3      200      0      3.73868
31      5      218      0      1      3      200      0      3.49266
31      5      219      0      1      3      200      0      3.49692
31      5      220      0      1      3      200      0      3.7343
31      5      221      0      1      3      200      0      3.76503
31      5      222      0      1      3      200      0      3.7067
31      5      223      0      1      3      200      0      3.82366
31      5      224      0      1      3      200      0      3.81663
31      5      225      0      1      3      200      0      3.7452
31      5      226      0      1      3      200      0      3.74758
31      5      227      0      1      3      200      0      4.0236
31      5      228      0      1      3      200      0      3.63665
31      5      229      0      1      3      200      0      3.74267
31      5      230      0      1      3      200      0      3.63998
31      5      231      0      1      3      200      0      4.00733
31      5      232      0      1      3      200      0      3.81319
31      5      233      0      1      3      200      0      3.6601
31      5      234      0      1      3      200      0      3.64578
31      5      235      0      1      3      200      0      3.58398
31      5      236      0      1      3      200      0      3.69419
31      5      237      0      1      3      200      0      3.65391
31      5      238      0      1      3      200      0      3.54514
31      5      239      0      1      3      200      0      3.51992
31      5      240      0      1      3      200      0      3.67288
31      5      241      0      1      3      200      0      3.7552
31      5      242      0      1      3      200      0      3.4672
31      5      243      0      1      3      200      0      3.56789
31      5      244      0      1      3      200      0      3.76759
31      5      245      0      1      3      200      0      3.77028
31      5      246      0      1      3      200      0      3.49823
31      5      247      0      1      3      200      0      3.65688
31      5      248      0      1      3      200      0      3.52437
31      5      249      0      1      3      200      0      3.8062
31      5      250      0      1      3      200      0      3.4877
31      5      251      0      1      3      200      0      3.68079
31      5      252      0      1      3      200      0      3.61521
31      5      253      0      1      3      200      0      3.65533
31      5      254      0      1      3      200      0      3.48181
31      5      255      0      1      3      200      0      3.73389
31      5      256      0      1      3      200      0      3.7205
31      5      257      0      1      3      200      0      3.892
31      5      258      0      1      3      200      0      3.98228
31      5      259      0      1      3      200      0      3.84374
31      5      260      0      1      3      200      0      3.5611
31      5      261      0      1      3      200      0      3.63191
31      5      262      0      1      3      200      0      3.87553
31      5      263      0      1      3      200      0      3.88942
31      5      264      0      1      3      200      0      3.80789
31      5      265      0      1      3      200      0      3.62704
31      5      266      0      1      3      200      0      3.571
31      5      267      0      1      3      200      0      3.41626
31      5      268      0      1      3      200      0      3.78009
31      5      269      0      1      3      200      0      3.53234
31      5      270      0      1      3      200      0      3.55309
31      5      271      0      1      3      200      0      3.67816
31      5      272      0      1      3      200      0      3.52941
31      5      273      0      1      3      200      0      3.47227
31      5      274      0      1      3      200      0      3.60553
31      5      275      0      1      3      200      0      3.64292
31      5      276      0      1      3      200      0      3.72751
31      5      277      0      1      3      200      0      3.54141
31      5      278      0      1      3      200      0      3.49918
31      5      279      0      1      3      200      0      3.63795
31      5      280      0      1      3      200      0      3.63293
31      5      281      0      1      3      200      0      3.71634
31      5      282      0      1      3      200      0      3.60476
31      5      283      0      1      3      200      0      3.6238
31      5      284      0      1      3      200      0      3.48795
31      5      285      0      1      3      200      0      3.47936
31      5      286      0      1      3      200      0      3.47415
31      5      287      0      1      3      200      0      3.63035
31      5      288      0      1      3      200      0      3.57863
31      5      289      0      1      3      200      0      3.46839
31      5      290      0      1      3      200      0      3.91699
31      5      291      0      1      3      200      0      3.90558
31      5      292      0      1      3      200      0      3.65486
31      5      293      0      1      3      200      0      3.50698
31      5      294      0      1      3      200      0      3.74607
31      5      295      0      1      3      200      0      3.76486
31      5      296      0      1      3      200      0      3.56607
31      5      297      0      1      3      200      0      3.49841
31      5      298      0      1      3      200      0      3.33786
31      5      299      0      1      3      200      0      3.47139
31      5      300      0      1      3      200      0      3.64158
31      5      301      0      1      3      200      0      3.76587
31      5      302      0      1      3      200      0      3.31512
31      5      303      0      1      3      200      0      3.52359
31      5      304      0      1      3      200      0      3.50332
31      5      305      0      1      3      200      0      3.91585
31      5      306      0      1      3      200      0      3.61318
31      5      307      0      1      3      200      0      3.35836
31      5      308      0      1      3      200      0      3.44487
31      5      309      0      1      3      200      0      3.73014
31      5      310      0      1      3      200      0      3.55125
31      5      311      0      1      3      200      0      3.46328
31      5      312      0      1      3      200      0      3.65556
31      5      313      0      1      3      200      0      3.69045
31      5      314      0      1      3      200      0      3.47119
31      5      315      0      1      3      200      0      3.63956
31      5      316      0      1      3      200      0      3.44632
31      5      317      0      1      3      200      0      3.82253
31      5      318      0      1      3      200      0      3.60157
31      5      319      0      1      3      200      0      3.63941
31      5      320      0      1      3      200      0      3.38673
31      5      321      0      1      3      200      0      3.40961
31      5      322      0      1      3      200      0      3.8904
31      5      323      0      1      3      200      0      3.87446
31      5      324      0      1      3      200      0      3.74007
31      5      325      0      1      3      200      0      3.71446
31      5      326      0      1      3      200      0      3.57131
31      5      327      0      1      3      200      0      3.89539
31      5      328      0      1      3      200      0      3.64931
31      5      329      0      1      3      200      0      3.73728
31      5      330      0      1      3      200      0      3.7395
31      5      331      0      1      3      200      0      3.43691
31      5      332      0      1      3      200      0      3.41112
31      5      333      0      1      3      200      0      3.7383
31      5      334      0      1      3      200      0      3.67123
31      5      335      0      1      3      200      0      3.66284
31      5      336      0      1      3      200      0      3.57012
31      5      337      0      1      3      200      0      3.67556
31      5      338      0      1      3      200      0      3.65566
31      5      339      0      1      3      200      0      3.48962
31      5      340      0      1      3      200      0      3.57824
31      5      341      0      1      3      200      0      3.65896
31      5      342      0      1      3      200      0      3.63472
31      5      343      0      1      3      200      0      3.41356
31      5      344      0      1      3      200      0      3.6365
31      5      345      0      1      3      200      0      3.60301
31      5      346      0      1      3      200      0      3.58497
31      5      347      0      1      3      200      0      3.66763
31      5      348      0      1      3      200      0      3.75736
31      5      349      0      1      3      200      0      3.54896
31      5      350      0      1      3      200      0      3.78131
31      5      351      0      1      3      200      0      3.71926
31      5      352      0      1      3      200      0      3.54873
31      5      353      0      1      3      200      0      3.48512
31      5      354      0      1      3      200      0      3.55287
31      5      355      0      1      3      200      0      3.75634
31      5      356      0      1      3      200      0      3.60284
31      5      357      0      1      3      200      0      3.84506
31      5      358      0      1      3      200      0      3.35353
31      5      359      0      1      3      200      0      3.71671
31      5      360      0      1      3      200      0      3.55661
31      5      361      0      1      3      200      0      3.56995
31      5      362      0      1      3      200      0      3.45526
31      5      363      0      1      3      200      0      3.47486
31      5      364      0      1      3      200      0      3.67907
31      5      365      0      1      3      200      0      3.34726
31      5      366      0      1      3      200      0      3.39619
31      5      367      0      1      3      200      0      3.63251
31      5      368      0      1      3      200      0      3.43178
31      5      369      0      1      3      200      0      3.24543
31      5      370      0      1      3      200      0      3.2955
31      5      371      0      1      3      200      0      3.49158
31      5      372      0      1      3      200      0      3.32298
31      5      373      0      1      3      200      0      3.27051
31      5      374      0      1      3      200      0      3.40267
31      5      375      0      1      3      200      0      3.32289
31      5      376      0      1      3      200      0      3.32631
31      5      377      0      1      3      200      0      3.53438
31      5      378      0      1      3      200      0      3.58012
31      5      379      0      1      3      200      0      3.33321
31      5      380      0      1      3      200      0      3.76495
31      5      381      0      1      3      200      0      3.37711
31      5      382      0      1      3      200      0      3.55015
31      5      383      0      1      3      200      0      3.38297
31      5      384      0      1      3      200      0      3.53312
31      5      385      0      1      3      200      0      3.3569
31      5      386      0      1      3      200      0      3.65844
31      5      387      0      1      3      200      0      3.53202
31      5      388      0      1      3      200      0      3.58421
31      5      389      0      1      3      200      0      3.56707
31      5      390      0      1      3      200      0      3.75504
31      5      391      0      1      3      200      0      3.45026
31      5      392      0      1      3      200      0      3.44884
31      5      393      0      1      3      200      0      3.4103
31      5      394      0      1      3      200      0      3.41423
31      5      395      0      1      3      200      0      3.17923
31      5      396      0      1      3      200      0      3.55432
31      5      397      0      1      3      200      0      3.27008
31      5      398      0      1      3      200      0      3.49062
31      5      399      0      1      3      200      0      3.14709
31      5      400      0      1      3      200      0      3.42491
31      5      401      0      1      3      200      0      3.48046
31      5      402      0      1      3      200      0      3.48937
31      5      403      0      1      3      200      0      3.39518
31      5      404      0      1      3      200      0      3.60046
31      5      405      0      1      3      200      0      3.40697
31      5      406      0      1      3      200      0      3.37134
31      5      407      0      1      3      200      0      3.37026
31      5      408      0      1      3      200      0      3.40692
31      5      409      0      1      3      200      0      3.46761
31      5      410      0      1      3      200      0      3.25074
31      5      411      0      1      3      200      0      3.48311
31      5      412      0      1      3      200      0      3.5999
31      5      413      0      1      3      200      0      3.36446
31      5      414      0      1      3      200      0      3.33675
31      5      415      0      1      3      200      0      3.25405
31      5      416      0      1      3      200      0      3.42541
31      5      417      0      1      3      200      0      3.42255
31      5      418      0      1      3      200      0      3.41874
31      5      419      0      1      3      200      0      3.77149
31      5      420      0      1      3      200      0      3.66914
31      5      421      0      1      3      200      0      3.71374
31      5      422      0      1      3      200      0      3.59521
31      5      423      0      1      3      200      0      3.57716
31      5      424      0      1      3      200      0      3.30692
31      5      425      0      1      3      200      0      3.45217
31      5      426      0      1      3      200      0      3.45075
31      5      427      0      1      3      200      0      3.33521
31      5      428      0      1      3      200      0      3.38797
31      5      429      0      1      3      200      0      3.57991
31      5      430      0      1      3      200      0      3.42146
31      5      431      0      1      3      200      0      3.40422
31      5      432      0      1      3      200      0      3.55552
31      5      433      0      1      3      200      0      3.31509
31      5      434      0      1      3      200      0      3.49851
31      5      435      0      1      3      200      0      3.47134
31      5      436      0      1      3      200      0      3.47986
31      5      437      0      1      3      200      0      3.51772
31      5      438      0      1      3      200      0      3.21945
31      5      439      0      1      3      200      0      3.55796
31      5      440      0      1      3      200      0      3.71216
31      5      441      0      1      3      200      0      3.67329
31      5      442      0      1      3      200      0      3.22894
31      5      443      0      1      3      200      0      3.38972
31      5      444      0      1      3      200      0      3.45737
31      5      445      0      1      3      200      0      3.62497
31      5      446      0      1      3      200      0      3.67218
31      5      447      0      1      3      200      0      3.60414
31      5      448      0      1      3      200      0      3.49797
31      5      449      0      1      3      200      0      3.87187
31      5      450      0      1      3      200      0      3.5934
31      5      451      0      1      3      200      0      3.6419
31      5      452      0      1      3      200      0      3.76347
31      5      453      0      1      3      200      0      3.53557
31      5      454      0      1      3      200      0      3.68961
31      5      455      0      1      3      200      0      3.6936
31      5      456      0      1      3      200      0      3.52157
31      5      457      0      1      3      200      0      3.57825
31      5      458      0      1      3      200      0      3.4113
31      5      459      0      1      3      200      0      3.3935
31      5      460      0      1      3      200      0      3.48844
31      5      461      0      1      3      200      0      3.41488
31      5      462      0      1      3      200      0      3.42003
31      5      463      0      1      3      200      0      3.33923
31      5      464      0      1      3      200      0      3.48333
31      5      465      0      1      3      200      0      3.25247
31      5      466      0      1      3      200      0      3.45158
31      5      467      0      1      3      200      0      3.44453
31      5      468      0      1      3      200      0      3.26008
31      5      469      0      1      3      200      0      3.30208
31      5      470      0      1      3      200      0      3.23109
31      5      471      0      1      3      200      0      3.28173
31      5      472      0      1      3      200      0      3.64297
31      5      473      0      1      3      200      0      3.38347
31      5      474      0      1      3      200      0      3.44675
31      5      475      0      1      3      200      0      3.57275
31      5      476      0      1      3      200      0      3.23001
31      5      477      0      1      3      200      0      3.48319
31      5      478      0      1      3      200      0      3.42435
31      5      479      0      1      3      200      0      3.38663
31      5      480      0      1      3      200      0      3.446
31      5      481      0      1      3      200      0      3.36346
31      5      482      0      1      3      200      0      3.49836
31      5      483      0      1      3      200      0      3.44457
31      5      484      0      1      3      200      0      3.88069
31      5      485      0      1      3      200      0      3.72806
31      5      486      0      1      3      200      0      3.86017
31      5      487      0      1      3      200      0      3.5907
31      5      488      0      1      3      200      0      3.67062
31      5      489      0      1      3      200      0      3.37621
31      5      490      0      1      3      200      0      3.41743
31      5      491      0      1      3      200      0      3.50419
31      5      492      0      1      3      200      0      3.49862
31      5      493      0      1      3      200      0      3.72623
31      5      494      0      1      3      200      0      3.54799
31      5      495      0      1      3      200      0      3.6016
31      5      496      0      1      3      200      0      3.50881
31      5      497      0      1      3      200      0      3.51274
31      5      498      0      1      3      200      0      3.525
31      5      499      0      1      3      200      0      3.62334
31      5      500      0      1      3      200      0      3.50188
31      5      501      0      1      3      200      0      3.41373
31      5      502      0      1      3      200      0      3.5365
31      5      503      0      1      3      200      0      3.44355
31      5      504      0      1      3      200      0      3.51368
31      5      505      0      1      3      200      0      3.4151
31      5      506      0      1      3      200      0      3.50109
31      5      507      0      1      3      200      0      3.38477
31      5      508      0      1      3      200      0      3.49942
31      5      509      0      1      3      200      0      3.46282
31      5      510      0      1      3      200      0      3.44061
31      5      511      0      1      3      200      0      3.4807
31      5      512      0      1      3      200      0      3.5682
31      5      513      0      1      3      200      0      3.51888
31      5      514      0      1      3      200      0      3.83741
31      5      515      0      1      3      200      0      3.55303
31      5      516      0      1      3      200      0      3.68903
31      5      517      0      1      3      200      0      3.94006
31      5      518      0      1      3      200      0      3.66849
31      5      519      0      1      3      200      0      3.84229
31      5      520      0      1      3      200      0      3.59422
31      5      521      0      1      3      200      0      3.65907
31      5      522      0      1      3      200      0      3.67987
31      5      523      0      1      3      200      0      3.69741
31      5      524      0      1      3      200      0      3.72413
31      5      525      0      1      3      200      0      3.50111
31      5      526      0      1      3      200      0      3.85172
31      5      527      0      1      3      200      0      3.5761
31      5      528      0      1      3      200      0      3.53297
31      5      529      0      1      3      200      0      3.64884
31      5      530      0      1      3      200      0      3.90744
31      5      531      0      1      3      200      0      3.27054
31      5      532      0      1      3      200      0      3.65235
31      5      533      0      1      3      200      0      3.58475
31      5      534      0      1      3      200      0      3.73376
31      5      535      0      1      3      200      0      3.51022
31      5      536      0      1      3      200      0      3.41927
31      5      537      0      1      3      200      0      3.36917
31      5      538      0      1      3      200      0      3.49703
31      5      539      0      1      3      200      0      3.44188
31      5      540      0      1      3      200      0      3.68144
31      5      541      0      1      3      200      0      3.55386
31      5      542      0      1      3      200      0      3.78685
31      5      543      0      1      3      200      0      3.60335
31      5      544      0      1      3      200      0      3.76139
31      5      545      0      1      3      200      0      3.92048
31      5      546      0      1      3      200      0      3.8904
31      5      547      0      1      3      200      0      3.70007
31      5      548      0      1      3      200      0      3.51391
31      5      549      0      1      3      200      0      3.86177
31      5      550      0      1      3      200      0      3.86268
31      5      551      0      1      3      200      0      3.93223
31      5      552      0      1      3      200      0      3.50222
31      5      553      0      1      3      200      0      3.59028
31      5      554      0      1      3      200      0      3.66255
31      5      555      0      1      3      200      0      3.61168
31      5      556      0      1      3      200      0      3.58258
31      5      557      0      1      3      200      0      3.69716
31      5      558      0      1      3      200      0      3.66674
31      5      559      0      1      3      200      0      3.83128
31      5      560      0      1      3      200      0      3.38439
31      5      561      0      1      3      200      0      3.7049
31      5      562      0      1      3      200      0      3.89715
31      5      563      0      1      3      200      0      3.63436
31      5      564      0      1      3      200      0      3.68361
31      5      565      0      1      3      200      0      3.89129
31      5      566      0      1      3      200      0      3.70423
31      5      567      0      1      3      200      0      3.72591
31      5      568      0      1      3      200      0      3.81515
31      5      569      0      1      3      200      0      3.62037
31      5      570      0      1      3      200      0      3.75921
31      5      571      0      1      3      200      0      3.46669
31      5      572      0      1      3      200      0      3.74743
31      5      573      0      1      3      200      0      3.4898
31      5      574      0      1      3      200      0      3.57434
31      5      575      0      1      3      200      0      3.63136
31      5      576      0      1      3      200      0      3.60771
31      5      577      0      1      3      200      0      3.67929
31      5      578      0      1      3      200      0      3.68405
31      5      579      0      1      3      200      0      3.68153
31      5      580      0      1      3      200      0      3.69585
31      5      581      0      1      3      200      0      3.54258
31      5      582      0      1      3      200      0      3.54444
31      5      583      0      1      3      200      0      3.79912
31      5      584      0      1      3      200      0      3.5019
31      5      585      0      1      3      200      0      3.89382
31      5      586      0      1      3      200      0      3.80694
31      5      587      0      1      3      200      0      3.98358
31      5      588      0      1      3      200      0      3.94918
31      5      589      0      1      3      200      0      3.6305
31      5      590      0      1      3      200      0      3.79661
31      5      591      0      1      3      200      0      4.09172
31      5      592      0      1      3      200      0      3.64569
31      5      593      0      1      3      200      0      3.64068
31      5      594      0      1      3      200      0      3.53732
31      5      595      0      1      3      200      0      3.5786
31      5      596      0      1      3      200      0      3.68571
31      5      597      0      1      3      200      0      3.65965
31      5      598      0      1      3      200      0      3.79765
31      5      599      0      1      3      200      0      3.69056
31      5      600      0      1      3      200      0      3.44346
31      5      601      0      1      3      200      0      3.56307
31      5      602      0      1      3      200      0      3.6107
31      5      603      0      1      3      200      0      3.6881
31      5      604      0      1      3      200      0      3.72453
31      5      605      0      1      3      200      0      3.47239
31      5      606      0      1      3      200      0      3.27584
31      5      607      0      1      3      200      0      3.83622
31      5      608      0      1      3      200      0      3.80371
31      5      609      0      1      3      200      0      3.6047
31      5      610      0      1      3      200      0      3.72311
31      5      611      0      1      3      200      0      3.67195
31      5      612      0      1      3      200      0      3.64403
31      5      613      0      1      3      200      0      3.63481
31      5      614      0      1      3      200      0      3.76575
31      5      615      0      1      3      200      0      3.76964
31      5      616      0      1      3      200      0      3.60646
31      5      617      0      1      3      200      0      3.89288
31      5      618      0      1      3      200      0      3.64511
31      5      619      0      1      3      200      0      3.5508
31      5      620      0      1      3      200      0      3.44194
31      5      621      0      1      3      200      0      3.74117
31      5      622      0      1      3      200      0      3.43394
31      5      623      0      1      3      200      0      3.51619
31      5      624      0      1      3      200      0      3.70161
31      5      625      0      1      3      200      0      3.69582
31      5      626      0      1      3      200      0      3.64867
31      5      627      0      1      3      200      0      3.76529
31      5      628      0      1      3      200      0      3.62274
31      5      629      0      1      3      200      0      3.70599
31      5      630      0      1      3      200      0      3.66898
31      5      631      0      1      3      200      0      3.46203
31      5      632      0      1      3      200      0      3.62549
31      5      633      0      1      3      200      0      3.734
31      5      634      0      1      3      200      0      3.61158
31      5      635      0      1      3      200      0      3.46259
31      5      636      0      1      3      200      0      3.72735
31      5      637      0      1      3      200      0      3.85721
31      5      638      0      1      3      200      0      3.872
31      5      639      0      1      3      200      0      3.66961
31      5      640      0      1      3      200      0      3.74939
31      5      641      0      1      3      200      0      3.55078
31      5      642      0      1      3      200      0      3.76947
31      5      643      0      1      3      200      0      3.83643
31      5      644      0      1      3      200      0      3.71246
31      5      645      0      1      3      200      0      3.93608
31      5      646      0      1      3      200      0      3.79464
31      5      647      0      1      3      200      0      3.77426
31      5      648      0      1      3      200      0      3.66632
31      5      649      0      1      3      200      0      3.69884
31      5      650      0      1      3      200      0      3.65127
31      5      651      0      1      3      200      0      3.40685
31      5      652      0      1      3      200      0      3.8434
31      5      653      0      1      3      200      0      3.6888
31      5      654      0      1      3      200      0      3.57672
31      5      655      0      1      3      200      0      3.69567
31      5      656      0      1      3      200      0      3.60294
31      5      657      0      1      3      200      0      3.63951
31      5      658      0      1      3      200      0      3.65046
31      5      659      0      1      3      200      0      3.5314
31      5      660      0      1      3      200      0      3.61958
31      5      661      0      1      3      200      0      3.71498
31      5      662      0      1      3      200      0      3.41202
31      5      663      0      1      3      200      0      3.59565
31      5      664      0      1      3      200      0      3.67991
31      5      665      0      1      3      200      0      3.61275
31      5      666      0      1      3      200      0      3.52038
31      5      667      0      1      3      200      0      3.7017
31      5      668      0      1      3      200      0      3.67274
31      5      669      0      1      3      200      0      3.71597
31      5      670      0      1      3      200      0      3.62056
31      5      671      0      1      3      200      0      3.89103
31      5      672      0      1      3      200      0      3.72823
31      5      673      0      1      3      200      0      3.2901
31      5      674      0      1      3      200      0      3.64701
31      5      675      0      1      3      200      0      3.49269
31      5      676      0      1      3      200      0      3.64931
31      5      677      0      1      3      200      0      3.68444
31      5      678      0      1      3      200      0      3.54466
31      5      679      0      1      3      200      0      3.53568
31      5      680      0      1      3      200      0      3.61232
31      5      681      0      1      3      200      0      3.45897
31      5      682      0      1      3      200      0      3.37553
31      5      683      0      1      3      200      0      3.39662
31      5      684      0      1      3      200      0      3.83641
31      5      685      0      1      3      200      0      3.28708
31      5      686      0      1      3      200      0      3.32756
31      5      687      0      1      3      200      0      3.40646
31      5      688      0      1      3      200      0      3.31098
31      5      689      0      1      3      200      0      3.52981
31      5      690      0      1      3      200      0      3.75053
31      5      691      0      1      3      200      0      3.29955
31      5      692      0      1      3      200      0      3.35696
31      5      693      0      1      3      200      0      3.52995
31      5      694      0      1      3      200      0      3.44699
31      5      695      0      1      3      200      0      3.42321
31      5      696      0      1      3      200      0      3.47406
31      5      697      0      1      3      200      0      3.55584
31      5      698      0      1      3      200      0      3.37632
31      5      699      0      1      3      200      0      3.42295
31      5      700      0      1      3      200      0      3.6591
31      5      701      0      1      3      200      0      3.46238
31      5      702      0      1      3      200      0      3.64319
31      5      703      0      1      3      200      0      3.362
31      5      704      0      1      3      200      0      4.08536
31      5      705      0      1      3      200      0      4.02457
31      5      706      0      1      3      200      0      3.86735
31      5      707      0      1      3      200      0      4.02395
31      5      708      0      1      3      200      0      3.64156
31      5      709      0      1      3      200      0      3.62369
31      5      710      0      1      3      200      0      3.77981
31      5      711      0      1      3      200      0      3.74975
31      5      712      0      1      3      200      0      3.97954
31      5      713      0      1      3      200      0      3.99359
31      5      714      0      1      3      200      0      3.74374
31      5      715      0      1      3      200      0      3.8588
31      5      716      0      1      3      200      0      4.03628
31      5      717      0      1      3      200      0      3.7302
31      5      718      0      1      3      200      0      3.74708
31      5      719      0      1      3      200      0      3.69869
31      5      720      0      1      3      200      0      3.7212
31      5      721      0      1      3      200      0      4.01122
31      5      722      0      1      3      200      0      3.66872
31      5      723      0      1      3      200      0      3.80802
31      5      724      0      1      3      200      0      3.9278
31      5      725      0      1      3      200      0      3.86762
31      5      726      0      1      3      200      0      3.8575
31      5      727      0      1      3      200      0      3.99175
31      5      728      0      1      3      200      0      3.79363
31      5      729      0      1      3      200      0      3.80438
31      5      730      0      1      3      200      0      3.78893
31      5      731      0      1      3      200      0      3.91233
31      5      732      0      1      3      200      0      3.91455
31      5      733      0      1      3      200      0      3.81964
31      5      734      0      1      3      200      0      3.9657
31      5      735      0      1      3      200      0      3.83594
31      5      736      0      1      3      200      0      3.93328
31      5      737      0      1      3      200      0      3.85588
31      5      738      0      1      3      200      0      3.69821
31      5      739      0      1      3      0      0      0
31      5      740      0      1      3      200      0      3.68791
31      5      741      0      1      3      200      0      3.83974
31      5      742      0      1      3      200      0      3.64268
31      5      743      0      1      3      200      0      3.75971
31      5      744      0      1      3      200      0      3.88858
31      5      745      0      1      3      200      0      3.78139
31      5      746      0      1      3      200      0      3.90409
31      5      747      0      1      3      200      0      3.72027
31      5      748      0      1      3      200      0      3.95745
31      5      749      0      1      3      200      0      3.97571
31      5      750      0      1      3      200      0      3.8758
31      5      751      0      1      3      200      0      3.97297
31      5      752      0      1      3      200      0      3.76639
31      5      753      0      1      3      200      0      4.08061
31      5      754      0      1      3      200      0      3.98078
31      5      755      0      1      3      200      0      3.84828
31      5      756      0      1      3      200      0      3.86659
31      5      757      0      1      3      200      0      3.87837
31      5      758      0      1      3      200      0      3.90847
31      5      759      0      1      3      200      0      3.86895
31      5      760      0      1      3      200      0      4.00225
31      5      761      0      1      3      200      0      3.94861
31      5      762      0      1      3      200      0      3.92022
31      5      763      0      1      3      200      0      3.88319
31      5      764      0      1      3      200      0      3.97076
31      5      765      0      1      3      200      0      3.53731
31      5      766      0      1      3      200      0      3.84519
31      5      767      0      1      3      200      0      3.86162
31      5      768      0      1      3      200      0      3.90292
31      5      769      0      1      3      200      0      3.6597
31      5      770      0      1      3      200      0      3.6074
31      5      771      0      1      3      200      0      3.69165
31      5      772      0      1      3      200      0      3.7889
31      5      773      0      1      3      200      0      3.81627
31      5      774      0      1      3      200      0      3.71749
31      5      775      0      1      3      200      0      3.60625
31      5      776      0      1      3      200      0      3.91675
31      5      777      0      1      3      200      0      4.06265
31      5      778      0      1      3      200      0      3.77514
31      5      779      0      1      3      200      0      3.96635
31      5      780      0      1      3      200      0      3.80796
31      5      781      0      1      3      200      0      3.91411
31      5      782      0      1      3      200      0      3.84215
31      5      783      0      1      3      200      0      3.84991
31      5      784      0      1      3      200      0      3.8557
31      5      785      0      1      3      200      0      3.84271
31      5      786      0      1      3      200      0      3.7704
31      5      787      0      1      3      200      0      3.54677
31      5      788      0      1      3      200      0      3.87515
31      5      789      0      1      3      200      0      3.85626
31      5      790      0      1      3      200      0      3.76196
31      5      791      0      1      3      200      0      3.94634
31      5      792      0      1      3      200      0      3.67423
31      5      793      0      1      3      200      0      3.81184
31      5      794      0      1      3      200      0      4.08376
31      5      795      0      1      3      200      0      3.95198
31      5      796      0      1      3      200      0      3.87272
31      5      797      0      1      3      200      0      3.7909
31      5      798      0      1      3      200      0      3.6899
31      5      799      0      1      3      200      0      3.78021
31      6      0      0      1      3      0      0      0
31      6      1      0      1      3      200      0      3.9286
31      6      2      0      1      3      200      0      4.07524
31      6      3      0      1      3      200      0      4.17361
31      6      4      0      1      3      200      0      3.88536
31      6      5      0      1      3      200      0      3.89526
31      6      6      0      1      3      200      0      3.73028
31      6      7      0      1      3      200      0      3.83298
31      6      8      0      1      3      200      0      3.79013
31      6      9      0      1      3      200      0      3.76153
31      6      10      0      1      3      200      0      4.12972
31      6      11      0      1      3      200      0      3.75426
31      6      12      0      1      3      200      0      3.974
31      6      13      0      1      3      200      0      4.29028
31      6      14      0      1      3      200      0      4.06323
31      6      15      0      1      3      200      0      3.95247
31      6      16      0      1      3      200      0      3.98701
31      6      17      0      1      3      200      0      3.94431
31      6      18      0      1      3      200      0      3.94758
31      6      19      0      1      3      200      0      4.13129
31      6      20      0      1      3      200      0      3.89464
31      6      21      0      1      3      200      0      4.09083
31      6      22      0      1      3      200      0      3.98835
31      6      23      0      1      3      200      0      3.89627
31      6      24      0      1      3      200      0      3.65697
31      6      25      0      1      3      200      0      4.17174
31      6      26      0      1      3      200      0      3.93021
31      6      27      0      1      3      200      0      4.06827
31      6      28      0      1      3      200      0      3.73461
31      6      29      0      1      3      200      0      3.94336
31      6      30      0      1      3      200      0      4.22816
31      6      31      0      1      3      200      0      4.10782
31      6      32      0      1      3      200      0      4.16823
31      6      33      0      1      3      200      0      3.90991
31      6      34      0      1      3      200      0      4.20725
31      6      35      0      1      3      200      0      3.78896
31      6      36      0      1      3      200      0      4.4426
31      6      37      0      1      3      200      0      4.17371
31      6      38      0      1      3      200      0      3.94535
31      6      39      0      1      3      200      0      3.94005
31      6      40      0      1      3      200      0      3.90841
31      6      41      0      1      3      200      0      3.61297
31      6      42      0      1      3      200      0      3.73827
31      6      43      0      1      3      200      0      3.83339
31      6      44      0      1      3      200      0      3.7998
31      6      45      0      1      3      200      0      3.82166
31      6      46      0      1      3      200      0      3.74493
31      6      47      0      1      3      200      0      4.07958
31      6      48      0      1      3      200      0      3.56949
31      6      49      0      1      3      200      0      4.02008
31      6      50      0      1      3      200      0      3.93643
31      6      51      0      1      3      200      0      3.3009
31      6      52      0      1      3      200      0      3.85959
31      6      53      0      1      3      200      0      3.85594
31      6      54      0      1      3      200      0      3.8551
31      6      55      0      1      3      200      0      3.69246
31      6      56      0      1      3      200      0      3.9005
31      6      57      0      1      3      200      0      3.8804
31      6      58      0      1      3      200      0      3.5573
31      6      59      0      1      3      200      0      3.66181
31      6      60      0      1      3      200      0      3.18336
31      6      61      0      1      3      200      0      4.0163
31      6      62      0      1      3      200      0      3.9661
31      6      63      0      1      3      200      0      4.94775
31      6      64      0      1      3      200      0      3.74911
31      6      65      0      1      3      200      0      3.74396
31      6      66      0      1      3      200      0      3.81887
31      6      67      0      1      3      200      0      3.9447
31      6      68      0      1      3      200      0      4.02823
31      6      69      0      1      3      200      0      3.80356
31      6      70      0      1      3      200      0      3.71668
31      6      71      0      1      3      200      0      3.78366
31      6      72      0      1      3      200      0      3.83858
31      6      73      0      1      3      200      0      4.20006
31      6      74      0      1      3      200      0      3.73206
31      6      75      0      1      3      200      0      3.96591
31      6      76      0      1      3      200      0      3.96883
31      6      77      0      1      3      200      0      4.01258
31      6      78      0      1      3      200      0      3.96395
31      6      79      0      1      3      200      0      3.86921
31      6      80      0      1      3      200      0      3.76666
31      6      81      0      1      3      200      0      3.92211
31      6      82      0      1      3      200      0      3.6836
31      6      83      0      1      3      200      0      4.16482
31      6      84      0      1      3      200      0      3.64133
31      6      85      0      1      3      200      0      3.90199
31      6      86      0      1      3      200      0      3.79213
31      6      87      0      1      3      200      0      3.76591
31      6      88      0      1      3      200      0      3.88573
31      6      89      0      1      3      200      0      3.88677
31      6      90      0      1      3      200      0      3.93215
31      6      91      0      1      3      200      0      3.66926
31      6      92      0      1      3      200      0      3.9532
31      6      93      0      1      3      200      0      3.83038
31      6      94      0      1      3      200      0      3.78996
31      6      95      0      1      3      200      0      3.88868
31      6      96      0      1      3      200      0      4.36257
31      6      97      0      1      3      200      0      4.03864
31      6      98      0      1      3      200      0      4.30396
31      6      99      0      1      3      200      0      4.02451
31      6      100      0      1      3      200      0      4.36089
31      6      101      0      1      3      200      0      3.87748
31      6      102      0      1      3      200      0      3.65552
31      6      103      0      1      3      200      0      3.94747
31      6      104      0      1      3      200      0      3.82476
31      6      105      0      1      3      200      0      3.61863
31      6      106      0      1      3      200      0      3.84516
31      6      107      0      1      3      200      0      3.93657
31      6      108      0      1      3      200      0      3.90983
31      6      109      0      1      3      200      0      4.09877
31      6      110      0      1      3      200      0      4.11188
31      6      111      0      1      3      200      0      3.89084
31      6      112      0      1      3      200      0      4.00942
31      6      113      0      1      3      200      0      3.94313
31      6      114      0      1      3      200      0      4.07634
31      6      115      0      1      3      200      0      3.98128
31      6      116      0      1      3      200      0      3.87943
31      6      117      0      1      3      200      0      3.87032
31      6      118      0      1      3      200      0      3.89569
31      6      119      0      1      3      200      0      4.01076
31      6      120      0      1      3      200      0      3.67907
31      6      121      0      1      3      200      0      3.64165
31      6      122      0      1      3      200      0      3.93711
31      6      123      0      1      3      200      0      3.86578
31      6      124      0      1      3      200      0      4.04139
31      6      125      0      1      3      200      0      3.85836
31      6      126      0      1      3      200      0      4.04151
31      6      127      0      1      3      200      0      5.11057
31      6      128      0      1      3      200      0      4.39681
31      6      129      0      1      3      200      0      4.00069
31      6      130      0      1      3      200      0      4.25992
31      6      131      0      1      3      200      0      3.81181
31      6      132      0      1      3      200      0      4.39816
31      6      133      0      1      3      200      0      3.91365
31      6      134      0      1      3      200      0      4.05609
31      6      135      0      1      3      200      0      3.90256
31      6      136      0      1      3      200      0      4.1194
31      6      137      0      1      3      200      0      4.25886
31      6      138      0      1      3      200      0      4.02367
31      6      139      0      1      3      200      0      3.97294
31      6      140      0      1      3      200      0      3.72808
31      6      141      0      1      3      200      0      3.99767
31      6      142      0      1      3      200      0      3.71936
31      6      143      0      1      3      200      0      4.05879
31      6      144      0      1      3      200      0      3.79839
31      6      145      0      1      3      200      0      3.85524
31      6      146      0      1      3      200      0      3.92991
31      6      147      0      1      3      200      0      3.92208
31      6      148      0      1      3      200      0      3.78903
31      6      149      0      1      3      200      0      4.02079
31      6      150      0      1      3      200      0      3.8131
31      6      151      0      1      3      200      0      3.86159
31      6      152      0      1      3      200      0      4.08874
31      6      153      0      1      3      200      0      3.82111
31      6      154      0      1      3      200      0      3.93632
31      6      155      0      1      3      200      0      3.70707
31      6      156      0      1      3      200      0      3.99118
31      6      157      0      1      3      200      0      3.91414
31      6      158      0      1      3      200      0      3.97442
31      6      159      0      1      3      200      0      5.0318
31      6      160      0      1      3      200      0      3.83745
31      6      161      0      1      3      200      0      3.84842
31      6      162      0      1      3      200      0      3.95098
31      6      163      0      1      3      200      0      4.00205
31      6      164      0      1      3      200      0      4.15437
31      6      165      0      1      3      200      0      3.84224
31      6      166      0      1      3      200      0      3.88958
31      6      167      0      1      3      200      0      3.94834
31      6      168      0      1      3      200      0      3.80997
31      6      169      0      1      3      200      0      4.01553
31      6      170      0      1      3      200      0      4.06878
31      6      171      0      1      3      200      0      3.7406
31      6      172      0      1      3      200      0      4.53372
31      6      173      0      1      3      200      0      3.89646
31      6      174      0      1      3      200      0      3.91624
31      6      175      0      1      3      200      0      4.06043
31      6      176      0      1      3      200      0      4.14922
31      6      177      0      1      3      200      0      4.13865
31      6      178      0      1      3      200      0      3.94948
31      6      179      0      1      3      200      0      3.99291
31      6      180      0      1      3      200      0      4.14555
31      6      181      0      1      3      200      0      3.95938
31      6      182      0      1      3      200      0      3.95347
31      6      183      0      1      3      200      0      4.09699
31      6      184      0      1      3      200      0      3.80654
31      6      185      0      1      3      200      0      3.67534
31      6      186      0      1      3      200      0      3.99909
31      6      187      0      1      3      200      0      4.01337
31      6      188      0      1      3      200      0      3.80317
31      6      189      0      1      3      200      0      3.92477
31      6      190      0      1      3      200      0      3.59664
31      6      191      0      1      3      200      0      3.67683
31      6      192      0      1      3      200      0      3.97865
31      6      193      0      1      3      200      0      3.85453
31      6      194      0      1      3      200      0      3.90175
31      6      195      0      1      3      200      0      3.97587
31      6      196      0      1      3      200      0      3.71012
31      6      197      0      1      3      200      0      3.71984
31      6      198      0      1      3      200      0      3.76841
31      6      199      0      1      3      200      0      3.59656
31      6      200      0      1      3      200      0      3.90843
31      6      201      0      1      3      200      0      3.65105
31      6      202      0      1      3      200      0      3.97188
31      6      203      0      1      3      200      0      3.70038
31      6      204      0      1      3      200      0      3.74597
31      6      205      0      1      3      200      0      3.8325
31      6      206      0      1      3      200      0      3.68592
31      6      207      0      1      3      200      0      3.68318
31      6      208      0      1      3      200      0      3.88646
31      6      209      0      1      3      200      0      3.80104
31      6      210      0      1      3      200      0      3.61703
31      6      211      0      1      3      200      0      3.71472
31      6      212      0      1      3      200      0      3.58861
31      6      213      0      1      3      200      0      3.63115
31      6      214      0      1      3      200      0      4.04954
31      6      215      0      1      3      200      0      3.77402
31      6      216      0      1      3      200      0      4.20567
31      6      217      0      1      3      200      0      4.02915
31      6      218      0      1      3      200      0      4.30737
31      6      219      0      1      3      200      0      4.06884
31      6      220      0      1      3      200      0      4.25884
31      6      221      0      1      3      200      0      4.07627
31      6      222      0      1      3      200      0      3.97695
31      6      223      0      1      3      200      0      4.55399
31      6      224      0      1      3      200      0      3.66767
31      6      225      0      1      3      200      0      3.61432
31      6      226      0      1      3      200      0      3.67702
31      6      227      0      1      3      200      0      3.87158
31      6      228      0      1      3      200      0      3.70531
31      6      229      0      1      3      200      0      3.80824
31      6      230      0      1      3      200      0      3.56782
31      6      231      0      1      3      200      0      3.6492
31      6      232      0      1      3      200      0      3.96787
31      6      233      0      1      3      200      0      3.78045
31      6      234      0      1      3      200      0      3.6059
31      6      235      0      1      3      200      0      3.81248
31      6      236      0      1      3      200      0      3.65057
31      6      237      0      1      3      200      0      3.84375
31      6      238      0      1      3      200      0      3.68735
31      6      239      0      1      3      200      0      3.40719
31      6      240      0      1      3      200      0      3.45809
31      6      241      0      1      3      200      0      3.69422
31      6      242      0      1      3      200      0      3.6334
31      6      243      0      1      3      200      0      3.87014
31      6      244      0      1      3      200      0      3.60259
31      6      245      0      1      3      200      0      3.50006
31      6      246      0      1      3      200      0      3.87467
31      6      247      0      1      3      200      0      3.97164
31      6      248      0      1      3      200      0      3.75794
31      6      249      0      1      3      200      0      3.42384
31      6      250      0      1      3      200      0      3.59194
31      6      251      0      1      3      200      0      3.49256
31      6      252      0      1      3      200      0      1.98541
31      6      253      0      1      3      200      0      3.54238
31      6      254      0      1      3      200      0      3.77191
31      6      255      0      1      3      200      0      3.66337
31      6      256      0      1      3      0      0      -0.960944
31      6      257      0      1      3      200      0      4.38534
31      6      258      0      1      3      200      0      3.88437
31      6      259      0      1      3      200      0      3.69326
31      6      260      0      1      3      200      0      3.87566
31      6      261      0      1      3      200      0      3.62878
31      6      262      0      1      3      200      0      3.85295
31      6      263      0      1      3      200      0      3.46571
31      6      264      0      1      3      200      0      3.62491
31      6      265      0      1      3      200      0      3.8646
31      6      266      0      1      3      200      0      3.84004
31      6      267      0      1      3      200      0      3.82837
31      6      268      0      1      3      200      0      3.68947
31      6      269      0      1      3      200      0      3.65152
31      6      270      0      1      3      200      0      3.3989
31      6      271      0      1      3      200      0      3.44575
31      6      272      0      1      3      200      0      3.34565
31      6      273      0      1      3      200      0      3.7297
31      6      274      0      1      3      200      0      3.90772
31      6      275      0      1      3      200      0      3.75615
31      6      276      0      1      3      200      0      3.77798
31      6      277      0      1      3      200      0      3.68185
31      6      278      0      1      3      200      0      3.99203
31      6      279      0      1      3      200      0      3.75178
31      6      280      0      1      3      200      0      3.81888
31      6      281      0      1      3      200      0      3.81229
31      6      282      0      1      3      200      0      3.52537
31      6      283      0      1      3      200      0      3.66647
31      6      284      0      1      3      200      0      3.83222
31      6      285      0      1      3      200      0      3.71218
31      6      286      0      1      3      200      0      4.19589
31      6      287      0      1      3      200      0      3.74563
31      6      288      0      1      3      200      0      3.62228
31      6      289      0      1      3      200      0      3.80615
31      6      290      0      1      3      200      0      3.82438
31      6      291      0      1      3      200      0      3.56557
31      6      292      0      1      3      200      0      3.79703
31      6      293      0      1      3      200      0      3.84777
31      6      294      0      1      3      200      0      3.835
31      6      295      0      1      3      200      0      3.93327
31      6      296      0      1      3      200      0      3.71811
31      6      297      0      1      3      200      0      3.54779
31      6      298      0      1      3      200      0      3.70932
31      6      299      0      1      3      200      0      3.90313
31      6      300      0      1      3      200      0      3.64011
31      6      301      0      1      3      200      0      3.83073
31      6      302      0      1      3      200      0      3.95612
31      6      303      0      1      3      200      0      3.70342
31      6      304      0      1      3      200      0      3.63487
31      6      305      0      1      3      200      0      3.83335
31      6      306      0      1      3      200      0      3.71663
31      6      307      0      1      3      200      0      3.71773
31      6      308      0      1      3      200      0      3.63253
31      6      309      0      1      3      200      0      3.96093
31      6      310      0      1      3      200      0      3.7211
31      6      311      0      1      3      200      0      3.95822
31      6      312      0      1      3      200      0      3.80753
31      6      313      0      1      3      200      0      3.75142
31      6      314      0      1      3      200      0      3.59016
31      6      315      0      1      3      200      0      3.8751
31      6      316      0      1      3      200      0      3.7574
31      6      317      0      1      3      200      0      3.93139
31      6      318      0      1      3      200      0      3.62923
31      6      319      0      1      3      200      0      3.85725
31      6      320      0      1      3      200      0      3.93127
31      6      321      0      1      3      200      0      4.11269
31      6      322      0      1      3      200      0      3.63641
31      6      323      0      1      3      200      0      3.81809
31      6      324      0      1      3      200      0      3.4395
31      6      325      0      1      3      200      0      3.66198
31      6      326      0      1      3      200      0      3.69944
31      6      327      0      1      3      200      0      3.77386
31      6      328      0      1      3      200      0      4.09469
31      6      329      0      1      3      200      0      4.17466
31      6      330      0      1      3      200      0      4.06408
31      6      331      0      1      3      200      0      3.63117
31      6      332      0      1      3      200      0      3.81667
31      6      333      0      1      3      200      0      3.59752
31      6      334      0      1      3      200      0      3.95349
31      6      335      0      1      3      200      0      3.57435
31      6      336      0      1      3      200      0      3.53018
31      6      337      0      1      3      200      0      3.8733
31      6      338      0      1      3      200      0      3.64248
31      6      339      0      1      3      200      0      3.67632
31      6      340      0      1      3      200      0      3.74395
31      6      341      0      1      3      200      0      3.86764
31      6      342      0      1      3      200      0      4.1525
31      6      343      0      1      3      200      0      3.83801
31      6      344      0      1      3      200      0      3.61603
31      6      345      0      1      3      200      0      3.85413
31      6      346      0      1      3      200      0      3.45609
31      6      347      0      1      3      200      0      3.76037
31      6      348      0      1      3      200      0      3.82365
31      6      349      0      1      3      200      0      4.0003
31      6      350      0      1      3      200      0      4.04329
31      6      351      0      1      3      200      0      3.52172
31      6      352      0      1      3      200      0      3.73226
31      6      353      0      1      3      200      0      3.72069
31      6      354      0      1      3      200      0      3.9159
31      6      355      0      1      3      200      0      3.77858
31      6      356      0      1      3      200      0      4.10655
31      6      357      0      1      3      200      0      3.45913
31      6      358      0      1      3      200      0      3.84338
31      6      359      0      1      3      200      0      3.83502
31      6      360      0      1      3      200      0      3.77528
31      6      361      0      1      3      200      0      3.84807
31      6      362      0      1      3      200      0      3.94769
31      6      363      0      1      3      200      0      3.80574
31      6      364      0      1      3      200      0      3.64508
31      6      365      0      1      3      200      0      3.7149
31      6      366      0      1      3      200      0      3.83632
31      6      367      0      1      3      200      0      3.64498
31      6      368      0      1      3      200      0      3.44604
31      6      369      0      1      3      200      0      4.00116
31      6      370      0      1      3      200      0      3.69533
31      6      371      0      1      3      200      0      4.11642
31      6      372      0      1      3      200      0      3.7107
31      6      373      0      1      3      200      0      3.83603
31      6      374      0      1      3      200      0      4.61036
31      6      375      0      1      3      200      0      3.84885
31      6      376      0      1      3      200      0      4.04205
31      6      377      0      1      3      200      0      3.60418
31      6      378      0      1      3      200      0      3.54234
31      6      379      0      1      3      200      0      3.53139
31      6      380      0      1      3      200      0      3.83156
31      6      381      0      1      3      200      0      4.11112
31      6      382      0      1      3      0      0      0
31      6      383      0      1      3      200      0      3.67154
31      6      384      0      1      3      200      0      3.88619
31      6      385      0      1      3      200      0      3.7393
31      6      386      0      1      3      200      0      3.7061
31      6      387      0      1      3      200      0      4.17925
31      6      388      0      1      3      200      0      3.8584
31      6      389      0      1      3      200      0      3.98629
31      6      390      0      1      3      200      0      3.9105
31      6      391      0      1      3      200      0      3.67967
31      6      392      0      1      3      200      0      3.69597
31      6      393      0      1      3      200      0      3.79795
31      6      394      0      1      3      200      0      3.96727
31      6      395      0      1      3      200      0      3.71119
31      6      396      0      1      3      200      0      3.76102
31      6      397      0      1      3      200      0      3.93292
31      6      398      0      1      3      200      0      3.91095
31      6      399      0      1      3      200      0      3.78177
31      6      400      0      1      3      200      0      3.87686
31      6      401      0      1      3      200      0      3.67549
31      6      402      0      1      3      200      0      3.78206
31      6      403      0      1      3      200      0      3.50116
31      6      404      0      1      3      200      0      3.64794
31      6      405      0      1      3      200      0      3.84602
31      6      406      0      1      3      200      0      3.61052
31      6      407      0      1      3      200      0      3.75694
31      6      408      0      1      3      200      0      3.9556
31      6      409      0      1      3      200      0      3.96413
31      6      410      0      1      3      200      0      3.94555
31      6      411      0      1      3      200      0      3.74708
31      6      412      0      1      3      200      0      3.6157
31      6      413      0      1      3      200      0      3.87563
31      6      414      0      1      3      200      0      3.91401
31      6      415      0      1      3      200      0      3.78478
31      6      416      0      1      3      200      0      4.13173
31      6      417      0      1      3      200      0      3.93805
31      6      418      0      1      3      200      0      3.91295
31      6      419      0      1      3      200      0      3.97248
31      6      420      0      1      3      200      0      3.96776
31      6      421      0      1      3      200      0      3.99656
31      6      422      0      1      3      200      0      4.0018
31      6      423      0      1      3      200      0      3.98367
31      6      424      0      1      3      200      0      3.85027
31      6      425      0      1      3      200      0      4.17169
31      6      426      0      1      3      200      0      3.56342
31      6      427      0      1      3      200      0      3.93667
31      6      428      0      1      3      200      0      4.04594
31      6      429      0      1      3      200      0      3.87122
31      6      430      0      1      3      200      0      3.94116
31      6      431      0      1      3      200      0      3.75045
31      6      432      0      1      3      200      0      3.88683
31      6      433      0      1      3      200      0      4.23707
31      6      434      0      1      3      200      0      3.85213
31      6      435      0      1      3      200      0      3.95038
31      6      436      0      1      3      200      0      3.84107
31      6      437      0      1      3      200      0      3.81298
31      6      438      0      1      3      200      0      3.93212
31      6      439      0      1      3      200      0      3.8213
31      6      440      0      1      3      200      0      4.18093
31      6      441      0      1      3      200      0      3.84924
31      6      442      0      1      3      200      0      3.97104
31      6      443      0      1      3      200      0      3.99034
31      6      444      0      1      3      200      0      4.02338
31      6      445      0      1      3      200      0      4.03081
31      6      446      0      1      3      200      0      3.93775
31      6      447      0      1      3      200      0      3.94034
31      6      448      0      1      3      200      0      4.19645
31      6      449      0      1      3      200      0      3.9781
31      6      450      0      1      3      200      0      4.00104
31      6      451      0      1      3      200      0      4.07713
31      6      452      0      1      3      200      0      4.37508
31      6      453      0      1      3      200      0      4.11825
31      6      454      0      1      3      200      0      4.3229
31      6      455      0      1      3      200      0      4.34875
31      6      456      0      1      3      200      0      4.21091
31      6      457      0      1      3      200      0      4.28336
31      6      458      0      1      3      200      0      4.02829
31      6      459      0      1      3      200      0      3.95449
31      6      460      0      1      3      200      0      3.67532
31      6      461      0      1      3      200      0      4.16948
31      6      462      0      1      3      200      0      3.80638
31      6      463      0      1      3      200      0      3.99518
31      6      464      0      1      3      200      0      3.88147
31      6      465      0      1      3      200      0      4.21138
31      6      466      0      1      3      200      0      3.83808
31      6      467      0      1      3      200      0      4.15775
31      6      468      0      1      3      200      0      3.80247
31      6      469      0      1      3      200      0      3.8182
31      6      470      0      1      3      200      0      4.19077
31      6      471      0      1      3      200      0      3.87966
31      6      472      0      1      3      200      0      4.07242
31      6      473      0      1      3      200      0      4.02379
31      6      474      0      1      3      200      0      4.23182
31      6      475      0      1      3      200      0      4.03059
31      6      476      0      1      3      200      0      3.99327
31      6      477      0      1      3      200      0      4.18578
31      6      478      0      1      3      200      0      3.90244
31      6      479      0      1      3      200      0      4.12226
31      6      480      0      1      3      200      0      4.08559
31      6      481      0      1      3      200      0      4.17109
31      6      482      0      1      3      200      0      4.34306
31      6      483      0      1      3      200      0      3.78028
31      6      484      0      1      3      200      0      4.11185
31      6      485      0      1      3      200      0      4.01475
31      6      486      0      1      3      200      0      3.76724
31      6      487      0      1      3      200      0      3.89627
31      6      488      0      1      3      200      0      4.06211
31      6      489      0      1      3      200      0      3.99076
31      6      490      0      1      3      200      0      3.85382
31      6      491      0      1      3      200      0      5.00941
31      6      492      0      1      3      200      0      3.51144
31      6      493      0      1      3      200      0      3.83617
31      6      494      0      1      3      200      0      3.84777
31      6      495      0      1      3      200      0      3.97092
31      6      496      0      1      3      200      0      3.79223
31      6      497      0      1      3      200      0      3.61399
31      6      498      0      1      3      200      0      3.95859
31      6      499      0      1      3      200      0      3.71503
31      6      500      0      1      3      200      0      4.17826
31      6      501      0      1      3      200      0      3.95882
31      6      502      0      1      3      200      0      4.1583
31      6      503      0      1      3      200      0      4.25337
31      6      504      0      1      3      200      0      3.86636
31      6      505      0      1      3      200      0      3.96425
31      6      506      0      1      3      200      0      4.22205
31      6      507      0      1      3      200      0      3.99071
31      6      508      0      1      3      200      0      3.93989
31      6      509      0      1      3      200      0      4.08553
31      6      510      0      1      3      200      0      4.17459
31      6      511      0      1      3      200      0      4.13098
31      6      512      0      1      3      200      0      3.8423
31      6      513      0      1      3      200      0      3.98783
31      6      514      0      1      3      200      0      3.85742
31      6      515      0      1      3      200      0      3.94428
31      6      516      0      1      3      200      0      4.07152
31      6      517      0      1      3      200      0      3.76195
31      6      518      0      1      3      200      0      4.28302
31      6      519      0      1      3      200      0      4.13596
31      6      520      0      1      3      200      0      4.07566
31      6      521      0      1      3      200      0      3.97096
31      6      522      0      1      3      200      0      4.03702
31      6      523      0      1      3      200      0      3.90487
31      6      524      0      1      3      200      0      3.90881
31      6      525      0      1      3      200      0      4.06974
31      6      526      0      1      3      200      0      3.98063
31      6      527      0      1      3      200      0      3.88405
31      6      528      0      1      3      200      0      3.96456
31      6      529      0      1      3      200      0      3.97474
31      6      530      0      1      3      200      0      3.85271
31      6      531      0      1      3      200      0      3.81728
31      6      532      0      1      3      200      0      4.15582
31      6      533      0      1      3      200      0      4.09928
31      6      534      0      1      3      200      0      3.93682
31      6      535      0      1      3      200      0      4.37402
31      6      536      0      1      3      200      0      3.84238
31      6      537      0      1      3      200      0      4.07056
31      7      0      0      1      3      200      0      3.40649
31      7      1      0      1      3      200      0      3.42042
31      7      2      0      1      3      200      0      3.76846
31      7      3      0      1      3      200      0      3.54693
31      7      4      0      1      3      200      0      3.6582
31      7      5      0      1      3      200      0      3.33988
31      7      6      0      1      3      200      0      3.57056
31      7      7      0      1      3      200      0      3.57492
31      7      8      0      1      3      200      0      3.61215
31      7      9      0      1      3      200      0      3.71429
31      7      10      0      1      3      200      0      3.76176
31      7      11      0      1      3      200      0      3.60758
31      7      12      0      1      3      200      0      3.67973
31      7      13      0      1      3      200      0      3.50476
31      7      14      0      1      3      200      0      3.60254
31      7      15      0      1      3      200      0      3.74141
31      7      16      0      1      3      200      0      3.68161
31      7      17      0      1      3      200      0      3.46632
31      7      18      0      1      3      200      0      3.69619
31      7      19      0      1      3      200      0      3.61023
31      7      20      0      1      3      200      0      3.52639
31      7      21      0      1      3      200      0      3.43234
31      7      22      0      1      3      200      0      3.61027
31      7      23      0      1      3      200      0      3.29149
31      7      24      0      1      3      200      0      3.5302
31      7      25      0      1      3      200      0      3.4933
31      7      26      0      1      3      200      0      3.29004
31      7      27      0      1      3      200      0      3.45734
31      7      28      0      1      3      200      0      3.60175
31      7      29      0      1      3      200      0      3.54507
31      7      30      0      1      3      200      0      3.39068
31      7      31      0      1      3      200      0      3.28039
31      7      32      0      1      3      200      0      3.72596
31      7      33      0      1      3      200      0      3.93412
31      7      34      0      1      3      200      0      3.68759
31      7      35      0      1      3      200      0      3.33618
31      7      36      0      1      3      200      0      3.76734
31      7      37      0      1      3      200      0      3.6935
31      7      38      0      1      3      200      0      3.76094
31      7      39      0      1      3      200      0      3.7947
31      7      40      0      1      3      200      0      3.40163
31      7      41      0      1      3      200      0      3.86696
31      7      42      0      1      3      200      0      3.54652
31      7      43      0      1      3      200      0      4.0172
31      7      44      0      1      3      200      0      3.8753
31      7      45      0      1      3      200      0      3.89304
31      7      46      0      1      3      200      0      3.85142
31      7      47      0      1      3      200      0      3.69057
31      7      48      0      1      3      200      0      3.95231
31      7      49      0      1      3      200      0      3.96607
31      7      50      0      1      3      200      0      3.79672
31      7      51      0      1      3      200      0      4.2034
31      7      52      0      1      3      200      0      3.48177
31      7      53      0      1      3      200      0      3.71696
31      7      54      0      1      3      200      0      3.86522
31      7      55      0      1      3      200      0      3.80242
31      7      56      0      1      3      200      0      3.68975
31      7      57      0      1      3      200      0      3.8826
31      7      58      0      1      3      200      0      3.95026
31      7      59      0      1      3      200      0      3.85285
31      7      60      0      1      3      200      0      3.36153
31      7      61      0      1      3      200      0      3.88129
31      7      62      0      1      3      200      0      3.8577
31      7      63      0      1      3      200      0      3.63546
31      7      64      0      1      3      200      0      3.70739
31      7      65      0      1      3      200      0      3.73738
31      7      66      0      1      3      200      0      3.82866
31      7      67      0      1      3      200      0      3.89526
31      7      68      0      1      3      200      0      3.66522
31      7      69      0      1      3      200      0      3.6966
31      7      70      0      1      3      200      0      3.84934
31      7      71      0      1      3      200      0      3.74908
31      7      72      0      1      3      200      0      3.66896
31      7      73      0      1      3      200      0      3.85659
31      7      74      0      1      3      200      0      3.76137
31      7      75      0      1      3      200      0      3.98317
31      7      76      0      1      3      200      0      3.75469
31      7      77      0      1      3      200      0      3.92694
31      7      78      0      1      3      200      0      3.91423
31      7      79      0      1      3      200      0      3.76408
31      7      80      0      1      3      200      0      3.84325
31      7      81      0      1      3      200      0      3.99101
31      7      82      0      1      3      200      0      3.92172
31      7      83      0      1      3      200      0      3.81807
31      7      84      0      1      3      200      0      3.87976
31      7      85      0      1      3      200      0      3.71189
31      7      86      0      1      3      200      0      3.75827
31      7      87      0      1      3      200      0      3.7177
31      7      88      0      1      3      200      0      3.63802
31      7      89      0      1      3      200      0      3.64375
31      7      90      0      1      3      200      0      3.85334
31      7      91      0      1      3      200      0      4.00092
31      7      92      0      1      3      200      0      3.90362
31      7      93      0      1      3      0      0      15.968
31      7      94      0      1      3      200      0      3.68844
31      7      95      0      1      3      200      0      3.48349
31      7      96      0      1      3      200      0      3.69909
31      7      97      0      1      3      200      0      3.75403
31      7      98      0      1      3      200      0      3.7531
31      7      99      0      1      3      200      0      3.83263
31      7      100      0      1      3      200      0      3.99214
31      7      101      0      1      3      200      0      3.94259
31      7      102      0      1      3      200      0      3.66045
31      7      103      0      1      3      200      0      3.76045
31      7      104      0      1      3      200      0      3.70652
31      7      105      0      1      3      200      0      3.80249
31      7      106      0      1      3      200      0      3.76289
31      7      107      0      1      3      200      0      3.94615
31      7      108      0      1      3      200      0      3.61194
31      7      109      0      1      3      200      0      3.75852
31      7      110      0      1      3      200      0      3.6964
31      7      111      0      1      3      200      0      3.97022
31      7      112      0      1      3      200      0      3.78526
31      7      113      0      1      3      200      0      3.707
31      7      114      0      1      3      200      0      3.9049
31      7      115      0      1      3      200      0      3.9456
31      7      116      0      1      3      200      0      3.90048
31      7      117      0      1      3      200      0      3.70598
31      7      118      0      1      3      200      0      3.88107
31      7      119      0      1      3      200      0      3.93153
31      7      120      0      1      3      200      0      3.72067
31      7      121      0      1      3      200      0      3.87669
31      7      122      0      1      3      200      0      3.48526
31      7      123      0      1      3      200      0      3.81618
31      7      124      0      1      3      200      0      3.81394
31      7      125      0      1      3      200      0      3.68439
31      7      126      0      1      3      200      0      3.88044
31      7      127      0      1      3      200      0      3.63543
31      7      128      0      1      3      200      0      4.93377
31      7      129      0      1      3      200      0      3.76361
31      7      130      0      1      3      200      0      4.09648
31      7      131      0      1      3      200      0      4.11949
31      7      132      0      1      3      200      0      3.63546
31      7      133      0      1      3      200      0      3.86012
31      7      134      0      1      3      200      0      3.76243
31      7      135      0      1      3      200      0      3.88031
31      7      136      0      1      3      200      0      3.72659
31      7      137      0      1      3      200      0      3.82777
31      7      138      0      1      3      200      0      3.86342
31      7      139      0      1      3      200      0      3.86037
31      7      140      0      1      3      200      0      3.68866
31      7      141      0      1      3      200      0      3.63771
31      7      142      0      1      3      200      0      3.82582
31      7      143      0      1      3      200      0      3.82262
31      7      144      0      1      3      200      0      3.85067
31      7      145      0      1      3      200      0      3.65685
31      7      146      0      1      3      200      0      3.63931
31      7      147      0      1      3      200      0      3.50975
31      7      148      0      1      3      200      0      3.94562
31      7      149      0      1      3      200      0      3.7501
31      7      150      0      1      3      200      0      3.95496
31      7      151      0      1      3      200      0      3.84031
31      7      152      0      1      3      200      0      3.92498
31      7      153      0      1      3      200      0      3.69434
31      7      154      0      1      3      200      0      3.75854
31      7      155      0      1      3      200      0      4.28253
31      7      156      0      1      3      200      0      3.97528
31      7      157      0      1      3      200      0      4.21257
31      7      158      0      1      3      200      0      3.86915
31      7      159      0      1      3      200      0      3.97881
31      7      160      0      1      3      200      0      4.43117
31      7      161      0      1      3      200      0      3.63565
31      7      162      0      1      3      200      0      3.81179
31      7      163      0      1      3      200      0      3.99135
31      7      164      0      1      3      200      0      3.8992
31      7      165      0      1      3      200      0      3.78877
31      7      166      0      1      3      200      0      3.63501
31      7      167      0      1      3      200      0      3.97852
31      7      168      0      1      3      200      0      3.67565
31      7      169      0      1      3      200      0      3.94646
31      7      170      0      1      3      200      0      3.72941
31      7      171      0      1      3      200      0      3.88507
31      7      172      0      1      3      200      0      3.61087
31      7      173      0      1      3      200      0      3.74181
31      7      174      0      1      3      200      0      3.9462
31      7      175      0      1      3      200      0      3.99671
31      7      176      0      1      3      200      0      4.10766
31      7      177      0      1      3      200      0      3.56072
31      7      178      0      1      3      200      0      3.73915
31      7      179      0      1      3      200      0      3.81652
31      7      180      0      1      3      200      0      3.71888
31      7      181      0      1      3      200      0      3.63804
31      7      182      0      1      3      200      0      3.78704
31      7      183      0      1      3      200      0      3.6211
31      7      184      0      1      3      200      0      3.74039
31      7      185      0      1      3      200      0      3.77435
31      7      186      0      1      3      200      0      3.97904
31      7      187      0      1      3      200      0      4.00404
31      7      188      0      1      3      200      0      3.72639
31      7      189      0      1      3      200      0      3.97617
31      7      190      0      1      3      200      0      3.7096
31      7      191      0      1      3      200      0      4.62474
31      7      192      0      1      3      200      0      4.8637
31      7      193      0      1      3      200      0      3.84454
31      7      194      0      1      3      200      0      3.57917
31      7      195      0      1      3      200      0      3.87427
31      7      196      0      1      3      200      0      3.76033
31      7      197      0      1      3      200      0      3.94119
31      7      198      0      1      3      200      0      3.91649
31      7      199      0      1      3      200      0      3.72891
31      7      200      0      1      3      200      0      4.00354
31      7      201      0      1      3      200      0      3.94333
31      7      202      0      1      3      200      0      3.82517
31      7      203      0      1      3      200      0      3.69468
31      7      204      0      1      3      200      0      3.80979
31      7      205      0      1      3      200      0      3.97574
31      7      206      0      1      3      200      0      3.86275
31      7      207      0      1      3      200      0      3.86411
31      7      208      0      1      3      200      0      3.66174
31      7      209      0      1      3      200      0      3.88004
31      7      210      0      1      3      200      0      3.95442
31      7      211      0      1      3      200      0      3.89113
31      7      212      0      1      3      200      0      3.95818
31      7      213      0      1      3      200      0      3.96927
31      7      214      0      1      3      200      0      3.91427
31      7      215      0      1      3      200      0      3.88596
31      7      216      0      1      3      200      0      3.59248
31      7      217      0      1      3      200      0      3.7966
31      7      218      0      1      3      200      0      3.84418
31      7      219      0      1      3      200      0      4.1133
31      7      220      0      1      3      200      0      3.71323
31      7      221      0      1      3      200      0      4.39095
31      7      222      0      1      3      200      0      3.89684
31      7      223      0      1      3      200      0      4.2067
31      7      224      0      1      3      200      0      4.57924
31      7      225      0      1      3      200      0      3.81535
31      7      226      0      1      3      200      0      3.87183
31      7      227      0      1      3      200      0      3.67541
31      7      228      0      1      3      200      0      3.67343
31      7      229      0      1      3      200      0      3.70017
31      7      230      0      1      3      200      0      3.86407
31      7      231      0      1      3      200      0      3.89112
31      7      232      0      1      3      200      0      3.9565
31      7      233      0      1      3      200      0      3.72233
31      7      234      0      1      3      200      0      3.88433
31      7      235      0      1      3      200      0      3.79566
31      7      236      0      1      3      200      0      3.71368
31      7      237      0      1      3      200      0      3.91493
31      7      238      0      1      3      200      0      3.72062
31      7      239      0      1      3      200      0      3.95739
31      7      240      0      1      3      200      0      3.86483
31      7      241      0      1      3      200      0      3.56334
31      7      242      0      1      3      200      0      3.68404
31      7      243      0      1      3      200      0      3.83787
31      7      244      0      1      3      200      0      3.78469
31      7      245      0      1      3      200      0      4.36403
31      7      246      0      1      3      200      0      3.72868
31      7      247      0      1      3      200      0      3.67031
31      7      248      0      1      3      200      0      3.80489
31      7      249      0      1      3      200      0      4.07777
31      7      250      0      1      3      200      0      3.51877
31      7      251      0      1      3      200      0      4.35663
31      7      252      0      1      3      200      0      3.75094
31      7      253      0      1      3      200      0      4.22704
31      7      254      0      1      3      200      0      3.86869
31      7      255      0      1      3      200      0      4.15059
31      7      256      0      1      3      200      0      4.32949
31      7      257      0      1      3      200      0      3.87902
31      7      258      0      1      3      200      0      3.77978
31      7      259      0      1      3      200      0      3.69522
31      7      260      0      1      3      200      0      3.87874
31      7      261      0      1      3      200      0      3.76398
31      7      262      0      1      3      200      0      3.94848
31      7      263      0      1      3      200      0      3.8401
31      7      264      0      1      3      200      0      3.66802
31      7      265      0      1      3      200      0      3.74308
31      7      266      0      1      3      200      0      3.6862
31      7      267      0      1      3      200      0      3.98445
31      7      268      0      1      3      200      0      3.72459
31      7      269      0      1      3      200      0      3.72473
31      7      270      0      1      3      200      0      3.87641
31      7      271      0      1      3      200      0      3.59965
31      7      272      0      1      3      200      0      3.72717
31      7      273      0      1      3      200      0      3.55952
31      7      274      0      1      3      200      0      3.9075
31      7      275      0      1      3      200      0      3.8546
31      7      276      0      1      3      200      0      3.95774
31      7      277      0      1      3      200      0      3.92063
31      7      278      0      1      3      200      0      3.88174
31      7      279      0      1      3      200      0      3.56805
31      7      280      0      1      3      200      0      3.96045
31      7      281      0      1      3      200      0      3.92612
31      7      282      0      1      3      200      0      3.77886
31      7      283      0      1      3      200      0      4.26237
31      7      284      0      1      3      200      0      4.03693
31      7      285      0      1      3      200      0      4.36775
31      7      286      0      1      3      200      0      3.80308
31      7      287      0      1      3      200      0      4.57122
31      7      288      0      1      3      200      0      4.17316
31      7      289      0      1      3      200      0      3.97073
31      7      290      0      1      3      200      0      4.50167
31      7      291      0      1      3      200      0      3.70525
31      7      292      0      1      3      200      0      4.49122
31      7      293      0      1      3      200      0      3.8968
31      7      294      0      1      3      200      0      3.8684
31      7      295      0      1      3      200      0      3.61392
31      7      296      0      1      3      200      0      3.99519
31      7      297      0      1      3      200      0      3.92312
31      7      298      0      1      3      200      0      3.83457
31      7      299      0      1      3      200      0      3.79829
31      7      300      0      1      3      200      0      3.87596
31      7      301      0      1      3      200      0      3.81089
31      7      302      0      1      3      200      0      3.91778
31      7      303      0      1      3      200      0      3.71257
31      7      304      0      1      3      200      0      3.98497
31      7      305      0      1      3      200      0      3.6684
31      7      306      0      1      3      200      0      4.06722
31      7      307      0      1      3      200      0      3.87696
31      7      308      0      1      3      200      0      3.64945
31      7      309      0      1      3      200      0      3.79397
31      7      310      0      1      3      200      0      3.93529
31      7      311      0      1      3      200      0      3.93115
31      7      312      0      1      3      200      0      3.87628
31      7      313      0      1      3      200      0      3.84767
31      7      314      0      1      3      200      0      3.82946
31      7      315      0      1      3      200      0      4.12612
31      7      316      0      1      3      200      0      3.63692
31      7      317      0      1      3      200      0      3.92978
31      7      318      0      1      3      200      0      3.59008
31      7      319      0      1      3      200      0      4.80182
31      7      320      0      1      3      200      0      4.5779
31      7      321      0      1      3      200      0      3.86609
31      7      322      0      1      3      200      0      3.88968
31      7      323      0      1      3      200      0      4.13351
31      7      324      0      1      3      200      0      3.78896
31      7      325      0      1      3      200      0      3.79501
31      7      326      0      1      3      200      0      3.57334
31      7      327      0      1      3      200      0      3.97243
31      7      328      0      1      3      200      0      3.85474
31      7      329      0      1      3      200      0      3.66995
31      7      330      0      1      3      200      0      3.75477
31      7      331      0      1      3      200      0      3.86211
31      7      332      0      1      3      200      0      3.79632
31      7      333      0      1      3      200      0      3.78953
31      7      334      0      1      3      200      0      3.62126
31      7      335      0      1      3      200      0      3.66106
31      7      336      0      1      3      200      0      3.56596
31      7      337      0      1      3      200      0      3.82601
31      7      338      0      1      3      200      0      3.53415
31      7      339      0      1      3      200      0      3.7972
31      7      340      0      1      3      200      0      3.69448
31      7      341      0      1      3      200      0      3.79802
31      7      342      0      1      3      200      0      3.62114
31      7      343      0      1      3      200      0      3.59268
31      7      344      0      1      3      200      0      3.62994
31      7      345      0      1      3      200      0      3.73481
31      7      346      0      1      3      200      0      3.60564
31      7      347      0      1      3      200      0      4.02009
31      7      348      0      1      3      200      0      3.83985
31      7      349      0      1      3      200      0      4.34447
31      7      350      0      1      3      200      0      3.9993
31      7      351      0      1      3      200      0      4.16453
31      7      352      0      1      3      200      0      4.35606
31      7      353      0      1      3      200      0      3.76254
31      7      354      0      1      3      200      0      3.70255
31      7      355      0      1      3      200      0      3.67393
31      7      356      0      1      3      200      0      3.63148
31      7      357      0      1      3      200      0      3.61357
31      7      358      0      1      3      200      0      3.61443
31      7      359      0      1      3      200      0      3.87124
31      7      360      0      1      3      200      0      3.52786
31      7      361      0      1      3      200      0      3.66262
31      7      362      0      1      3      200      0      3.64127
31      7      363      0      1      3      200      0      3.90544
31      7      364      0      1      3      200      0      3.69916
31      7      365      0      1      3      200      0      3.93474
31      7      366      0      1      3      200      0      3.88688
31      7      367      0      1      3      200      0      3.60167
31      7      368      0      1      3      200      0      3.72515
31      7      369      0      1      3      200      0      3.56414
31      7      370      0      1      3      200      0      4.00859
31      7      371      0      1      3      200      0      3.54854
31      7      372      0      1      3      200      0      3.72127
31      7      373      0      1      3      200      0      3.60391
31      7      374      0      1      3      200      0      4.0019
31      7      375      0      1      3      200      0      3.49351
31      7      376      0      1      3      200      0      3.88008
31      7      377      0      1      3      200      0      3.72885
31      7      378      0      1      3      200      0      3.79476
31      7      379      0      1      3      200      0      3.99138
31      7      380      0      1      3      200      0      3.66768
31      7      381      0      1      3      200      0      4.01541
31      7      382      0      1      3      200      0      3.86899
31      7      383      0      1      3      200      0      4.38933
31      7      384      0      1      3      200      0      3.70166
31      7      385      0      1      3      200      0      3.70486
31      7      386      0      1      3      200      0      3.67401
31      7      387      0      1      3      200      0      4.01549
31      7      388      0      1      3      200      0      3.58976
31      7      389      0      1      3      200      0      3.93928
31      7      390      0      1      3      200      0      3.67322
31      7      391      0      1      3      200      0      3.8853
31      7      392      0      1      3      200      0      3.61275
31      7      393      0      1      3      200      0      3.54074
31      7      394      0      1      3      200      0      3.59462
31      7      395      0      1      3      200      0      3.6857
31      7      396      0      1      3      200      0      3.56873
31      7      397      0      1      3      200      0      3.44455
31      7      398      0      1      3      200      0      3.419
31      7      399      0      1      3      200      0      3.69095
31      7      400      0      1      3      200      0      3.56334
31      7      401      0      1      3      200      0      3.78745
31      7      402      0      1      3      200      0      3.87359
31      7      403      0      1      3      200      0      3.68528
31      7      404      0      1      3      200      0      3.8603
31      7      405      0      1      3      200      0      3.75415
31      7      406      0      1      3      200      0      3.85317
31      7      407      0      1      3      200      0      3.99046
31      7      408      0      1      3      200      0      3.818
31      7      409      0      1      3      200      0      3.84138
31      7      410      0      1      3      200      0      3.70505
31      7      411      0      1      3      200      0      3.8574
31      7      412      0      1      3      200      0      3.5828
31      7      413      0      1      3      200      0      3.69372
31      7      414      0      1      3      200      0      3.77792
31      7      415      0      1      3      200      0      3.70953
31      7      416      0      1      3      200      0      3.64843
31      7      417      0      1      3      200      0      3.86651
31      7      418      0      1      3      200      0      3.61775
31      7      419      0      1      3      200      0      3.55551
31      7      420      0      1      3      200      0      3.60878
31      7      421      0      1      3      200      0      3.17592
31      7      422      0      1      3      200      0      3.41495
31      7      423      0      1      3      200      0      3.57532
31      7      424      0      1      3      200      0      3.6495
31      7      425      0      1      3      200      0      3.47296
31      7      426      0      1      3      200      0      3.59986
31      7      427      0      1      3      200      0      3.5788
31      7      428      0      1      3      200      0      3.46438
31      7      429      0      1      3      200      0      3.39094
31      7      430      0      1      3      200      0      3.45118
31      7      431      0      1      3      0      0      0
31      7      432      0      1      3      200      0      3.70854
31      7      433      0      1      3      200      0      3.48286
31      7      434      0      1      3      200      0      3.7192
31      7      435      0      1      3      200      0      3.69115
31      7      436      0      1      3      200      0      3.48992
31      7      437      0      1      3      200      0      3.8878
31      7      438      0      1      3      200      0      3.69694
31      7      439      0      1      3      200      0      3.79539
31      7      440      0      1      3      200      0      3.65624
31      7      441      0      1      3      200      0      3.81479
31      7      442      0      1      3      200      0      3.40321
31      7      443      0      1      3      200      0      3.83859
31      7      444      0      1      3      200      0      3.72334
31      7      445      0      1      3      200      0      3.81789
31      7      446      0      1      3      200      0      3.9295
31      7      447      0      1      3      200      0      3.6757
31      7      448      0      1      3      200      0      3.87451
31      7      449      0      1      3      200      0      3.59672
31      7      450      0      1      3      200      0      3.48959
31      7      451      0      1      3      200      0      3.60269
31      7      452      0      1      3      200      0      3.55365
31      7      453      0      1      3      200      0      3.59347
31      7      454      0      1      3      200      0      3.74597
31      7      455      0      1      3      200      0      3.61387
31      7      456      0      1      3      200      0      3.51523
31      7      457      0      1      3      200      0      3.49965
31      7      458      0      1      3      200      0      3.4779
31      7      459      0      1      3      200      0      3.54967
31      7      460      0      1      3      200      0      3.44957
31      7      461      0      1      3      200      0      3.72051
31      7      462      0      1      3      200      0      3.73572
31      7      463      0      1      3      200      0      3.76142
31      7      464      0      1      3      200      0      3.51406
31      7      465      0      1      3      200      0      3.4322
31      7      466      0      1      3      200      0      3.84135
31      7      467      0      1      3      200      0      3.63107
31      7      468      0      1      3      200      0      3.8406
31      7      469      0      1      3      200      0      3.76372
31      7      470      0      1      3      200      0      3.748
31      7      471      0      1      3      200      0      3.64542
31      7      472      0      1      3      200      0      3.37995
31      7      473      0      1      3      200      0      3.45864
31      7      474      0      1      3      200      0      3.53142
31      7      475      0      1      3      200      0      3.5092
31      7      476      0      1      3      200      0      3.646
31      7      477      0      1      3      200      0      3.67163
31      7      478      0      1      3      200      0      3.55752
31      7      479      0      1      3      200      0      3.31519
31      7      480      0      1      3      200      0      3.43839
31      7      481      0      1      3      200      0      3.52006
31      7      482      0      1      3      200      0      3.66165
31      7      483      0      1      3      200      0      3.555
31      7      484      0      1      3      200      0      3.57365
31      7      485      0      1      3      200      0      3.58981
31      7      486      0      1      3      200      0      3.63574
31      7      487      0      1      3      200      0      3.53164
31      7      488      0      1      3      200      0      3.56497
31      7      489      0      1      3      200      0      3.64462
31      7      490      0      1      3      200      0      3.45661
31      7      491      0      1      3      200      0      3.73148
31      7      492      0      1      3      200      0      3.58895
31      7      493      0      1      3      200      0      3.57544
31      7      494      0      1      3      200      0      3.64653
31      7      495      0      1      3      200      0      3.62611
31      7      496      0      1      3      200      0      3.60724
31      7      497      0      1      3      200      0      3.88158
31      7      498      0      1      3      200      0      3.69332
31      7      499      0      1      3      200      0      3.8793
31      7      500      0      1      3      200      0      3.61398
31      7      501      0      1      3      200      0      3.63296
31      7      502      0      1      3      200      0      3.65791
31      7      503      0      1      3      200      0      3.84123
31      7      504      0      1      3      200      0      3.79915
31      7      505      0      1      3      200      0      3.42737
31      7      506      0      1      3      200      0      3.66442
31      7      507      0      1      3      200      0      3.61263
31      7      508      0      1      3      200      0      3.54931
31      7      509      0      1      3      200      0      3.61589
31      7      510      0      1      3      200      0      3.90386
31      7      511      0      1      3      200      0      3.69338
31      7      512      0      1      3      200      0      3.72937
31      7      513      0      1      3      200      0      3.60326
31      7      514      0      1      3      200      0      3.93958
31      7      515      0      1      3      200      0      3.50983
31      7      516      0      1      3      200      0      3.89772
31      7      517      0      1      3      200      0      3.94265
31      7      518      0      1      3      200      0      3.63478
31      7      519      0      1      3      200      0      3.65203
31      7      520      0      1      3      200      0      3.77549
31      7      521      0      1      3      200      0      3.62873
31      7      522      0      1      3      200      0      3.56027
31      7      523      0      1      3      200      0      3.63909
31      7      524      0      1      3      200      0      3.48225
31      7      525      0      1      3      200      0      3.58296
31      7      526      0      1      3      200      0      3.30163
31      7      527      0      1      3      200      0      3.42856
31      7      528      0      1      3      200      0      3.60489
31      7      529      0      1      3      200      0      3.64651
31      7      530      0      1      3      200      0      3.56831
31      7      531      0      1      3      200      0      3.69342
31      7      532      0      1      3      200      0      3.48752
31      7      533      0      1      3      200      0      3.68029
31      7      534      0      1      3      200      0      3.50136
31      7      535      0      1      3      200      0      3.72471
31      7      536      0      1      3      200      0      3.57147
31      7      537      0      1      3      200      0      3.54351
31      7      538      0      1      3      200      0      3.48251
31      7      539      0      1      3      200      0      3.52793
31      7      540      0      1      3      200      0      3.73013
31      7      541      0      1      3      200      0      3.86789
31      7      542      0      1      3      200      0      3.62328
31      7      543      0      1      3      200      0      3.61022
31      7      544      0      1      3      200      0      3.43391
31      7      545      0      1      3      200      0      3.38444
31      7      546      0      1      3      200      0      3.50972
31      7      547      0      1      3      200      0      3.68277
31      7      548      0      1      3      200      0      3.64864
31      7      549      0      1      3      200      0      3.35624
31      7      550      0      1      3      200      0      3.76757
31      7      551      0      1      3      200      0      3.82286
31      7      552      0      1      3      200      0      3.67547
31      7      553      0      1      3      200      0      3.89543
31      7      554      0      1      3      200      0      3.75558
31      7      555      0      1      3      200      0      3.77608
31      7      556      0      1      3      200      0      3.74251
31      7      557      0      1      3      200      0      3.72267
31      7      558      0      1      3      200      0      3.52878
31      7      559      0      1      3      200      0      3.70573
31      7      560      0      1      3      200      0      3.74406
31      7      561      0      1      3      200      0      3.79051
31      7      562      0      1      3      200      0      3.77376
31      7      563      0      1      3      200      0      3.74853
31      7      564      0      1      3      200      0      3.80655
31      7      565      0      1      3      200      0      3.62565
31      7      566      0      1      3      200      0      3.82759
31      7      567      0      1      3      200      0      3.92385
31      7      568      0      1      3      200      0      3.67102
31      7      569      0      1      3      200      0      3.85305
31      7      570      0      1      3      200      0      3.72312
31      7      571      0      1      3      200      0      3.74428
31      7      572      0      1      3      200      0      3.87813
31      7      573      0      1      3      200      0      3.72264
31      7      574      0      1      3      200      0      3.69223
31      7      575      0      1      3      200      0      3.55525
31      7      576      0      1      3      200      0      3.50488
31      7      577      0      1      3      200      0      3.93799
31      7      578      0      1      3      200      0      3.49623
31      7      579      0      1      3      200      0      3.50463
31      7      580      0      1      3      200      0      3.67613
31      7      581      0      1      3      200      0      3.42177
31      7      582      0      1      3      200      0      3.8899
31      7      583      0      1      3      200      0      3.77751
31      7      584      0      1      3      200      0      3.62396
31      7      585      0      1      3      200      0      3.68822
31      7      586      0      1      3      200      0      3.58352
31      7      587      0      1      3      200      0      3.67355
31      7      588      0      1      3      200      0      3.64777
31      7      589      0      1      3      200      0      3.94056
31      7      590      0      1      3      200      0      3.54937
31      7      591      0      1      3      200      0      3.73849
31      7      592      0      1      3      200      0      3.82529
31      7      593      0      1      3      200      0      3.50341
31      7      594      0      1      3      200      0      3.79686
31      7      595      0      1      3      200      0      3.73684
31      7      596      0      1      3      200      0      3.8688
31      7      597      0      1      3      200      0      3.72016
31      7      598      0      1      3      200      0      3.69813
31      7      599      0      1      3      200      0      3.88403
31      7      600      0      1      3      200      0      3.80794
31      7      601      0      1      3      200      0      3.88841
31      7      602      0      1      3      200      0      3.5734
31      7      603      0      1      3      200      0      3.63928
31      7      604      0      1      3      200      0      3.82188
31      7      605      0      1      3      200      0      3.83108
31      7      606      0      1      3      200      0      3.52424
31      7      607      0      1      3      200      0      3.73634
31      7      608      0      1      3      200      0      3.89155
31      7      609      0      1      3      200      0      3.73622
31      7      610      0      1      3      200      0      3.78224
31      7      611      0      1      3      200      0      3.77575
31      7      612      0      1      3      200      0      3.76683
31      7      613      0      1      3      200      0      3.80271
31      7      614      0      1      3      200      0      3.76782
31      7      615      0      1      3      200      0      3.8289
31      7      616      0      1      3      200      0      3.78678
31      7      617      0      1      3      200      0      3.41921
31      7      618      0      1      3      200      0      3.65111
31      7      619      0      1      3      200      0      3.56444
31      7      620      0      1      3      200      0      3.66515
31      7      621      0      1      3      200      0      3.63462
31      7      622      0      1      3      200      0      3.75703
31      7      623      0      1      3      200      0      3.75647
31      7      624      0      1      3      200      0      3.97531
31      7      625      0      1      3      200      0      3.857
31      7      626      0      1      3      200      0      3.67492
31      7      627      0      1      3      200      0      4.05279
31      7      628      0      1      3      200      0      3.577
31      7      629      0      1      3      200      0      4.00809
31      7      630      0      1      3      200      0      3.8276
31      7      631      0      1      3      200      0      3.88447
31      7      632      0      1      3      200      0      3.88217
31      7      633      0      1      3      200      0      3.79167
31      7      634      0      1      3      200      0      3.71086
31      7      635      0      1      3      200      0      3.63402
31      7      636      0      1      3      200      0      3.76706
31      7      637      0      1      3      200      0      3.88158
31      7      638      0      1      3      200      0      3.77088
31      7      639      0      1      3      200      0      3.65524
31      7      640      0      1      3      200      0      3.76341
31      7      641      0      1      3      200      0      3.73581
31      7      642      0      1      3      200      0      3.63905
31      7      643      0      1      3      200      0      3.82317
31      7      644      0      1      3      200      0      3.71513
31      7      645      0      1      3      200      0      3.63765
31      7      646      0      1      3      200      0      3.50764
31      7      647      0      1      3      200      0      3.69786
31      7      648      0      1      3      200      0      3.90597
31      7      649      0      1      3      200      0      3.62382
31      7      650      0      1      3      200      0      3.78915
31      7      651      0      1      3      200      0      3.63295
31      7      652      0      1      3      200      0      3.62146
31      7      653      0      1      3      200      0      3.67332
31      7      654      0      1      3      200      0      3.54545
31      7      655      0      1      3      200      0      3.62457
31      7      656      0      1      3      200      0      3.55476
31      7      657      0      1      3      200      0      3.79368
31      7      658      0      1      3      200      0      3.5229
31      7      659      0      1      3      200      0      3.62443
31      7      660      0      1      3      200      0      3.41063
31      7      661      0      1      3      200      0      3.82052
31      7      662      0      1      3      200      0      3.62954
31      7      663      0      1      3      200      0      3.66026
31      7      664      0      1      3      200      0      3.63818
31      7      665      0      1      3      200      0      3.96053
31      7      666      0      1      3      200      0      3.56889
31      7      667      0      1      3      200      0      3.96855
31      7      668      0      1      3      200      0      3.5664
31      7      669      0      1      3      200      0      3.62961
31      7      670      0      1      3      200      0      3.75239
31      7      671      0      1      3      200      0      3.73956
31      7      672      0      1      3      200      0      3.68072
31      7      673      0      1      3      200      0      3.52283
31      7      674      0      1      3      200      0      3.67083
31      7      675      0      1      3      200      0      3.8193
31      7      676      0      1      3      200      0      3.58604
31      7      677      0      1      3      200      0      3.50586
31      7      678      0      1      3      200      0      3.71711
31      7      679      0      1      3      200      0      3.52892
31      7      680      0      1      3      200      0      3.64551
31      7      681      0      1      3      200      0      3.71629
31      7      682      0      1      3      200      0      3.9218
31      7      683      0      1      3      200      0      3.40816
31      7      684      0      1      3      200      0      3.58615
31      7      685      0      1      3      200      0      3.80175
31      7      686      0      1      3      200      0      3.93975
31      7      687      0      1      3      200      0      3.81458
31      7      688      0      1      3      200      0      3.44218
31      7      689      0      1      3      200      0      3.8428
31      7      690      0      1      3      200      0      3.80407
31      7      691      0      1      3      200      0      3.90069
31      7      692      0      1      3      200      0      3.78756
31      7      693      0      1      3      200      0      3.86201
31      7      694      0      1      3      200      0      3.6941
31      7      695      0      1      3      200      0      3.72668
31      7      696      0      1      3      200      0      3.81436
31      7      697      0      1      3      200      0      3.85421
31      7      698      0      1      3      200      0      3.68133
31      7      699      0      1      3      200      0      3.84781
31      7      700      0      1      3      200      0      3.91576
31      7      701      0      1      3      200      0      3.88739
31      7      702      0      1      3      200      0      3.70439
31      7      703      0      1      3      200      0      3.71986
31      7      704      0      1      3      200      0      3.83314
31      7      705      0      1      3      200      0      3.79159
31      7      706      0      1      3      200      0      3.82361
31      7      707      0      1      3      200      0      3.72788
31      7      708      0      1      3      200      0      3.91062
31      7      709      0      1      3      200      0      3.52115
31      7      710      0      1      3      200      0      3.80192
31      7      711      0      1      3      200      0      3.69013
31      7      712      0      1      3      200      0      3.8764
31      7      713      0      1      3      200      0      3.79071
31      7      714      0      1      3      200      0      3.45478
31      7      715      0      1      3      200      0      3.7876
31      7      716      0      1      3      200      0      3.53572
31      7      717      0      1      3      200      0      3.72024
31      7      718      0      1      3      200      0      3.52545
31      7      719      0      1      3      200      0      3.7164
31      7      720      0      1      3      200      0      3.48383
31      7      721      0      1      3      200      0      3.7635
31      7      722      0      1      3      200      0      3.4523
31      7      723      0      1      3      200      0      3.72002
31      7      724      0      1      3      200      0      3.61037
31      7      725      0      1      3      200      0      3.66893
31      7      726      0      1      3      200      0      3.76286
31      7      727      0      1      3      200      0      3.76818
31      7      728      0      1      3      200      0      3.86953
31      7      729      0      1      3      200      0      3.77084
31      7      730      0      1      3      200      0      3.92625
31      7      731      0      1      3      200      0      3.76146
31      7      732      0      1      3      200      0      3.66671
31      7      733      0      1      3      200      0      3.71765
31      7      734      0      1      3      200      0      3.85563
31      7      735      0      1      3      200      0      3.91531
31      7      736      0      1      3      200      0      3.74251
31      7      737      0      1      3      200      0      3.65371
31      7      738      0      1      3      200      0      3.87827
31      7      739      0      1      3      200      0      3.82982
31      7      740      0      1      3      200      0      3.73709
31      7      741      0      1      3      200      0      3.60925
31      7      742      0      1      3      200      0      3.7445
31      7      743      0      1      3      200      0      3.62813
31      7      744      0      1      3      200      0      3.55373
31      7      745      0      1      3      200      0      3.70659
31      7      746      0      1      3      200      0      3.74255
31      7      747      0      1      3      200      0      3.8077
31      7      748      0      1      3      200      0      3.75266
31      7      749      0      1      3      200      0      3.58105
31      7      750      0      1      3      200      0      3.62838
31      7      751      0      1      3      200      0      3.7191
31      7      752      0      1      3      200      0      3.58673
31      7      753      0      1      3      200      0      3.63269
31      7      754      0      1      3      200      0      3.45577
31      7      755      0      1      3      200      0      3.6504
31      7      756      0      1      3      200      0      3.77516
31      7      757      0      1      3      200      0      3.68743
31      7      758      0      1      3      200      0      3.68666
31      7      759      0      1      3      200      0      3.72469
31      7      760      0      1      3      200      0      3.70194
31      7      761      0      1      3      200      0      3.77699
31      7      762      0      1      3      200      0      3.74876
31      7      763      0      1      3      200      0      3.82524
31      7      764      0      1      3      200      0      3.82674
31      7      765      0      1      3      200      0      3.66438
31      7      766      0      1      3      200      0      3.82225
31      7      767      0      1      3      200      0      3.68058
31      7      768      0      1      3      200      0      3.76131
31      7      769      0      1      3      200      0      3.6311
31      7      770      0      1      3      200      0      3.54975
31      7      771      0      1      3      200      0      3.79268
31      7      772      0      1      3      200      0      3.68608
31      7      773      0      1      3      200      0      3.91926
31      7      774      0      1      3      200      0      3.89922
31      7      775      0      1      3      200      0      3.81788
31      7      776      0      1      3      200      0      3.78724
31      7      777      0      1      3      200      0      4.01253
31      7      778      0      1      3      200      0      3.51311
31      7      779      0      1      3      200      0      3.6827
31      7      780      0      1      3      200      0      3.74514
31      7      781      0      1      3      200      0      3.66883
31      7      782      0      1      3      200      0      3.89749
31      7      783      0      1      3      200      0      3.55329
31      7      784      0      1      3      200      0      3.43765
31      7      785      0      1      3      200      0      3.55023
31      7      786      0      1      3      200      0      3.73329
31      7      787      0      1      3      200      0      3.65938
31      7      788      0      1      3      200      0      3.91783
31      7      789      0      1      3      200      0      3.80896
31      7      790      0      1      3      200      0      3.82999
31      7      791      0      1      3      200      0      3.7753
31      7      792      0      1      3      200      0      3.84893
31      7      793      0      1      3      200      0      3.62436
31      7      794      0      1      3      200      0      3.89125
31      7      795      0      1      3      200      0      3.53765
31      7      796      0      1      3      200      0      3.97565
31      7      797      0      1      3      200      0      4.02825
31      7      798      0      1      3      200      0      3.79026
31      7      799      0      1      3      200      0      3.79147
31      7      800      0      1      3      200      0      3.87089
31      7      801      0      1      3      200      0      3.93157
31      7      802      0      1      3      200      0      3.83267
31      7      803      0      1      3      200      0      4.35642
31      7      804      0      1      3      200      0      3.93047
31      7      805      0      1      3      200      0      3.99444
31      7      806      0      1      3      200      0      4.25
31      7      807      0      1      3      200      0      4.12883
31      7      808      0      1      3      200      0      4.01205
31      7      809      0      1      3      200      0      4.41088
31      7      810      0      1      3      200      0      4.17381
31      7      811      0      1      3      200      0      4.04403
31      7      812      0      1      3      200      0      3.6356
31      7      813      0      1      3      200      0      3.7742
31      7      814      0      1      3      200      0      3.72196
31      7      815      0      1      3      200      0      3.85875
31      7      816      0      1      3      200      0      3.83514
31      7      817      0      1      3      200      0      3.67897
31      7      818      0      1      3      200      0      3.40531
31      7      819      0      1      3      200      0      3.67314
31      7      820      0      1      3      200      0      3.48859
31      7      821      0      1      3      200      0      3.65967
31      7      822      0      1      3      200      0      4.02849
31      7      823      0      1      3      200      0      4.29534
31      7      824      0      1      3      200      0      4.18029
31      7      825      0      1      3      200      0      4.24872
31      7      826      0      1      3      200      0      4.14554
31      7      827      0      1      3      200      0      4.16978
31      7      828      0      1      3      200      0      4.02237
31      7      829      0      1      3      200      0      3.99847
31      7      830      0      1      3      200      0      4.31934
31      7      831      0      1      3      200      0      3.94418
31      7      832      0      1      3      200      0      4.01629
31      7      833      0      1      3      200      0      3.9265
31      7      834      0      1      3      200      0      3.98963
31      7      835      0      1      3      200      0      3.91978
31      7      836      0      1      3      200      0      3.98176
31      7      837      0      1      3      200      0      3.83653
31      7      838      0      1      3      200      0      4.28981
31      7      839      0      1      3      200      0      4.31828
31      7      840      0      1      3      200      0      3.98019
31      7      841      0      1      3      200      0      4.1483
31      7      842      0      1      3      200      0      3.47462
31      7      843      0      1      3      200      0      4.00026
31      7      844      0      1      3      200      0      3.75481
31      7      845      0      1      3      200      0      3.73396
31      7      846      0      1      3      200      0      3.61216
31      7      847      0      1      3      200      0      4.03481
31      7      848      0      1      3      200      0      3.67469
31      7      849      0      1      3      200      0      4.09043
31      7      850      0      1      3      200      0      3.98909
31      7      851      0      1      3      200      0      3.89986
31      7      852      0      1      3      200      0      3.95616
31      7      853      0      1      3      200      0      4.34183
31      7      854      0      1      3      200      0      4.31993
31      7      855      0      1      3      200      0      3.96013
31      7      856      0      1      3      200      0      4.18208
31      7      857      0      1      3      200      0      4.01946
31      7      858      0      1      3      200      0      4.27834
31      7      859      0      1      3      200      0      3.97215
31      7      860      0      1      3      200      0      4.11573
31      7      861      0      1      3      200      0      4.114
31      7      862      0      1      3      200      0      3.8485
31      7      863      0      1      3      200      0      4.22562
31      7      864      0      1      3      200      0      4.04396
31      7      865      0      1      3      200      0      3.80574
31      7      866      0      1      3      200      0      3.83735
31      7      867      0      1      3      200      0      3.93838
31      7      868      0      1      3      200      0      3.96302
31      7      869      0      1      3      200      0      3.98927
31      7      870      0      1      3      200      0      3.99323
31      7      871      0      1      3      200      0      3.91288
31      7      872      0      1      3      200      0      3.95208
31      7      873      0      1      3      200      0      3.9488
31      7      874      0      1      3      200      0      3.78617
31      7      875      0      1      3      200      0      3.87089
31      7      876      0      1      3      200      0      3.79239
31      7      877      0      1      3      200      0      3.8656
31      7      878      0      1      3      200      0      3.68923
31      7      879      0      1      3      200      0      3.46105
31      7      880      0      1      3      200      0      3.8251
31      7      881      0      1      3      200      0      4.01417
31      7      882      0      1      3      200      0      3.68776
31      7      883      0      1      3      200      0      3.78956
31      7      884      0      1      3      200      0      3.99361
31      7      885      0      1      3      200      0      3.74055
31      7      886      0      1      3      200      0      3.89028
31      7      887      0      1      3      200      0      3.94349
31      7      888      0      1      3      200      0      3.99489
31      7      889      0      1      3      200      0      3.73148
31      7      890      0      1      3      200      0      4.04274
31      7      891      0      1      3      200      0      3.95109
31      7      892      0      1      3      200      0      3.99415
31      7      893      0      1      3      200      0      3.86052
31      7      894      0      1      3      200      0      3.84936
31      7      895      0      1      3      200      0      3.86248
31      7      896      0      1      3      200      0      3.90953
31      7      897      0      1      3      200      0      3.79813
31      7      898      0      1      3      200      0      3.75226
31      7      899      0      1      3      200      0      3.8945
31      7      900      0      1      3      200      0      3.96624
31      7      901      0      1      3      200      0      4.14605
31      7      902      0      1      3      200      0      3.67073
31      7      903      0      1      3      200      0      3.74895
31      7      904      0      1      3      200      0      4.02017
31      7      905      0      1      3      200      0      3.69057
31      7      906      0      1      3      200      0      3.8111
31      7      907      0      1      3      200      0      3.55848
31      7      908      0      1      3      200      0      3.67491
31      7      909      0      1      3      0      0      0
